"ProlificID","Progress","condition","duration.seconds","Consent","Catch","RT_RMTE3_Page.Submit","RMTE3","RT_RMTE6_Page.Submit","RMTE6","RT_RMTE9_Page.Submit","RMTE9","RT_RMTE15_Page.Submit","RMTE15","RT_RMTE17_Page.Submit","RMTE17","RT_RMTE18_Page.Submit","RMTE18","RT_RMTE19_Page.Submit","RMTE19","RT_RMTE21_Page.Submit","RMTE21","RT_RMTE22_Page.Submit","RMTE22","RT_RMTE25_Page.Submit","RMTE25","RT_RMTE27_Page.Submit","RMTE27","RT_RMTE28_Page.Submit","RMTE28","RT_RMTE29_Page.Submit","RMTE29","RT_RMTE30_Page.Submit","RMTE30","RT_RMTE31_Page.Submit","RMTE31","RT_RMTE34_Page.Submit","RMTE34","RT_RMTE35_Page.Submit","RMTE35","confidence_level","sex_arousal_1st","happy_1st","sadness_1st","bored_1st","sex_arosal_2nd","happy_2nd","sadness_2nd","bored_2nd","attentionCheck_blank","attentionCheck_yes","Age","Gender","sexual_orientation","sexual_orientation_3_TEXT","health_symptoms","Comments","item_order","firstSection_items","secondSection_items","Sex_clip_DO","Neutral_clip_DO","emotions_first_clip_DO","emotions_second_clip_DO","duration.minutes","duration_z","RMTE3_crct","RMTE6_crct","RMTE9_crct","RMTE15_crct","RMTE17_crct","RMTE18_crct","RMTE19_crct","RMTE21_crct","RMTE22_crct","RMTE25_crct","RMTE27_crct","RMTE28_crct","RMTE29_crct","RMTE30_crct","RMTE31_crct","RMTE34_crct","RMTE35_crct","RMET_mean_all","RMTE3_trial","RMTE6_trial","RMTE9_trial","RMTE15_trial","RMTE17_trial","RMTE18_trial","RMTE19_trial","RMTE21_trial","RMTE22_trial","RMTE25_trial","RMTE27_trial","RMTE28_trial","RMTE29_trial","RMTE30_trial","RMTE31_trial","RMTE34_trial","RMTE35_trial","Sex_clip_name","Neutral_clip_name","sex_arousal_sex","sex_arousal_neutral","happy_sex","happy_neutral","sadness_sex","sadness_neutral","bored_sex","bored_neutral","sex_arousal_diff","sex_arousal_diff_sex_Z","sex_arousal_diff_neutral_Z","sex_arousal_diff_Z"
"558860f6fdf99b4020ba0c59","100","Neutral_clip_1st",505,"Yes","20","6.351","desire","5.625","fantasizing","5.868","preoccupied","6.327","contemplative","5.899","doubtful","3.426","decisive","8.91","tentative","7.566","fantasizing","5.03","preoccupied","7.018","interested","3.659","cautious","9.194","interested","4.024","reflective","3.496","flirtatious","4.196","confident","6.423","baffled","7.859","nervous",5,1,6,1,1,6,5,7,2,"","yes",47,"Male","Heterosexual or straight","","No","",", RMTE17, RMTE28, RMTE9, RMTE35, RMTE18, RMTE22, RMTE34, RMTE19, RMTE27, RMTE21, RMTE6, RMTE25, RMTE29, RMTE3, RMTE31, RMTE15, RMTE30","RMTE17|RMTE28|RMTE9|RMTE35|RMTE18|RMTE22|RMTE34|RMTE19|RMTE27","FL_106|FL_112|FL_104|FL_101|FL_95|FL_99|FL_110|FL_100","vidInstructionSex|FloorSex","vidInstructionNeut|ModernFamily","|sex_arousal_1st|bored_1st|happy_1st|sadness_1st","|sadness_2nd|sex_arosal_2nd|happy_2nd|bored_2nd",8.41666666666667,-0.556838632846519,1,1,1,1,1,1,1,1,1,1,1,1,1,1,1,0,1,0.941176470588235,14,11,3,16,1,5,8,10,6,12,9,2,13,17,15,7,4,"FloorSex","ModernFamily",6,1,5,6,7,1,2,1,5,0.145716101190743,-0.568257964429545,0.468200331964519
"563f734bcbd4c60005dc9442","100","Neutral_clip_1st",454,"Yes","20","4.91","desire","4.586","impatient","5.192","annoyed","4.054","amused","3.117","doubtful","4.294","bored","3.649","tentative","5.87","confused","5.1","imploring","4.839","interested","6.244","cautious","5.21","interested","6.858","irritated","4.086","flirtatious","7.905","dispirited","4.143","distrustful","8.752","puzzled",5,1,5,5,5,6,5,5,5,"","yes",48,"Male","Heterosexual or straight","","No","",", RMTE35, RMTE25, RMTE31, RMTE27, RMTE9, RMTE34, RMTE29, RMTE15, RMTE22, RMTE28, RMTE21, RMTE17, RMTE3, RMTE6, RMTE19, RMTE30, RMTE18","RMTE35|RMTE25|RMTE31|RMTE27|RMTE9|RMTE34|RMTE29|RMTE15|RMTE22","FL_102|FL_106|FL_109|FL_95|FL_112|FL_107|FL_100|FL_108","vidInstructionSex|FloorSex","vidInstructionNeut|MadMen","|sadness_1st|bored_1st|sex_arousal_1st|happy_1st","|happy_2nd|bored_2nd|sex_arosal_2nd|sadness_2nd",7.56666666666667,-0.727044479939682,1,0,0,0,1,0,1,0,0,1,1,1,0,1,0,1,0,0.470588235294118,13,14,5,8,12,17,15,11,9,2,4,10,7,16,3,6,1,"FloorSex","MadMen",6,1,5,5,5,5,5,5,5,0.145716101190743,-0.568257964429545,0.468200331964519
"56b8c6efe1d0a2000a146a7c","100","Neutral_clip_1st",524,"Yes","20","18.133","desire","5.654","impatient","4.548","preoccupied","4.313","amused","6.048","doubtful","4.114","bored","4.074","tentative","6.297","embarrassed","4.625","preoccupied","6.297","interested","5.928","cautious","7.214","interested","4.641","reflective","4.231","disappointed","6.553","confident","4.562","baffled","5.612","puzzled",1,1,1,1,8,6,5,3,3,"","yes",47,"Male","Heterosexual or straight","","No","",", RMTE3, RMTE28, RMTE25, RMTE17, RMTE31, RMTE22, RMTE18, RMTE35, RMTE15, RMTE30, RMTE6, RMTE29, RMTE21, RMTE27, RMTE34, RMTE9, RMTE19","RMTE3|RMTE28|RMTE25|RMTE17|RMTE31|RMTE22|RMTE18|RMTE35|RMTE15","FL_100|FL_112|FL_101|FL_106|FL_103|FL_98|FL_111|FL_107","vidInstructionSex|SamTaylor","vidInstructionNeut|WallE","|sadness_1st|sex_arousal_1st|bored_1st|happy_1st","|happy_2nd|bored_2nd|sadness_2nd|sex_arosal_2nd",8.73333333333333,-0.493428611380439,1,0,1,0,1,0,1,0,1,1,1,1,1,0,1,0,0,0.588235294117647,1,11,16,9,4,7,17,13,6,3,14,2,12,10,5,15,8,"SamTaylor","WallE",6,1,5,1,3,1,3,8,5,0.145716101190743,-0.568257964429545,0.468200331964519
"56d56e550b5634000bdc5703","100","Sex_clip_1st",892,"Yes","20","31.073","desire","23.648","fantasizing","10.946","preoccupied","16.876","contemplative","55.869","doubtful","34.716","decisive","12.885","sarcastic","16.391","fantasizing","15.271","preoccupied","25.553","incredulous","19.214","joking","21.377","contented","11.234","reflective","25.051","flirtatious","9.896","confident","12.3","baffled","16.363","nervous",2,6,4,1,1,1,5,1,2,"","yes",42,"Male","Heterosexual or straight","","No","",", RMTE18, RMTE31, RMTE21, RMTE9, RMTE6, RMTE29, RMTE19, RMTE22, RMTE3, RMTE27, RMTE28, RMTE25, RMTE15, RMTE34, RMTE30, RMTE35, RMTE17","RMTE18|RMTE31|RMTE21|RMTE9|RMTE6|RMTE29|RMTE19|RMTE22|RMTE3","FL_103|FL_102|FL_104|FL_110|FL_98|FL_100|FL_97|FL_109","vidInstructionSex|BedroomOral","vidInstructionNeut|MadMen","|sadness_1st|happy_1st|sex_arousal_1st|bored_1st","|sex_arosal_2nd|happy_2nd|sadness_2nd|bored_2nd",14.8666666666667,0.73472338333101,1,1,1,1,1,1,0,1,1,0,0,0,1,1,1,0,1,0.705882352941177,9,5,4,13,17,1,7,3,8,12,10,11,6,15,2,14,16,"BedroomOral","MadMen",6,1,4,5,1,1,1,2,5,0.145716101190743,-0.568257964429545,0.468200331964519
"56f7f09335c4760006278fca","100","Sex_clip_1st",630,"Yes","20","11.997","convinced","7.183","impatient","7.107","preoccupied","7.326","contemplative","16.319","doubtful","8.356","decisive","8.721","arrogant","10.799","fantasizing","11.838","preoccupied","6.689","despondent","5.299","cautious","13.174","interested","16.944","irritated","6.8","hostile","7.457","confident","7.982","distrustful","8.62","insisting",2,7,5,4,1,1,7,1,3,"","yes",29,"Male","Heterosexual or straight","","No","",", RMTE34, RMTE18, RMTE9, RMTE29, RMTE3, RMTE31, RMTE15, RMTE35, RMTE30, RMTE28, RMTE21, RMTE6, RMTE27, RMTE17, RMTE22, RMTE25, RMTE19","RMTE34|RMTE18|RMTE9|RMTE29|RMTE3|RMTE31|RMTE15|RMTE35|RMTE30","FL_102|FL_106|FL_112|FL_103|FL_109|FL_105|FL_104|FL_107","vidInstructionSex|SamTaylor","vidInstructionNeut|WallE","|sex_arousal_1st|sadness_1st|happy_1st|bored_1st","|happy_2nd|sadness_2nd|sex_arosal_2nd|bored_2nd",10.5,-0.139667438990728,0,0,1,1,1,1,0,1,1,0,1,1,0,0,1,1,0,0.588235294117647,5,12,3,7,14,2,17,11,15,16,13,10,4,9,6,1,8,"SamTaylor","WallE",7,1,5,7,4,1,1,3,6,0.616864828374147,-0.568257964429545,0.902797769290436
"5702fde2d4cf7f00089471f3","100","Neutral_clip_1st",471,"Yes","20","3.278","desire","4.096","fantasizing","2.75","preoccupied","3.03","amused","2.584","doubtful","3.817","decisive","4.165","grateful","5.569","confused","2.354","imploring","2.653","interested","2.468","cautious","3.47","affectionate","2.841","reflective","4.505","flirtatious","2.728","confident","3.08","distrustful","3.04","contemplative",6,1,2,2,2,3,3,4,1,"","yes",27,"Male","Heterosexual or straight","","No","",", RMTE6, RMTE34, RMTE9, RMTE19, RMTE28, RMTE31, RMTE3, RMTE15, RMTE27, RMTE29, RMTE18, RMTE21, RMTE25, RMTE22, RMTE35, RMTE17, RMTE30","RMTE6|RMTE34|RMTE9|RMTE19|RMTE28|RMTE31|RMTE3|RMTE15|RMTE27","FL_101|FL_108|FL_106|FL_104|FL_105|FL_97|FL_109|FL_100","vidInstructionSex|SamTaylor","vidInstructionNeut|MadMen","|bored_1st|sadness_1st|sex_arousal_1st|happy_1st","|sadness_2nd|happy_2nd|bored_2nd|sex_arosal_2nd",7.85,-0.670309197575294,1,1,1,0,1,1,0,0,0,1,1,0,1,1,1,1,0,0.647058823529412,7,1,3,8,16,11,4,12,14,13,9,5,10,17,6,2,15,"SamTaylor","MadMen",3,1,3,2,4,2,1,2,2,-1.26773008035947,-0.568257964429545,-0.835591980013232
"572a04726fe43d000f0491de","100","Neutral_clip_1st",508,"Yes","20","7.355","desire","6.51","impatient","7.8","annoyed","4.766","contemplative","7.633","aghast","7.367","decisive","6.834","tentative","6.834","fantasizing","6.58","preoccupied","8.134","panicked","7.445","cautious","4.848","contented","4.879","reflective","6.273","flirtatious","7.107","confident","5.155","distrustful","7.22","nervous",4,1,7,5,5,6,4,1,2,"","yes",26,"Male","Heterosexual or straight","","No","",", RMTE25, RMTE9, RMTE17, RMTE6, RMTE34, RMTE18, RMTE27, RMTE22, RMTE21, RMTE35, RMTE30, RMTE3, RMTE31, RMTE28, RMTE29, RMTE19, RMTE15","RMTE25|RMTE9|RMTE17|RMTE6|RMTE34|RMTE18|RMTE27|RMTE22|RMTE21","FL_97|FL_100|FL_95|FL_99|FL_102|FL_101|FL_107|FL_110","vidInstructionSex|SamTaylor","vidInstructionNeut|WallE","|happy_1st|sex_arousal_1st|bored_1st|sadness_1st","|happy_2nd|sadness_2nd|bored_2nd|sex_arosal_2nd",8.46666666666667,-0.54682652419398,1,0,0,1,0,1,1,1,1,0,1,0,1,1,1,1,1,0.705882352941177,12,4,2,17,3,6,16,9,8,1,7,14,15,11,13,5,10,"SamTaylor","WallE",6,1,4,7,1,5,2,5,5,0.145716101190743,-0.568257964429545,0.468200331964519
"57d5ab3a722df500017f3622","100","Sex_clip_1st",624,"Yes","20","8.34","desire","11.995","impatient","8.819","preoccupied","7.169","contemplative","9.444","doubtful","7.668","decisive","11.491","arrogant","7.366","fantasizing","6.896","preoccupied","8.388","interested","6.906","cautious","13.01","interested","4.348","reflective","7.852","flirtatious","6.664","confident","7.815","distrustful","5.979","insisting",7,6,2,1,1,1,6,1,3,"","yes",41,"Male","Heterosexual or straight","","No","",", RMTE19, RMTE35, RMTE30, RMTE27, RMTE18, RMTE15, RMTE22, RMTE34, RMTE28, RMTE3, RMTE21, RMTE25, RMTE9, RMTE29, RMTE31, RMTE17, RMTE6","RMTE19|RMTE35|RMTE30|RMTE27|RMTE18|RMTE15|RMTE22|RMTE34|RMTE28","FL_95|FL_106|FL_104|FL_111|FL_101|FL_99|FL_109|FL_112","vidInstructionSex|FloorSex","vidInstructionNeut|WallE","|sadness_1st|happy_1st|bored_1st|sex_arousal_1st","|sadness_2nd|bored_2nd|sex_arosal_2nd|happy_2nd",10.4,-0.159691656295806,1,0,1,1,1,1,0,1,1,1,1,1,1,1,1,1,0,0.823529411764706,10,17,13,6,16,5,1,11,7,12,4,9,14,3,15,8,2,"FloorSex","WallE",6,1,2,6,1,1,1,3,5,0.145716101190743,-0.568257964429545,0.468200331964519
"57e7b82b21d77800018e51fe","100","Neutral_clip_1st",703,"Yes","20","8.116","desire","9.248","fantasizing","4.152","preoccupied","6.465","contemplative","4.57","doubtful","6.488","decisive","9.604","sarcastic","8.128","fantasizing","20.614","preoccupied","9.088","interested","6.413","cautious","8.643","affectionate","8.021","impatient","3.782","flirtatious","5.173","confident","9.726","distrustful","7.09","insisting",9,5,5,3,1,9,9,1,1,"","yes",46,"Male","Heterosexual or straight","","No","very interesting survey and the 2nd video was really hot! thank you",", RMTE3, RMTE15, RMTE18, RMTE28, RMTE17, RMTE25, RMTE27, RMTE19, RMTE21, RMTE6, RMTE30, RMTE34, RMTE22, RMTE9, RMTE31, RMTE35, RMTE29","RMTE3|RMTE15|RMTE18|RMTE28|RMTE17|RMTE25|RMTE27|RMTE19|RMTE21","FL_112|FL_100|FL_98|FL_105|FL_111|FL_99|FL_97|FL_101","vidInstructionSex|FloorSex","vidInstructionNeut|MadMen","|sadness_1st|sex_arousal_1st|happy_1st|bored_1st","|bored_2nd|happy_2nd|sex_arosal_2nd|sadness_2nd",11.7166666666667,0.103960538221054,1,1,1,1,1,1,0,1,1,1,1,0,0,1,1,1,0,0.764705882352941,1,10,14,2,5,3,8,9,13,6,7,4,17,11,15,12,16,"FloorSex","MadMen",9,5,9,5,1,3,1,1,4,1.55916228274095,2.39126002481426,0.0336028946386019
"58b99fcaf814e400015249bc","100","Sex_clip_1st",452,"Yes","20","8.949","desire","2.263","fantasizing","2.942","preoccupied","14.394","contemplative","6.996","playful","3.136","decisive","4.762","tentative","3.898","fantasizing","5.517","imploring","4.11","despondent","3.663","cautious","4.795","contented","3.227","impatient","5.223","flirtatious","3.894","confident","4.516","distrustful","4.646","nervous",6,7,5,2,3,1,5,4,6,"","yes",26,"Male","Heterosexual or straight","","No","",", RMTE3, RMTE29, RMTE9, RMTE35, RMTE15, RMTE19, RMTE6, RMTE18, RMTE17, RMTE31, RMTE30, RMTE21, RMTE27, RMTE25, RMTE34, RMTE28, RMTE22","RMTE3|RMTE29|RMTE9|RMTE35|RMTE15|RMTE19|RMTE6|RMTE18|RMTE17","FL_99|FL_100|FL_106|FL_103|FL_104|FL_98|FL_102|FL_105","vidInstructionSex|SamTaylor","vidInstructionNeut|WallE","|bored_1st|sex_arousal_1st|sadness_1st|happy_1st","|happy_2nd|bored_2nd|sex_arosal_2nd|sadness_2nd",7.53333333333333,-0.733719219041374,1,1,1,1,0,1,1,1,0,0,1,0,0,1,1,1,1,0.705882352941177,1,7,3,5,9,8,6,12,17,14,13,16,2,11,10,15,4,"SamTaylor","WallE",7,1,5,5,2,4,3,6,6,0.616864828374147,-0.568257964429545,0.902797769290436
"58d0632c2fc72000011f8c57","100","Sex_clip_1st",959,"Yes","20","22.646","desire","11.801","impatient","20.322","preoccupied","7.758","contemplative","9.875","doubtful","18.795","decisive","10.235","tentative","20.625","fantasizing","8.302","preoccupied","7.202","interested","11.143","cautious","16.146","interested","7.097","reflective","14.319","flirtatious","11.838","confident","24.073","distrustful","21.902","insisting",6,6,7,2,4,1,7,1,3,"","yes",45,"Male","Heterosexual or straight","","No","It ran smoothly and I enjoyed participating.",", RMTE21, RMTE34, RMTE3, RMTE15, RMTE22, RMTE9, RMTE6, RMTE35, RMTE25, RMTE27, RMTE30, RMTE31, RMTE29, RMTE28, RMTE18, RMTE17, RMTE19","RMTE21|RMTE34|RMTE3|RMTE15|RMTE22|RMTE9|RMTE6|RMTE35|RMTE25","FL_103|FL_100|FL_99|FL_101|FL_102|FL_108|FL_109|FL_107","vidInstructionSex|FloorSex","vidInstructionNeut|WallE","|happy_1st|bored_1st|sadness_1st|sex_arousal_1st","|sex_arosal_2nd|happy_2nd|sadness_2nd|bored_2nd",15.9833333333333,0.958327143237714,1,0,1,1,1,1,1,1,1,1,1,1,1,1,1,1,0,0.882352941176471,3,7,6,4,16,15,17,1,5,9,10,14,13,11,12,2,8,"FloorSex","WallE",6,1,7,7,2,1,4,3,5,0.145716101190743,-0.568257964429545,0.468200331964519
"58ee9ca4ac62dc00019367b7","100","Sex_clip_1st",830,"Yes","20","7.162","flustered","13.514","fantasizing","63.746","preoccupied","4.717","flustered","16.117","affectionate","87.729","amused","13.995","grateful","3.249","fantasizing","13.601","grateful","8.184","incredulous","6.268","cautious","5.336","interested","5.601","reflective","3.272","flirtatious","6.827","confident","7.264","distrustful","95.033","contemplative",1,7,6,1,1,1,5,1,6,"","yes",37,"Male","Heterosexual or straight","","No","",", RMTE6, RMTE17, RMTE19, RMTE29, RMTE28, RMTE9, RMTE3, RMTE34, RMTE18, RMTE35, RMTE31, RMTE15, RMTE21, RMTE30, RMTE27, RMTE22, RMTE25","RMTE6|RMTE17|RMTE19|RMTE29|RMTE28|RMTE9|RMTE3|RMTE34|RMTE18","FL_97|FL_99|FL_110|FL_106|FL_100|FL_103|FL_105|FL_104","vidInstructionSex|FloorSex","vidInstructionNeut|MadMen","|bored_1st|happy_1st|sadness_1st|sex_arousal_1st","|sex_arosal_2nd|happy_2nd|sadness_2nd|bored_2nd",13.8333333333333,0.527806471178537,0,1,1,0,0,0,0,1,0,0,1,1,1,1,1,1,0,0.529411764705882,7,1,6,12,2,9,3,13,16,17,15,5,4,14,11,8,10,"FloorSex","MadMen",7,1,6,5,1,1,1,6,6,0.616864828374147,-0.568257964429545,0.902797769290436
"58f669cefb4d7500014af69b","100","Sex_clip_1st",507,"Yes","20","5.431","desire","4.794","fantasizing","6.159","preoccupied","5.342","contemplative","9.194","playful","4.727","decisive","6.711","tentative","3.83","fantasizing","7.125","insisting","3.167","interested","7.063","cautious","3.994","affectionate","3.908","impatient","3.037","flirtatious","6.24","confident","5.353","distrustful","6.713","insisting",6,8,7,1,1,1,5,1,8,"","yes",45,"Male","Heterosexual or straight","","No","",", RMTE31, RMTE17, RMTE35, RMTE21, RMTE30, RMTE15, RMTE34, RMTE29, RMTE19, RMTE18, RMTE27, RMTE22, RMTE9, RMTE25, RMTE28, RMTE6, RMTE3","RMTE31|RMTE17|RMTE35|RMTE21|RMTE30|RMTE15|RMTE34|RMTE29|RMTE19","FL_108|FL_103|FL_105|FL_111|FL_104|FL_102|FL_112|FL_95","vidInstructionSex|FloorSex","vidInstructionNeut|WallE","|bored_1st|happy_1st|sadness_1st|sex_arousal_1st","|bored_2nd|happy_2nd|sex_arosal_2nd|sadness_2nd",8.45,-0.550163893744826,1,1,1,1,0,1,1,1,0,1,1,0,0,1,1,1,0,0.705882352941177,17,16,13,6,2,10,9,4,12,14,11,15,8,5,1,7,3,"FloorSex","WallE",8,1,7,5,1,1,1,8,7,1.08801355555755,-0.568257964429545,1.33739520661635
"591e2e99529e9f0001ec705a","100","Neutral_clip_1st",915,"Yes","20","5.555","desire","7.185","alarmed","4.218","preoccupied","4.257","contemplative","7.615","doubtful","18.803","decisive","10.045","tentative","6.213","fantasizing","6.154","preoccupied","11.224","despondent","7.812","cautious","8.367","interested","7.737","impatient","4.418","flirtatious","6.185","ashamed","10.937","aghast","7.164","nervous",8,1,5,3,6,5,5,2,3,"","yes",42,"Male","Heterosexual or straight","","No","",", RMTE21, RMTE34, RMTE22, RMTE29, RMTE6, RMTE30, RMTE25, RMTE28, RMTE31, RMTE18, RMTE17, RMTE15, RMTE19, RMTE9, RMTE3, RMTE27, RMTE35","RMTE21|RMTE34|RMTE22|RMTE29|RMTE6|RMTE30|RMTE25|RMTE28|RMTE31","FL_108|FL_109|FL_110|FL_107|FL_111|FL_95|FL_103|FL_97","vidInstructionSex|FloorSex","vidInstructionNeut|ModernFamily","|bored_1st|sadness_1st|sex_arousal_1st|happy_1st","|happy_2nd|sex_arosal_2nd|bored_2nd|sadness_2nd",15.25,0.811482883000475,1,0,1,1,1,1,1,1,1,0,1,1,0,1,0,0,1,0.705882352941177,15,5,14,12,11,10,13,1,3,7,16,8,4,6,9,2,17,"FloorSex","ModernFamily",5,1,5,5,2,3,3,6,4,-0.32543262599266,-0.568257964429545,0.0336028946386019
"59f8868e05d1d60001f1464d","100","Neutral_clip_1st",489,"Yes","20","3.28","flustered","6.435","fantasizing","4.092","preoccupied","4.46","contemplative","5.86","affectionate","2.087","decisive","6.844","arrogant","6.187","fantasizing","4.782","preoccupied","4.774","interested","5.581","cautious","3.519","interested","2.76","reflective","5.176","flirtatious","3.248","confident","7.681","distrustful","8.493","contemplative",5,2,3,6,5,1,1,8,3,"","yes",41,"Male","Heterosexual or straight","","No","",", RMTE35, RMTE30, RMTE17, RMTE34, RMTE21, RMTE9, RMTE6, RMTE15, RMTE25, RMTE27, RMTE28, RMTE22, RMTE3, RMTE31, RMTE18, RMTE29, RMTE19","RMTE35|RMTE30|RMTE17|RMTE34|RMTE21|RMTE9|RMTE6|RMTE15|RMTE25","FL_103|FL_102|FL_105|FL_95|FL_99|FL_108|FL_101|FL_107","vidInstructionSex|FloorSex","vidInstructionNeut|MadMen","|sadness_1st|happy_1st|bored_1st|sex_arousal_1st","|happy_2nd|bored_2nd|sex_arosal_2nd|sadness_2nd",8.15,-0.61023654566006,0,1,1,1,0,1,0,1,1,1,1,1,1,1,1,1,0,0.764705882352941,13,7,6,8,3,15,17,5,12,9,10,11,16,2,14,4,1,"FloorSex","MadMen",1,2,1,3,8,6,3,5,-1,-2.21002753472628,0.171621532881406,-2.13938429199098
"5a2c5ea34ed219000159a0bf","100","Neutral_clip_1st",459,"Yes","20","3.979","desire","3.429","fantasizing","4.874","preoccupied","3.354","contemplative","6.187","doubtful","6.225","bored","7.487","grateful","5.481","fantasizing","3.252","preoccupied","10.34","incredulous","4.019","cautious","4.627","interested","2.787","reflective","4.602","flirtatious","2.915","confident","3.154","distrustful","5.104","nervous",6,2,7,1,1,9,6,1,1,"","yes",36,"Male","Heterosexual or straight","","No","",", RMTE28, RMTE15, RMTE34, RMTE3, RMTE35, RMTE22, RMTE21, RMTE30, RMTE17, RMTE25, RMTE29, RMTE19, RMTE9, RMTE6, RMTE18, RMTE27, RMTE31","RMTE28|RMTE15|RMTE34|RMTE3|RMTE35|RMTE22|RMTE21|RMTE30|RMTE17","FL_104|FL_101|FL_107|FL_111|FL_112|FL_108|FL_103|FL_99","vidInstructionSex|BedroomOral","vidInstructionNeut|ModernFamily","|bored_1st|happy_1st|sex_arousal_1st|sadness_1st","|sadness_2nd|happy_2nd|sex_arosal_2nd|bored_2nd",7.65,-0.71035763218545,1,1,1,1,1,0,0,1,1,0,1,1,1,1,1,1,1,0.823529411764706,4,14,13,2,9,15,12,7,6,10,16,1,11,8,17,3,5,"BedroomOral","ModernFamily",9,2,6,7,1,1,1,1,7,1.55916228274095,0.171621532881406,1.33739520661635
"5a69d77a56585a0001633482","100","Sex_clip_1st",647,"Yes","20","12.879","desire","8.589","fantasizing","5.544","preoccupied","5.392","encouraging","8.323","doubtful","6.706","decisive","8.365","tentative","7.68","fantasizing","6.242","preoccupied","9.859","panicked","45.053","cautious","9.332","interested","13.625","reflective","9.071","flirtatious","7.65","confident","5.401","distrustful","7.816","nervous",6,6,6,3,3,1,5,1,7,"","yes",43,"Male","Heterosexual or straight","","No","",", RMTE30, RMTE19, RMTE25, RMTE29, RMTE22, RMTE35, RMTE3, RMTE21, RMTE17, RMTE9, RMTE28, RMTE6, RMTE15, RMTE34, RMTE27, RMTE31, RMTE18","RMTE30|RMTE19|RMTE25|RMTE29|RMTE22|RMTE35|RMTE3|RMTE21|RMTE17","FL_111|FL_102|FL_112|FL_110|FL_98|FL_103|FL_99|FL_108","vidInstructionSex|BedroomOral","vidInstructionNeut|MadMen","|sadness_1st|happy_1st|bored_1st|sex_arousal_1st","|sadness_2nd|happy_2nd|bored_2nd|sex_arosal_2nd",10.7833333333333,-0.0829321566263405,1,1,1,0,1,1,1,1,1,0,1,1,1,1,1,1,1,0.882352941176471,7,12,10,13,9,17,2,8,5,3,15,11,4,1,16,14,6,"BedroomOral","MadMen",6,1,6,5,3,1,3,7,5,0.145716101190743,-0.568257964429545,0.468200331964519
"5a840fcfb093f80001a7cf78","100","Sex_clip_1st",631,"Yes","20","6.09","desire","8.081","impatient","38.103","annoyed","2.867","contemplative","6.78","affectionate","6.491","amused","14.675","tentative","4.9","fantasizing","9.637","imploring","9.367","interested","8.284","cautious","8.216","interested","6.688","irritated","31.642","flirtatious","11.882","confident","9.778","distrustful","10.297","puzzled",7,1,5,1,5,1,1,1,9,"","yes",42,"Male","Heterosexual or straight","","No","",", RMTE28, RMTE29, RMTE31, RMTE25, RMTE22, RMTE17, RMTE6, RMTE27, RMTE34, RMTE19, RMTE35, RMTE3, RMTE21, RMTE9, RMTE30, RMTE15, RMTE18","RMTE28|RMTE29|RMTE31|RMTE25|RMTE22|RMTE17|RMTE6|RMTE27|RMTE34","FL_107|FL_97|FL_95|FL_106|FL_111|FL_100|FL_110|FL_108","vidInstructionSex|SamTaylor","vidInstructionNeut|WallE","|bored_1st|happy_1st|sex_arousal_1st|sadness_1st","|bored_2nd|happy_2nd|sadness_2nd|sex_arosal_2nd",10.5166666666667,-0.136330069439882,1,0,0,1,0,0,1,1,0,1,1,1,0,1,1,1,0,0.588235294117647,12,7,14,16,6,17,10,13,5,4,8,1,2,15,3,9,11,"SamTaylor","WallE",1,1,5,1,1,1,5,9,0,-2.21002753472628,-0.568257964429545,-1.70478685466507
"5a993130f6dfdd0001ea8301","100","Sex_clip_1st",506,"Yes","20","7.048","convinced","4.549","fantasizing","5.491","preoccupied","5.652","contemplative","7.07","doubtful","5.881","decisive","4.925","sarcastic","4.46","fantasizing","3.997","preoccupied","4.674","panicked","6.1","cautious","4.041","interested","3.452","reflective","4.945","hostile","3.068","confident","3.421","terrified","3.624","nervous",6,4,5,3,7,1,9,2,1,"","yes",45,"Male","Heterosexual or straight","","No","",", RMTE15, RMTE17, RMTE9, RMTE18, RMTE25, RMTE22, RMTE31, RMTE21, RMTE30, RMTE6, RMTE29, RMTE28, RMTE34, RMTE3, RMTE35, RMTE19, RMTE27","RMTE15|RMTE17|RMTE9|RMTE18|RMTE25|RMTE22|RMTE31|RMTE21|RMTE30","FL_112|FL_101|FL_102|FL_98|FL_95|FL_97|FL_107|FL_103","vidInstructionSex|SamTaylor","vidInstructionNeut|WallE","|happy_1st|sadness_1st|sex_arousal_1st|bored_1st","|happy_2nd|sex_arosal_2nd|bored_2nd|sadness_2nd",8.43333333333333,-0.553501263295673,0,1,1,1,1,1,0,1,1,0,1,1,1,0,1,0,1,0.705882352941177,14,10,3,1,2,4,16,8,6,5,17,12,11,9,7,13,15,"SamTaylor","WallE",4,1,5,9,3,2,7,1,3,-0.796581353176064,-0.568257964429545,-0.400994542687315
"5a9d64f5f6dfdd0001eaa73d","100","Sex_clip_1st",499,"Yes","20","5.966","desire","6.714","fantasizing","5.563","preoccupied","3.687","contemplative","3.642","doubtful","4.022","decisive","6.693","tentative","4.247","fantasizing","4.214","preoccupied","7.087","interested","5.927","cautious","6.942","interested","6.752","irritated","3.984","flirtatious","5.165","confident","8.78","distrustful","4.581","nervous",6,7,5,1,4,1,5,1,3,"","yes",27,"Male","Heterosexual or straight","","No","",", RMTE34, RMTE30, RMTE22, RMTE27, RMTE6, RMTE19, RMTE25, RMTE18, RMTE3, RMTE35, RMTE28, RMTE17, RMTE9, RMTE21, RMTE15, RMTE29, RMTE31","RMTE34|RMTE30|RMTE22|RMTE27|RMTE6|RMTE19|RMTE25|RMTE18|RMTE3","FL_97|FL_102|FL_109|FL_111|FL_106|FL_110|FL_101|FL_99","vidInstructionSex|BedroomOral","vidInstructionNeut|ModernFamily","|sadness_1st|happy_1st|sex_arousal_1st|bored_1st","|bored_2nd|sadness_2nd|happy_2nd|sex_arosal_2nd",8.31666666666667,-0.576862850151597,1,1,1,1,1,1,1,1,1,1,1,1,0,1,1,1,1,0.941176470588235,9,5,13,15,12,8,6,14,3,7,4,11,16,2,17,1,10,"BedroomOral","ModernFamily",7,1,5,5,1,1,4,3,6,0.616864828374147,-0.568257964429545,0.902797769290436
"5aa670b41eda41000136d80a","100","Sex_clip_1st",545,"Yes","20","3.675","desire","3.577","fantasizing","4.517","hostile","4.553","amused","5.984","playful","8.099","bored","9.858","tentative","4.974","fantasizing","7.669","preoccupied","5.571","incredulous","3.891","cautious","6.765","interested","7.34","irritated","4.32","flirtatious","10.663","confident","7.17","baffled","7.076","nervous",5,2,3,7,7,1,4,4,5,"","yes",41,"Male","Heterosexual or straight","","No","",", RMTE31, RMTE25, RMTE21, RMTE29, RMTE15, RMTE34, RMTE28, RMTE19, RMTE35, RMTE9, RMTE18, RMTE17, RMTE3, RMTE22, RMTE6, RMTE27, RMTE30","RMTE31|RMTE25|RMTE21|RMTE29|RMTE15|RMTE34|RMTE28|RMTE19|RMTE35","FL_111|FL_108|FL_109|FL_95|FL_105|FL_112|FL_103|FL_100","vidInstructionSex|SamTaylor","vidInstructionNeut|MadMen","|happy_1st|sex_arousal_1st|bored_1st|sadness_1st","|bored_2nd|happy_2nd|sadness_2nd|sex_arosal_2nd",9.08333333333333,-0.423343850812666,1,1,0,0,0,0,1,1,1,0,1,1,0,1,1,0,1,0.588235294117647,13,15,10,5,12,11,8,3,14,2,16,7,4,17,1,6,9,"SamTaylor","MadMen",2,1,3,4,7,4,7,5,1,-1.73887880754287,-0.568257964429545,-1.27018941733915
"5acb5910e1546900019c413a","100","Neutral_clip_1st",623,"Yes","20","9.572","desire","2.915","fantasizing","4.401","preoccupied","6.008","contemplative","3.564","doubtful","9.203","decisive","6.29","tentative","6.283","fantasizing","5.324","imploring","13.286","incredulous","4.114","cautious","6.982","contented","7.417","reflective","3.921","flirtatious","2.942","confident","13.797","distrustful","4.505","nervous",5,3,4,4,2,5,4,4,6,"","yes",32,"Male","Heterosexual or straight","","No","",", RMTE22, RMTE3, RMTE27, RMTE30, RMTE15, RMTE9, RMTE31, RMTE21, RMTE19, RMTE18, RMTE25, RMTE34, RMTE28, RMTE6, RMTE17, RMTE29, RMTE35","RMTE22|RMTE3|RMTE27|RMTE30|RMTE15|RMTE9|RMTE31|RMTE21|RMTE19","FL_108|FL_104|FL_98|FL_102|FL_112|FL_109|FL_101|FL_97","vidInstructionSex|SamTaylor","vidInstructionNeut|MadMen","|sadness_1st|bored_1st|happy_1st|sex_arousal_1st","|sex_arosal_2nd|sadness_2nd|bored_2nd|happy_2nd",10.3833333333333,-0.163029025846652,1,1,1,1,1,1,1,1,0,0,1,0,1,1,1,1,1,0.823529411764706,2,14,6,5,15,10,9,8,1,11,3,13,16,4,7,12,17,"SamTaylor","MadMen",5,3,4,4,4,4,6,2,2,-0.32543262599266,0.911501030192357,-0.835591980013232
"5adfa601eb6040000153a828","100","Neutral_clip_1st",1205,"Yes","20","9.159","desire","6.045","impatient","4.309","preoccupied","9.596","contemplative","4.931","playful","4.905","aghast","4.585","tentative","7.198","fantasizing","6.111","grateful","7.92","panicked","6.215","cautious","9.72","interested","5.093","reflective","3.52","flirtatious","6.286","confident","16.023","distrustful","3.09","nervous",7,1,2,1,7,2,5,1,1,"","yes",50,"Male","Heterosexual or straight","","No","thankyou",", RMTE34, RMTE18, RMTE27, RMTE21, RMTE6, RMTE29, RMTE35, RMTE3, RMTE25, RMTE15, RMTE31, RMTE19, RMTE28, RMTE9, RMTE22, RMTE30, RMTE17","RMTE34|RMTE18|RMTE27|RMTE21|RMTE6|RMTE29|RMTE35|RMTE3|RMTE25","FL_110|FL_99|FL_107|FL_102|FL_111|FL_105|FL_100|FL_109","vidInstructionSex|BedroomOral","vidInstructionNeut|ModernFamily","|bored_1st|sex_arousal_1st|happy_1st|sadness_1st","|bored_2nd|sex_arosal_2nd|happy_2nd|sadness_2nd",20.0833333333333,1.77932005274591,1,0,1,1,0,0,1,1,0,0,1,1,1,1,1,1,1,0.705882352941177,8,5,14,10,17,2,12,4,15,9,3,13,6,16,11,1,7,"BedroomOral","ModernFamily",2,1,5,2,1,1,1,7,1,-1.73887880754287,-0.568257964429545,-1.27018941733915
"5ae1a263066c510001d48146","100","Neutral_clip_1st",546,"Yes","20","9.676","desire","8.696","impatient","11.476","horrified","12.514","contemplative","9.052","aghast","9.921","decisive","9.663","arrogant","6.535","fantasizing","8.707","preoccupied","7.187","interested","11.178","cautious","8.988","interested","13.328","irritated","10.906","hostile","7.2","confident","11.687","aghast","8.276","nervous",7,1,6,2,4,4,4,1,2,"","yes",28,"Male","Heterosexual or straight","","No","",", RMTE29, RMTE25, RMTE34, RMTE31, RMTE9, RMTE35, RMTE19, RMTE6, RMTE27, RMTE17, RMTE28, RMTE3, RMTE22, RMTE30, RMTE15, RMTE18, RMTE21","RMTE29|RMTE25|RMTE34|RMTE31|RMTE9|RMTE35|RMTE19|RMTE6|RMTE27","FL_109|FL_102|FL_95|FL_105|FL_100|FL_110|FL_108|FL_106","vidInstructionSex|BedroomOral","vidInstructionNeut|MadMen","|sadness_1st|bored_1st|sex_arousal_1st|happy_1st","|sex_arosal_2nd|sadness_2nd|happy_2nd|bored_2nd",9.1,-0.42000648126182,1,0,0,1,0,1,0,1,1,1,1,1,0,0,1,0,1,0.588235294117647,12,8,5,15,10,16,7,17,13,2,9,11,1,14,4,3,6,"BedroomOral","MadMen",4,1,4,6,1,2,2,4,3,-0.796581353176064,-0.568257964429545,-0.400994542687315
"5aeb2f9c2aee65000121d680","100","Neutral_clip_1st",520,"Yes","20","9.948","desire","7.819","fantasizing","10.329","preoccupied","6.926","amused","10.619","playful","4.971","decisive","8.867","tentative","3.155","fantasizing","6.961","preoccupied","6.175","interested","7.377","arrogant","7.573","interested","6.46","reflective","6.423","flirtatious","4.71","confident","10.453","baffled","10.702","contemplative",3,3,3,1,3,5,5,1,2,"","yes",43,"Male","Heterosexual or straight","","No","",", RMTE19, RMTE22, RMTE27, RMTE6, RMTE9, RMTE17, RMTE30, RMTE35, RMTE28, RMTE15, RMTE34, RMTE3, RMTE31, RMTE25, RMTE18, RMTE29, RMTE21","RMTE19|RMTE22|RMTE27|RMTE6|RMTE9|RMTE17|RMTE30|RMTE35|RMTE28","FL_110|FL_98|FL_95|FL_99|FL_104|FL_108|FL_101|FL_106","vidInstructionSex|FloorSex","vidInstructionNeut|ModernFamily","|sex_arousal_1st|happy_1st|bored_1st|sadness_1st","|sex_arosal_2nd|happy_2nd|sadness_2nd|bored_2nd",8.66666666666667,-0.506778089583824,1,1,1,0,0,1,1,1,1,1,0,1,1,1,1,0,0,0.705882352941177,12,4,5,10,6,15,1,17,2,14,3,9,16,7,13,11,8,"FloorSex","ModernFamily",5,3,5,3,1,1,2,3,2,-0.32543262599266,0.911501030192357,-0.835591980013232
"5b1386089663ee0001461b6e","100","Sex_clip_1st",764,"Yes","20","15.686","desire","8.364","fantasizing","7.005","preoccupied","5.535","contemplative","6.65","playful","10.071","decisive","8.093","sarcastic","11.015","confused","5.119","preoccupied","16.391","interested","12.016","cautious","15.52","interested","13.561","reflective","4.224","flirtatious","14.103","dispirited","6.765","distrustful","6.52","contemplative",7,6,6,5,2,1,7,2,1,"","yes",47,"Male","Heterosexual or straight","","No","What possible effected my answer to clip one, I saw thinking that we were going to be asked questions t do with the content, rather than the people have sex so a lot of the time I was more memorising the content for the whole composition, rather than the ""subject matter.""",", RMTE17, RMTE15, RMTE29, RMTE18, RMTE19, RMTE25, RMTE31, RMTE3, RMTE21, RMTE27, RMTE28, RMTE34, RMTE22, RMTE6, RMTE30, RMTE35, RMTE9","RMTE17|RMTE15|RMTE29|RMTE18|RMTE19|RMTE25|RMTE31|RMTE3|RMTE21","FL_103|FL_102|FL_98|FL_105|FL_112|FL_100|FL_97|FL_111","vidInstructionSex|FloorSex","vidInstructionNeut|WallE","|happy_1st|bored_1st|sadness_1st|sex_arousal_1st","|bored_2nd|sadness_2nd|happy_2nd|sex_arosal_2nd",12.7333333333333,0.30754008082268,1,1,1,1,0,1,0,0,1,1,1,1,1,1,0,1,0,0.705882352941177,8,14,17,2,1,4,5,9,13,6,10,11,3,15,7,12,16,"FloorSex","WallE",6,1,6,7,5,2,2,1,5,0.145716101190743,-0.568257964429545,0.468200331964519
"5b1bcd1d88ee7400012b0707","100","Neutral_clip_1st",585,"Yes","20","10.571","convinced","6.629","impatient","7.269","preoccupied","8.429","contemplative","7.166","doubtful","11.136","amused","7.741","tentative","8.21","fantasizing","6.039","preoccupied","7.442","interested","7.295","cautious","6.285","interested","10.284","reflective","6.279","flirtatious","10.032","dispirited","9.092","distrustful","6.282","nervous",7,1,5,1,5,5,3,2,4,"","yes",24,"Male","Heterosexual or straight","","No","",", RMTE15, RMTE35, RMTE21, RMTE34, RMTE30, RMTE31, RMTE29, RMTE9, RMTE3, RMTE25, RMTE17, RMTE28, RMTE22, RMTE6, RMTE18, RMTE19, RMTE27","RMTE15|RMTE35|RMTE21|RMTE34|RMTE30|RMTE31|RMTE29|RMTE9|RMTE3","FL_104|FL_109|FL_102|FL_105|FL_112|FL_108|FL_107|FL_103","vidInstructionSex|FloorSex","vidInstructionNeut|WallE","|happy_1st|sadness_1st|bored_1st|sex_arousal_1st","|bored_2nd|sadness_2nd|happy_2nd|sex_arosal_2nd",9.75,-0.289849068778813,0,0,1,1,1,0,1,1,1,1,1,1,1,1,0,1,1,0.764705882352941,9,14,8,1,11,15,16,3,13,10,17,12,7,5,6,4,2,"FloorSex","WallE",5,1,3,5,2,1,4,5,4,-0.32543262599266,-0.568257964429545,0.0336028946386019
"5b34b0d41d2f710001fbbcd5","100","Neutral_clip_1st",454,"Yes","20","5.158","desire","6.187","fantasizing","3.744","preoccupied","3.715","contemplative","3.404","doubtful","5.611","bored","6.634","tentative","4.732","fantasizing","3.436","preoccupied","5.122","interested","2.811","cautious","4.201","interested","4.485","reflective","2.605","flirtatious","3.428","confident","3.457","distrustful","4.153","nervous",4,1,7,1,1,3,5,1,2,"","yes",34,"Male","Heterosexual or straight","","No","",", RMTE3, RMTE21, RMTE27, RMTE15, RMTE28, RMTE18, RMTE9, RMTE29, RMTE34, RMTE19, RMTE31, RMTE22, RMTE6, RMTE25, RMTE35, RMTE30, RMTE17","RMTE3|RMTE21|RMTE27|RMTE15|RMTE28|RMTE18|RMTE9|RMTE29|RMTE34","FL_107|FL_99|FL_105|FL_112|FL_104|FL_97|FL_100|FL_109","vidInstructionSex|BedroomOral","vidInstructionNeut|WallE","|happy_1st|sadness_1st|sex_arousal_1st|bored_1st","|sadness_2nd|happy_2nd|bored_2nd|sex_arosal_2nd",7.56666666666667,-0.727044479939682,1,1,1,1,1,0,1,1,1,1,1,1,1,1,1,1,1,0.941176470588235,1,13,7,4,17,6,10,2,12,14,3,5,8,16,11,9,15,"BedroomOral","WallE",3,1,5,7,1,1,2,1,2,-1.26773008035947,-0.568257964429545,-0.835591980013232
"5b472672d4c93b00019bbc49","100","Sex_clip_1st",513,"Yes","20","4.44","desire","5.116","fantasizing","5.037","preoccupied","5.501","encouraging","8.812","doubtful","6.06","decisive","14.881","sarcastic","3.321","fantasizing","4.045","preoccupied","7.879","interested","7.156","cautious","4.515","interested","5.002","reflective","3.281","flirtatious","5.725","confident","7.017","distrustful","4.489","nervous",7,6,5,1,1,1,3,1,3,"","yes",29,"Male","Heterosexual or straight","","No","",", RMTE27, RMTE22, RMTE25, RMTE21, RMTE15, RMTE28, RMTE30, RMTE31, RMTE35, RMTE9, RMTE19, RMTE6, RMTE17, RMTE29, RMTE18, RMTE3, RMTE34","RMTE27|RMTE22|RMTE25|RMTE21|RMTE15|RMTE28|RMTE30|RMTE31|RMTE35","FL_111|FL_107|FL_112|FL_109|FL_101|FL_108|FL_95|FL_98","vidInstructionSex|BedroomOral","vidInstructionNeut|ModernFamily","|bored_1st|happy_1st|sadness_1st|sex_arousal_1st","|bored_2nd|sex_arosal_2nd|happy_2nd|sadness_2nd",8.55,-0.530139676439748,1,1,1,0,1,1,0,1,1,1,1,1,1,1,1,1,1,0.882352941176471,16,12,10,5,13,15,11,4,2,3,1,6,14,7,8,17,9,"BedroomOral","ModernFamily",6,1,5,3,1,1,1,3,5,0.145716101190743,-0.568257964429545,0.468200331964519
"5b9f7e3d00815d00010323f6","100","Neutral_clip_1st",658,"Yes","20","7.757","flustered","3.369","fantasizing","8.808","horrified","10.808","encouraging","13.296","aghast","7.302","decisive","4.665","tentative","4.489","fantasizing","13.363","imploring","7.791","interested","4.688","reassuring","9.37","interested","3.87","reflective","2.99","flirtatious","3.931","confident","8.591","distrustful","8.907","contemplative",7,1,1,1,5,6,1,1,5,"","yes",26,"Male","Heterosexual or straight","","No","",", RMTE35, RMTE21, RMTE25, RMTE27, RMTE9, RMTE17, RMTE15, RMTE19, RMTE3, RMTE22, RMTE31, RMTE6, RMTE18, RMTE29, RMTE34, RMTE30, RMTE28","RMTE35|RMTE21|RMTE25|RMTE27|RMTE9|RMTE17|RMTE15|RMTE19|RMTE3","FL_105|FL_99|FL_112|FL_108|FL_101|FL_98|FL_100|FL_102","vidInstructionSex|SamTaylor","vidInstructionNeut|WallE","|sex_arousal_1st|sadness_1st|happy_1st|bored_1st","|bored_2nd|sex_arosal_2nd|happy_2nd|sadness_2nd",10.9666666666667,-0.0462210915670309,0,1,0,0,0,1,1,1,0,1,0,1,1,1,1,1,0,0.588235294117647,9,12,5,7,6,13,8,2,10,3,4,17,14,16,11,15,1,"SamTaylor","WallE",6,1,1,1,1,1,5,5,5,0.145716101190743,-0.568257964429545,0.468200331964519
"5ba60d9fb3b5400001cd89cb","100","Sex_clip_1st",499,"Yes","20","3.238","convinced","2.787","fantasizing","2.221","annoyed","4.377","amused","4.488","doubtful","3.645","bored","3.933","sarcastic","5.057","fantasizing","3.897","preoccupied","3.101","despondent","4.737","cautious","3.4","contented","5.561","impatient","2.209","flirtatious","3.818","confident","3.243","baffled","3.83","nervous",4,3,5,1,5,1,5,1,6,"","yes",34,"Male","Heterosexual or straight","","No","",", RMTE27, RMTE31, RMTE22, RMTE29, RMTE19, RMTE17, RMTE28, RMTE15, RMTE6, RMTE35, RMTE21, RMTE25, RMTE34, RMTE30, RMTE3, RMTE9, RMTE18","RMTE27|RMTE31|RMTE22|RMTE29|RMTE19|RMTE17|RMTE28|RMTE15|RMTE6","FL_97|FL_106|FL_104|FL_98|FL_100|FL_95|FL_111|FL_108","vidInstructionSex|SamTaylor","vidInstructionNeut|WallE","|sadness_1st|happy_1st|bored_1st|sex_arousal_1st","|sex_arosal_2nd|sadness_2nd|happy_2nd|bored_2nd",8.31666666666667,-0.576862850151597,0,1,0,0,1,0,0,1,1,0,1,0,0,1,1,0,1,0.470588235294118,15,9,16,8,6,17,5,11,3,12,1,7,4,14,2,13,10,"SamTaylor","WallE",3,1,5,5,1,1,5,6,2,-1.26773008035947,-0.568257964429545,-0.835591980013232
"5bb48501d3be310001c1afeb","100","Neutral_clip_1st",638,"Yes","20","9.268","joking","7.818","fantasizing","5.842","preoccupied","6.175","contemplative","11.344","aghast","8.794","bored","18.188","tentative","9.027","fantasizing","5.435","preoccupied","7.466","interested","13.485","arrogant","6.39","interested","6.975","reflective","4.045","flirtatious","10.046","confident","11.518","aghast","8.292","nervous",6,1,6,1,1,8,6,1,1,"","yes",46,"Male","Heterosexual or straight","","No","",", RMTE31, RMTE9, RMTE17, RMTE28, RMTE25, RMTE6, RMTE3, RMTE27, RMTE18, RMTE21, RMTE15, RMTE22, RMTE29, RMTE19, RMTE34, RMTE30, RMTE35","RMTE31|RMTE9|RMTE17|RMTE28|RMTE25|RMTE6|RMTE3|RMTE27|RMTE18","FL_106|FL_110|FL_105|FL_101|FL_107|FL_98|FL_100|FL_97","vidInstructionSex|SamTaylor","vidInstructionNeut|WallE","|sadness_1st|bored_1st|happy_1st|sex_arousal_1st","|sex_arosal_2nd|sadness_2nd|happy_2nd|bored_2nd",10.6333333333333,-0.112968482583957,0,1,1,1,0,0,1,1,1,1,0,1,1,1,1,0,1,0.705882352941177,7,6,2,11,3,9,14,10,12,5,8,4,13,16,1,15,17,"SamTaylor","WallE",8,1,6,6,1,1,1,1,7,1.08801355555755,-0.568257964429545,1.33739520661635
"5bd6019bfa26d10001b4df57","100","Neutral_clip_1st",478,"Yes","20","4.602","desire","4.842","fantasizing","4.268","preoccupied","6.615","contemplative","3.54","doubtful","3.304","decisive","6.923","tentative","5.74","fantasizing","6.872","imploring","4.19","interested","2.395","cautious","5.032","interested","5.366","reflective","3.977","flirtatious","4.105","confident","9.745","distrustful","8.647","insisting",6,1,3,5,6,6,6,5,6,"","yes",35,"Male","Heterosexual or straight","","No","I know it mentioned sexually explicit content, but I did not expect it to be that explicit!",", RMTE35, RMTE29, RMTE3, RMTE30, RMTE22, RMTE31, RMTE34, RMTE19, RMTE25, RMTE21, RMTE6, RMTE28, RMTE27, RMTE17, RMTE9, RMTE18, RMTE15","RMTE35|RMTE29|RMTE3|RMTE30|RMTE22|RMTE31|RMTE34|RMTE19|RMTE25","FL_106|FL_112|FL_102|FL_103|FL_109|FL_111|FL_108|FL_110","vidInstructionSex|BedroomOral","vidInstructionNeut|MadMen","|sex_arousal_1st|happy_1st|bored_1st|sadness_1st","|sex_arosal_2nd|bored_2nd|sadness_2nd|happy_2nd",7.96666666666667,-0.64694761071937,1,1,1,1,1,1,1,1,0,1,1,1,1,1,1,1,0,0.882352941176471,3,11,15,17,14,16,8,10,5,9,13,12,2,4,6,7,1,"BedroomOral","MadMen",6,1,6,3,5,5,6,6,5,0.145716101190743,-0.568257964429545,0.468200331964519
"5bfd667f1fe1e50001406d4c","100","Neutral_clip_1st",545,"Yes","20","5.662","joking","3.566","fantasizing","3.872","preoccupied","6.492","encouraging","7.554","aghast","5.198","amused","6.711","tentative","5.099","fantasizing","6.53","preoccupied","6.171","despondent","8.794","reassuring","8.614","interested","4.491","irritated","7.768","flirtatious","9.384","ashamed","9.953","baffled","5.975","nervous",2,1,3,2,4,2,2,3,4,"","yes",41,"Male","Heterosexual or straight","","No","Just one thought - I'd seen the Wall-E video before, which might account for my reaction to it. If I'd never seen it it might have been more engaging?",", RMTE30, RMTE35, RMTE22, RMTE34, RMTE15, RMTE28, RMTE9, RMTE27, RMTE6, RMTE18, RMTE29, RMTE25, RMTE31, RMTE19, RMTE21, RMTE17, RMTE3","RMTE30|RMTE35|RMTE22|RMTE34|RMTE15|RMTE28|RMTE9|RMTE27|RMTE6","FL_108|FL_101|FL_104|FL_99|FL_107|FL_106|FL_109|FL_95","vidInstructionSex|FloorSex","vidInstructionNeut|WallE","|bored_1st|sadness_1st|sex_arousal_1st|happy_1st","|bored_2nd|sadness_2nd|sex_arosal_2nd|happy_2nd",9.08333333333333,-0.423343850812666,0,1,1,0,0,0,1,1,1,0,0,1,0,1,0,0,1,0.470588235294118,17,9,7,5,16,10,14,15,3,12,8,6,11,1,13,4,2,"FloorSex","WallE",2,1,2,3,3,2,4,4,1,-1.73887880754287,-0.568257964429545,-1.27018941733915
"5c0ca233632102000147c7db","100","Neutral_clip_1st",510,"Yes","20","5.987","desire","6.882","impatient","9.564","horrified","6.36","contemplative","9.224","doubtful","6.403","decisive","7.457","tentative","4.998","fantasizing","9.267","imploring","8.951","interested","6.792","cautious","6.532","affectionate","7.271","irritated","3.819","flirtatious","6.996","confident","4.909","distrustful","4.977","nervous",5,1,4,2,4,6,4,2,2,"","yes",36,"Male","Heterosexual or straight","","No","",", RMTE27, RMTE19, RMTE15, RMTE18, RMTE3, RMTE28, RMTE6, RMTE17, RMTE9, RMTE25, RMTE29, RMTE22, RMTE21, RMTE31, RMTE34, RMTE30, RMTE35","RMTE27|RMTE19|RMTE15|RMTE18|RMTE3|RMTE28|RMTE6|RMTE17|RMTE9","FL_104|FL_101|FL_105|FL_106|FL_99|FL_98|FL_100|FL_97","vidInstructionSex|SamTaylor","vidInstructionNeut|WallE","|sex_arousal_1st|bored_1st|sadness_1st|happy_1st","|bored_2nd|happy_2nd|sex_arosal_2nd|sadness_2nd",8.5,-0.540151785092287,1,0,0,1,1,1,1,1,0,1,1,0,0,1,1,1,1,0.705882352941177,5,7,9,3,8,4,2,13,12,10,1,6,11,16,14,15,17,"SamTaylor","WallE",6,1,4,4,2,2,2,4,5,0.145716101190743,-0.568257964429545,0.468200331964519
"5c1b7b36960792000195f33a","100","Neutral_clip_1st",799,"Yes","20","10.79","desire","8.855","fantasizing","3.564","preoccupied","5.721","contemplative","15.496","doubtful","7.286","decisive","9.937","tentative","4.161","fantasizing","4.384","preoccupied","9.384","interested","4.406","cautious","43.818","interested","8.664","irritated","5.077","flirtatious","9.415","confident","34.379","distrustful","12.689","contemplative",3,3,7,1,2,8,6,1,1,"","yes",41,"Male","Heterosexual or straight","","No","Should probably warn people before showing them pornography. ",", RMTE6, RMTE31, RMTE17, RMTE3, RMTE18, RMTE28, RMTE25, RMTE29, RMTE15, RMTE34, RMTE19, RMTE30, RMTE27, RMTE35, RMTE22, RMTE21, RMTE9","RMTE6|RMTE31|RMTE17|RMTE3|RMTE18|RMTE28|RMTE25|RMTE29|RMTE15","FL_98|FL_107|FL_100|FL_103|FL_97|FL_105|FL_106|FL_111","vidInstructionSex|BedroomOral","vidInstructionNeut|ModernFamily","|bored_1st|sex_arousal_1st|happy_1st|sadness_1st","|sadness_2nd|bored_2nd|sex_arosal_2nd|happy_2nd",13.3166666666667,0.424348015102301,1,1,1,1,1,1,1,1,1,1,1,1,0,1,1,1,0,0.882352941176471,4,1,17,9,3,5,11,16,15,7,13,6,8,12,2,10,14,"BedroomOral","ModernFamily",8,3,6,7,1,1,1,2,5,1.08801355555755,0.911501030192357,0.468200331964519
"5c1d234d89f035000172aeb7","100","Neutral_clip_1st",595,"Yes","20","8.446","convinced","5.984","fantasizing","5.506","preoccupied","8.79","contemplative","5.072","doubtful","9.074","bored","5.162","tentative","5.841","fantasizing","4.44","preoccupied","3.995","interested","5.801","cautious","5.601","interested","4.426","reflective","3.702","flirtatious","8.93","confident","8.629","terrified","5.121","nervous",7,1,5,6,7,1,1,4,6,"","yes",25,"Male","Heterosexual or straight","","No","I felt exceedingly awkward watch that sex scene. Primarily because I am unsure that is how real life sex looks like. After all, the two are likely actors pretending to have sex.",", RMTE31, RMTE30, RMTE22, RMTE27, RMTE18, RMTE9, RMTE3, RMTE29, RMTE19, RMTE35, RMTE25, RMTE21, RMTE28, RMTE17, RMTE6, RMTE15, RMTE34","RMTE31|RMTE30|RMTE22|RMTE27|RMTE18|RMTE9|RMTE3|RMTE29|RMTE19","FL_97|FL_104|FL_106|FL_102|FL_109|FL_112|FL_110|FL_98","vidInstructionSex|SamTaylor","vidInstructionNeut|ModernFamily","|sex_arousal_1st|happy_1st|sadness_1st|bored_1st","|happy_2nd|bored_2nd|sadness_2nd|sex_arosal_2nd",9.91666666666667,-0.25647537327035,0,1,1,1,1,0,1,1,1,1,1,1,1,1,1,0,1,0.823529411764706,7,15,6,16,14,5,9,12,3,11,4,13,8,2,1,17,10,"SamTaylor","ModernFamily",1,1,1,5,4,6,6,7,0,-2.21002753472628,-0.568257964429545,-1.70478685466507
"5c2f6d25e38ccd0001caab19","100","Sex_clip_1st",833,"Yes","20","11.401","desire","9.693","fantasizing","15.647","preoccupied","12.174","contemplative","8.356","doubtful","11.917","bored","19.953","tentative","17.951","fantasizing","11.128","preoccupied","15.656","despondent","9.084","cautious","12.33","interested","12","reflective","7.515","flirtatious","8.827","dispirited","15.955","aghast","7.091","nervous",6,4,5,2,3,1,3,3,7,"","yes",44,"Male","Heterosexual or straight","","No","",", RMTE22, RMTE9, RMTE19, RMTE34, RMTE29, RMTE6, RMTE35, RMTE3, RMTE27, RMTE30, RMTE21, RMTE31, RMTE28, RMTE15, RMTE18, RMTE25, RMTE17","RMTE22|RMTE9|RMTE19|RMTE34|RMTE29|RMTE6|RMTE35|RMTE3|RMTE27","FL_100|FL_106|FL_99|FL_102|FL_110|FL_108|FL_104|FL_109","vidInstructionSex|FloorSex","vidInstructionNeut|WallE","|sadness_1st|sex_arousal_1st|happy_1st|bored_1st","|sadness_2nd|happy_2nd|sex_arosal_2nd|bored_2nd",13.8833333333333,0.537818579831076,1,1,1,1,1,0,1,1,1,0,1,1,1,1,0,0,1,0.764705882352941,8,6,2,14,17,15,3,11,1,16,9,13,5,10,12,4,7,"FloorSex","WallE",4,1,5,3,2,3,3,7,3,-0.796581353176064,-0.568257964429545,-0.400994542687315
"5c321ebf6558270001bd79aa","100","Sex_clip_1st",1151,"Yes","20","5.617","convinced","7.939","impatient","5.005","preoccupied","4.096","amused","9.131","playful","3.656","amused","5.387","tentative","3.959","embarrassed","5.907","preoccupied","7.828","interested","3.672","cautious","6.916","contented","6.3","reflective","20.034","flirtatious","11.064","confident","3.651","baffled","21.639","nervous",2,6,5,3,6,4,5,3,8,"","yes",41,"Male","Heterosexual or straight","","No","",", RMTE35, RMTE17, RMTE31, RMTE6, RMTE28, RMTE25, RMTE30, RMTE29, RMTE3, RMTE9, RMTE34, RMTE15, RMTE18, RMTE27, RMTE22, RMTE19, RMTE21","RMTE35|RMTE17|RMTE31|RMTE6|RMTE28|RMTE25|RMTE30|RMTE29|RMTE3","FL_111|FL_98|FL_110|FL_108|FL_103|FL_105|FL_107|FL_106","vidInstructionSex|BedroomOral","vidInstructionNeut|MadMen","|happy_1st|sex_arousal_1st|sadness_1st|bored_1st","|sadness_2nd|bored_2nd|happy_2nd|sex_arosal_2nd",19.1833333333333,1.59910209700021,0,0,1,0,0,0,1,0,1,1,1,0,1,1,1,0,1,0.529411764705882,9,4,10,12,2,13,16,17,15,6,14,5,8,7,3,11,1,"BedroomOral","MadMen",6,4,5,5,3,3,6,8,2,0.145716101190743,1.65138052750331,-0.835591980013232
"5c3b28087ec94d000119c685","100","Sex_clip_1st",682,"Yes","20","7.575","joking","8.073","impatient","4.949","preoccupied","7.509","contemplative","8.194","doubtful","5.864","bored","4.905","tentative","5.808","fantasizing","10.232","preoccupied","5.505","interested","4.041","cautious","8.785","interested","6.252","reflective","6.306","flirtatious","8.164","dispirited","10.849","baffled","10.784","insisting",3,8,9,1,1,1,4,1,8,"","yes",36,"Male","Heterosexual or straight","","No","",", RMTE30, RMTE34, RMTE3, RMTE31, RMTE17, RMTE9, RMTE6, RMTE28, RMTE22, RMTE35, RMTE15, RMTE19, RMTE27, RMTE29, RMTE21, RMTE25, RMTE18","RMTE30|RMTE34|RMTE3|RMTE31|RMTE17|RMTE9|RMTE6|RMTE28|RMTE22","FL_97|FL_110|FL_107|FL_103|FL_101|FL_106|FL_104|FL_108","vidInstructionSex|BedroomOral","vidInstructionNeut|MadMen","|sadness_1st|bored_1st|sex_arousal_1st|happy_1st","|sex_arosal_2nd|sadness_2nd|happy_2nd|bored_2nd",11.3666666666667,0.033875777653281,0,0,1,1,1,0,1,1,1,1,1,1,1,1,0,0,0,0.647058823529412,3,7,6,11,5,17,12,15,9,16,13,8,14,1,4,2,10,"BedroomOral","MadMen",8,1,9,4,1,1,1,8,7,1.08801355555755,-0.568257964429545,1.33739520661635
"5c4f5967aac8be0001716a65","100","Neutral_clip_1st",454,"Yes","20","4.115","desire","3.323","fantasizing","8.413","annoyed","4.375","contemplative","4.255","doubtful","2.964","decisive","8.226","tentative","3.891","fantasizing","14.297","preoccupied","17.884","interested","6.726","cautious","3.79","affectionate","4.528","reflective","3.279","flirtatious","35.136","confident","8.54","aghast","5.266","nervous",6,1,5,1,4,5,4,1,1,"","yes",30,"Male","Heterosexual or straight","","No","",", RMTE25, RMTE19, RMTE30, RMTE17, RMTE6, RMTE34, RMTE28, RMTE29, RMTE21, RMTE27, RMTE22, RMTE31, RMTE35, RMTE3, RMTE18, RMTE9, RMTE15","RMTE25|RMTE19|RMTE30|RMTE17|RMTE6|RMTE34|RMTE28|RMTE29|RMTE21","FL_103|FL_105|FL_99|FL_97|FL_95|FL_108|FL_111|FL_110","vidInstructionSex|FloorSex","vidInstructionNeut|MadMen","|happy_1st|sex_arousal_1st|sadness_1st|bored_1st","|sex_arosal_2nd|sadness_2nd|bored_2nd|happy_2nd",7.56666666666667,-0.727044479939682,1,1,0,1,1,1,1,1,1,1,1,0,1,1,1,0,1,0.823529411764706,14,5,16,17,4,15,2,9,11,1,10,7,8,3,12,6,13,"FloorSex","MadMen",5,1,4,5,1,1,1,4,4,-0.32543262599266,-0.568257964429545,0.0336028946386019
"5c6325a730ccf800019350c6","100","Sex_clip_1st",753,"Yes","20","3.46","desire","6.458","aghast","2.618","preoccupied","7.166","contemplative","4.758","doubtful","5.653","decisive","2.515","tentative","2.898","fantasizing","9.187","imploring","3.359","interested","2.975","cautious","4.043","interested","5.95","reflective","3.41","flirtatious","4.155","dispirited","4.027","terrified","4.326","contemplative",7,1,4,4,5,1,7,2,3,"","yes",24,"Male","Heterosexual or straight","","No","",", RMTE22, RMTE15, RMTE29, RMTE27, RMTE34, RMTE28, RMTE30, RMTE18, RMTE31, RMTE35, RMTE3, RMTE21, RMTE9, RMTE6, RMTE19, RMTE17, RMTE25","RMTE22|RMTE15|RMTE29|RMTE27|RMTE34|RMTE28|RMTE30|RMTE18|RMTE31","FL_97|FL_95|FL_106|FL_111|FL_112|FL_107|FL_109|FL_104","vidInstructionSex|SamTaylor","vidInstructionNeut|WallE","|sadness_1st|bored_1st|sex_arousal_1st|happy_1st","|sex_arosal_2nd|sadness_2nd|happy_2nd|bored_2nd",12.55,0.27082901576337,1,0,1,1,1,1,1,1,0,1,1,1,1,1,0,0,0,0.705882352941177,11,14,13,2,16,8,15,12,1,17,4,6,3,7,9,5,10,"SamTaylor","WallE",1,1,4,7,4,2,5,3,0,-2.21002753472628,-0.568257964429545,-1.70478685466507
"5c634aca9d0d7000012479a0","100","Neutral_clip_1st",653,"Yes","20","8.194","convinced","11.955","fantasizing","11.244","preoccupied","7.081","contemplative","21.681","doubtful","15.667","decisive","7.76","tentative","4.492","fantasizing","6.859","preoccupied","8.827","interested","8.763","cautious","13.006","contented","5.507","reflective","5.309","flirtatious","9.179","confident","16.594","baffled","5.307","nervous",4,2,5,4,4,5,5,3,2,"","yes",34,"Male","Heterosexual or straight","","No","",", RMTE17, RMTE34, RMTE9, RMTE31, RMTE28, RMTE6, RMTE27, RMTE19, RMTE18, RMTE30, RMTE35, RMTE22, RMTE25, RMTE29, RMTE3, RMTE21, RMTE15","RMTE17|RMTE34|RMTE9|RMTE31|RMTE28|RMTE6|RMTE27|RMTE19|RMTE18","FL_100|FL_97|FL_105|FL_104|FL_101|FL_95|FL_106|FL_110","vidInstructionSex|BedroomOral","vidInstructionNeut|ModernFamily","|sadness_1st|happy_1st|sex_arousal_1st|bored_1st","|happy_2nd|sadness_2nd|bored_2nd|sex_arosal_2nd",10.8833333333333,-0.0629079393212625,0,1,1,1,1,1,1,1,1,1,1,0,1,1,1,0,1,0.823529411764706,15,6,3,17,1,9,8,16,12,13,7,5,14,10,4,2,11,"BedroomOral","ModernFamily",5,2,5,5,3,4,2,4,3,-0.32543262599266,0.171621532881406,-0.400994542687315
"5c745ec64e199a001230c7f7","100","Neutral_clip_1st",638,"Yes","20","10.334","desire","13.624","alarmed","12.531","preoccupied","17.769","contemplative","8.679","doubtful","8.445","decisive","14.965","tentative","7.696","fantasizing","15.739","imploring","5.493","interested","6.897","cautious","8.372","interested","10.557","reflective","4.181","flirtatious","13.298","dispirited","15.226","distrustful","8.615","nervous",3,4,6,1,2,8,6,1,1,"","yes",42,"Male","Heterosexual or straight","","No","",", RMTE34, RMTE28, RMTE21, RMTE25, RMTE29, RMTE3, RMTE6, RMTE17, RMTE9, RMTE35, RMTE22, RMTE19, RMTE18, RMTE31, RMTE30, RMTE15, RMTE27","RMTE34|RMTE28|RMTE21|RMTE25|RMTE29|RMTE3|RMTE6|RMTE17|RMTE9","FL_97|FL_105|FL_107|FL_108|FL_99|FL_100|FL_110|FL_103","vidInstructionSex|SamTaylor","vidInstructionNeut|ModernFamily","|bored_1st|sex_arousal_1st|happy_1st|sadness_1st","|sadness_2nd|sex_arosal_2nd|happy_2nd|bored_2nd",10.6333333333333,-0.112968482583957,1,0,1,1,1,1,1,1,0,1,1,1,1,1,0,1,1,0.823529411764706,6,7,9,16,8,13,12,3,11,4,17,2,5,15,14,1,10,"SamTaylor","ModernFamily",8,4,6,6,1,1,1,2,4,1.08801355555755,1.65138052750331,0.0336028946386019
"5c747244f33ac60001b7a9e2","100","Neutral_clip_1st",451,"Yes","20","4.013","desire","2.307","fantasizing","4.717","preoccupied","2.504","contemplative","5.24","doubtful","4.017","amused","6.351","arrogant","2.247","fantasizing","2.468","preoccupied","5.298","interested","6.288","cautious","3.749","interested","3.522","reflective","2.551","flirtatious","3.009","confident","4.617","distrustful","4.058","nervous",6,2,4,3,3,4,2,2,6,"","yes",44,"Male","Heterosexual or straight","","No","",", RMTE34, RMTE3, RMTE9, RMTE19, RMTE25, RMTE35, RMTE27, RMTE29, RMTE17, RMTE18, RMTE21, RMTE28, RMTE15, RMTE6, RMTE30, RMTE31, RMTE22","RMTE34|RMTE3|RMTE9|RMTE19|RMTE25|RMTE35|RMTE27|RMTE29|RMTE17","FL_108|FL_106|FL_102|FL_110|FL_112|FL_100|FL_99|FL_105","vidInstructionSex|BedroomOral","vidInstructionNeut|MadMen","|bored_1st|happy_1st|sex_arousal_1st|sadness_1st","|happy_2nd|sex_arosal_2nd|bored_2nd|sadness_2nd",7.51666666666667,-0.737056588592221,1,1,1,1,1,0,0,1,1,1,1,1,1,1,1,1,1,0.882352941176471,2,14,3,13,9,10,4,11,17,5,7,12,8,15,16,1,6,"BedroomOral","MadMen",4,2,2,4,2,3,6,3,2,-0.796581353176064,0.171621532881406,-0.835591980013232
"5c77d238e926fc00170b4975","100","Neutral_clip_1st",1037,"Yes","20","7.111","convinced","12.039","impatient","11.096","preoccupied","7.699","amused","8.745","doubtful","8.239","decisive","10.451","tentative","16.9","fantasizing","6.953","imploring","10.186","interested","9.678","reassuring","5.446","interested","6.053","reflective","5.733","grateful","6.801","confident","7.048","baffled","31.265","insisting",7,2,5,1,4,4,3,2,2,"","yes",29,"Male","Heterosexual or straight","","No","the second clip was a bit of a shock ",", RMTE19, RMTE31, RMTE6, RMTE21, RMTE22, RMTE35, RMTE28, RMTE30, RMTE34, RMTE9, RMTE17, RMTE15, RMTE25, RMTE29, RMTE3, RMTE18, RMTE27","RMTE19|RMTE31|RMTE6|RMTE21|RMTE22|RMTE35|RMTE28|RMTE30|RMTE34","FL_111|FL_109|FL_110|FL_104|FL_101|FL_95|FL_108|FL_103","vidInstructionSex|FloorSex","vidInstructionNeut|MadMen","|bored_1st|happy_1st|sex_arousal_1st|sadness_1st","|happy_2nd|sadness_2nd|sex_arosal_2nd|bored_2nd",17.2833333333333,1.21864196820373,0,0,1,0,1,1,1,1,0,1,0,1,1,0,1,0,0,0.529411764705882,15,3,10,12,11,16,1,4,5,13,17,7,14,8,2,9,6,"FloorSex","MadMen",4,2,3,5,2,1,2,4,2,-0.796581353176064,0.171621532881406,-0.835591980013232
"5c77de9ff9b9540001695ff6","100","Sex_clip_1st",484,"Yes","20","8.642","convinced","5.082","impatient","3.983","preoccupied","6.52","contemplative","4.922","doubtful","6.305","decisive","4.713","tentative","7.504","fantasizing","4.11","preoccupied","5.272","interested","7.426","cautious","6.119","interested","4.956","irritated","3.737","flirtatious","8.55","ashamed","7.957","distrustful","6.351","nervous",7,6,5,3,3,1,5,3,7,"","Yes",32,"Male","Heterosexual or straight","","No","",", RMTE18, RMTE21, RMTE30, RMTE28, RMTE35, RMTE22, RMTE15, RMTE17, RMTE29, RMTE6, RMTE27, RMTE9, RMTE19, RMTE25, RMTE31, RMTE3, RMTE34","RMTE18|RMTE21|RMTE30|RMTE28|RMTE35|RMTE22|RMTE15|RMTE17|RMTE29","FL_112|FL_103|FL_111|FL_107|FL_104|FL_99|FL_95|FL_98","vidInstructionSex|FloorSex","vidInstructionNeut|WallE","|sex_arousal_1st|sadness_1st|bored_1st|happy_1st","|sex_arosal_2nd|bored_2nd|sadness_2nd|happy_2nd",8.06666666666667,-0.626923393414292,0,0,1,1,1,1,1,1,1,1,1,1,0,1,0,1,1,0.764705882352941,16,10,12,7,8,1,13,2,6,14,11,4,9,3,15,17,5,"FloorSex","WallE",6,1,5,5,3,3,3,7,5,0.145716101190743,-0.568257964429545,0.468200331964519
"5c7b2a3df48c6d0016f6fb70","100","Sex_clip_1st",725,"Yes","20","7.768","flustered","5.184","fantasizing","3.953","hostile","2.534","amused","3.237","affectionate","2.091","decisive","8.717","tentative","2.671","fantasizing","55.697","imploring","3.788","interested","5.592","arrogant","2.947","interested","2.675","reflective","2.753","flirtatious","4.173","confident","73.617","baffled","41.793","nervous",5,6,5,4,4,2,4,4,6,"","yes",40,"Male","Heterosexual or straight","","No","",", RMTE19, RMTE28, RMTE21, RMTE22, RMTE17, RMTE31, RMTE30, RMTE34, RMTE29, RMTE27, RMTE3, RMTE15, RMTE35, RMTE6, RMTE9, RMTE25, RMTE18","RMTE19|RMTE28|RMTE21|RMTE22|RMTE17|RMTE31|RMTE30|RMTE34|RMTE29","FL_103|FL_95|FL_110|FL_97|FL_112|FL_111|FL_104|FL_108","vidInstructionSex|SamTaylor","vidInstructionNeut|MadMen","|happy_1st|bored_1st|sex_arousal_1st|sadness_1st","|sadness_2nd|happy_2nd|sex_arosal_2nd|bored_2nd",12.0833333333333,0.177382668339673,0,1,0,0,0,1,1,1,0,1,0,1,1,1,1,0,1,0.588235294117647,11,14,15,12,5,17,1,3,4,16,10,2,9,7,6,8,13,"SamTaylor","MadMen",6,2,5,4,4,4,4,6,4,0.145716101190743,0.171621532881406,0.0336028946386019
"5c82a5b5c2ceec0017199b48","100","Sex_clip_1st",573,"Yes","20","4.551","desire","6.824","fantasizing","4.536","preoccupied","3.865","contemplative","11.98","doubtful","14.723","bored","4.665","tentative","3.917","fantasizing","3.099","preoccupied","2.951","interested","3.98","cautious","7.213","interested","3.601","impatient","2.387","flirtatious","7.553","confident","5.384","distrustful","5.193","nervous",6,3,6,2,3,2,5,2,4,"","yes",37,"Male","Heterosexual or straight","","No","",", RMTE18, RMTE22, RMTE15, RMTE6, RMTE30, RMTE9, RMTE25, RMTE17, RMTE28, RMTE35, RMTE29, RMTE21, RMTE34, RMTE31, RMTE27, RMTE3, RMTE19","RMTE18|RMTE22|RMTE15|RMTE6|RMTE30|RMTE9|RMTE25|RMTE17|RMTE28","FL_97|FL_101|FL_106|FL_98|FL_99|FL_103|FL_95|FL_107","vidInstructionSex|BedroomOral","vidInstructionNeut|ModernFamily","|bored_1st|sadness_1st|happy_1st|sex_arousal_1st","|happy_2nd|sex_arosal_2nd|bored_2nd|sadness_2nd",9.55,-0.329897503388969,1,1,1,1,1,0,1,1,1,1,1,1,0,1,1,1,1,0.882352941176471,16,4,6,3,8,1,17,12,2,7,15,9,11,5,14,13,10,"BedroomOral","ModernFamily",3,2,6,5,2,2,3,4,1,-1.26773008035947,0.171621532881406,-1.27018941733915
"5c9ed757d254710012621dd2","100","Neutral_clip_1st",513,"Yes","20","5.528","flustered","4.182","alarmed","5.696","preoccupied","5.39","encouraging","5.829","doubtful","8.057","decisive","6.077","grateful","5.783","fantasizing","4.062","grateful","4.3","interested","7.785","reassuring","3.724","interested","3.382","reflective","2.974","flirtatious","3.375","confident","6.256","distrustful","3.642","nervous",7,3,6,7,8,6,7,8,8,"","yes",35,"Male","Heterosexual or straight","","No","",", RMTE3, RMTE18, RMTE6, RMTE25, RMTE22, RMTE31, RMTE15, RMTE19, RMTE27, RMTE34, RMTE29, RMTE30, RMTE17, RMTE28, RMTE21, RMTE9, RMTE35","RMTE3|RMTE18|RMTE6|RMTE25|RMTE22|RMTE31|RMTE15|RMTE19|RMTE27","FL_98|FL_101|FL_100|FL_109|FL_102|FL_106|FL_111|FL_97","vidInstructionSex|BedroomOral","vidInstructionNeut|MadMen","|bored_1st|happy_1st|sex_arousal_1st|sadness_1st","|bored_2nd|happy_2nd|sadness_2nd|sex_arosal_2nd",8.55,-0.530139676439748,0,0,1,0,1,1,0,1,0,1,0,1,1,1,1,1,1,0.647058823529412,1,3,16,7,13,2,8,15,5,4,9,14,11,12,6,10,17,"BedroomOral","MadMen",6,3,7,6,8,7,8,8,3,0.145716101190743,0.911501030192357,-0.400994542687315
"5cd59eea8618af0001bdab4b","100","Sex_clip_1st",894,"Yes","20","6.474","desire","7.501","fantasizing","6.373","preoccupied","12.779","contemplative","8.8","aghast","9.201","aghast","12.156","tentative","7.101","fantasizing","8.902","preoccupied","11.494","interested","7.764","cautious","6.101","interested","12.185","aghast","5.623","flirtatious","5.301","confident","8.238","aghast","8.287","nervous",8,4,7,1,1,1,9,1,1,"","yes",38,"Male","Heterosexual or straight","","No","",", RMTE15, RMTE18, RMTE9, RMTE27, RMTE29, RMTE19, RMTE25, RMTE31, RMTE34, RMTE28, RMTE17, RMTE6, RMTE35, RMTE22, RMTE3, RMTE21, RMTE30","RMTE15|RMTE18|RMTE9|RMTE27|RMTE29|RMTE19|RMTE25|RMTE31|RMTE34","FL_102|FL_109|FL_112|FL_97|FL_105|FL_95|FL_106|FL_100","vidInstructionSex|BedroomOral","vidInstructionNeut|WallE","|happy_1st|bored_1st|sex_arousal_1st|sadness_1st","|bored_2nd|sex_arosal_2nd|sadness_2nd|happy_2nd",14.9,0.741398122432702,1,1,1,1,0,0,1,1,1,1,1,1,0,1,1,0,1,0.764705882352941,15,12,3,1,11,2,6,16,14,7,4,10,5,17,8,9,13,"BedroomOral","WallE",4,1,7,9,1,1,1,1,3,-0.796581353176064,-0.568257964429545,-0.400994542687315
"5cdc899d48d5f100195fafff","100","Neutral_clip_1st",610,"Yes","20","17.602","desire","11.255","fantasizing","9.91","hostile","5.802","contemplative","5.5","playful","8.591","aghast","6.724","grateful","3.428","fantasizing","5.128","preoccupied","5.984","incredulous","11.586","cautious","7.94","interested","3.252","aghast","5.429","flirtatious","3.63","confident","4.215","aghast","4.125","contemplative",7,1,5,1,6,3,5,1,1,"","yes",35,"Male","Heterosexual or straight","","No","",", RMTE17, RMTE21, RMTE19, RMTE30, RMTE6, RMTE3, RMTE35, RMTE27, RMTE9, RMTE34, RMTE22, RMTE29, RMTE28, RMTE25, RMTE31, RMTE18, RMTE15","RMTE17|RMTE21|RMTE19|RMTE30|RMTE6|RMTE3|RMTE35|RMTE27|RMTE9","FL_98|FL_105|FL_101|FL_102|FL_104|FL_99|FL_108|FL_110","vidInstructionSex|FloorSex","vidInstructionNeut|ModernFamily","|sadness_1st|bored_1st|happy_1st|sex_arousal_1st","|happy_2nd|bored_2nd|sex_arosal_2nd|sadness_2nd",10.1666666666667,-0.206414830007655,1,1,0,1,0,0,0,1,1,0,1,1,0,1,1,0,0,0.529411764705882,6,5,9,17,1,16,3,2,11,14,8,13,12,4,15,10,7,"FloorSex","ModernFamily",3,1,5,5,1,1,1,6,2,-1.26773008035947,-0.568257964429545,-0.835591980013232
"5ce3af911a90fb0015fcaec7","100","Sex_clip_1st",554,"Yes","20","6.085","desire","7.755","fantasizing","5.329","hostile","10.892","contemplative","6.997","aghast","6.713","decisive","10.842","tentative","8.359","fantasizing","6.138","imploring","5.184","interested","5.312","reassuring","10.297","interested","9.852","impatient","5.583","flirtatious","6.678","confident","7.955","distrustful","6.057","nervous",5,7,5,1,1,1,5,1,7,"","yes",36,"Male","Heterosexual or straight","","No","",", RMTE3, RMTE19, RMTE21, RMTE30, RMTE15, RMTE6, RMTE29, RMTE18, RMTE34, RMTE31, RMTE17, RMTE28, RMTE9, RMTE27, RMTE22, RMTE25, RMTE35","RMTE3|RMTE19|RMTE21|RMTE30|RMTE15|RMTE6|RMTE29|RMTE18|RMTE34","FL_99|FL_109|FL_102|FL_111|FL_103|FL_105|FL_104|FL_97","vidInstructionSex|SamTaylor","vidInstructionNeut|MadMen","|happy_1st|sadness_1st|sex_arousal_1st|bored_1st","|happy_2nd|sadness_2nd|sex_arosal_2nd|bored_2nd",9.23333333333333,-0.393307524855049,1,1,0,1,0,1,1,1,0,1,0,1,0,1,1,1,1,0.705882352941177,1,6,13,5,11,8,2,3,15,16,14,12,7,4,10,9,17,"SamTaylor","MadMen",7,1,5,5,1,1,1,7,6,0.616864828374147,-0.568257964429545,0.902797769290436
"5ceae0b53060280001a063a0","100","Sex_clip_1st",787,"Yes","20","7.569","desire","24.401","fantasizing","6.33","preoccupied","6.567","contemplative","5.31","doubtful","8.787","bored","23.9","sarcastic","6.597","embarrassed","4.739","preoccupied","6.066","interested","7.141","cautious","9.45","interested","50.748","reflective","6.701","flirtatious","4.902","confident","8.68","baffled","8.499","nervous",4,6,6,4,4,3,6,1,7,"","yes",32,"Male","Heterosexual or straight","","No","Good luck with your research",", RMTE9, RMTE6, RMTE27, RMTE28, RMTE17, RMTE18, RMTE21, RMTE30, RMTE29, RMTE31, RMTE35, RMTE34, RMTE22, RMTE3, RMTE19, RMTE15, RMTE25","RMTE9|RMTE6|RMTE27|RMTE28|RMTE17|RMTE18|RMTE21|RMTE30|RMTE29","FL_99|FL_97|FL_98|FL_105|FL_95|FL_107|FL_110|FL_104","vidInstructionSex|BedroomOral","vidInstructionNeut|ModernFamily","|bored_1st|happy_1st|sex_arousal_1st|sadness_1st","|sex_arosal_2nd|sadness_2nd|happy_2nd|bored_2nd",13.1166666666667,0.384299580492145,1,1,1,1,1,0,0,0,1,1,1,1,1,1,1,0,1,0.764705882352941,14,2,1,16,5,6,15,7,13,17,3,4,9,8,10,12,11,"BedroomOral","ModernFamily",6,3,6,6,4,1,4,7,3,0.145716101190743,0.911501030192357,-0.400994542687315
"5ced7e9f3cad8c00179175af","100","Neutral_clip_1st",743,"Yes","20","6.616","desire","10.232","impatient","6.315","preoccupied","7.836","amused","7.331","doubtful","9.856","decisive","6.062","sarcastic","7.981","fantasizing","7.263","preoccupied","5.231","interested","6.902","cautious","6.479","interested","7.769","irritated","4.821","flirtatious","14.471","confident","12.346","distrustful","7.615","nervous",3,1,4,1,6,4,4,1,4,"","yes",36,"Male","Heterosexual or straight","","No","",", RMTE6, RMTE9, RMTE30, RMTE22, RMTE19, RMTE25, RMTE18, RMTE29, RMTE31, RMTE3, RMTE15, RMTE28, RMTE21, RMTE27, RMTE34, RMTE17, RMTE35","RMTE6|RMTE9|RMTE30|RMTE22|RMTE19|RMTE25|RMTE18|RMTE29|RMTE31","FL_95|FL_110|FL_102|FL_106|FL_103|FL_98|FL_109|FL_97","vidInstructionSex|BedroomOral","vidInstructionNeut|ModernFamily","|bored_1st|happy_1st|sadness_1st|sex_arousal_1st","|bored_2nd|sex_arosal_2nd|sadness_2nd|happy_2nd",12.3833333333333,0.237455320254907,1,0,1,0,1,1,0,1,1,1,1,1,0,1,1,1,1,0.764705882352941,10,1,2,11,16,7,5,13,4,6,14,12,8,3,9,15,17,"BedroomOral","ModernFamily",4,1,4,4,1,1,4,6,3,-0.796581353176064,-0.568257964429545,-0.400994542687315
"5cff9bfa99284f00194f1990","100","Neutral_clip_1st",877,"Yes","20","13.333","flustered","21.985","alarmed","12.388","annoyed","20.35","encouraging","14.002","doubtful","17.398","decisive","39.399","grateful","18.652","embarrassed","16.55","preoccupied","10.257","interested","13.583","cautious","10.441","interested","14.319","impatient","10.748","flirtatious","16.392","confident","21.306","distrustful","14.459","nervous",7,1,5,1,1,9,9,1,1,"","yes",40,"Male","Heterosexual or straight","","No","best survey ive ever taken hahaha",", RMTE19, RMTE18, RMTE3, RMTE34, RMTE30, RMTE22, RMTE9, RMTE6, RMTE29, RMTE31, RMTE21, RMTE17, RMTE28, RMTE35, RMTE15, RMTE27, RMTE25","RMTE19|RMTE18|RMTE3|RMTE34|RMTE30|RMTE22|RMTE9|RMTE6|RMTE29","FL_99|FL_106|FL_109|FL_102|FL_97|FL_110|FL_103|FL_104","vidInstructionSex|FloorSex","vidInstructionNeut|WallE","|happy_1st|sadness_1st|bored_1st|sex_arousal_1st","|sadness_2nd|bored_2nd|sex_arosal_2nd|happy_2nd",14.6166666666667,0.684662840068315,0,0,0,0,1,1,0,0,1,1,1,1,0,1,1,1,1,0.588235294117647,3,8,7,15,12,2,1,11,6,17,16,13,9,5,10,4,14,"FloorSex","WallE",9,1,9,5,1,1,1,1,8,1.55916228274095,-0.568257964429545,1.77199264394227
"5cff9c20c7ed63000188e9c5","100","Sex_clip_1st",610,"Yes","20","3.47","desire","5.122","fantasizing","4.369","preoccupied","7.184","contemplative","5.421","playful","4.831","decisive","5.179","tentative","4.097","fantasizing","4.704","preoccupied","4.658","interested","4.263","cautious","3.474","affectionate","6.263","impatient","3.194","flirtatious","4.115","confident","5.145","aghast","5.281","nervous",6,9,9,1,1,1,7,1,2,"","Yes",39,"Male","Heterosexual or straight","","No","",", RMTE22, RMTE29, RMTE21, RMTE31, RMTE34, RMTE30, RMTE27, RMTE35, RMTE25, RMTE19, RMTE9, RMTE18, RMTE17, RMTE3, RMTE15, RMTE28, RMTE6","RMTE22|RMTE29|RMTE21|RMTE31|RMTE34|RMTE30|RMTE27|RMTE35|RMTE25","FL_107|FL_111|FL_108|FL_109|FL_95|FL_110|FL_102|FL_112","vidInstructionSex|SamTaylor","vidInstructionNeut|WallE","|happy_1st|bored_1st|sadness_1st|sex_arousal_1st","|happy_2nd|bored_2nd|sex_arosal_2nd|sadness_2nd",10.1666666666667,-0.206414830007655,1,1,1,1,0,1,1,1,1,1,1,0,0,1,1,0,1,0.764705882352941,14,17,11,15,13,12,10,3,1,9,7,16,2,6,4,5,8,"SamTaylor","WallE",9,1,9,7,1,1,1,2,8,1.55916228274095,-0.568257964429545,1.77199264394227
"5d3ef27c5c79a10001f817a6","100","Neutral_clip_1st",672,"Yes","20","5.717","desire","6.972","impatient","6.868","preoccupied","6.897","contemplative","3.978","doubtful","3.938","decisive","4.9","tentative","5.291","fantasizing","3.307","imploring","6.217","interested","7.028","cautious","9.237","contented","5.315","irritated","2.909","flirtatious","5.246","confident","7.273","baffled","13.456","insisting",6,1,2,1,9,9,8,1,1,"","yes",34,"Male","Heterosexual or straight","","No","",", RMTE35, RMTE9, RMTE27, RMTE29, RMTE31, RMTE28, RMTE34, RMTE21, RMTE17, RMTE15, RMTE19, RMTE18, RMTE3, RMTE25, RMTE6, RMTE30, RMTE22","RMTE35|RMTE9|RMTE27|RMTE29|RMTE31|RMTE28|RMTE34|RMTE21|RMTE17","FL_110|FL_107|FL_108|FL_95|FL_104|FL_112|FL_100|FL_105","vidInstructionSex|SamTaylor","vidInstructionNeut|ModernFamily","|happy_1st|bored_1st|sadness_1st|sex_arousal_1st","|sex_arosal_2nd|sadness_2nd|happy_2nd|bored_2nd",11.2,0.000502082144817703,1,0,1,1,1,1,1,1,0,1,1,0,0,1,1,0,0,0.647058823529412,13,15,2,10,9,12,11,8,17,14,3,6,4,16,5,7,1,"SamTaylor","ModernFamily",9,1,8,2,1,1,1,9,8,1.55916228274095,-0.568257964429545,1.77199264394227
"5d421d6e6247ef001900bdf9","100","Neutral_clip_1st",723,"Yes","20","7.482","desire","5.264","alarmed","3.393","preoccupied","4.168","contemplative","10.499","aghast","5.669","decisive","20.956","sarcastic","6.841","embarrassed","8.118","imploring","12.908","interested","6.12","reassuring","8.472","interested","3.469","reflective","8.014","disappointed","5.702","confident","10.062","aghast","7.176","nervous",5,1,5,5,7,7,6,3,3,"","yes",41,"Male","Heterosexual or straight","","No","",", RMTE19, RMTE22, RMTE34, RMTE28, RMTE31, RMTE3, RMTE27, RMTE35, RMTE25, RMTE17, RMTE6, RMTE30, RMTE15, RMTE9, RMTE21, RMTE29, RMTE18","RMTE19|RMTE22|RMTE34|RMTE28|RMTE31|RMTE3|RMTE27|RMTE35|RMTE25","FL_109|FL_112|FL_100|FL_110|FL_111|FL_106|FL_101|FL_108","vidInstructionSex|FloorSex","vidInstructionNeut|MadMen","|happy_1st|sadness_1st|bored_1st|sex_arousal_1st","|bored_2nd|happy_2nd|sex_arosal_2nd|sadness_2nd",12.05,0.17070792923798,1,0,1,1,0,1,0,0,0,1,0,1,1,0,1,0,1,0.529411764705882,6,11,14,13,10,17,1,15,2,9,7,4,16,12,5,3,8,"FloorSex","MadMen",7,1,6,5,3,5,3,7,6,0.616864828374147,-0.568257964429545,0.902797769290436
"5d6688aea9d26d0015737069","100","Neutral_clip_1st",666,"Yes","20","5.727","desire","9.901","fantasizing","4.738","hostile","10.294","contemplative","6.473","affectionate","6.588","bored","5.91","sarcastic","7.628","fantasizing","9.195","preoccupied","5.298","panicked","7.032","cautious","6.366","interested","11.244","irritated","5.566","flirtatious","7.38","joking","4.551","terrified","5.44","nervous",8,1,8,2,2,5,6,4,5,"","yes",49,"Male","Heterosexual or straight","","No","thanks for inviting e to the survey i hope my responses are useful to the study",", RMTE29, RMTE30, RMTE15, RMTE6, RMTE3, RMTE25, RMTE35, RMTE17, RMTE19, RMTE22, RMTE27, RMTE31, RMTE18, RMTE21, RMTE9, RMTE34, RMTE28","RMTE29|RMTE30|RMTE15|RMTE6|RMTE3|RMTE25|RMTE35|RMTE17|RMTE19","FL_105|FL_103|FL_99|FL_108|FL_106|FL_111|FL_98|FL_102","vidInstructionSex|FloorSex","vidInstructionNeut|WallE","|sadness_1st|happy_1st|bored_1st|sex_arousal_1st","|bored_2nd|sadness_2nd|happy_2nd|sex_arosal_2nd",11.1,-0.0195221351602603,1,1,0,1,0,0,0,1,1,0,1,1,0,1,0,0,1,0.529411764705882,5,4,15,3,8,13,9,14,10,6,11,17,1,2,12,16,7,"FloorSex","WallE",5,1,6,8,4,2,5,2,4,-0.32543262599266,-0.568257964429545,0.0336028946386019
"5d6e3802ec4df400153b7ed4","100","Sex_clip_1st",519,"Yes","20","6.973","desire","4.595","fantasizing","9.249","annoyed","3.948","flustered","11.293","playful","4.984","decisive","5.4","grateful","4.897","fantasizing","11.489","insisting","6.894","despondent","3.112","joking","6.223","interested","3.91","reflective","4.856","hostile","4.561","confident","6.411","distrustful","8.101","puzzled",5,4,7,1,3,2,4,1,6,"","Yes",37,"Male","Heterosexual or straight","","No","",", RMTE3, RMTE9, RMTE31, RMTE28, RMTE25, RMTE21, RMTE18, RMTE35, RMTE19, RMTE34, RMTE29, RMTE30, RMTE15, RMTE22, RMTE17, RMTE6, RMTE27","RMTE3|RMTE9|RMTE31|RMTE28|RMTE25|RMTE21|RMTE18|RMTE35|RMTE19","FL_98|FL_101|FL_100|FL_110|FL_105|FL_109|FL_112|FL_103","vidInstructionSex|FloorSex","vidInstructionNeut|MadMen","|sadness_1st|bored_1st|happy_1st|sex_arousal_1st","|sadness_2nd|sex_arosal_2nd|happy_2nd|bored_2nd",8.65,-0.51011545913467,1,1,0,0,0,1,0,1,0,0,0,1,1,0,1,1,0,0.470588235294118,1,16,2,13,15,7,9,6,14,5,17,4,11,12,3,10,8,"FloorSex","MadMen",4,2,7,4,1,1,3,6,2,-0.796581353176064,0.171621532881406,-0.835591980013232
"5d78d57c8f579d001518e74f","100","Neutral_clip_1st",511,"Yes","20","3.888","desire","3.191","fantasizing","5.837","hostile","4.637","encouraging","3.988","doubtful","3.89","aghast","3.605","tentative","3.332","fantasizing","3.788","preoccupied","4.715","interested","3.688","cautious","4.826","contented","4.049","reflective","3.317","flirtatious","4.118","confident","3.369","distrustful","3.087","contemplative",6,4,5,5,5,6,4,5,5,"","yes",43,"Male","Heterosexual or straight","","No","",", RMTE9, RMTE15, RMTE25, RMTE29, RMTE27, RMTE22, RMTE28, RMTE30, RMTE19, RMTE17, RMTE31, RMTE18, RMTE6, RMTE21, RMTE3, RMTE35, RMTE34","RMTE9|RMTE15|RMTE25|RMTE29|RMTE27|RMTE22|RMTE28|RMTE30|RMTE19","FL_109|FL_99|FL_108|FL_112|FL_106|FL_95|FL_97|FL_98","vidInstructionSex|BedroomOral","vidInstructionNeut|ModernFamily","|happy_1st|sex_arousal_1st|sadness_1st|bored_1st","|sex_arosal_2nd|happy_2nd|bored_2nd|sadness_2nd",8.51666666666667,-0.536814415541441,1,1,0,0,1,0,1,1,1,1,1,0,1,1,1,1,0,0.705882352941177,15,13,1,2,10,12,9,14,6,3,5,7,4,8,11,17,16,"BedroomOral","ModernFamily",6,4,4,5,5,5,5,5,2,0.145716101190743,1.65138052750331,-0.835591980013232
"5d9c7de1524d130014b78acd","100","Sex_clip_1st",1046,"Yes","20","10.023","desire","6.91","fantasizing","7.934","preoccupied","4.593","contemplative","8.59","playful","4.387","decisive","10.543","grateful","5.256","fantasizing","5.142","preoccupied","10.409","interested","11.932","arrogant","9.061","interested","6.289","reflective","6.752","flirtatious","7.698","joking","11.615","baffled","17.427","nervous",6,6,6,1,1,2,2,1,1,"","yes",47,"Male","Heterosexual or straight","","No","",", RMTE25, RMTE30, RMTE22, RMTE17, RMTE31, RMTE21, RMTE15, RMTE19, RMTE28, RMTE18, RMTE34, RMTE27, RMTE29, RMTE35, RMTE9, RMTE3, RMTE6","RMTE25|RMTE30|RMTE22|RMTE17|RMTE31|RMTE21|RMTE15|RMTE19|RMTE28","FL_108|FL_98|FL_103|FL_101|FL_97|FL_111|FL_95|FL_112","vidInstructionSex|FloorSex","vidInstructionNeut|ModernFamily","|sadness_1st|happy_1st|sex_arousal_1st|bored_1st","|sadness_2nd|sex_arosal_2nd|happy_2nd|bored_2nd",17.4333333333333,1.24867829416134,1,1,1,1,0,1,0,1,1,1,0,1,1,1,0,0,1,0.705882352941177,16,17,15,7,4,10,8,6,3,1,12,9,13,2,5,11,14,"FloorSex","ModernFamily",6,2,6,2,1,1,1,1,4,0.145716101190743,0.171621532881406,0.0336028946386019
"5da486f989f3800015f5a4d3","100","Sex_clip_1st",724,"Yes","20","7.662","desire","5.121","impatient","16.244","annoyed","2.389","amused","2.682","doubtful","5.172","decisive","76.41","grateful","2.628","fantasizing","61.769","preoccupied","3.877","interested","4.722","cautious","6.234","affectionate","4.335","reflective","3.208","flirtatious","5.999","confident","7.485","distrustful","6.335","insisting",4,7,5,1,3,1,3,1,6,"","yes",49,"Male","Heterosexual or straight","","No","",", RMTE34, RMTE35, RMTE31, RMTE27, RMTE18, RMTE25, RMTE28, RMTE30, RMTE29, RMTE22, RMTE21, RMTE15, RMTE6, RMTE19, RMTE3, RMTE9, RMTE17","RMTE34|RMTE35|RMTE31|RMTE27|RMTE18|RMTE25|RMTE28|RMTE30|RMTE29","FL_105|FL_106|FL_110|FL_112|FL_107|FL_95|FL_111|FL_109","vidInstructionSex|FloorSex","vidInstructionNeut|MadMen","|sadness_1st|bored_1st|happy_1st|sex_arousal_1st","|sex_arosal_2nd|bored_2nd|sadness_2nd|happy_2nd",12.0666666666667,0.174045298788827,1,0,0,0,1,1,0,1,1,1,1,0,1,1,1,1,0,0.647058823529412,15,13,16,12,17,5,14,11,10,6,4,7,9,8,3,1,2,"FloorSex","MadMen",7,1,5,3,1,1,3,6,6,0.616864828374147,-0.568257964429545,0.902797769290436
"5da7321d7776b10016e1b552","100","Neutral_clip_1st",512,"Yes","20","5.401","convinced","5.237","impatient","4.111","annoyed","2.572","amused","3.729","doubtful","4.347","amused","5.384","arrogant","4.315","fantasizing","1.684","preoccupied","3.554","panicked","6.718","cautious","6.095","interested","2.69","impatient","3.557","flirtatious","5.58","dispirited","7.039","baffled","4.257","nervous",6,1,2,4,1,1,2,3,1,"","yes",21,"Male","Heterosexual or straight","","No","",", RMTE6, RMTE3, RMTE27, RMTE19, RMTE34, RMTE28, RMTE21, RMTE30, RMTE35, RMTE18, RMTE17, RMTE25, RMTE31, RMTE29, RMTE22, RMTE15, RMTE9","RMTE6|RMTE3|RMTE27|RMTE19|RMTE34|RMTE28|RMTE21|RMTE30|RMTE35","FL_108|FL_109|FL_104|FL_99|FL_101|FL_105|FL_110|FL_111","vidInstructionSex|BedroomOral","vidInstructionNeut|MadMen","|sadness_1st|sex_arousal_1st|happy_1st|bored_1st","|sadness_2nd|happy_2nd|sex_arosal_2nd|bored_2nd",8.53333333333333,-0.533477045990595,0,0,0,0,1,0,0,1,1,0,1,1,0,1,0,0,1,0.411764705882353,2,1,17,16,11,10,4,7,15,12,3,6,14,8,13,5,9,"BedroomOral","MadMen",1,1,2,2,3,4,1,1,0,-2.21002753472628,-0.568257964429545,-1.70478685466507
"5daa50967776b10016e1bc9b","100","Sex_clip_1st",604,"Yes","20","5.846","joking","4.172","fantasizing","4.968","annoyed","5.023","contemplative","7.876","doubtful","4.522","decisive","6.779","arrogant","4.315","fantasizing","4.562","preoccupied","5.489","interested","6.61","cautious","5.119","interested","5.122","reflective","3.635","flirtatious","3.735","confident","4.798","distrustful","9.67","contemplative",6,6,3,5,2,1,3,2,8,"","yes",34,"Male","Heterosexual or straight","","No","",", RMTE25, RMTE35, RMTE21, RMTE18, RMTE29, RMTE19, RMTE17, RMTE15, RMTE27, RMTE22, RMTE3, RMTE28, RMTE34, RMTE9, RMTE30, RMTE6, RMTE31","RMTE25|RMTE35|RMTE21|RMTE18|RMTE29|RMTE19|RMTE17|RMTE15|RMTE27","FL_105|FL_95|FL_102|FL_98|FL_111|FL_100|FL_112|FL_99","vidInstructionSex|SamTaylor","vidInstructionNeut|WallE","|sex_arousal_1st|bored_1st|sadness_1st|happy_1st","|happy_2nd|bored_2nd|sadness_2nd|sex_arosal_2nd",10.0666666666667,-0.226439047312733,0,1,0,1,1,1,0,1,1,1,1,1,1,1,1,1,0,0.764705882352941,11,16,14,8,7,4,6,3,10,1,9,12,5,15,17,13,2,"SamTaylor","WallE",6,1,3,3,5,2,2,8,5,0.145716101190743,-0.568257964429545,0.468200331964519
"5dab79a5525a7600139cd31e","100","Neutral_clip_1st",511,"Yes","20","4.576","desire","4.213","fantasizing","3.608","preoccupied","7.823","contemplative","6.559","doubtful","4.235","decisive","6.571","tentative","3.395","fantasizing","5.358","preoccupied","4.095","panicked","6.072","cautious","5.632","interested","5.237","reflective","3.401","flirtatious","3.778","confident","4.809","distrustful","5.375","nervous",7,2,6,1,4,6,1,7,7,"","yes",24,"Male","Heterosexual or straight","","No","",", RMTE19, RMTE35, RMTE22, RMTE21, RMTE27, RMTE31, RMTE25, RMTE17, RMTE28, RMTE29, RMTE6, RMTE30, RMTE15, RMTE34, RMTE18, RMTE9, RMTE3","RMTE19|RMTE35|RMTE22|RMTE21|RMTE27|RMTE31|RMTE25|RMTE17|RMTE28","FL_101|FL_112|FL_100|FL_110|FL_98|FL_108|FL_111|FL_95","vidInstructionSex|FloorSex","vidInstructionNeut|ModernFamily","|bored_1st|happy_1st|sadness_1st|sex_arousal_1st","|bored_2nd|happy_2nd|sadness_2nd|sex_arosal_2nd",8.51666666666667,-0.536814415541441,1,1,1,1,1,1,1,1,1,0,1,1,1,1,1,1,1,0.941176470588235,17,11,16,13,8,15,1,4,3,7,5,9,10,12,6,14,2,"FloorSex","ModernFamily",6,2,1,6,7,1,7,4,4,0.145716101190743,0.171621532881406,0.0336028946386019
"5dc3224ff3795b23e5ec7c65","100","Neutral_clip_1st",468,"Yes","20","11.346","desire","4.089","fantasizing","5.865","annoyed","17.461","contemplative","4.777","playful","5.826","aghast","6.682","sarcastic","6.281","fantasizing","6.298","preoccupied","4.319","despondent","4.559","cautious","5.074","contented","6.492","impatient","3.141","flirtatious","7.483","dispirited","5.491","distrustful","3.207","nervous",4,4,3,2,6,8,5,1,2,"","yes",29,"Male","Heterosexual or straight","","No","",", RMTE3, RMTE28, RMTE34, RMTE29, RMTE22, RMTE15, RMTE25, RMTE35, RMTE30, RMTE9, RMTE27, RMTE6, RMTE17, RMTE18, RMTE31, RMTE19, RMTE21","RMTE3|RMTE28|RMTE34|RMTE29|RMTE22|RMTE15|RMTE25|RMTE35|RMTE30","FL_111|FL_103|FL_112|FL_109|FL_108|FL_99|FL_107|FL_106","vidInstructionSex|BedroomOral","vidInstructionNeut|MadMen","|bored_1st|happy_1st|sex_arousal_1st|sadness_1st","|happy_2nd|sex_arosal_2nd|bored_2nd|sadness_2nd",7.8,-0.680321306227833,1,1,0,1,0,0,0,1,1,0,1,0,0,1,0,1,1,0.529411764705882,1,12,10,6,13,14,16,17,5,7,11,2,4,9,15,3,8,"BedroomOral","MadMen",8,4,5,3,1,2,2,6,4,1.08801355555755,1.65138052750331,0.0336028946386019
"5dc533aa02e9a93c00d9e3ff","100","Sex_clip_1st",547,"Yes","20","6.169","flustered","4.151","fantasizing","10.023","preoccupied","3.146","contemplative","7.777","aghast","3.4","decisive","2.901","tentative","4.196","fantasizing","6.479","preoccupied","2.816","incredulous","6.625","cautious","6.701","interested","3.727","irritated","2.743","flirtatious","5.286","confident","10.587","terrified","4.598","contemplative",1,8,6,3,5,2,1,3,8,"","yes",26,"Male","Heterosexual or straight","","No","",", RMTE9, RMTE6, RMTE30, RMTE22, RMTE34, RMTE35, RMTE27, RMTE19, RMTE28, RMTE15, RMTE17, RMTE25, RMTE29, RMTE3, RMTE31, RMTE18, RMTE21","RMTE9|RMTE6|RMTE30|RMTE22|RMTE34|RMTE35|RMTE27|RMTE19|RMTE28","FL_110|FL_109|FL_104|FL_101|FL_95|FL_99|FL_108|FL_106","vidInstructionSex|SamTaylor","vidInstructionNeut|ModernFamily","|sadness_1st|happy_1st|bored_1st|sex_arousal_1st","|bored_2nd|sadness_2nd|sex_arosal_2nd|happy_2nd",9.11666666666667,-0.416669111710973,0,1,1,1,0,1,1,1,1,0,1,1,0,1,1,0,0,0.647058823529412,14,2,1,10,11,16,8,17,4,12,7,9,13,3,15,5,6,"SamTaylor","ModernFamily",8,2,6,1,3,3,5,8,6,1.08801355555755,0.171621532881406,0.902797769290436
"5dc5da21d999de45a504651b","100","Neutral_clip_1st",787,"Yes","20","13.001","convinced","9.96","fantasizing","8.271","preoccupied","6.88","contemplative","8.158","doubtful","10.864","decisive","9.447","tentative","14.519","fantasizing","4.831","preoccupied","9.311","interested","9.216","cautious","15.013","interested","9.832","reflective","8.655","flirtatious","13.021","dispirited","17.504","distrustful","12.653","nervous",6,2,5,5,5,7,5,5,5,"","yes",43,"Male","Heterosexual or straight","","No","",", RMTE35, RMTE17, RMTE3, RMTE15, RMTE9, RMTE19, RMTE28, RMTE18, RMTE27, RMTE30, RMTE29, RMTE34, RMTE6, RMTE21, RMTE31, RMTE22, RMTE25","RMTE35|RMTE17|RMTE3|RMTE15|RMTE9|RMTE19|RMTE28|RMTE18|RMTE27","FL_100|FL_101|FL_98|FL_112|FL_106|FL_99|FL_105|FL_104","vidInstructionSex|FloorSex","vidInstructionNeut|MadMen","|sadness_1st|happy_1st|sex_arousal_1st|bored_1st","|happy_2nd|bored_2nd|sex_arosal_2nd|sadness_2nd",13.1166666666667,0.384299580492145,0,1,1,1,1,1,1,1,1,1,1,1,1,1,0,1,1,0.882352941176471,3,13,5,4,2,8,6,14,16,17,9,7,11,10,15,12,1,"FloorSex","MadMen",7,2,5,5,5,5,5,5,5,0.616864828374147,0.171621532881406,0.468200331964519
"5dcf1031b039ab061db5243e","100","Sex_clip_1st",1274,"Yes","20","3.628","desire","4.517","fantasizing","3.093","preoccupied","4.783","contemplative","6.122","playful","4.984","decisive","5.083","tentative","4.381","fantasizing","4.6","preoccupied","3.227","interested","4.234","cautious","4.364","interested","3.268","reflective","4.758","flirtatious","3.911","confident","9.609","distrustful","7.049","nervous",6,6,5,2,3,3,6,1,1,"","yes",29,"Male","Heterosexual or straight","","No","",", RMTE17, RMTE18, RMTE3, RMTE22, RMTE30, RMTE28, RMTE35, RMTE21, RMTE6, RMTE15, RMTE29, RMTE25, RMTE19, RMTE27, RMTE9, RMTE34, RMTE31","RMTE17|RMTE18|RMTE3|RMTE22|RMTE30|RMTE28|RMTE35|RMTE21|RMTE6","FL_110|FL_101|FL_104|FL_107|FL_103|FL_111|FL_98|FL_99","vidInstructionSex|BedroomOral","vidInstructionNeut|ModernFamily","|happy_1st|sex_arousal_1st|bored_1st|sadness_1st","|happy_2nd|sex_arosal_2nd|sadness_2nd|bored_2nd",21.2333333333333,2.00959855175431,1,1,1,1,0,1,1,1,1,1,1,1,1,1,1,1,1,0.941176470588235,3,9,15,10,1,2,13,8,4,12,14,6,11,5,17,16,7,"BedroomOral","ModernFamily",6,3,5,6,2,1,3,1,3,0.145716101190743,0.911501030192357,-0.400994542687315
"5ddd802af85b50cfcb01978e","100","Neutral_clip_1st",464,"Yes","20","8.71","desire","4.042","fantasizing","3.166","preoccupied","3.561","contemplative","5.593","doubtful","4.833","decisive","4.849","tentative","4.117","fantasizing","2.936","preoccupied","5.086","interested","4.651","cautious","6.224","contented","3.638","reflective","3.006","flirtatious","5.438","confident","4.506","distrustful","6.034","nervous",7,1,6,1,1,9,9,1,1,"","yes",34,"Male","Heterosexual or straight","","No","",", RMTE3, RMTE15, RMTE19, RMTE30, RMTE21, RMTE18, RMTE9, RMTE28, RMTE6, RMTE31, RMTE35, RMTE27, RMTE25, RMTE17, RMTE29, RMTE22, RMTE34","RMTE3|RMTE15|RMTE19|RMTE30|RMTE21|RMTE18|RMTE9|RMTE28|RMTE6","FL_99|FL_97|FL_103|FL_104|FL_109|FL_101|FL_105|FL_98","vidInstructionSex|SamTaylor","vidInstructionNeut|WallE","|sex_arousal_1st|happy_1st|sadness_1st|bored_1st","|sex_arosal_2nd|bored_2nd|sadness_2nd|happy_2nd",7.73333333333333,-0.693670784431218,1,1,1,1,1,1,1,1,1,1,1,0,1,1,1,1,1,0.941176470588235,1,9,7,2,14,6,3,5,16,13,12,8,15,4,10,17,11,"SamTaylor","WallE",9,1,9,6,1,1,1,1,8,1.55916228274095,-0.568257964429545,1.77199264394227
"5de398993cf27939a25abc5f","100","Sex_clip_1st",503,"Yes","20","3.907","desire","8.039","aghast","4.552","annoyed","4.575","contemplative","3.261","doubtful","5.623","decisive","7.13","grateful","5.132","confused","4.622","preoccupied","6.992","interested","8.333","cautious","5.409","contented","4.108","impatient","8.35","flirtatious","7.256","ashamed","6.201","distrustful","13.228","contemplative",4,7,8,3,1,1,5,5,8,"","yes",35,"Male","Heterosexual or straight","","No","",", RMTE19, RMTE25, RMTE29, RMTE3, RMTE30, RMTE18, RMTE22, RMTE35, RMTE34, RMTE28, RMTE21, RMTE6, RMTE31, RMTE9, RMTE15, RMTE17, RMTE27","RMTE19|RMTE25|RMTE29|RMTE3|RMTE30|RMTE18|RMTE22|RMTE35|RMTE34","FL_102|FL_106|FL_112|FL_99|FL_111|FL_110|FL_109|FL_103","vidInstructionSex|FloorSex","vidInstructionNeut|WallE","|happy_1st|sadness_1st|bored_1st|sex_arousal_1st","|happy_2nd|bored_2nd|sex_arosal_2nd|sadness_2nd",8.38333333333333,-0.563513371948212,1,0,0,1,1,1,0,0,1,1,1,0,0,1,0,1,0,0.529411764705882,4,12,14,15,16,6,1,11,7,2,17,10,3,5,13,9,8,"FloorSex","WallE",7,1,8,5,3,5,1,8,6,0.616864828374147,-0.568257964429545,0.902797769290436
"5de3d4fc1d61c93cd498bb92","100","Neutral_clip_1st",700,"Yes","20","10.11","desire","14.295","fantasizing","11.748","preoccupied","8.802","contemplative","13.355","doubtful","10.213","decisive","18.316","tentative","9.597","fantasizing","11.879","preoccupied","11.128","interested","18.735","cautious","19.447","interested","9.962","reflective","9.872","flirtatious","9.538","confident","25.538","baffled","11.903","insisting",3,1,3,2,4,6,5,1,4,"","yes",49,"Male","Heterosexual or straight","","No","",", RMTE17, RMTE27, RMTE28, RMTE6, RMTE15, RMTE34, RMTE19, RMTE22, RMTE25, RMTE3, RMTE9, RMTE31, RMTE21, RMTE18, RMTE35, RMTE30, RMTE29","RMTE17|RMTE27|RMTE28|RMTE6|RMTE15|RMTE34|RMTE19|RMTE22|RMTE25","FL_95|FL_111|FL_99|FL_106|FL_108|FL_97|FL_100|FL_101","vidInstructionSex|FloorSex","vidInstructionNeut|ModernFamily","|sadness_1st|sex_arousal_1st|bored_1st|happy_1st","|sex_arosal_2nd|happy_2nd|bored_2nd|sadness_2nd",11.6666666666667,0.0939484295685149,1,1,1,1,1,1,1,1,1,1,1,1,1,1,1,0,0,0.882352941176471,10,4,11,5,1,14,7,13,8,9,2,3,17,16,12,6,15,"FloorSex","ModernFamily",6,1,5,3,1,2,4,4,5,0.145716101190743,-0.568257964429545,0.468200331964519
"5dec460a8d43d9346487f840","100","Neutral_clip_1st",567,"Yes","20","27.357","desire","6.653","fantasizing","6.064","preoccupied","5.006","amused","4.098","playful","5.624","decisive","4.236","tentative","8.011","fantasizing","5.125","imploring","5.89","panicked","3.142","cautious","6.512","interested","3.213","reflective","13.15","flirtatious","50.978","confident","7.584","distrustful","4.032","nervous",6,1,4,7,3,6,2,1,4,"","yes",31,"Male","Heterosexual or straight","","No","",", RMTE34, RMTE9, RMTE18, RMTE6, RMTE19, RMTE31, RMTE25, RMTE27, RMTE28, RMTE3, RMTE17, RMTE29, RMTE21, RMTE15, RMTE22, RMTE30, RMTE35","RMTE34|RMTE9|RMTE18|RMTE6|RMTE19|RMTE31|RMTE25|RMTE27|RMTE28","FL_95|FL_109|FL_101|FL_106|FL_110|FL_105|FL_100|FL_97","vidInstructionSex|BedroomOral","vidInstructionNeut|MadMen","|happy_1st|sadness_1st|sex_arousal_1st|bored_1st","|happy_2nd|bored_2nd|sadness_2nd|sex_arosal_2nd",9.45,-0.349921720694047,1,1,1,0,0,1,1,1,0,0,1,1,1,1,1,1,1,0.764705882352941,10,4,2,14,11,3,5,13,15,7,8,9,12,16,6,1,17,"BedroomOral","MadMen",6,1,2,4,1,7,4,3,5,0.145716101190743,-0.568257964429545,0.468200331964519
"5df52b8476f4503b36b0d45e","100","Sex_clip_1st",929,"Yes","20","36.473","desire","10.663","fantasizing","6.03","preoccupied","6.598","contemplative","6.942","doubtful","7.647","bored","8.992","tentative","21.079","embarrassed","6.098","preoccupied","49.943","despondent","13.104","arrogant","5.372","contented","17.6","impatient","10.027","flirtatious","8.221","dispirited","5.562","distrustful","10.414","contemplative",7,6,5,2,4,1,7,6,3,"","yes",33,"Male","Heterosexual or straight","","No","",", RMTE35, RMTE6, RMTE29, RMTE30, RMTE9, RMTE27, RMTE21, RMTE3, RMTE17, RMTE15, RMTE22, RMTE28, RMTE19, RMTE18, RMTE25, RMTE31, RMTE34","RMTE35|RMTE6|RMTE29|RMTE30|RMTE9|RMTE27|RMTE21|RMTE3|RMTE17","FL_110|FL_105|FL_102|FL_107|FL_108|FL_104|FL_99|FL_98","vidInstructionSex|SamTaylor","vidInstructionNeut|WallE","|bored_1st|happy_1st|sadness_1st|sex_arousal_1st","|bored_2nd|sadness_2nd|happy_2nd|sex_arosal_2nd",15.4833333333333,0.858206056712324,1,1,1,1,1,0,1,0,1,0,0,0,0,1,0,1,0,0.529411764705882,8,2,5,10,9,14,13,7,11,15,6,12,3,4,16,17,1,"SamTaylor","WallE",6,1,5,7,2,6,4,3,5,0.145716101190743,-0.568257964429545,0.468200331964519
"5dfa2f835cc380799702c3c7","100","Neutral_clip_1st",516,"Yes","20","11.57","desire","9.494","fantasizing","7.84","preoccupied","10.292","contemplative","5.108","doubtful","10.008","bored","9.761","tentative","6.76","fantasizing","4.292","preoccupied","6.1","interested","6.072","cautious","5.25","affectionate","5.019","irritated","9.967","flirtatious","6.62","confident","7.013","baffled","4.822","nervous",4,1,5,3,5,6,7,2,1,"","yes",32,"Male","Heterosexual or straight","","No","",", RMTE21, RMTE30, RMTE29, RMTE25, RMTE31, RMTE22, RMTE3, RMTE15, RMTE18, RMTE9, RMTE6, RMTE28, RMTE35, RMTE27, RMTE34, RMTE19, RMTE17","RMTE21|RMTE30|RMTE29|RMTE25|RMTE31|RMTE22|RMTE3|RMTE15|RMTE18","FL_111|FL_112|FL_102|FL_97|FL_103|FL_98|FL_107|FL_109","vidInstructionSex|SamTaylor","vidInstructionNeut|MadMen","|sadness_1st|bored_1st|happy_1st|sex_arousal_1st","|sadness_2nd|bored_2nd|sex_arosal_2nd|happy_2nd",8.6,-0.520127567787209,1,1,1,1,1,0,1,1,1,1,1,0,0,1,1,0,1,0.764705882352941,7,11,10,8,17,9,16,1,6,4,14,12,3,2,5,15,13,"SamTaylor","MadMen",6,1,7,5,2,3,1,5,5,0.145716101190743,-0.568257964429545,0.468200331964519
"5e0ce0bbda6bad4819153380","100","Neutral_clip_1st",466,"Yes","20","5.311","desire","5.233","impatient","5.967","preoccupied","3.243","contemplative","4.432","aghast","3.586","decisive","4.192","tentative","4.89","fantasizing","8.586","imploring","4.033","interested","2.667","cautious","8.196","contented","6.165","irritated","6.478","flirtatious","4.122","confident","4.48","distrustful","3.919","nervous",7,1,7,2,3,7,5,1,2,"","yes",27,"Male","Heterosexual or straight","","No","",", RMTE30, RMTE28, RMTE15, RMTE29, RMTE22, RMTE21, RMTE34, RMTE17, RMTE9, RMTE25, RMTE31, RMTE6, RMTE35, RMTE3, RMTE27, RMTE18, RMTE19","RMTE30|RMTE28|RMTE15|RMTE29|RMTE22|RMTE21|RMTE34|RMTE17|RMTE9","FL_104|FL_99|FL_112|FL_97|FL_95|FL_103|FL_108|FL_107","vidInstructionSex|SamTaylor","vidInstructionNeut|WallE","|happy_1st|bored_1st|sadness_1st|sex_arousal_1st","|sadness_2nd|sex_arosal_2nd|happy_2nd|bored_2nd",7.76666666666667,-0.686996045329526,1,0,1,1,0,1,1,1,0,1,1,0,0,1,1,1,1,0.705882352941177,14,12,9,3,8,16,17,6,5,10,15,2,4,1,11,7,13,"SamTaylor","WallE",7,1,5,7,1,2,2,3,6,0.616864828374147,-0.568257964429545,0.902797769290436
"5e189fdc87b37c174c87ab93","100","Neutral_clip_1st",628,"Yes","20","8.147","joking","9.078","fantasizing","10.417","horrified","19.558","contemplative","8.494","doubtful","7.012","bored","13.273","sarcastic","8.801","fantasizing","6.994","preoccupied","6.645","panicked","12.301","arrogant","7.342","interested","6.867","impatient","11.052","flirtatious","8.391","confident","6.591","terrified","7.899","nervous",6,3,4,4,6,6,3,1,3,"","yes",30,"Male","Heterosexual or straight","","No","",", RMTE19, RMTE15, RMTE28, RMTE27, RMTE25, RMTE31, RMTE30, RMTE34, RMTE22, RMTE6, RMTE35, RMTE9, RMTE29, RMTE17, RMTE21, RMTE18, RMTE3","RMTE19|RMTE15|RMTE28|RMTE27|RMTE25|RMTE31|RMTE30|RMTE34|RMTE22","FL_112|FL_97|FL_111|FL_101|FL_109|FL_106|FL_108|FL_95","vidInstructionSex|SamTaylor","vidInstructionNeut|MadMen","|bored_1st|happy_1st|sex_arousal_1st|sadness_1st","|sadness_2nd|happy_2nd|sex_arosal_2nd|bored_2nd",10.4666666666667,-0.146342178092421,0,1,0,1,1,0,0,1,1,0,0,1,0,1,1,0,1,0.529411764705882,17,10,12,2,14,16,1,15,9,5,4,3,13,7,6,8,11,"SamTaylor","MadMen",6,3,3,4,1,4,3,6,3,0.145716101190743,0.911501030192357,-0.400994542687315
"5e207baaa79c2b39625495cb","100","Sex_clip_1st",479,"Yes","20","9.62","desire","3.148","fantasizing","4.955","hostile","3.732","contemplative","9.067","aghast","8.747","bored","11.25","arrogant","5.6","fantasizing","4.746","preoccupied","4.223","interested","6.14","cautious","4.131","interested","11.578","reflective","3.668","flirtatious","5.042","confident","10.153","distrustful","3.265","nervous",3,7,7,6,5,1,7,4,5,"","yes",26,"Male","Heterosexual or straight","","No","",", RMTE18, RMTE19, RMTE17, RMTE27, RMTE34, RMTE22, RMTE29, RMTE3, RMTE21, RMTE28, RMTE25, RMTE15, RMTE35, RMTE9, RMTE30, RMTE6, RMTE31","RMTE18|RMTE19|RMTE17|RMTE27|RMTE34|RMTE22|RMTE29|RMTE3|RMTE21","FL_102|FL_104|FL_110|FL_97|FL_111|FL_100|FL_112|FL_99","vidInstructionSex|SamTaylor","vidInstructionNeut|WallE","|happy_1st|sex_arousal_1st|bored_1st|sadness_1st","|happy_2nd|sex_arosal_2nd|sadness_2nd|bored_2nd",7.98333333333333,-0.643610241168524,1,1,0,1,0,0,0,1,1,1,1,1,1,1,1,1,1,0.764705882352941,8,16,14,12,3,1,2,9,6,11,4,10,7,15,17,5,13,"SamTaylor","WallE",7,1,7,7,6,4,5,5,6,0.616864828374147,-0.568257964429545,0.902797769290436
"5e224693c5b1b45273cfecd9","100","Sex_clip_1st",706,"Yes","20","12.825","desire","11.73","fantasizing","12.299","hostile","13.412","contemplative","12.931","doubtful","8.822","decisive","10.648","tentative","11.91","fantasizing","14.95","preoccupied","13.437","interested","12.364","cautious","14.614","contented","14.844","irritated","8.892","flirtatious","13.031","confident","11.443","distrustful","11.447","insisting",5,7,7,1,1,3,5,5,4,"","yes",38,"Male","Heterosexual or straight","","No","",", RMTE22, RMTE21, RMTE29, RMTE18, RMTE35, RMTE25, RMTE17, RMTE34, RMTE9, RMTE15, RMTE19, RMTE27, RMTE28, RMTE30, RMTE3, RMTE6, RMTE31","RMTE22|RMTE21|RMTE29|RMTE18|RMTE35|RMTE25|RMTE17|RMTE34|RMTE9","FL_110|FL_107|FL_103|FL_102|FL_100|FL_95|FL_112|FL_99","vidInstructionSex|SamTaylor","vidInstructionNeut|ModernFamily","|bored_1st|sadness_1st|sex_arousal_1st|happy_1st","|happy_2nd|sex_arosal_2nd|sadness_2nd|bored_2nd",11.7666666666667,0.113972646873593,1,1,0,1,1,1,1,1,1,1,1,0,0,1,1,1,0,0.764705882352941,15,16,9,10,7,4,11,2,1,6,12,13,3,14,17,8,5,"SamTaylor","ModernFamily",7,3,7,5,1,5,1,4,4,0.616864828374147,0.911501030192357,0.0336028946386019
"5e370bc58390cf6992ba7b1f","100","Sex_clip_1st",634,"Yes","20","10.084","desire","18.754","fantasizing","24.492","annoyed","4.647","contemplative","7.845","playful","9.154","decisive","13.825","tentative","7.829","fantasizing","10.272","preoccupied","13.443","interested","9.025","cautious","8.351","interested","18.074","reflective","5.484","flirtatious","13.351","dispirited","14.865","distrustful","20.68","nervous",4,4,4,1,4,1,7,1,1,"","yes",42,"Male","Heterosexual or straight","","No","",", RMTE28, RMTE9, RMTE29, RMTE21, RMTE17, RMTE19, RMTE30, RMTE22, RMTE35, RMTE6, RMTE27, RMTE18, RMTE3, RMTE25, RMTE31, RMTE15, RMTE34","RMTE28|RMTE9|RMTE29|RMTE21|RMTE17|RMTE19|RMTE30|RMTE22|RMTE35","FL_112|FL_103|FL_108|FL_95|FL_104|FL_99|FL_110|FL_98","vidInstructionSex|SamTaylor","vidInstructionNeut|WallE","|sex_arousal_1st|happy_1st|sadness_1st|bored_1st","|sex_arosal_2nd|bored_2nd|sadness_2nd|happy_2nd",10.5666666666667,-0.126317960787343,1,1,0,1,0,1,1,1,1,1,1,1,1,1,0,1,1,0.823529411764706,13,10,2,16,5,12,6,4,8,14,11,1,3,7,15,17,9,"SamTaylor","WallE",4,1,4,7,1,1,4,1,3,-0.796581353176064,-0.568257964429545,-0.400994542687315
"5e3c759575109a055e99b38a","100","Sex_clip_1st",500,"Yes","20","4.48","desire","3.608","fantasizing","4.186","preoccupied","8.533","contemplative","7.025","doubtful","10.44","aghast","5.77","grateful","5.625","fantasizing","5.546","insisting","4.469","interested","5.032","cautious","4.238","interested","5.89","aghast","4.245","flirtatious","4.662","confident","4.664","aghast","3.877","contemplative",4,7,9,1,1,1,5,1,1,"","yes",40,"Male","Heterosexual or straight","","No","",", RMTE18, RMTE21, RMTE27, RMTE28, RMTE29, RMTE9, RMTE31, RMTE25, RMTE19, RMTE15, RMTE6, RMTE17, RMTE35, RMTE22, RMTE30, RMTE34, RMTE3","RMTE18|RMTE21|RMTE27|RMTE28|RMTE29|RMTE9|RMTE31|RMTE25|RMTE19","FL_110|FL_112|FL_109|FL_97|FL_105|FL_100|FL_98|FL_95","vidInstructionSex|FloorSex","vidInstructionNeut|MadMen","|happy_1st|sex_arousal_1st|sadness_1st|bored_1st","|sadness_2nd|happy_2nd|sex_arosal_2nd|bored_2nd",8.33333333333333,-0.573525480600751,1,1,1,1,1,0,0,1,0,1,1,1,0,1,1,0,0,0.647058823529412,17,11,6,10,12,1,9,2,14,8,3,4,5,15,7,16,13,"FloorSex","MadMen",7,1,9,5,1,1,1,1,6,0.616864828374147,-0.568257964429545,0.902797769290436
"5e52584cc9f6062582d99041","100","Sex_clip_1st",598,"Yes","20","8.657","desire","5.936","fantasizing","8.134","annoyed","2.969","contemplative","10.435","doubtful","9.951","amused","22.301","tentative","14.807","fantasizing","4.749","preoccupied","7.464","interested","7.783","cautious","4.708","interested","6.923","reflective","10.386","flirtatious","10.432","confident","9.753","distrustful","8.66","nervous",7,3,1,1,1,1,7,1,3,"","yes",38,"Male","Heterosexual or straight","","No","I felt it was unnecessary to show such a graphic sex scene in the first video. ",", RMTE19, RMTE25, RMTE27, RMTE18, RMTE31, RMTE3, RMTE29, RMTE35, RMTE6, RMTE28, RMTE17, RMTE21, RMTE15, RMTE30, RMTE22, RMTE9, RMTE34","RMTE19|RMTE25|RMTE27|RMTE18|RMTE31|RMTE3|RMTE29|RMTE35|RMTE6","FL_102|FL_109|FL_106|FL_110|FL_100|FL_105|FL_111|FL_98","vidInstructionSex|FloorSex","vidInstructionNeut|WallE","|bored_1st|happy_1st|sex_arousal_1st|sadness_1st","|happy_2nd|bored_2nd|sex_arosal_2nd|sadness_2nd",9.96666666666667,-0.246463264617811,1,1,0,1,1,0,1,1,1,1,1,1,1,1,1,1,1,0.882352941176471,6,9,16,13,11,4,1,12,15,2,3,10,7,14,5,17,8,"FloorSex","WallE",3,1,1,7,1,1,1,3,2,-1.26773008035947,-0.568257964429545,-0.835591980013232
"5e53b07f83c96c3ad4f34751","100","Sex_clip_1st",689,"Yes","20","6.257","desire","17.135","impatient","18.944","annoyed","3.657","contemplative","8.771","affectionate","10.468","decisive","5.643","grateful","5.504","fantasizing","6.076","preoccupied","4.949","interested","14.277","cautious","10.021","interested","4.491","reflective","9.868","flirtatious","7.468","confident","10.207","baffled","4.998","nervous",6,4,2,5,7,1,3,5,5,"","yes",49,"Male","Heterosexual or straight","","No","I think a warning about explicit content might have been in order, but interesting nonetheless",", RMTE30, RMTE27, RMTE6, RMTE22, RMTE9, RMTE17, RMTE25, RMTE18, RMTE3, RMTE28, RMTE31, RMTE35, RMTE21, RMTE19, RMTE29, RMTE34, RMTE15","RMTE30|RMTE27|RMTE6|RMTE22|RMTE9|RMTE17|RMTE25|RMTE18|RMTE3","FL_102|FL_99|FL_97|FL_106|FL_107|FL_101|FL_98|FL_110","vidInstructionSex|BedroomOral","vidInstructionNeut|ModernFamily","|sex_arousal_1st|sadness_1st|happy_1st|bored_1st","|bored_2nd|sex_arosal_2nd|sadness_2nd|happy_2nd",11.4833333333333,0.0572373645092053,1,0,0,1,0,1,0,1,1,1,1,1,1,1,1,0,1,0.705882352941177,9,3,5,17,6,8,14,13,4,7,2,10,15,1,11,16,12,"BedroomOral","ModernFamily",4,1,2,3,5,5,7,5,3,-0.796581353176064,-0.568257964429545,-0.400994542687315
"5e56584b888eb7000a1acb2b","100","Sex_clip_1st",544,"Yes","20","4.225","desire","3.813","fantasizing","2.368","preoccupied","3.143","amused","4.621","doubtful","7.577","decisive","3.907","tentative","3.147","fantasizing","3.331","imploring","5.187","interested","2.56","cautious","5.667","contented","5.423","reflective","2.31","flirtatious","2.842","confident","4.174","distrustful","7.022","insisting",7,1,8,1,2,1,8,2,1,"","yes",30,"Male","Heterosexual or straight","","No","",", RMTE35, RMTE18, RMTE22, RMTE29, RMTE28, RMTE6, RMTE25, RMTE15, RMTE31, RMTE27, RMTE21, RMTE34, RMTE17, RMTE30, RMTE3, RMTE19, RMTE9","RMTE35|RMTE18|RMTE22|RMTE29|RMTE28|RMTE6|RMTE25|RMTE15|RMTE31","FL_103|FL_106|FL_98|FL_109|FL_100|FL_95|FL_107|FL_111","vidInstructionSex|SamTaylor","vidInstructionNeut|ModernFamily","|bored_1st|happy_1st|sadness_1st|sex_arousal_1st","|bored_2nd|sadness_2nd|sex_arosal_2nd|happy_2nd",9.06666666666667,-0.426681220363512,1,1,1,0,1,1,1,1,0,1,1,0,1,1,1,1,0,0.764705882352941,15,6,17,8,13,2,16,11,3,7,10,5,4,14,9,12,1,"SamTaylor","ModernFamily",1,1,8,8,1,2,2,1,0,-2.21002753472628,-0.568257964429545,-1.70478685466507
"5e62b7646cf0bf04667c8683","100","Neutral_clip_1st",515,"Yes","20","5.942","convinced","6.205","fantasizing","4.54","preoccupied","4.976","contemplative","10.897","doubtful","10.131","bored","28.794","grateful","3.474","fantasizing","5.358","preoccupied","6.433","interested","7.534","cautious","5.376","interested","3.337","reflective","5.818","flirtatious","3.382","confident","11.193","distrustful","4.253","nervous",5,1,3,1,2,4,4,1,3,"","yes",26,"Male","Heterosexual or straight","","No","",", RMTE18, RMTE6, RMTE17, RMTE9, RMTE35, RMTE3, RMTE30, RMTE27, RMTE29, RMTE15, RMTE34, RMTE25, RMTE31, RMTE28, RMTE21, RMTE22, RMTE19","RMTE18|RMTE6|RMTE17|RMTE9|RMTE35|RMTE3|RMTE30|RMTE27|RMTE29","FL_110|FL_98|FL_104|FL_99|FL_102|FL_106|FL_105|FL_107","vidInstructionSex|FloorSex","vidInstructionNeut|MadMen","|sex_arousal_1st|happy_1st|sadness_1st|bored_1st","|sex_arosal_2nd|bored_2nd|happy_2nd|sadness_2nd",8.58333333333333,-0.523464937338056,0,1,1,1,1,0,0,1,1,1,1,1,1,1,1,1,1,0.823529411764706,6,2,4,10,3,1,17,15,16,12,8,14,9,7,13,11,5,"FloorSex","MadMen",4,1,4,3,1,1,3,2,3,-0.796581353176064,-0.568257964429545,-0.400994542687315
"5e649eb4666c4a22594d22ca","100","Sex_clip_1st",678,"Yes","20","12.658","desire","13.341","fantasizing","8.611","preoccupied","16.372","contemplative","19.845","aghast","6.385","decisive","16.566","tentative","6.269","fantasizing","7.072","preoccupied","12.354","incredulous","6.113","cautious","14.1","interested","7.186","reflective","7.434","flirtatious","5.508","confident","14.897","aghast","8.433","insisting",6,7,7,1,3,5,6,2,4,"","yes",40,"Male","Heterosexual or straight","","No","",", RMTE17, RMTE6, RMTE25, RMTE31, RMTE35, RMTE15, RMTE18, RMTE27, RMTE34, RMTE21, RMTE19, RMTE22, RMTE30, RMTE9, RMTE3, RMTE29, RMTE28","RMTE17|RMTE6|RMTE25|RMTE31|RMTE35|RMTE15|RMTE18|RMTE27|RMTE34","FL_106|FL_107|FL_105|FL_100|FL_111|FL_95|FL_101|FL_102","vidInstructionSex|BedroomOral","vidInstructionNeut|ModernFamily","|sadness_1st|bored_1st|happy_1st|sex_arousal_1st","|happy_2nd|sadness_2nd|sex_arosal_2nd|bored_2nd",11.3,0.0205262994498957,1,1,1,1,0,1,1,1,1,0,1,1,1,1,1,0,0,0.764705882352941,15,2,14,6,1,7,11,10,12,3,8,17,16,13,4,9,5,"BedroomOral","ModernFamily",7,5,7,6,1,2,3,4,2,0.616864828374147,2.39126002481426,-0.835591980013232
"5e64f63fe8177d2669776c08","100","Sex_clip_1st",793,"Yes","20","14.143","desire","7.943","alarmed","7.821","horrified","4.142","contemplative","8.723","affectionate","5.15","amused","8.955","tentative","9.393","fantasizing","6.953","imploring","5.208","interested","4.457","cautious","6.589","interested","8.481","reflective","6.04","flirtatious","5.001","confident","5.201","baffled","5.29","nervous",6,5,6,3,4,2,9,1,1,"","yes",50,"Male","Heterosexual or straight","","No","",", RMTE29, RMTE3, RMTE19, RMTE31, RMTE21, RMTE6, RMTE17, RMTE18, RMTE25, RMTE30, RMTE15, RMTE35, RMTE9, RMTE22, RMTE34, RMTE27, RMTE28","RMTE29|RMTE3|RMTE19|RMTE31|RMTE21|RMTE6|RMTE17|RMTE18|RMTE25","FL_100|FL_110|FL_97|FL_111|FL_105|FL_98|FL_103|FL_102","vidInstructionSex|SamTaylor","vidInstructionNeut|WallE","|sex_arousal_1st|bored_1st|happy_1st|sadness_1st","|sadness_2nd|sex_arosal_2nd|happy_2nd|bored_2nd",13.2166666666667,0.404323797797223,1,0,0,1,0,0,1,1,0,1,1,1,1,1,1,0,1,0.647058823529412,2,6,13,11,7,8,3,5,14,9,16,17,1,10,4,15,12,"SamTaylor","WallE",5,2,6,9,3,1,4,1,3,-0.32543262599266,0.171621532881406,-0.400994542687315
"5e8dc6bc28369e029ed35df8","100","Sex_clip_1st",532,"Yes","20","8.03","desire","5.313","fantasizing","6.432","preoccupied","5.018","contemplative","5.986","doubtful","9.072","bored","7.802","sarcastic","7.148","fantasizing","5.123","preoccupied","4.206","interested","6.405","arrogant","7.784","interested","7.342","irritated","4.448","flirtatious","8.962","confident","6.313","distrustful","5.907","puzzled",4,8,6,1,5,1,5,1,7,"","yes",48,"Male","Heterosexual or straight","","No","",", RMTE31, RMTE27, RMTE6, RMTE28, RMTE15, RMTE21, RMTE17, RMTE9, RMTE18, RMTE3, RMTE25, RMTE30, RMTE35, RMTE34, RMTE22, RMTE19, RMTE29","RMTE31|RMTE27|RMTE6|RMTE28|RMTE15|RMTE21|RMTE17|RMTE9|RMTE18","FL_95|FL_104|FL_100|FL_97|FL_98|FL_105|FL_107|FL_101","vidInstructionSex|FloorSex","vidInstructionNeut|MadMen","|sex_arousal_1st|happy_1st|bored_1st|sadness_1st","|sadness_2nd|bored_2nd|sex_arosal_2nd|happy_2nd",8.86666666666667,-0.466729654973668,1,1,1,1,1,0,0,1,1,1,0,1,0,1,1,1,0,0.705882352941177,10,3,8,5,7,9,16,6,15,11,2,4,17,12,1,14,13,"FloorSex","MadMen",8,1,6,5,1,1,5,7,7,1.08801355555755,-0.568257964429545,1.33739520661635
"5e9132c5df10df4620035695","100","Neutral_clip_1st",726,"Yes","20","10.633","desire","9.356","alarmed","8.769","preoccupied","10.047","contemplative","9.117","doubtful","6.62","decisive","10.307","sarcastic","12","fantasizing","9.267","preoccupied","11.185","interested","9.847","cautious","10.368","interested","10.426","reflective","9.425","flirtatious","7.746","confident","13.878","baffled","12.057","nervous",6,2,6,1,3,7,6,1,4,"","yes",43,"Male","Heterosexual or straight","","No","i was a little shocked with the 2nd video but thought it would be to see if this changed my perceptions of eyes afterwards",", RMTE21, RMTE25, RMTE22, RMTE3, RMTE15, RMTE35, RMTE30, RMTE34, RMTE31, RMTE29, RMTE27, RMTE6, RMTE9, RMTE17, RMTE28, RMTE19, RMTE18","RMTE21|RMTE25|RMTE22|RMTE3|RMTE15|RMTE35|RMTE30|RMTE34|RMTE31","FL_101|FL_103|FL_112|FL_111|FL_109|FL_102|FL_107|FL_108","vidInstructionSex|SamTaylor","vidInstructionNeut|MadMen","|bored_1st|sadness_1st|sex_arousal_1st|happy_1st","|bored_2nd|happy_2nd|sadness_2nd|sex_arosal_2nd",12.1,0.180720037890519,1,0,1,1,1,1,0,1,1,1,1,1,1,1,1,0,1,0.823529411764706,4,12,13,5,14,17,16,1,3,2,11,15,10,7,9,8,6,"SamTaylor","MadMen",7,2,6,6,1,1,4,3,5,0.616864828374147,0.171621532881406,0.468200331964519
"5e947757962a222be512d425","100","Neutral_clip_1st",442,"Yes","20","5.024","convinced","3.288","fantasizing","2.519","preoccupied","2.657","contemplative","4.222","doubtful","4.834","decisive","8.14","tentative","4.036","fantasizing","3.839","preoccupied","3.056","interested","4.021","cautious","4.04","interested","4.622","reflective","23.095","flirtatious","3.717","confident","2.097","baffled","4.175","nervous",6,1,5,1,4,5,6,1,3,"","yes",25,"Male","Heterosexual or straight","","No","",", RMTE35, RMTE9, RMTE25, RMTE6, RMTE18, RMTE15, RMTE21, RMTE22, RMTE27, RMTE17, RMTE31, RMTE3, RMTE34, RMTE28, RMTE29, RMTE30, RMTE19","RMTE35|RMTE9|RMTE25|RMTE6|RMTE18|RMTE15|RMTE21|RMTE22|RMTE27","FL_109|FL_99|FL_95|FL_98|FL_102|FL_101|FL_100|FL_107","vidInstructionSex|BedroomOral","vidInstructionNeut|MadMen","|sadness_1st|sex_arousal_1st|bored_1st|happy_1st","|sadness_2nd|sex_arosal_2nd|bored_2nd|happy_2nd",7.36666666666667,-0.767092914549838,0,1,1,1,1,1,1,1,1,1,1,1,1,1,1,0,1,0.882352941176471,12,4,2,6,10,5,17,7,8,3,9,14,15,16,11,13,1,"BedroomOral","MadMen",5,1,6,5,1,1,3,4,4,-0.32543262599266,-0.568257964429545,0.0336028946386019
"5e95d76c8cfb0502e3db1f88","100","Sex_clip_1st",511,"Yes","20","7.006","desire","6.197","fantasizing","4.311","preoccupied","5.212","amused","5.412","doubtful","7.964","decisive","7.011","tentative","5.408","fantasizing","4.555","preoccupied","5.916","interested","4.729","cautious","18.147","interested","4.267","reflective","12.654","flirtatious","3.962","joking","7.096","distrustful","5.838","insisting",6,4,2,3,4,1,7,1,1,"","yes",45,"Male","Heterosexual or straight","","No","",", RMTE18, RMTE3, RMTE9, RMTE22, RMTE27, RMTE6, RMTE30, RMTE17, RMTE25, RMTE21, RMTE29, RMTE34, RMTE35, RMTE28, RMTE19, RMTE15, RMTE31","RMTE18|RMTE3|RMTE9|RMTE22|RMTE27|RMTE6|RMTE30|RMTE17|RMTE25","FL_106|FL_101|FL_98|FL_97|FL_102|FL_107|FL_110|FL_99","vidInstructionSex|SamTaylor","vidInstructionNeut|ModernFamily","|sex_arousal_1st|bored_1st|happy_1st|sadness_1st","|happy_2nd|sadness_2nd|bored_2nd|sex_arosal_2nd",8.51666666666667,-0.536814415541441,1,1,1,0,1,1,1,1,1,1,1,1,1,1,0,1,0,0.823529411764706,2,6,3,16,8,1,15,10,4,9,5,14,11,7,17,12,13,"SamTaylor","ModernFamily",4,1,2,7,3,1,4,1,3,-0.796581353176064,-0.568257964429545,-0.400994542687315
"5e9b60ab511e7a0650994050","100","Sex_clip_1st",498,"Yes","20","3.976","desire","5.085","fantasizing","3.491","preoccupied","3.273","amused","3.494","doubtful","4.335","bored","3.604","tentative","3.656","fantasizing","3.612","preoccupied","8.41","panicked","4.589","cautious","4.968","interested","3.562","reflective","2.752","flirtatious","5.712","confident","6.056","distrustful","3.938","nervous",6,3,3,2,6,1,2,5,8,"","yes",42,"Male","Heterosexual or straight","","No","",", RMTE34, RMTE18, RMTE25, RMTE29, RMTE35, RMTE6, RMTE28, RMTE19, RMTE3, RMTE21, RMTE17, RMTE30, RMTE22, RMTE9, RMTE27, RMTE15, RMTE31","RMTE34|RMTE18|RMTE25|RMTE29|RMTE35|RMTE6|RMTE28|RMTE19|RMTE3","FL_106|FL_109|FL_100|FL_105|FL_111|FL_103|FL_110|FL_99","vidInstructionSex|SamTaylor","vidInstructionNeut|ModernFamily","|sex_arousal_1st|happy_1st|bored_1st|sadness_1st","|bored_2nd|happy_2nd|sex_arosal_2nd|sadness_2nd",8.3,-0.580200219702443,1,1,1,0,1,0,1,1,1,0,1,1,1,1,1,1,1,0.823529411764706,9,6,14,16,11,2,8,10,13,3,15,7,4,12,17,1,5,"SamTaylor","ModernFamily",3,1,3,2,2,5,6,8,2,-1.26773008035947,-0.568257964429545,-0.835591980013232
"5ea305678366db250adbaf7d","100","Neutral_clip_1st",605,"Yes","20","8.17","convinced","6.901","fantasizing","7.838","preoccupied","10.651","contemplative","20.111","playful","8.054","decisive","6.778","tentative","7.555","fantasizing","11.159","preoccupied","10.856","interested","6.485","cautious","8.123","interested","12.346","reflective","14.53","flirtatious","8.284","confident","16.489","distrustful","9.536","nervous",6,4,4,4,4,6,5,4,4,"","yes",36,"Male","Heterosexual or straight","","No","",", RMTE29, RMTE25, RMTE31, RMTE18, RMTE9, RMTE21, RMTE3, RMTE19, RMTE27, RMTE22, RMTE35, RMTE28, RMTE30, RMTE17, RMTE6, RMTE34, RMTE15","RMTE29|RMTE25|RMTE31|RMTE18|RMTE9|RMTE21|RMTE3|RMTE19|RMTE27","FL_105|FL_97|FL_102|FL_100|FL_109|FL_112|FL_98|FL_110","vidInstructionSex|SamTaylor","vidInstructionNeut|ModernFamily","|sadness_1st|happy_1st|bored_1st|sex_arousal_1st","|bored_2nd|sadness_2nd|sex_arosal_2nd|happy_2nd",10.0833333333333,-0.223101677761886,0,1,1,1,0,1,1,1,1,1,1,1,1,1,1,1,1,0.882352941176471,7,15,5,17,14,4,8,6,10,2,9,12,1,13,3,16,11,"SamTaylor","ModernFamily",6,4,5,4,4,4,4,4,2,0.145716101190743,1.65138052750331,-0.835591980013232
"5eac2b38e66aa2074015989b","100","Sex_clip_1st",405,"Yes","20","4.806","convinced","6.3","fantasizing","5.344","hostile","3.849","contemplative","3.445","doubtful","3.366","decisive","6.195","tentative","5.264","fantasizing","4.951","preoccupied","5.016","interested","5.207","cautious","10.149","interested","9.241","irritated","3.2","flirtatious","2.366","confident","5.999","distrustful","5.27","puzzled",5,6,3,2,3,2,4,2,2,"","yes",34,"Male","Heterosexual or straight","","No","",", RMTE29, RMTE6, RMTE22, RMTE34, RMTE21, RMTE18, RMTE15, RMTE9, RMTE27, RMTE35, RMTE28, RMTE25, RMTE31, RMTE17, RMTE30, RMTE3, RMTE19","RMTE29|RMTE6|RMTE22|RMTE34|RMTE21|RMTE18|RMTE15|RMTE9|RMTE27","FL_97|FL_102|FL_104|FL_99|FL_109|FL_100|FL_95|FL_107","vidInstructionSex|FloorSex","vidInstructionNeut|MadMen","|sadness_1st|sex_arousal_1st|happy_1st|bored_1st","|sadness_2nd|happy_2nd|bored_2nd|sex_arosal_2nd",6.75,-0.890575587931152,0,1,0,1,1,1,1,1,1,1,1,1,0,1,1,1,0,0.764705882352941,16,2,8,7,14,6,17,5,3,12,9,11,1,15,13,4,10,"FloorSex","MadMen",6,2,3,4,2,2,3,2,4,0.145716101190743,0.171621532881406,0.0336028946386019
"5eadaff848b26f4483ae62d9","100","Neutral_clip_1st",780,"Yes","20","10.415","desire","4.307","fantasizing","3.614","preoccupied","2.245","contemplative","4.538","doubtful","2.802","decisive","4.084","tentative","3.661","fantasizing","7.957","preoccupied","2.967","interested","3.827","cautious","2.272","interested","2.956","reflective","2.699","flirtatious","5.071","confident","4.134","distrustful","3.837","insisting",8,2,6,2,5,9,6,1,3,"","yes",40,"Male","Heterosexual or straight","","No","",", RMTE21, RMTE35, RMTE25, RMTE31, RMTE17, RMTE30, RMTE18, RMTE15, RMTE19, RMTE6, RMTE9, RMTE28, RMTE29, RMTE27, RMTE22, RMTE3, RMTE34","RMTE21|RMTE35|RMTE25|RMTE31|RMTE17|RMTE30|RMTE18|RMTE15|RMTE19","FL_112|FL_111|FL_102|FL_101|FL_103|FL_105|FL_95|FL_98","vidInstructionSex|BedroomOral","vidInstructionNeut|ModernFamily","|sadness_1st|sex_arousal_1st|bored_1st|happy_1st","|sadness_2nd|happy_2nd|sex_arosal_2nd|bored_2nd",13,0.360937993636221,1,1,1,1,1,1,1,1,1,1,1,1,1,1,1,1,0,0.941176470588235,16,10,11,8,5,7,9,1,15,3,14,12,13,6,4,17,2,"BedroomOral","ModernFamily",9,2,6,6,1,2,3,5,7,1.55916228274095,0.171621532881406,1.33739520661635
"5eaefa172e29805e3fc8081c","100","Neutral_clip_1st",432,"Yes","20","4.796","flustered","4.665","fantasizing","2.179","annoyed","3.921","amused","3.041","doubtful","2.518","amused","5.636","tentative","3.4","fantasizing","5.188","preoccupied","4.53","interested","4.735","cautious","3.552","contented","2.747","impatient","2.361","flirtatious","4.681","joking","4.126","distrustful","7.683","nervous",6,1,4,3,3,1,1,1,9,"","yes",35,"Male","Heterosexual or straight","","No","",", RMTE15, RMTE22, RMTE21, RMTE25, RMTE35, RMTE17, RMTE30, RMTE29, RMTE3, RMTE19, RMTE9, RMTE34, RMTE27, RMTE18, RMTE6, RMTE31, RMTE28","RMTE15|RMTE22|RMTE21|RMTE25|RMTE35|RMTE17|RMTE30|RMTE29|RMTE3","FL_107|FL_111|FL_98|FL_103|FL_108|FL_112|FL_99|FL_102","vidInstructionSex|FloorSex","vidInstructionNeut|MadMen","|sadness_1st|bored_1st|happy_1st|sex_arousal_1st","|happy_2nd|bored_2nd|sadness_2nd|sex_arosal_2nd",7.2,-0.800466610058301,0,1,0,0,1,0,1,1,1,1,1,0,0,1,0,1,1,0.588235294117647,9,15,11,1,6,14,10,3,2,4,13,17,8,7,16,12,5,"FloorSex","MadMen",1,1,1,4,1,3,9,3,0,-2.21002753472628,-0.568257964429545,-1.70478685466507
"5ebafd90702ef30af2829980","100","Sex_clip_1st",662,"Yes","20","6.539","desire","7.662","fantasizing","17.319","preoccupied","9.553","contemplative","4.827","doubtful","9.284","bored","7.388","tentative","8.688","fantasizing","6.758","imploring","5.5","interested","10.351","cautious","6.063","interested","4.777","irritated","10.216","flirtatious","6.43","confident","5.384","baffled","7.868","contemplative",7,9,7,1,3,3,3,7,9,"","yes",37,"Male","Heterosexual or straight","","No","",", RMTE6, RMTE3, RMTE35, RMTE28, RMTE18, RMTE29, RMTE27, RMTE9, RMTE31, RMTE25, RMTE22, RMTE17, RMTE19, RMTE21, RMTE34, RMTE30, RMTE15","RMTE6|RMTE3|RMTE35|RMTE28|RMTE18|RMTE29|RMTE27|RMTE9|RMTE31","FL_104|FL_105|FL_109|FL_107|FL_106|FL_98|FL_100|FL_110","vidInstructionSex|SamTaylor","vidInstructionNeut|MadMen","|sadness_1st|happy_1st|sex_arousal_1st|bored_1st","|bored_2nd|happy_2nd|sadness_2nd|sex_arosal_2nd",11.0333333333333,-0.0328716133636456,1,1,1,1,1,0,1,1,0,1,1,1,0,1,1,0,0,0.705882352941177,2,1,8,17,12,5,13,14,11,10,7,4,6,16,9,15,3,"SamTaylor","MadMen",9,3,7,3,1,7,3,9,6,1.55916228274095,0.911501030192357,0.902797769290436
"5ec502d1f4cd5241d24f61fc","100","Neutral_clip_1st",599,"Yes","20","6.508","desire","7.181","fantasizing","6.741","preoccupied","6.355","encouraging","7.56","aghast","5.68","decisive","6.352","tentative","5.175","fantasizing","30.284","preoccupied","12.928","incredulous","6.508","cautious","6.563","interested","4.634","reflective","5.38","flirtatious","12.162","confident","7.587","distrustful","5.936","puzzled",5,2,7,2,2,4,5,2,2,"","yes",38,"Male","Heterosexual or straight","","No","",", RMTE17, RMTE25, RMTE34, RMTE31, RMTE22, RMTE15, RMTE19, RMTE21, RMTE3, RMTE9, RMTE6, RMTE18, RMTE27, RMTE29, RMTE35, RMTE28, RMTE30","RMTE17|RMTE25|RMTE34|RMTE31|RMTE22|RMTE15|RMTE19|RMTE21|RMTE3","FL_111|FL_112|FL_108|FL_103|FL_101|FL_97|FL_102|FL_100","vidInstructionSex|SamTaylor","vidInstructionNeut|WallE","|bored_1st|sadness_1st|sex_arousal_1st|happy_1st","|sadness_2nd|bored_2nd|happy_2nd|sex_arosal_2nd",9.98333333333333,-0.243125895066964,1,1,1,0,0,1,1,1,1,0,1,1,1,1,1,1,0,0.764705882352941,9,11,10,6,1,12,7,8,5,2,13,16,14,17,4,3,15,"SamTaylor","WallE",4,2,5,7,2,2,2,2,2,-0.796581353176064,0.171621532881406,-0.835591980013232
"5ecd788fb68a370e7f35c258","100","Neutral_clip_1st",660,"Yes","20","7.458","desire","9.079","impatient","6.168","preoccupied","7.029","contemplative","7.147","aghast","45.397","aghast","10.701","tentative","5.854","fantasizing","7.831","preoccupied","6.419","interested","9.403","cautious","9.718","interested","12.656","irritated","7.274","flirtatious","8.402","confident","10.889","distrustful","3.902","nervous",6,1,6,3,7,9,9,1,1,"","yes",21,"Male","Heterosexual or straight","","No","Warn of the porn first please",", RMTE3, RMTE27, RMTE21, RMTE35, RMTE31, RMTE17, RMTE22, RMTE34, RMTE18, RMTE15, RMTE30, RMTE28, RMTE9, RMTE29, RMTE25, RMTE6, RMTE19","RMTE3|RMTE27|RMTE21|RMTE35|RMTE31|RMTE17|RMTE22|RMTE34|RMTE18","FL_110|FL_100|FL_102|FL_111|FL_101|FL_104|FL_112|FL_107","vidInstructionSex|SamTaylor","vidInstructionNeut|ModernFamily","|happy_1st|bored_1st|sadness_1st|sex_arousal_1st","|sex_arosal_2nd|happy_2nd|bored_2nd|sadness_2nd",11,-0.0395463524653382,1,0,1,1,0,0,1,1,1,1,1,1,0,1,1,1,1,0.764705882352941,1,16,13,10,6,9,17,3,7,15,2,12,14,11,5,8,4,"SamTaylor","ModernFamily",9,1,9,6,1,3,1,7,8,1.55916228274095,-0.568257964429545,1.77199264394227
"5ed2a11ff7ce322295acbf2e","100","Neutral_clip_1st",725,"Yes","20","8.97","desire","9.025","fantasizing","9.218","horrified","7.491","contemplative","10.643","doubtful","6.723","decisive","5.759","tentative","8.355","fantasizing","7.016","preoccupied","9.13","interested","5.76","cautious","9.499","interested","11.035","reflective","5.49","flirtatious","15.697","dispirited","14.339","distrustful","9.914","nervous",6,3,4,6,6,6,6,2,2,"","yes",34,"Male","Heterosexual or straight","","No","",", RMTE35, RMTE21, RMTE25, RMTE18, RMTE31, RMTE3, RMTE19, RMTE17, RMTE9, RMTE34, RMTE22, RMTE27, RMTE28, RMTE29, RMTE6, RMTE30, RMTE15","RMTE35|RMTE21|RMTE25|RMTE18|RMTE31|RMTE3|RMTE19|RMTE17|RMTE9","FL_98|FL_105|FL_103|FL_102|FL_101|FL_112|FL_100|FL_110","vidInstructionSex|FloorSex","vidInstructionNeut|ModernFamily","|happy_1st|bored_1st|sex_arousal_1st|sadness_1st","|sadness_2nd|sex_arosal_2nd|happy_2nd|bored_2nd",12.0833333333333,0.177382668339673,1,1,0,1,1,1,1,1,1,1,1,1,1,1,0,1,1,0.882352941176471,6,15,9,17,8,4,7,2,11,3,12,13,14,16,5,10,1,"FloorSex","ModernFamily",6,3,6,4,2,6,2,6,3,0.145716101190743,0.911501030192357,-0.400994542687315
"5ed814fc9e50c230c1efb63c","100","Sex_clip_1st",604,"Yes","20","6.573","convinced","7.361","fantasizing","8.754","preoccupied","7.336","contemplative","11.577","playful","10.158","decisive","7.715","tentative","11.813","fantasizing","6.709","preoccupied","7.56","interested","10.648","cautious","8.011","interested","8.899","reflective","4.967","flirtatious","7.354","confident","9.031","baffled","12.28","puzzled",6,3,2,7,4,1,3,4,6,"","yes",48,"Male","Heterosexual or straight","","No","",", RMTE18, RMTE28, RMTE21, RMTE6, RMTE29, RMTE17, RMTE35, RMTE15, RMTE27, RMTE34, RMTE9, RMTE19, RMTE22, RMTE25, RMTE30, RMTE3, RMTE31","RMTE18|RMTE28|RMTE21|RMTE6|RMTE29|RMTE17|RMTE35|RMTE15|RMTE27","FL_98|FL_111|FL_107|FL_105|FL_104|FL_100|FL_95|FL_99","vidInstructionSex|BedroomOral","vidInstructionNeut|ModernFamily","|bored_1st|sex_arousal_1st|happy_1st|sadness_1st","|sadness_2nd|sex_arosal_2nd|bored_2nd|happy_2nd",10.0666666666667,-0.226439047312733,0,1,1,1,0,1,1,1,1,1,1,1,1,1,1,0,0,0.764705882352941,16,4,11,8,6,1,12,3,13,14,9,2,5,15,17,10,7,"BedroomOral","ModernFamily",3,1,2,3,7,4,4,6,2,-1.26773008035947,-0.568257964429545,-0.835591980013232
"5ed917ec0318c6466f50a0a6","100","Sex_clip_1st",508,"Yes","20","10.468","desire","4.897","fantasizing","4.996","preoccupied","2.848","contemplative","4.674","doubtful","4.434","decisive","5.407","sarcastic","3.951","fantasizing","5.205","preoccupied","7.675","interested","2.85","cautious","4.546","interested","3.533","reflective","4.824","flirtatious","7.5","joking","5.69","distrustful","4.983","nervous",6,6,6,1,3,1,7,1,2,"","yes",33,"Male","Heterosexual or straight","","No","",", RMTE30, RMTE3, RMTE34, RMTE19, RMTE18, RMTE22, RMTE29, RMTE28, RMTE31, RMTE9, RMTE6, RMTE35, RMTE15, RMTE17, RMTE21, RMTE27, RMTE25","RMTE30|RMTE3|RMTE34|RMTE19|RMTE18|RMTE22|RMTE29|RMTE28|RMTE31","FL_111|FL_112|FL_97|FL_110|FL_109|FL_106|FL_103|FL_104","vidInstructionSex|SamTaylor","vidInstructionNeut|ModernFamily","|bored_1st|happy_1st|sex_arousal_1st|sadness_1st","|bored_2nd|happy_2nd|sex_arosal_2nd|sadness_2nd",8.46666666666667,-0.54682652419398,1,1,1,1,1,1,0,1,1,1,1,1,1,1,0,1,1,0.882352941176471,2,11,10,13,14,5,4,15,6,17,16,8,7,1,9,3,12,"SamTaylor","ModernFamily",6,1,6,7,1,1,3,2,5,0.145716101190743,-0.568257964429545,0.468200331964519
"5ede2531cff15e047a4e356e","100","Neutral_clip_1st",652,"Yes","20","12.631","convinced","9.625","impatient","8.683","preoccupied","8.672","encouraging","8.183","playful","10.866","amused","10.067","grateful","7.015","fantasizing","7.267","imploring","8.956","interested","14.651","arrogant","8.888","contented","7.745","reflective","10.8","grateful","7.248","confident","11.716","baffled","9.146","puzzled",3,1,8,2,2,8,7,1,2,"","yes",36,"Male","Heterosexual or straight","","No","",", RMTE27, RMTE17, RMTE18, RMTE25, RMTE15, RMTE19, RMTE29, RMTE9, RMTE3, RMTE22, RMTE21, RMTE31, RMTE28, RMTE35, RMTE30, RMTE34, RMTE6","RMTE27|RMTE17|RMTE18|RMTE25|RMTE15|RMTE19|RMTE29|RMTE9|RMTE3","FL_105|FL_106|FL_99|FL_102|FL_97|FL_100|FL_98|FL_112","vidInstructionSex|FloorSex","vidInstructionNeut|WallE","|sadness_1st|bored_1st|happy_1st|sex_arousal_1st","|sadness_2nd|bored_2nd|happy_2nd|sex_arosal_2nd",10.8666666666667,-0.0662453088721088,0,0,1,0,0,0,0,1,0,1,0,0,1,0,1,0,0,0.294117647058824,9,17,8,5,2,3,6,11,10,4,1,13,7,15,12,16,14,"FloorSex","WallE",8,1,7,8,1,2,2,2,7,1.08801355555755,-0.568257964429545,1.33739520661635
"5ee0c8a669a88041d4034cea","100","Sex_clip_1st",668,"Yes","20","4.942","desire","10.41","fantasizing","6.821","preoccupied","6.155","contemplative","9.85","playful","6.343","decisive","7.145","tentative","8.038","fantasizing","10.735","preoccupied","59.221","incredulous","7.165","cautious","6.429","affectionate","9.862","reflective","6.967","flirtatious","19.959","confident","11.005","distrustful","4.587","contemplative",6,9,9,1,1,3,2,1,4,"","yes",41,"Male","Heterosexual or straight","","No","",", RMTE29, RMTE19, RMTE15, RMTE3, RMTE17, RMTE21, RMTE28, RMTE9, RMTE30, RMTE31, RMTE34, RMTE6, RMTE25, RMTE35, RMTE18, RMTE27, RMTE22","RMTE29|RMTE19|RMTE15|RMTE3|RMTE17|RMTE21|RMTE28|RMTE9|RMTE30","FL_99|FL_98|FL_112|FL_104|FL_97|FL_108|FL_103|FL_105","vidInstructionSex|FloorSex","vidInstructionNeut|ModernFamily","|sex_arousal_1st|happy_1st|sadness_1st|bored_1st","|sex_arosal_2nd|bored_2nd|happy_2nd|sadness_2nd",11.1333333333333,-0.0128473960585676,1,1,1,1,0,1,1,1,1,0,1,0,1,1,1,1,0,0.764705882352941,4,12,8,3,5,15,2,6,17,13,16,7,1,9,10,11,14,"FloorSex","ModernFamily",9,3,9,2,1,1,1,4,6,1.55916228274095,0.911501030192357,0.902797769290436
"5ef73105443b8d4324d87a60","100","Sex_clip_1st",566,"Yes","20","7.715","desire","7.672","alarmed","5.117","preoccupied","7.152","contemplative","7.769","doubtful","9.483","decisive","5.184","tentative","5.226","fantasizing","7.835","preoccupied","4.221","incredulous","6.233","cautious","4","interested","4.859","reflective","4.3","flirtatious","4.795","confident","5.42","distrustful","4.579","nervous",5,2,3,5,7,1,4,1,7,"","yes",19,"Male","Heterosexual or straight","","No","",", RMTE18, RMTE9, RMTE21, RMTE22, RMTE3, RMTE34, RMTE27, RMTE35, RMTE6, RMTE29, RMTE30, RMTE25, RMTE15, RMTE19, RMTE17, RMTE31, RMTE28","RMTE18|RMTE9|RMTE21|RMTE22|RMTE3|RMTE34|RMTE27|RMTE35|RMTE6","FL_101|FL_100|FL_104|FL_110|FL_107|FL_109|FL_99|FL_102","vidInstructionSex|FloorSex","vidInstructionNeut|WallE","|happy_1st|bored_1st|sex_arousal_1st|sadness_1st","|bored_2nd|sadness_2nd|sex_arosal_2nd|happy_2nd",9.43333333333333,-0.353259090244893,1,0,1,1,1,1,1,1,1,0,1,1,1,1,1,1,1,0.882352941176471,5,9,2,13,15,1,14,3,4,12,7,17,10,11,16,6,8,"FloorSex","WallE",2,1,3,4,5,1,7,7,1,-1.73887880754287,-0.568257964429545,-1.27018941733915
"5f020de061fa1138a77c5c00","100","Sex_clip_1st",531,"Yes","20","2.998","joking","4.004","fantasizing","5.347","preoccupied","9.69","contemplative","4.661","affectionate","3.85","decisive","6.829","tentative","3.483","fantasizing","5.687","insisting","6.247","incredulous","3.662","arrogant","6.981","contented","4.985","irritated","3.162","flirtatious","7.985","dispirited","4.991","baffled","3.794","nervous",6,5,5,2,3,1,6,5,2,"","yes",36,"Male","Heterosexual or straight","","No","",", RMTE15, RMTE18, RMTE34, RMTE28, RMTE3, RMTE25, RMTE19, RMTE6, RMTE17, RMTE22, RMTE31, RMTE35, RMTE30, RMTE9, RMTE27, RMTE21, RMTE29","RMTE15|RMTE18|RMTE34|RMTE28|RMTE3|RMTE25|RMTE19|RMTE6|RMTE17","FL_105|FL_99|FL_97|FL_100|FL_111|FL_103|FL_106|FL_101","vidInstructionSex|FloorSex","vidInstructionNeut|WallE","|sex_arousal_1st|happy_1st|sadness_1st|bored_1st","|bored_2nd|sadness_2nd|happy_2nd|sex_arosal_2nd",8.85,-0.470067024524514,0,1,1,1,0,1,1,1,0,0,0,0,0,1,0,0,1,0.470588235294118,5,8,14,1,9,2,7,16,10,6,15,4,17,13,11,3,12,"FloorSex","WallE",5,1,5,6,2,5,3,2,4,-0.32543262599266,-0.568257964429545,0.0336028946386019
"5f0a14c3d362030c483654a3","100","Sex_clip_1st",574,"Yes","20","5.829","flustered","2.865","aghast","3.285","hostile","5.439","amused","3.578","doubtful","4.179","aghast","5.8","tentative","2.481","embarrassed","6.879","preoccupied","5.888","panicked","18.512","cautious","3.345","affectionate","2.094","impatient","2.582","flirtatious","39.83","confident","25.969","distrustful","2.781","nervous",5,6,5,6,2,1,7,4,5,"","yes",19,"Male","Heterosexual or straight","","No","",", RMTE15, RMTE19, RMTE34, RMTE17, RMTE9, RMTE6, RMTE35, RMTE28, RMTE22, RMTE25, RMTE27, RMTE3, RMTE31, RMTE30, RMTE21, RMTE18, RMTE29","RMTE15|RMTE19|RMTE34|RMTE17|RMTE9|RMTE6|RMTE35|RMTE28|RMTE22","FL_104|FL_103|FL_95|FL_99|FL_100|FL_106|FL_108|FL_101","vidInstructionSex|BedroomOral","vidInstructionNeut|WallE","|sadness_1st|happy_1st|bored_1st|sex_arousal_1st","|happy_2nd|sex_arosal_2nd|sadness_2nd|bored_2nd",9.56666666666667,-0.326560133838122,0,0,0,0,1,0,1,0,1,0,1,0,0,1,1,1,1,0.470588235294118,12,6,5,1,4,16,2,15,9,10,11,8,17,14,13,3,7,"BedroomOral","WallE",6,1,5,7,6,4,2,5,5,0.145716101190743,-0.568257964429545,0.468200331964519
"5f15b22efbaf2b6b15daf53b","100","Neutral_clip_1st",528,"Yes","20","6.992","desire","5.768","impatient","3.949","hostile","4.456","contemplative","9.656","doubtful","4.666","amused","4.105","sarcastic","8.396","embarrassed","4.209","preoccupied","7.739","interested","7.135","arrogant","7.837","contented","7.598","reflective","3.005","flirtatious","8.906","confident","8.229","baffled","4.364","insisting",2,1,7,1,3,5,4,2,6,"","yes",31,"Male","Heterosexual or straight","","No","",", RMTE17, RMTE29, RMTE18, RMTE3, RMTE31, RMTE21, RMTE19, RMTE22, RMTE30, RMTE25, RMTE28, RMTE6, RMTE27, RMTE35, RMTE15, RMTE34, RMTE9","RMTE17|RMTE29|RMTE18|RMTE3|RMTE31|RMTE21|RMTE19|RMTE22|RMTE30","FL_104|FL_102|FL_112|FL_103|FL_97|FL_110|FL_98|FL_111","vidInstructionSex|SamTaylor","vidInstructionNeut|ModernFamily","|sadness_1st|happy_1st|bored_1st|sex_arousal_1st","|happy_2nd|sex_arosal_2nd|sadness_2nd|bored_2nd",8.8,-0.480079133177053,1,0,0,1,1,0,0,0,1,1,0,0,1,1,1,0,0,0.470588235294118,4,12,17,15,1,3,7,6,8,10,13,11,2,9,5,16,14,"SamTaylor","ModernFamily",5,1,4,7,2,1,6,3,4,-0.32543262599266,-0.568257964429545,0.0336028946386019
"5f160514e2a4062d2a0ded58","100","Sex_clip_1st",545,"Yes","20","5.835","desire","4.567","fantasizing","8.259","horrified","9.372","flustered","3.353","doubtful","4.906","bored","8.38","arrogant","4.609","fantasizing","4.714","imploring","3.064","interested","6.846","cautious","8.099","interested","4.414","impatient","5.399","flirtatious","8.803","confident","7.277","terrified","10.528","puzzled",4,3,5,1,5,1,4,3,5,"","yes",25,"Male","Heterosexual or straight","","No","",", RMTE9, RMTE34, RMTE31, RMTE17, RMTE30, RMTE28, RMTE27, RMTE35, RMTE22, RMTE3, RMTE18, RMTE25, RMTE6, RMTE15, RMTE21, RMTE19, RMTE29","RMTE9|RMTE34|RMTE31|RMTE17|RMTE30|RMTE28|RMTE27|RMTE35|RMTE22","FL_95|FL_108|FL_104|FL_112|FL_110|FL_106|FL_107|FL_101","vidInstructionSex|FloorSex","vidInstructionNeut|MadMen","|bored_1st|sex_arousal_1st|sadness_1st|happy_1st","|sadness_2nd|sex_arosal_2nd|bored_2nd|happy_2nd",9.08333333333333,-0.423343850812666,1,1,0,0,1,0,0,1,0,1,1,1,0,1,1,0,0,0.529411764705882,10,13,1,14,4,11,16,15,9,12,7,6,17,5,3,2,8,"FloorSex","MadMen",3,1,5,4,1,3,5,5,2,-1.26773008035947,-0.568257964429545,-0.835591980013232
"5f1c5f809780db094345862b","100","Sex_clip_1st",480,"Yes","20","5.279","desire","6.258","impatient","5.686","annoyed","3.669","contemplative","5.374","doubtful","5.966","decisive","5.18","tentative","5.523","fantasizing","10.754","preoccupied","6.894","incredulous","4.426","cautious","4.71","interested","6.289","reflective","4.762","flirtatious","3.598","confident","7.441","distrustful","7.305","insisting",4,6,5,5,4,4,5,5,5,"","yes",30,"Male","Heterosexual or straight","","No","",", RMTE22, RMTE9, RMTE19, RMTE15, RMTE27, RMTE21, RMTE34, RMTE28, RMTE29, RMTE25, RMTE17, RMTE6, RMTE31, RMTE35, RMTE18, RMTE3, RMTE30","RMTE22|RMTE9|RMTE19|RMTE15|RMTE27|RMTE21|RMTE34|RMTE28|RMTE29","FL_104|FL_109|FL_112|FL_99|FL_97|FL_108|FL_95|FL_100","vidInstructionSex|SamTaylor","vidInstructionNeut|ModernFamily","|sex_arousal_1st|bored_1st|happy_1st|sadness_1st","|happy_2nd|sex_arosal_2nd|sadness_2nd|bored_2nd",8,-0.640272871617677,1,0,0,1,1,1,1,1,1,0,1,1,1,1,1,1,0,0.764705882352941,16,12,2,4,11,15,3,6,1,10,5,8,9,17,13,7,14,"SamTaylor","ModernFamily",6,4,5,5,5,5,4,5,2,0.145716101190743,1.65138052750331,-0.835591980013232
"5f2bee3fa37b0b0132970ddc","100","Neutral_clip_1st",544,"Yes","20","7.616","convinced","5.156","impatient","6.759","preoccupied","4.2","contemplative","7.373","playful","4.828","decisive","4.879","tentative","4.717","fantasizing","4.494","preoccupied","7.982","interested","4.368","cautious","5.5","interested","4.787","reflective","4.852","flirtatious","4.873","confident","6.264","distrustful","4.526","nervous",5,3,5,2,4,6,5,2,3,"","yes",32,"Male","Heterosexual or straight","","No","",", RMTE17, RMTE18, RMTE29, RMTE35, RMTE28, RMTE21, RMTE15, RMTE25, RMTE9, RMTE31, RMTE30, RMTE3, RMTE34, RMTE22, RMTE27, RMTE19, RMTE6","RMTE17|RMTE18|RMTE29|RMTE35|RMTE28|RMTE21|RMTE15|RMTE25|RMTE9","FL_99|FL_100|FL_95|FL_98|FL_105|FL_103|FL_107|FL_112","vidInstructionSex|BedroomOral","vidInstructionNeut|MadMen","|bored_1st|happy_1st|sadness_1st|sex_arousal_1st","|bored_2nd|happy_2nd|sex_arosal_2nd|sadness_2nd",9.06666666666667,-0.426681220363512,0,0,1,1,0,1,1,1,1,1,1,1,1,1,1,1,1,0.823529411764706,12,17,9,7,1,2,16,6,14,8,15,5,3,11,10,13,4,"BedroomOral","MadMen",6,3,5,5,2,2,3,4,3,0.145716101190743,0.911501030192357,-0.400994542687315
"5f31233084da6004d4e59bc0","100","Sex_clip_1st",516,"Yes","20","4.974","desire","2.897","fantasizing","5.688","preoccupied","3.844","contemplative","3.49","doubtful","3.213","decisive","3.781","tentative","3.772","fantasizing","2.156","preoccupied","4.888","interested","4.207","arrogant","4.464","affectionate","3.374","reflective","2.715","flirtatious","61.824","confident","6.161","distrustful","5.881","insisting",7,3,5,1,7,3,6,1,4,"","yes",23,"Male","Heterosexual or straight","","No","",", RMTE35, RMTE34, RMTE28, RMTE27, RMTE9, RMTE21, RMTE30, RMTE22, RMTE19, RMTE17, RMTE6, RMTE29, RMTE18, RMTE25, RMTE15, RMTE3, RMTE31","RMTE35|RMTE34|RMTE28|RMTE27|RMTE9|RMTE21|RMTE30|RMTE22|RMTE19","FL_109|FL_112|FL_101|FL_108|FL_104|FL_110|FL_95|FL_99","vidInstructionSex|SamTaylor","vidInstructionNeut|ModernFamily","|sadness_1st|happy_1st|sex_arousal_1st|bored_1st","|sadness_2nd|sex_arosal_2nd|bored_2nd|happy_2nd",8.6,-0.520127567787209,1,1,1,1,1,1,1,1,1,1,0,0,1,1,1,1,0,0.823529411764706,16,11,5,15,10,13,9,6,8,14,4,3,12,7,17,2,1,"SamTaylor","ModernFamily",3,3,5,6,1,1,7,4,0,-1.26773008035947,0.911501030192357,-1.70478685466507
"5f32b0d801a19601268455b8","100","Neutral_clip_1st",822,"Yes","20","10.4","joking","13.668","fantasizing","11.392","annoyed","17.167","encouraging","7.44","playful","12.879","decisive","8.776","tentative","15","fantasizing","8.984","preoccupied","11.841","interested","8","cautious","17.097","interested","11.239","reflective","9.944","flirtatious","7.501","confident","10.134","baffled","16.046","nervous",4,3,7,1,2,9,9,1,1,"","yes",39,"Male","Heterosexual or straight","","No","",", RMTE15, RMTE6, RMTE18, RMTE3, RMTE28, RMTE9, RMTE30, RMTE29, RMTE27, RMTE22, RMTE35, RMTE19, RMTE21, RMTE31, RMTE17, RMTE25, RMTE34","RMTE15|RMTE6|RMTE18|RMTE3|RMTE28|RMTE9|RMTE30|RMTE29|RMTE27","FL_105|FL_97|FL_107|FL_106|FL_99|FL_109|FL_104|FL_98","vidInstructionSex|SamTaylor","vidInstructionNeut|MadMen","|bored_1st|happy_1st|sadness_1st|sex_arousal_1st","|sadness_2nd|bored_2nd|sex_arosal_2nd|happy_2nd",13.7,0.501107514771767,0,1,0,0,0,1,1,1,1,1,1,1,1,1,1,0,1,0.705882352941177,4,2,6,1,15,3,12,13,10,16,9,5,8,7,14,17,11,"SamTaylor","MadMen",9,3,9,7,1,1,1,2,6,1.55916228274095,0.911501030192357,0.902797769290436
"5f3e6a4c5ec7d106ce66d203","100","Neutral_clip_1st",628,"Yes","20","31.196","convinced","7.355","impatient","20.9","preoccupied","8.25","amused","8.312","playful","18.744","decisive","5.734","tentative","11.054","fantasizing","4.506","preoccupied","10.624","interested","6.258","cautious","8.948","interested","9.953","reflective","7.093","flirtatious","16.87","ashamed","8.832","distrustful","4.976","nervous",4,4,4,4,2,9,9,1,1,"","yes",40,"Male","Heterosexual or straight","","No","",", RMTE30, RMTE21, RMTE35, RMTE31, RMTE18, RMTE27, RMTE19, RMTE25, RMTE9, RMTE29, RMTE22, RMTE15, RMTE6, RMTE3, RMTE34, RMTE28, RMTE17","RMTE30|RMTE21|RMTE35|RMTE31|RMTE18|RMTE27|RMTE19|RMTE25|RMTE9","FL_101|FL_105|FL_110|FL_112|FL_95|FL_98|FL_102|FL_109","vidInstructionSex|BedroomOral","vidInstructionNeut|MadMen","|sex_arousal_1st|sadness_1st|bored_1st|happy_1st","|sadness_2nd|bored_2nd|sex_arosal_2nd|happy_2nd",10.4666666666667,-0.146342178092421,0,0,1,0,0,1,1,1,1,1,1,1,1,1,0,1,1,0.705882352941177,14,13,9,12,17,5,7,2,11,8,6,16,10,1,4,15,3,"BedroomOral","MadMen",9,4,9,4,1,4,1,2,5,1.55916228274095,1.65138052750331,0.468200331964519
"5f4d930dd8963da6dad9825c","100","Neutral_clip_1st",571,"Yes","20","6.73","desire","8.144","fantasizing","9.071","preoccupied","9.437","contemplative","8.503","doubtful","6.326","decisive","6.663","sarcastic","5.081","fantasizing","6.503","imploring","6.375","interested","11.54","arrogant","7.395","affectionate","11.739","irritated","4.369","flirtatious","8.794","confident","11.522","aghast","6.322","insisting",6,1,3,4,3,9,9,1,1,"","yes",43,"Male","Heterosexual or straight","","No","",", RMTE35, RMTE31, RMTE29, RMTE27, RMTE17, RMTE15, RMTE21, RMTE19, RMTE3, RMTE6, RMTE30, RMTE25, RMTE9, RMTE22, RMTE28, RMTE34, RMTE18","RMTE35|RMTE31|RMTE29|RMTE27|RMTE17|RMTE15|RMTE21|RMTE19|RMTE3","FL_112|FL_100|FL_104|FL_111|FL_105|FL_102|FL_98|FL_108","vidInstructionSex|FloorSex","vidInstructionNeut|WallE","|sex_arousal_1st|sadness_1st|bored_1st|happy_1st","|sadness_2nd|happy_2nd|sex_arosal_2nd|bored_2nd",9.51666666666667,-0.336572242490661,1,1,1,1,1,1,0,1,0,1,0,0,0,1,1,0,0,0.588235294117647,9,10,13,6,5,17,8,7,14,12,4,15,3,11,2,16,1,"FloorSex","WallE",9,1,9,3,1,4,1,3,8,1.55916228274095,-0.568257964429545,1.77199264394227
"5f6a309c9fbd7a0a1a014543","100","Sex_clip_1st",749,"Yes","20","6.911","desire","17.669","aghast","14.239","annoyed","8.2","encouraging","12.928","affectionate","5.609","decisive","60.306","sarcastic","8.71","fantasizing","11.449","grateful","6.908","interested","5.867","arrogant","5.557","interested","7.224","irritated","5.18","flirtatious","8.335","confident","5.767","terrified","21.583","nervous",5,7,6,2,4,4,5,3,7,"","yes",34,"Male","Heterosexual or straight","","No","",", RMTE9, RMTE6, RMTE22, RMTE3, RMTE28, RMTE30, RMTE31, RMTE19, RMTE34, RMTE17, RMTE18, RMTE15, RMTE25, RMTE21, RMTE35, RMTE29, RMTE27","RMTE9|RMTE6|RMTE22|RMTE3|RMTE28|RMTE30|RMTE31|RMTE19|RMTE34","FL_109|FL_108|FL_110|FL_104|FL_106|FL_97|FL_101|FL_103","vidInstructionSex|SamTaylor","vidInstructionNeut|ModernFamily","|happy_1st|sex_arousal_1st|bored_1st|sadness_1st","|bored_2nd|happy_2nd|sadness_2nd|sex_arosal_2nd",12.4833333333333,0.257479537559985,1,0,0,0,0,1,0,1,0,1,0,1,0,1,1,0,1,0.470588235294118,4,2,1,12,10,11,8,14,3,13,17,5,16,6,7,9,15,"SamTaylor","ModernFamily",7,4,6,5,2,3,4,7,3,0.616864828374147,1.65138052750331,-0.400994542687315
"5f6f31f7a28898067fb4c50f","100","Sex_clip_1st",487,"Yes","20","3.512","desire","3.65","fantasizing","3.89","preoccupied","2.821","contemplative","4.893","affectionate","5.043","decisive","8.166","tentative","3.43","fantasizing","10.787","preoccupied","9.547","despondent","3.434","arrogant","5.835","contented","3.112","irritated","4.745","flirtatious","9.972","confident","4.736","aghast","5.792","nervous",5,6,5,1,2,1,9,1,1,"","yes",21,"Male","Heterosexual or straight","","No","",", RMTE19, RMTE22, RMTE34, RMTE17, RMTE31, RMTE35, RMTE25, RMTE30, RMTE21, RMTE18, RMTE9, RMTE6, RMTE15, RMTE27, RMTE29, RMTE3, RMTE28","RMTE19|RMTE22|RMTE34|RMTE17|RMTE31|RMTE35|RMTE25|RMTE30|RMTE21","FL_108|FL_111|FL_112|FL_110|FL_103|FL_101|FL_95|FL_102","vidInstructionSex|BedroomOral","vidInstructionNeut|WallE","|sex_arousal_1st|happy_1st|bored_1st|sadness_1st","|sadness_2nd|bored_2nd|sex_arosal_2nd|happy_2nd",8.11666666666667,-0.616911284761753,1,1,1,1,0,1,1,1,1,0,0,0,0,1,1,0,1,0.647058823529412,16,12,11,13,4,10,1,9,2,7,14,17,15,8,5,3,6,"BedroomOral","WallE",6,1,5,9,1,1,2,1,5,0.145716101190743,-0.568257964429545,0.468200331964519
"5f8556b3fee3e7236b1f2d03","100","Neutral_clip_1st",460,"Yes","20","3.771","convinced","5.476","fantasizing","3.76","preoccupied","3.336","contemplative","7.133","playful","3.238","decisive","5.392","tentative","3.734","fantasizing","4.721","preoccupied","2.563","interested","4.831","cautious","3.678","contented","4.461","reflective","5.063","grateful","3.325","confident","8.035","distrustful","4.816","contemplative",6,1,6,1,1,7,6,1,1,"","yes",38,"Male","Heterosexual or straight","","No","",", RMTE17, RMTE6, RMTE9, RMTE27, RMTE25, RMTE34, RMTE21, RMTE35, RMTE28, RMTE29, RMTE22, RMTE31, RMTE30, RMTE15, RMTE3, RMTE19, RMTE18","RMTE17|RMTE6|RMTE9|RMTE27|RMTE25|RMTE34|RMTE21|RMTE35|RMTE28","FL_101|FL_105|FL_99|FL_100|FL_110|FL_95|FL_107|FL_108","vidInstructionSex|BedroomOral","vidInstructionNeut|WallE","|sadness_1st|bored_1st|sex_arousal_1st|happy_1st","|sex_arosal_2nd|sadness_2nd|bored_2nd|happy_2nd",7.66666666666667,-0.707020262634604,0,1,1,1,0,1,1,1,1,1,1,0,1,0,1,1,0,0.705882352941177,15,2,3,14,1,17,16,7,11,5,4,9,10,13,12,6,8,"BedroomOral","WallE",7,1,6,6,1,1,1,1,6,0.616864828374147,-0.568257964429545,0.902797769290436
"5fa3f95e37e424055200c834","100","Neutral_clip_1st",565,"Yes","20","9.891","desire","6.764","impatient","9.004","preoccupied","9.322","contemplative","8.29","doubtful","4.336","decisive","7.136","arrogant","9.67","fantasizing","5.243","preoccupied","9.162","interested","9.667","arrogant","33.692","interested","6.885","reflective","7.826","hostile","8.198","confident","7.773","distrustful","8.272","nervous",6,1,6,1,7,4,4,1,4,"","yes",31,"Male","Heterosexual or straight","","No","",", RMTE27, RMTE9, RMTE3, RMTE21, RMTE30, RMTE34, RMTE17, RMTE15, RMTE6, RMTE29, RMTE31, RMTE22, RMTE25, RMTE28, RMTE18, RMTE35, RMTE19","RMTE27|RMTE9|RMTE3|RMTE21|RMTE30|RMTE34|RMTE17|RMTE15|RMTE6","FL_101|FL_99|FL_105|FL_104|FL_102|FL_108|FL_97|FL_107","vidInstructionSex|SamTaylor","vidInstructionNeut|WallE","|sex_arousal_1st|bored_1st|happy_1st|sadness_1st","|sex_arosal_2nd|bored_2nd|sadness_2nd|happy_2nd",9.41666666666667,-0.356596459795739,1,0,1,1,1,1,0,1,1,1,0,1,1,0,1,1,1,0.764705882352941,3,9,2,8,7,15,17,4,12,13,1,14,10,5,11,6,16,"SamTaylor","WallE",4,1,4,6,1,1,4,7,3,-0.796581353176064,-0.568257964429545,-0.400994542687315
"5fb29577ca2ab98b170f5299","100","Sex_clip_1st",551,"Yes","20","10.71","desire","5.936","fantasizing","11.421","preoccupied","7.856","contemplative","7.862","doubtful","6.156","decisive","9.622","grateful","13.54","fantasizing","3.776","preoccupied","3.987","panicked","3.773","cautious","8.611","interested","9.99","irritated","4.236","flirtatious","4.352","confident","7.414","baffled","3.655","nervous",5,8,7,1,2,1,8,1,1,"","yes",33,"Male","Heterosexual or straight","","No","",", RMTE9, RMTE17, RMTE34, RMTE19, RMTE30, RMTE27, RMTE31, RMTE35, RMTE25, RMTE29, RMTE28, RMTE15, RMTE6, RMTE18, RMTE22, RMTE3, RMTE21","RMTE9|RMTE17|RMTE34|RMTE19|RMTE30|RMTE27|RMTE31|RMTE35|RMTE25","FL_101|FL_102|FL_110|FL_112|FL_108|FL_105|FL_95|FL_106","vidInstructionSex|FloorSex","vidInstructionNeut|WallE","|sex_arousal_1st|happy_1st|bored_1st|sadness_1st","|sadness_2nd|sex_arosal_2nd|happy_2nd|bored_2nd",9.18333333333333,-0.403319633507588,1,1,1,1,1,1,0,1,1,0,1,1,0,1,1,0,1,0.764705882352941,16,13,1,12,2,14,4,17,15,9,6,11,10,5,7,3,8,"FloorSex","WallE",8,1,7,8,1,1,2,1,7,1.08801355555755,-0.568257964429545,1.33739520661635
"5fbfd480aa43de2e41ef0e41","100","Sex_clip_1st",647,"Yes","20","8.7","convinced","7.189","fantasizing","6.219","preoccupied","7.396","contemplative","6.885","aghast","6.19","decisive","8.513","tentative","4.738","fantasizing","6.779","imploring","6.848","interested","3.306","cautious","4.985","interested","5.884","reflective","5.356","flirtatious","7.985","confident","5.577","distrustful","12.626","insisting",7,6,6,1,2,2,3,1,6,"","yes",29,"Male","Heterosexual or straight","","No","I was surprised to be watching porn in a survey study but I'd do it again",", RMTE35, RMTE3, RMTE18, RMTE17, RMTE27, RMTE9, RMTE34, RMTE25, RMTE6, RMTE22, RMTE28, RMTE21, RMTE30, RMTE19, RMTE31, RMTE15, RMTE29","RMTE35|RMTE3|RMTE18|RMTE17|RMTE27|RMTE9|RMTE34|RMTE25|RMTE6","FL_105|FL_102|FL_106|FL_100|FL_107|FL_99|FL_110|FL_101","vidInstructionSex|FloorSex","vidInstructionNeut|ModernFamily","|happy_1st|sex_arousal_1st|bored_1st|sadness_1st","|sex_arosal_2nd|sadness_2nd|bored_2nd|happy_2nd",10.7833333333333,-0.0829321566263405,0,1,1,1,0,1,1,1,0,1,1,1,1,1,1,1,0,0.764705882352941,2,9,6,16,4,3,14,12,10,8,5,11,17,13,15,7,1,"FloorSex","ModernFamily",6,2,6,3,1,1,2,6,4,0.145716101190743,0.171621532881406,0.0336028946386019
"5fcca7bf6a7182b003b32a36","100","Sex_clip_1st",1020,"Yes","20","13.543","desire","31.059","alarmed","24.983","preoccupied","52.062","contemplative","7.16","doubtful","43.969","decisive","18.446","grateful","20.018","confused","25.779","insisting","21.633","despondent","13.709","cautious","24.277","interested","24.228","reflective","13.41","hostile","54.702","confident","18.713","distrustful","68.011","nervous",6,3,5,1,3,1,5,2,7,"","yes",50,"Male","Heterosexual or straight","","No","",", RMTE29, RMTE19, RMTE31, RMTE15, RMTE35, RMTE17, RMTE30, RMTE28, RMTE3, RMTE22, RMTE34, RMTE25, RMTE27, RMTE9, RMTE6, RMTE21, RMTE18","RMTE29|RMTE19|RMTE31|RMTE15|RMTE35|RMTE17|RMTE30|RMTE28|RMTE3","FL_105|FL_98|FL_104|FL_103|FL_111|FL_112|FL_106|FL_108","vidInstructionSex|SamTaylor","vidInstructionNeut|MadMen","|bored_1st|sex_arousal_1st|happy_1st|sadness_1st","|happy_2nd|sadness_2nd|sex_arosal_2nd|bored_2nd",17,1.16190668583934,1,0,1,1,1,1,0,0,0,0,1,1,1,0,1,1,1,0.647058823529412,9,15,14,4,6,17,2,16,10,12,13,8,1,7,3,11,5,"SamTaylor","MadMen",3,1,5,5,1,2,3,7,2,-1.26773008035947,-0.568257964429545,-0.835591980013232
"5fe0b5ce0a5e7fa320d39a3a","100","Neutral_clip_1st",537,"Yes","20","7.984","desire","7.675","fantasizing","6.405","preoccupied","5.711","contemplative","5.043","affectionate","4.576","amused","6.482","sarcastic","5.773","fantasizing","6.853","imploring","5.803","interested","5.259","cautious","4.925","interested","5.935","irritated","5.073","flirtatious","4.784","confident","7.52","distrustful","10.822","puzzled",6,1,4,6,4,3,7,3,3,"","yes",38,"Male","Heterosexual or straight","","No","",", RMTE9, RMTE30, RMTE6, RMTE25, RMTE22, RMTE28, RMTE31, RMTE29, RMTE21, RMTE18, RMTE19, RMTE15, RMTE35, RMTE3, RMTE27, RMTE17, RMTE34","RMTE9|RMTE30|RMTE6|RMTE25|RMTE22|RMTE28|RMTE31|RMTE29|RMTE21","FL_108|FL_107|FL_110|FL_97|FL_95|FL_103|FL_109|FL_98","vidInstructionSex|FloorSex","vidInstructionNeut|WallE","|sadness_1st|happy_1st|bored_1st|sex_arousal_1st","|bored_2nd|happy_2nd|sex_arosal_2nd|sadness_2nd",8.95,-0.450042807219437,1,1,1,1,0,0,0,1,0,1,1,1,0,1,1,1,0,0.647058823529412,14,3,1,12,16,10,11,9,5,4,15,6,8,2,7,17,13,"FloorSex","WallE",3,1,7,4,3,6,3,4,2,-1.26773008035947,-0.568257964429545,-0.835591980013232
"5fe6ecb7f4e23353fbf24459","100","Neutral_clip_1st",839,"Yes","20","5.275","desire","5.269","fantasizing","4.916","preoccupied","7.09","encouraging","7.172","doubtful","8.342","decisive","4.519","tentative","6.914","fantasizing","8.101","imploring","7.178","interested","7.636","cautious","9.043","interested","8.115","reflective","5.148","flirtatious","6.633","confident","12.829","aghast","7.055","nervous",7,1,5,1,7,4,4,1,6,"","yes",40,"Male","Heterosexual or straight","","No","",", RMTE15, RMTE34, RMTE6, RMTE35, RMTE30, RMTE9, RMTE25, RMTE27, RMTE28, RMTE22, RMTE3, RMTE17, RMTE21, RMTE29, RMTE31, RMTE19, RMTE18","RMTE15|RMTE34|RMTE6|RMTE35|RMTE30|RMTE9|RMTE25|RMTE27|RMTE28","FL_105|FL_95|FL_109|FL_106|FL_101|FL_99|FL_107|FL_108","vidInstructionSex|BedroomOral","vidInstructionNeut|ModernFamily","|sex_arousal_1st|happy_1st|sadness_1st|bored_1st","|sex_arosal_2nd|happy_2nd|bored_2nd|sadness_2nd",13.9833333333333,0.557842797136154,1,1,1,0,1,1,1,1,0,1,1,1,1,1,1,0,1,0.823529411764706,11,3,6,1,12,17,16,13,10,7,8,9,14,5,15,2,4,"BedroomOral","ModernFamily",4,1,4,5,1,1,6,7,3,-0.796581353176064,-0.568257964429545,-0.400994542687315
"600534ebc2755738396c8490","100","Sex_clip_1st",498,"Yes","20","5.901","desire","6.373","impatient","4.15","preoccupied","5.777","contemplative","3.873","doubtful","7.285","bored","5.602","sarcastic","17.199","fantasizing","5.501","preoccupied","4.2","interested","3.9","cautious","6.257","interested","3.449","impatient","4.556","flirtatious","6.301","confident","7.581","distrustful","4.052","nervous",6,6,2,4,7,1,9,2,1,"","yes",31,"Male","Heterosexual or straight","","No","",", RMTE31, RMTE21, RMTE17, RMTE15, RMTE28, RMTE18, RMTE9, RMTE27, RMTE6, RMTE3, RMTE34, RMTE35, RMTE30, RMTE19, RMTE29, RMTE25, RMTE22","RMTE31|RMTE21|RMTE17|RMTE15|RMTE28|RMTE18|RMTE9|RMTE27|RMTE6","FL_95|FL_98|FL_97|FL_100|FL_107|FL_101|FL_104|FL_105","vidInstructionSex|FloorSex","vidInstructionNeut|WallE","|sadness_1st|bored_1st|happy_1st|sex_arousal_1st","|bored_2nd|sex_arosal_2nd|sadness_2nd|happy_2nd",8.3,-0.580200219702443,1,0,1,1,1,0,0,1,1,1,1,1,0,1,1,1,1,0.764705882352941,10,9,7,4,3,6,14,2,17,16,8,5,15,13,1,11,12,"FloorSex","WallE",6,1,2,9,4,2,7,1,5,0.145716101190743,-0.568257964429545,0.468200331964519
"60061a88cef0ed96c3a26e58","100","Neutral_clip_1st",586,"Yes","20","8.628","desire","8.748","fantasizing","6.1","preoccupied","7.081","contemplative","5.432","doubtful","14.515","decisive","11.071","tentative","7.664","fantasizing","13.44","preoccupied","9.007","interested","6.674","cautious","6.447","affectionate","6.841","reflective","4.839","flirtatious","6.402","confident","5.199","distrustful","4.376","puzzled",6,2,4,2,4,6,4,2,2,"","yes",40,"Male","Heterosexual or straight","","No","",", RMTE29, RMTE18, RMTE19, RMTE28, RMTE25, RMTE6, RMTE3, RMTE35, RMTE21, RMTE30, RMTE15, RMTE9, RMTE34, RMTE31, RMTE27, RMTE22, RMTE17","RMTE29|RMTE18|RMTE19|RMTE28|RMTE25|RMTE6|RMTE3|RMTE35|RMTE21","FL_100|FL_110|FL_111|FL_98|FL_99|FL_103|FL_105|FL_109","vidInstructionSex|BedroomOral","vidInstructionNeut|ModernFamily","|sadness_1st|bored_1st|sex_arousal_1st|happy_1st","|sadness_2nd|bored_2nd|happy_2nd|sex_arosal_2nd",9.76666666666667,-0.286511699227966,1,1,1,1,1,1,1,1,1,1,1,0,1,1,1,1,0,0.882352941176471,7,6,12,11,17,2,3,9,16,5,15,4,1,10,14,13,8,"BedroomOral","ModernFamily",6,2,4,4,2,2,2,4,4,0.145716101190743,0.171621532881406,0.0336028946386019
"60141b6091c56f38e4dd85e0","100","Sex_clip_1st",440,"Yes","20","5.45","convinced","4.634","fantasizing","3.29","preoccupied","3.11","contemplative","6.935","doubtful","3.722","decisive","4.427","tentative","4.239","fantasizing","3.689","preoccupied","3.144","interested","4.06","cautious","2.508","interested","2.362","reflective","5.461","flirtatious","2.521","confident","6.145","distrustful","3.322","nervous",6,4,2,1,5,1,3,6,4,"","yes",41,"Male","Heterosexual or straight","","No","",", RMTE19, RMTE25, RMTE28, RMTE15, RMTE31, RMTE17, RMTE21, RMTE3, RMTE22, RMTE30, RMTE34, RMTE29, RMTE27, RMTE9, RMTE35, RMTE6, RMTE18","RMTE19|RMTE25|RMTE28|RMTE15|RMTE31|RMTE17|RMTE21|RMTE3|RMTE22","FL_100|FL_98|FL_101|FL_103|FL_111|FL_97|FL_112|FL_108","vidInstructionSex|BedroomOral","vidInstructionNeut|MadMen","|bored_1st|sex_arousal_1st|sadness_1st|happy_1st","|sex_arosal_2nd|bored_2nd|happy_2nd|sadness_2nd",7.33333333333333,-0.77376765365153,0,1,1,1,1,1,1,1,1,1,1,1,1,1,1,1,1,0.941176470588235,8,16,14,4,6,17,1,7,9,2,13,3,12,10,5,11,15,"BedroomOral","MadMen",4,1,2,3,1,6,5,4,3,-0.796581353176064,-0.568257964429545,-0.400994542687315
"60151380a2273d594f63aae3","100","Sex_clip_1st",459,"Yes","20","13.643","desire","7.008","impatient","6.556","annoyed","3.705","contemplative","6.838","playful","4.942","bored","5.949","tentative","11.037","embarrassed","4.756","preoccupied","4.413","interested","5","arrogant","7.216","affectionate","8.364","reflective","3.842","flirtatious","5.414","confident","7.261","distrustful","3.895","nervous",6,6,5,4,3,3,5,3,7,"","yes",46,"Male","Heterosexual or straight","","No","",", RMTE17, RMTE19, RMTE30, RMTE25, RMTE31, RMTE29, RMTE34, RMTE35, RMTE3, RMTE21, RMTE28, RMTE15, RMTE22, RMTE9, RMTE18, RMTE27, RMTE6","RMTE17|RMTE19|RMTE30|RMTE25|RMTE31|RMTE29|RMTE34|RMTE35|RMTE3","FL_106|FL_102|FL_110|FL_105|FL_111|FL_108|FL_103|FL_112","vidInstructionSex|BedroomOral","vidInstructionNeut|WallE","|bored_1st|sex_arousal_1st|sadness_1st|happy_1st","|bored_2nd|sadness_2nd|happy_2nd|sex_arosal_2nd",7.65,-0.71035763218545,1,0,0,1,0,0,1,0,1,1,0,0,1,1,1,1,1,0.588235294117647,9,17,14,12,1,15,2,10,13,4,16,11,6,3,5,7,8,"BedroomOral","WallE",6,3,5,5,4,3,3,7,3,0.145716101190743,0.911501030192357,-0.400994542687315
"6019af2fccedd613b582048e","100","Neutral_clip_1st",592,"Yes","20","6.69","desire","6.181","impatient","9.424","preoccupied","8.696","encouraging","9.747","doubtful","11.155","aghast","6.113","tentative","6.921","fantasizing","10.869","preoccupied","16.493","interested","11.011","arrogant","11.895","affectionate","6.494","irritated","11.348","flirtatious","6.356","confident","4.885","distrustful","13.764","puzzled",6,1,6,1,4,6,6,1,5,"","yes",40,"Male","Heterosexual or straight","","No","",", RMTE30, RMTE31, RMTE29, RMTE18, RMTE34, RMTE21, RMTE15, RMTE27, RMTE22, RMTE19, RMTE25, RMTE17, RMTE3, RMTE9, RMTE35, RMTE6, RMTE28","RMTE30|RMTE31|RMTE29|RMTE18|RMTE34|RMTE21|RMTE15|RMTE27|RMTE22","FL_107|FL_104|FL_109|FL_95|FL_111|FL_97|FL_112|FL_102","vidInstructionSex|SamTaylor","vidInstructionNeut|WallE","|bored_1st|happy_1st|sadness_1st|sex_arousal_1st","|happy_2nd|sex_arosal_2nd|bored_2nd|sadness_2nd",9.86666666666667,-0.266487481922889,1,0,1,0,1,0,1,1,1,1,0,0,0,1,1,1,0,0.588235294117647,13,16,14,7,12,4,10,6,9,11,8,17,3,1,2,5,15,"SamTaylor","WallE",6,1,6,6,1,1,5,4,5,0.145716101190743,-0.568257964429545,0.468200331964519
"60392763efab5035af4abd8d","100","Neutral_clip_1st",669,"Yes","20","5.926","convinced","5.619","impatient","5.274","annoyed","4.07","contemplative","3.371","doubtful","3.661","decisive","6.995","tentative","5.992","fantasizing","3.724","preoccupied","4.765","interested","4.144","reassuring","5.792","interested","4.123","reflective","3.634","flirtatious","4.869","confident","5.506","baffled","5.304","nervous",5,1,5,2,1,7,5,1,1,"","yes",47,"Male","Heterosexual or straight","","No","Probably should have had a stronger warning about how explicit the video content would be. Doesn't particularly bother me, but might not be the same case for others. ",", RMTE28, RMTE3, RMTE17, RMTE29, RMTE9, RMTE25, RMTE30, RMTE35, RMTE18, RMTE6, RMTE15, RMTE19, RMTE31, RMTE22, RMTE27, RMTE21, RMTE34","RMTE28|RMTE3|RMTE17|RMTE29|RMTE9|RMTE25|RMTE30|RMTE35|RMTE18","FL_112|FL_110|FL_107|FL_99|FL_105|FL_103|FL_106|FL_98","vidInstructionSex|SamTaylor","vidInstructionNeut|MadMen","|sadness_1st|bored_1st|sex_arousal_1st|happy_1st","|happy_2nd|bored_2nd|sex_arosal_2nd|sadness_2nd",11.15,-0.00951002650772128,0,0,0,1,1,1,1,1,1,1,0,1,1,1,1,0,1,0.705882352941177,2,10,5,11,3,9,12,16,14,6,15,1,4,7,13,17,8,"SamTaylor","MadMen",7,1,5,5,1,2,1,1,6,0.616864828374147,-0.568257964429545,0.902797769290436
"603b436195e0007f3ea55bcb","100","Sex_clip_1st",560,"Yes","20","5.112","convinced","6.018","fantasizing","8.995","annoyed","3.296","contemplative","8.081","doubtful","6.863","bored","5.634","tentative","7.951","embarrassed","7.76","preoccupied","5.045","interested","5.854","cautious","6.542","interested","4.631","reflective","4.946","flirtatious","9.737","confident","11.404","distrustful","6.146","nervous",3,5,5,2,4,2,2,1,6,"","yes",31,"Male","Heterosexual or straight","","No","",", RMTE9, RMTE15, RMTE22, RMTE27, RMTE29, RMTE34, RMTE28, RMTE25, RMTE6, RMTE18, RMTE3, RMTE35, RMTE31, RMTE19, RMTE17, RMTE21, RMTE30","RMTE9|RMTE15|RMTE22|RMTE27|RMTE29|RMTE34|RMTE28|RMTE25|RMTE6","FL_108|FL_95|FL_97|FL_99|FL_107|FL_109|FL_106|FL_100","vidInstructionSex|FloorSex","vidInstructionNeut|MadMen","|happy_1st|sex_arousal_1st|bored_1st|sadness_1st","|sex_arosal_2nd|bored_2nd|sadness_2nd|happy_2nd",9.33333333333333,-0.373283307549971,0,1,0,1,1,0,1,0,1,1,1,1,1,1,1,1,1,0.764705882352941,11,9,1,2,15,10,14,16,3,8,4,7,5,17,13,6,12,"FloorSex","MadMen",5,2,5,2,2,1,4,6,3,-0.32543262599266,0.171621532881406,-0.400994542687315
"6050835a7dbf1e0d8bef47d0","100","Neutral_clip_1st",460,"Yes","20","4.157","desire","4.299","fantasizing","3.598","preoccupied","2.347","contemplative","5.554","playful","5.202","decisive","2.877","tentative","5.162","fantasizing","8.349","preoccupied","3.007","interested","4.664","cautious","5.92","interested","3.582","reflective","2.311","flirtatious","2.352","confident","3.959","distrustful","5.917","insisting",7,2,5,3,5,7,2,5,3,"","yes",23,"Male","Heterosexual or straight","","No","",", RMTE18, RMTE6, RMTE19, RMTE21, RMTE15, RMTE34, RMTE3, RMTE31, RMTE27, RMTE35, RMTE9, RMTE25, RMTE22, RMTE17, RMTE30, RMTE28, RMTE29","RMTE18|RMTE6|RMTE19|RMTE21|RMTE15|RMTE34|RMTE3|RMTE31|RMTE27","FL_97|FL_111|FL_104|FL_105|FL_109|FL_100|FL_102|FL_101","vidInstructionSex|BedroomOral","vidInstructionNeut|ModernFamily","|sadness_1st|sex_arousal_1st|bored_1st|happy_1st","|happy_2nd|bored_2nd|sex_arosal_2nd|sadness_2nd",7.66666666666667,-0.707020262634604,1,1,1,1,0,1,1,1,1,1,1,1,1,1,1,1,0,0.882352941176471,7,2,11,5,14,1,3,4,13,12,9,16,17,15,8,6,10,"BedroomOral","ModernFamily",7,2,2,5,5,3,3,5,5,0.616864828374147,0.171621532881406,0.468200331964519
"605ce891350e9be9205be25f","100","Neutral_clip_1st",830,"Yes","20","5.656","desire","4.847","fantasizing","5.296","preoccupied","9.392","contemplative","5.931","doubtful","7.154","decisive","5.93","sarcastic","9.196","fantasizing","9.571","preoccupied","6.351","interested","7.953","cautious","7.348","interested","7.61","impatient","4.577","flirtatious","5.623","confident","9.179","baffled","5.84","insisting",5,4,5,2,4,7,5,2,3,"","yes",25,"Male","Heterosexual or straight","","No","",", RMTE22, RMTE35, RMTE30, RMTE3, RMTE21, RMTE17, RMTE28, RMTE18, RMTE25, RMTE34, RMTE29, RMTE27, RMTE15, RMTE19, RMTE31, RMTE6, RMTE9","RMTE22|RMTE35|RMTE30|RMTE3|RMTE21|RMTE17|RMTE28|RMTE18|RMTE25","FL_98|FL_101|FL_103|FL_110|FL_107|FL_99|FL_112|FL_111","vidInstructionSex|BedroomOral","vidInstructionNeut|MadMen","|happy_1st|sex_arousal_1st|sadness_1st|bored_1st","|happy_2nd|bored_2nd|sadness_2nd|sex_arosal_2nd",13.8333333333333,0.527806471178537,1,1,1,1,1,1,0,1,1,1,1,1,0,1,1,0,0,0.764705882352941,4,16,17,13,6,8,14,5,1,9,12,7,11,3,15,10,2,"BedroomOral","MadMen",7,4,5,5,2,2,3,4,3,0.616864828374147,1.65138052750331,-0.400994542687315
"606041fc7e7b32b934840f3d","100","Sex_clip_1st",460,"Yes","20","7.377","desire","7.718","fantasizing","5.963","preoccupied","8.107","contemplative","7.235","playful","6.733","decisive","7.069","tentative","6.906","fantasizing","8.433","preoccupied","8.204","panicked","8.917","cautious","6.062","interested","7.352","irritated","4.804","flirtatious","7.19","confident","9.561","distrustful","7.09","nervous",4,8,7,2,2,2,5,4,6,"","yes",38,"Male","Heterosexual or straight","","No","",", RMTE27, RMTE22, RMTE3, RMTE29, RMTE28, RMTE25, RMTE31, RMTE30, RMTE35, RMTE17, RMTE9, RMTE18, RMTE34, RMTE21, RMTE19, RMTE15, RMTE6","RMTE27|RMTE22|RMTE3|RMTE29|RMTE28|RMTE25|RMTE31|RMTE30|RMTE35","FL_109|FL_111|FL_108|FL_98|FL_106|FL_107|FL_110|FL_112","vidInstructionSex|FloorSex","vidInstructionNeut|MadMen","|sadness_1st|happy_1st|bored_1st|sex_arousal_1st","|happy_2nd|sadness_2nd|bored_2nd|sex_arosal_2nd",7.66666666666667,-0.707020262634604,1,1,1,1,0,1,1,1,1,0,1,1,0,1,1,1,1,0.823529411764706,3,17,11,16,10,12,15,14,2,6,1,5,4,8,7,13,9,"FloorSex","MadMen",8,2,7,5,2,4,2,6,6,1.08801355555755,0.171621532881406,0.902797769290436
"606f5ff0429f650b3fa0c30d","100","Neutral_clip_1st",504,"Yes","20","8.457","convinced","3.41","fantasizing","4.14","preoccupied","4.022","contemplative","6.383","affectionate","6.081","amused","3.574","tentative","3.261","fantasizing","5.079","preoccupied","2.825","interested","6.415","cautious","3.65","interested","5.425","reflective","2.808","flirtatious","11.368","confident","5.387","baffled","7.651","nervous",6,1,7,3,7,7,6,2,4,"","Yes",37,"Male","Heterosexual or straight","","No","",", RMTE17, RMTE29, RMTE28, RMTE31, RMTE18, RMTE22, RMTE34, RMTE6, RMTE21, RMTE3, RMTE27, RMTE9, RMTE25, RMTE30, RMTE15, RMTE19, RMTE35","RMTE17|RMTE29|RMTE28|RMTE31|RMTE18|RMTE22|RMTE34|RMTE6|RMTE21","FL_95|FL_103|FL_111|FL_104|FL_100|FL_110|FL_107|FL_97","vidInstructionSex|FloorSex","vidInstructionNeut|WallE","|sadness_1st|bored_1st|sex_arousal_1st|happy_1st","|sadness_2nd|sex_arosal_2nd|happy_2nd|bored_2nd",8.4,-0.560176002397365,0,1,1,1,0,0,1,1,1,1,1,1,1,1,1,0,1,0.764705882352941,10,8,12,15,1,5,16,9,6,13,11,3,2,14,4,7,17,"FloorSex","WallE",7,1,6,7,2,3,4,7,6,0.616864828374147,-0.568257964429545,0.902797769290436
"607ace1ef6895f03a301b180","100","Sex_clip_1st",940,"Yes","20","7.101","desire","5.845","fantasizing","2.828","preoccupied","4.645","contemplative","4.943","doubtful","6.843","decisive","4.983","tentative","3.932","fantasizing","4.476","preoccupied","3.668","interested","3.905","cautious","6.401","interested","3.488","reflective","4.298","grateful","2.279","confident","4.871","distrustful","6.588","contemplative",6,2,2,5,3,1,7,6,2,"","yes",25,"Male","Heterosexual or straight","","No","",", RMTE35, RMTE6, RMTE22, RMTE19, RMTE34, RMTE27, RMTE28, RMTE17, RMTE15, RMTE3, RMTE9, RMTE25, RMTE18, RMTE21, RMTE31, RMTE29, RMTE30","RMTE35|RMTE6|RMTE22|RMTE19|RMTE34|RMTE27|RMTE28|RMTE17|RMTE15","FL_95|FL_111|FL_104|FL_108|FL_106|FL_99|FL_101|FL_100","vidInstructionSex|FloorSex","vidInstructionNeut|WallE","|happy_1st|sex_arousal_1st|sadness_1st|bored_1st","|happy_2nd|sex_arosal_2nd|bored_2nd|sadness_2nd",15.6666666666667,0.894917121771633,1,1,1,1,1,1,1,1,1,1,1,1,1,0,1,1,0,0.882352941176471,10,2,11,9,8,13,4,14,3,12,6,7,16,17,15,5,1,"FloorSex","WallE",2,1,2,7,5,6,3,2,1,-1.73887880754287,-0.568257964429545,-1.27018941733915
"607d57845883f98f5504265e","100","Sex_clip_1st",507,"Yes","20","10.987","convinced","10.427","aghast","10.089","preoccupied","9.058","contemplative","6.144","doubtful","10.428","decisive","12.427","sarcastic","8.722","fantasizing","9.172","imploring","22.627","interested","8.001","cautious","9.748","affectionate","9.775","reflective","13.634","flirtatious","14.466","confident","9.815","distrustful","12.023","insisting",5,5,4,1,5,4,3,1,4,"","Yes",45,"Male","Heterosexual or straight","","No","",", RMTE31, RMTE30, RMTE28, RMTE3, RMTE27, RMTE25, RMTE21, RMTE6, RMTE34, RMTE29, RMTE15, RMTE17, RMTE9, RMTE18, RMTE19, RMTE22, RMTE35","RMTE31|RMTE30|RMTE28|RMTE3|RMTE27|RMTE25|RMTE21|RMTE6|RMTE34","FL_101|FL_110|FL_109|FL_111|FL_108|FL_107|FL_105|FL_97","vidInstructionSex|SamTaylor","vidInstructionNeut|ModernFamily","|happy_1st|sadness_1st|sex_arousal_1st|bored_1st","|sex_arosal_2nd|sadness_2nd|bored_2nd|happy_2nd",8.45,-0.550163893744826,0,0,1,1,1,1,0,1,0,1,1,0,1,1,1,1,0,0.647058823529412,4,8,13,11,12,14,15,7,16,6,5,3,10,2,1,9,17,"SamTaylor","ModernFamily",5,4,4,3,1,1,5,4,1,-0.32543262599266,1.65138052750331,-1.27018941733915
"607f441b91a96d298ca2d347","100","Sex_clip_1st",595,"Yes","20","9.797","desire","8.361","fantasizing","6.333","preoccupied","5.116","contemplative","11.633","doubtful","6.284","decisive","5.494","tentative","7.217","fantasizing","6.872","preoccupied","6.817","interested","7.467","cautious","7.746","interested","6.073","reflective","4.704","flirtatious","7.017","confident","9.245","distrustful","20.664","nervous",6,3,3,1,5,5,3,1,3,"","yes",49,"Male","Heterosexual or straight","","No","",", RMTE35, RMTE28, RMTE25, RMTE27, RMTE6, RMTE22, RMTE17, RMTE18, RMTE3, RMTE15, RMTE31, RMTE34, RMTE21, RMTE29, RMTE9, RMTE30, RMTE19","RMTE35|RMTE28|RMTE25|RMTE27|RMTE6|RMTE22|RMTE17|RMTE18|RMTE3","FL_110|FL_99|FL_98|FL_106|FL_101|FL_111|FL_100|FL_107","vidInstructionSex|FloorSex","vidInstructionNeut|ModernFamily","|bored_1st|sex_arousal_1st|happy_1st|sadness_1st","|sex_arosal_2nd|happy_2nd|sadness_2nd|bored_2nd",9.91666666666667,-0.25647537327035,1,1,1,1,1,1,1,1,1,1,1,1,1,1,1,1,1,1,9,5,15,10,7,8,17,13,6,3,4,2,14,16,11,12,1,"FloorSex","ModernFamily",3,5,3,3,1,1,5,3,-2,-1.26773008035947,2.39126002481426,-2.5739817293169
"608702d7661a76c56f62a02a","100","Neutral_clip_1st",604,"Yes","20","9.903","desire","7.335","fantasizing","10.156","hostile","5.58","contemplative","6.711","doubtful","6.399","decisive","5.638","tentative","6.602","embarrassed","6.392","imploring","6.489","interested","8.798","reassuring","7.821","interested","5.548","irritated","6.052","flirtatious","6.277","confident","7.209","baffled","10.175","insisting",3,1,7,7,3,6,1,9,2,"","Yes",39,"Male","Heterosexual or straight","","No","",", RMTE28, RMTE6, RMTE34, RMTE22, RMTE29, RMTE21, RMTE17, RMTE30, RMTE25, RMTE3, RMTE31, RMTE19, RMTE15, RMTE18, RMTE35, RMTE9, RMTE27","RMTE28|RMTE6|RMTE34|RMTE22|RMTE29|RMTE21|RMTE17|RMTE30|RMTE25","FL_95|FL_99|FL_107|FL_110|FL_108|FL_97|FL_111|FL_103","vidInstructionSex|BedroomOral","vidInstructionNeut|WallE","|bored_1st|sadness_1st|happy_1st|sex_arousal_1st","|bored_2nd|happy_2nd|sadness_2nd|sex_arosal_2nd",10.0666666666667,-0.226439047312733,1,1,0,1,1,1,1,0,0,1,0,1,0,1,1,0,0,0.588235294117647,10,2,16,13,7,14,12,6,4,9,17,1,5,8,11,3,15,"BedroomOral","WallE",6,1,1,7,9,7,2,3,5,0.145716101190743,-0.568257964429545,0.468200331964519
"60880d750f3dead09c7acfac","100","Neutral_clip_1st",498,"Yes","20","4.549","convinced","9.285","impatient","6.311","preoccupied","4.72","contemplative","5.487","playful","4.044","decisive","5.014","tentative","5.978","fantasizing","4.014","preoccupied","5.375","incredulous","3.033","cautious","5.301","interested","4.215","reflective","3.461","flirtatious","4.854","confident","5.661","distrustful","4.759","nervous",6,1,8,1,1,6,7,1,1,"","yes",22,"Male","Heterosexual or straight","","No","",", RMTE17, RMTE28, RMTE25, RMTE34, RMTE15, RMTE35, RMTE18, RMTE27, RMTE22, RMTE21, RMTE30, RMTE3, RMTE9, RMTE29, RMTE6, RMTE19, RMTE31","RMTE17|RMTE28|RMTE25|RMTE34|RMTE15|RMTE35|RMTE18|RMTE27|RMTE22","FL_106|FL_100|FL_95|FL_111|FL_101|FL_112|FL_107|FL_99","vidInstructionSex|BedroomOral","vidInstructionNeut|WallE","|bored_1st|sex_arousal_1st|sadness_1st|happy_1st","|bored_2nd|happy_2nd|sex_arosal_2nd|sadness_2nd",8.3,-0.580200219702443,0,0,1,1,0,1,1,1,1,0,1,1,1,1,1,1,1,0.764705882352941,12,15,13,5,1,7,16,10,9,3,8,2,14,11,17,4,6,"BedroomOral","WallE",6,1,7,8,1,1,1,1,5,0.145716101190743,-0.568257964429545,0.468200331964519
"608a819e422962d2b619603d","100","Neutral_clip_1st",555,"Yes","20","4.508","desire","7.035","fantasizing","8.731","preoccupied","4.186","contemplative","5.791","doubtful","4.644","decisive","5.849","tentative","4.824","fantasizing","6.573","preoccupied","6.074","despondent","6.791","cautious","5.185","interested","4.701","reflective","3.621","flirtatious","8.587","ashamed","4.905","distrustful","5.365","contemplative",3,1,8,1,5,6,6,1,4,"","yes",22,"Male","Heterosexual or straight","","No","",", RMTE35, RMTE19, RMTE29, RMTE21, RMTE3, RMTE34, RMTE18, RMTE15, RMTE17, RMTE27, RMTE28, RMTE31, RMTE9, RMTE6, RMTE22, RMTE25, RMTE30","RMTE35|RMTE19|RMTE29|RMTE21|RMTE3|RMTE34|RMTE18|RMTE15|RMTE17","FL_103|FL_102|FL_99|FL_111|FL_112|FL_105|FL_104|FL_100","vidInstructionSex|BedroomOral","vidInstructionNeut|WallE","|happy_1st|sex_arousal_1st|bored_1st|sadness_1st","|happy_2nd|sex_arosal_2nd|bored_2nd|sadness_2nd",9.25,-0.389970155304203,1,1,1,1,1,1,1,1,1,0,1,1,1,1,0,1,0,0.823529411764706,5,14,13,8,9,7,2,4,15,16,10,11,3,17,12,6,1,"BedroomOral","WallE",6,1,6,8,1,1,4,5,5,0.145716101190743,-0.568257964429545,0.468200331964519
"6094cc2deb3209eb991a7a3f","100","Neutral_clip_1st",1031,"Yes","20","8.575","desire","15.014","fantasizing","6.749","preoccupied","4.342","amused","8.527","doubtful","6.443","decisive","17.698","arrogant","8.429","fantasizing","7.473","preoccupied","11.223","interested","10.486","cautious","11.356","interested","6.266","reflective","4.515","flirtatious","8.862","confident","16.621","distrustful","18.971","insisting",3,1,4,2,4,5,6,1,2,"","yes",44,"Male","Heterosexual or straight","","No","",", RMTE21, RMTE25, RMTE27, RMTE28, RMTE3, RMTE34, RMTE35, RMTE9, RMTE15, RMTE17, RMTE31, RMTE22, RMTE18, RMTE19, RMTE30, RMTE29, RMTE6","RMTE21|RMTE25|RMTE27|RMTE28|RMTE3|RMTE34|RMTE35|RMTE9|RMTE15","FL_109|FL_99|FL_105|FL_108|FL_107|FL_100|FL_101|FL_112","vidInstructionSex|BedroomOral","vidInstructionNeut|WallE","|bored_1st|sadness_1st|happy_1st|sex_arousal_1st","|bored_2nd|sadness_2nd|happy_2nd|sex_arosal_2nd",17.1833333333333,1.19861775089865,1,1,1,0,1,1,0,1,1,1,1,1,1,1,1,1,0,0.823529411764706,5,17,8,9,10,13,14,1,12,2,3,4,16,15,11,6,7,"BedroomOral","WallE",5,1,6,4,1,2,2,4,4,-0.32543262599266,-0.568257964429545,0.0336028946386019
"6094f14e5f0014a68821c2c1","100","Sex_clip_1st",663,"Yes","20","8.197","desire","8.732","impatient","11.085","annoyed","7.879","contemplative","13.616","playful","8.341","decisive","9.894","sarcastic","9.826","fantasizing","7.089","preoccupied","10.955","interested","7.915","cautious","8.139","interested","8.29","irritated","8.828","flirtatious","7.124","joking","14.747","baffled","7.427","nervous",4,5,5,1,6,1,8,2,1,"","yes",41,"Male","Heterosexual or straight","","No","",", RMTE17, RMTE34, RMTE6, RMTE9, RMTE18, RMTE21, RMTE35, RMTE29, RMTE30, RMTE25, RMTE22, RMTE19, RMTE28, RMTE31, RMTE15, RMTE27, RMTE3","RMTE17|RMTE34|RMTE6|RMTE9|RMTE18|RMTE21|RMTE35|RMTE29|RMTE30","FL_104|FL_105|FL_107|FL_102|FL_99|FL_110|FL_103|FL_95","vidInstructionSex|SamTaylor","vidInstructionNeut|WallE","|bored_1st|sadness_1st|sex_arousal_1st|happy_1st","|happy_2nd|sex_arosal_2nd|sadness_2nd|bored_2nd",11.05,-0.0295342438127992,1,0,0,1,0,1,0,1,1,1,1,1,0,1,0,0,1,0.588235294117647,17,3,4,15,1,5,12,6,11,10,16,13,8,9,14,2,7,"SamTaylor","WallE",5,1,5,8,1,2,6,1,4,-0.32543262599266,-0.568257964429545,0.0336028946386019
"60a01bddb46da7ba873647b4","100","Neutral_clip_1st",615,"Yes","20","5.288","desire","9.596","impatient","3.447","annoyed","4.361","contemplative","6.71","aghast","7.446","aghast","10.476","tentative","7.072","fantasizing","3.218","preoccupied","9.951","interested","6.417","cautious","7.982","interested","7.12","reflective","7.618","hostile","6.754","confident","6.28","terrified","5.522","nervous",5,1,7,1,1,6,5,3,5,"","yes",24,"Male","Heterosexual or straight","","No","",", RMTE25, RMTE34, RMTE31, RMTE30, RMTE28, RMTE21, RMTE35, RMTE27, RMTE15, RMTE6, RMTE17, RMTE19, RMTE3, RMTE29, RMTE18, RMTE9, RMTE22","RMTE25|RMTE34|RMTE31|RMTE30|RMTE28|RMTE21|RMTE35|RMTE27|RMTE15","FL_112|FL_109|FL_107|FL_95|FL_101|FL_108|FL_111|FL_105","vidInstructionSex|BedroomOral","vidInstructionNeut|WallE","|happy_1st|sadness_1st|sex_arousal_1st|bored_1st","|sadness_2nd|bored_2nd|happy_2nd|sex_arosal_2nd",10.25,-0.189727982253423,1,0,0,1,0,0,1,1,1,1,1,1,1,0,1,0,1,0.647058823529412,13,10,16,9,11,15,12,6,17,1,8,5,14,4,3,2,7,"BedroomOral","WallE",6,1,5,7,3,1,5,1,5,0.145716101190743,-0.568257964429545,0.468200331964519
"60abec02335b7be9cb42c01c","100","Neutral_clip_1st",791,"Yes","20","16.619","convinced","9.322","fantasizing","16.382","preoccupied","11.132","contemplative","11.612","doubtful","12.713","bored","8.755","tentative","11.013","fantasizing","10.726","preoccupied","24.368","interested","10.818","cautious","11.437","interested","6.262","reflective","9.905","flirtatious","16.393","confident","17.551","baffled","9.831","nervous",7,2,7,3,2,7,3,3,2,"","yes",50,"Male","Heterosexual or straight","","No","",", RMTE30, RMTE28, RMTE17, RMTE34, RMTE15, RMTE22, RMTE31, RMTE9, RMTE19, RMTE27, RMTE25, RMTE35, RMTE21, RMTE29, RMTE3, RMTE6, RMTE18","RMTE30|RMTE28|RMTE17|RMTE34|RMTE15|RMTE22|RMTE31|RMTE9|RMTE19","FL_103|FL_104|FL_97|FL_106|FL_101|FL_95|FL_112|FL_108","vidInstructionSex|BedroomOral","vidInstructionNeut|MadMen","|happy_1st|sadness_1st|sex_arousal_1st|bored_1st","|bored_2nd|happy_2nd|sadness_2nd|sex_arosal_2nd",13.1833333333333,0.397649058695531,0,1,1,1,1,0,1,1,1,1,1,1,1,1,1,0,1,0.823529411764706,15,16,8,5,3,17,9,13,6,11,10,2,14,1,7,4,12,"BedroomOral","MadMen",7,2,3,7,3,3,2,2,5,0.616864828374147,0.171621532881406,0.468200331964519
"60acb27d9223b045a5175907","100","Neutral_clip_1st",583,"Yes","20","11.823","convinced","10.58","alarmed","3.318","preoccupied","3.309","contemplative","5.211","doubtful","4.381","decisive","3.388","tentative","6.481","fantasizing","4.895","preoccupied","52.119","interested","4.799","cautious","3.273","interested","3.729","reflective","9.972","grateful","2.991","confident","5.908","distrustful","4.785","nervous",6,1,4,3,3,4,4,1,4,"","yes",27,"Male","Heterosexual or straight","","No","",", RMTE3, RMTE30, RMTE21, RMTE29, RMTE6, RMTE9, RMTE31, RMTE35, RMTE22, RMTE34, RMTE15, RMTE25, RMTE27, RMTE19, RMTE28, RMTE17, RMTE18","RMTE3|RMTE30|RMTE21|RMTE29|RMTE6|RMTE9|RMTE31|RMTE35|RMTE22","FL_98|FL_110|FL_104|FL_103|FL_107|FL_102|FL_109|FL_108","vidInstructionSex|BedroomOral","vidInstructionNeut|MadMen","|sex_arousal_1st|sadness_1st|happy_1st|bored_1st","|bored_2nd|sadness_2nd|happy_2nd|sex_arosal_2nd",9.71666666666667,-0.296523807880505,0,0,1,1,1,1,1,1,1,1,1,1,1,0,1,1,1,0.823529411764706,1,5,6,11,16,17,14,3,9,12,13,15,4,2,7,10,8,"BedroomOral","MadMen",4,1,4,4,1,3,4,3,3,-0.796581353176064,-0.568257964429545,-0.400994542687315
"60b3a96992ed9ff79208cd7a","100","Sex_clip_1st",553,"Yes","20","7.716","desire","7.922","fantasizing","4.68","preoccupied","4.196","contemplative","15.416","doubtful","7.172","decisive","7.194","grateful","7.023","fantasizing","4.874","preoccupied","4.974","interested","4.31","cautious","5.55","interested","4.268","reflective","4.948","flirtatious","3.742","confident","11.734","distrustful","6.111","nervous",7,8,1,1,8,1,1,1,1,"","yes",20,"Male","Heterosexual or straight","","No","",", RMTE17, RMTE28, RMTE22, RMTE30, RMTE27, RMTE18, RMTE21, RMTE6, RMTE19, RMTE25, RMTE35, RMTE9, RMTE31, RMTE34, RMTE3, RMTE15, RMTE29","RMTE17|RMTE28|RMTE22|RMTE30|RMTE27|RMTE18|RMTE21|RMTE6|RMTE19","FL_104|FL_97|FL_111|FL_99|FL_98|FL_95|FL_110|FL_101","vidInstructionSex|SamTaylor","vidInstructionNeut|MadMen","|sadness_1st|bored_1st|happy_1st|sex_arousal_1st","|happy_2nd|sex_arosal_2nd|sadness_2nd|bored_2nd",9.21666666666667,-0.396644894405895,1,1,1,1,1,1,0,1,1,1,1,1,1,1,1,1,1,0.941176470588235,15,8,12,16,1,6,9,7,3,10,5,2,17,4,13,14,11,"SamTaylor","MadMen",8,1,1,1,1,1,8,1,7,1.08801355555755,-0.568257964429545,1.33739520661635
"60b3d51e5faeb57cea9ecda6","100","Neutral_clip_1st",594,"Yes","20","8.944","convinced","7.242","impatient","8.226","preoccupied","11.745","contemplative","2.616","aghast","3.612","decisive","4.08","tentative","25.823","fantasizing","2.695","preoccupied","11.217","interested","6.384","cautious","14.898","interested","3.517","reflective","8.996","grateful","6.586","confident","12.943","distrustful","6.887","contemplative",5,1,5,1,5,1,1,1,9,"","yes",34,"Male","Heterosexual or straight","","No","",", RMTE28, RMTE34, RMTE9, RMTE15, RMTE21, RMTE6, RMTE35, RMTE3, RMTE27, RMTE30, RMTE19, RMTE31, RMTE18, RMTE22, RMTE25, RMTE17, RMTE29","RMTE28|RMTE34|RMTE9|RMTE15|RMTE21|RMTE6|RMTE35|RMTE3|RMTE27","FL_100|FL_107|FL_99|FL_108|FL_105|FL_104|FL_109|FL_101","vidInstructionSex|BedroomOral","vidInstructionNeut|ModernFamily","|sadness_1st|bored_1st|sex_arousal_1st|happy_1st","|sadness_2nd|sex_arosal_2nd|happy_2nd|bored_2nd",9.9,-0.259812742821196,0,0,1,1,0,1,1,1,1,1,1,1,1,0,1,1,0,0.705882352941177,8,6,3,4,16,13,11,5,14,15,9,1,17,10,12,2,7,"BedroomOral","ModernFamily",1,1,1,5,1,1,9,5,0,-2.21002753472628,-0.568257964429545,-1.70478685466507
"60b66b3233fc1b842f516cee","100","Sex_clip_1st",599,"Yes","20","5.069","desire","5.316","fantasizing","6.813","preoccupied","7.186","contemplative","8.786","doubtful","6.759","decisive","4.896","tentative","16.361","fantasizing","8.403","preoccupied","4.319","interested","3.895","cautious","4.986","interested","10.171","irritated","4.285","flirtatious","5.277","confident","5.65","distrustful","8.573","insisting",4,7,5,5,2,3,7,3,2,"","yes",23,"Male","Heterosexual or straight","","No","",", RMTE34, RMTE31, RMTE35, RMTE9, RMTE29, RMTE17, RMTE18, RMTE3, RMTE15, RMTE21, RMTE22, RMTE27, RMTE19, RMTE30, RMTE6, RMTE28, RMTE25","RMTE34|RMTE31|RMTE35|RMTE9|RMTE29|RMTE17|RMTE18|RMTE3|RMTE15","FL_106|FL_105|FL_103|FL_107|FL_100|FL_112|FL_102|FL_104","vidInstructionSex|FloorSex","vidInstructionNeut|ModernFamily","|sadness_1st|sex_arousal_1st|bored_1st|happy_1st","|bored_2nd|happy_2nd|sadness_2nd|sex_arosal_2nd",9.98333333333333,-0.243125895066964,1,1,1,1,1,1,1,1,1,1,1,1,0,1,1,1,0,0.882352941176471,8,15,4,9,6,7,13,10,11,17,12,16,5,14,2,1,3,"FloorSex","ModernFamily",7,3,5,7,5,3,2,2,4,0.616864828374147,0.911501030192357,0.0336028946386019
"60b781b3e731a3ac2c60949e","100","Neutral_clip_1st",632,"Yes","20","16.912","desire","18.039","impatient","7.168","preoccupied","11.679","contemplative","10.786","doubtful","14.356","decisive","9.82","grateful","4.307","fantasizing","4.551","preoccupied","5.888","incredulous","15.197","cautious","4.945","interested","11.095","reflective","5.56","flirtatious","7.636","joking","20.524","distrustful","4.954","nervous",5,1,8,2,2,3,3,1,6,"","yes",35,"Male","Heterosexual or straight","","No","",", RMTE27, RMTE21, RMTE28, RMTE18, RMTE31, RMTE19, RMTE3, RMTE22, RMTE30, RMTE29, RMTE25, RMTE9, RMTE15, RMTE6, RMTE17, RMTE34, RMTE35","RMTE27|RMTE21|RMTE28|RMTE18|RMTE31|RMTE19|RMTE3|RMTE22|RMTE30","FL_101|FL_104|FL_111|FL_110|FL_112|FL_109|FL_98|FL_97","vidInstructionSex|SamTaylor","vidInstructionNeut|WallE","|sex_arousal_1st|sadness_1st|happy_1st|bored_1st","|bored_2nd|happy_2nd|sex_arosal_2nd|sadness_2nd",10.5333333333333,-0.132992699889035,1,0,1,1,1,1,0,1,1,0,1,1,1,1,0,1,1,0.764705882352941,7,14,12,13,15,4,6,2,8,11,1,3,10,9,5,16,17,"SamTaylor","WallE",3,1,3,8,1,2,6,2,2,-1.26773008035947,-0.568257964429545,-0.835591980013232
"60b8ba78d542997c6da77923","100","Sex_clip_1st",677,"Yes","20","3.774","desire","6.745","fantasizing","46.381","preoccupied","13.618","contemplative","5.649","doubtful","7.148","decisive","36.152","tentative","6.569","fantasizing","6.823","preoccupied","9.441","interested","49.619","arrogant","7.436","contented","4.167","reflective","3.005","flirtatious","8.664","confident","9.401","aghast","4.814","nervous",6,8,7,1,1,1,5,5,8,"","yes",32,"Male","Heterosexual or straight","","No","Interesting survey",", RMTE15, RMTE34, RMTE25, RMTE22, RMTE28, RMTE17, RMTE29, RMTE18, RMTE31, RMTE19, RMTE21, RMTE9, RMTE27, RMTE3, RMTE35, RMTE6, RMTE30","RMTE15|RMTE34|RMTE25|RMTE22|RMTE28|RMTE17|RMTE29|RMTE18|RMTE31","FL_107|FL_106|FL_111|FL_103|FL_95|FL_97|FL_112|FL_100","vidInstructionSex|SamTaylor","vidInstructionNeut|MadMen","|sadness_1st|sex_arousal_1st|happy_1st|bored_1st","|sadness_2nd|happy_2nd|bored_2nd|sex_arosal_2nd",11.2833333333333,0.0171889298990493,1,1,1,1,1,1,1,1,1,1,0,0,1,1,1,0,1,0.823529411764706,14,16,12,1,6,8,10,11,4,3,13,5,7,17,9,2,15,"SamTaylor","MadMen",8,1,7,5,1,5,1,8,7,1.08801355555755,-0.568257964429545,1.33739520661635
"60b9f19d122c7adf0c37899c","100","Sex_clip_1st",880,"Yes","20","4.922","desire","5.49","alarmed","5.136","horrified","5.173","contemplative","5.765","aghast","6.447","decisive","7.389","grateful","5.133","fantasizing","5.655","preoccupied","6.04","incredulous","4.598","cautious","5.786","interested","4.244","reflective","5.451","flirtatious","5.957","ashamed","4.809","distrustful","3.75","nervous",4,7,6,1,1,1,5,4,3,"","yes",40,"Male","Heterosexual or straight","","No","",", RMTE19, RMTE29, RMTE28, RMTE27, RMTE6, RMTE34, RMTE15, RMTE30, RMTE9, RMTE3, RMTE18, RMTE31, RMTE17, RMTE25, RMTE35, RMTE21, RMTE22","RMTE19|RMTE29|RMTE28|RMTE27|RMTE6|RMTE34|RMTE15|RMTE30|RMTE9","FL_95|FL_108|FL_99|FL_109|FL_104|FL_97|FL_106|FL_105","vidInstructionSex|BedroomOral","vidInstructionNeut|WallE","|sadness_1st|happy_1st|sex_arousal_1st|bored_1st","|sadness_2nd|sex_arosal_2nd|happy_2nd|bored_2nd",14.6666666666667,0.694674948720854,1,0,0,1,0,1,0,1,1,0,1,1,1,1,0,1,1,0.647058823529412,10,5,9,7,13,11,1,16,17,14,4,3,2,8,12,6,15,"BedroomOral","WallE",7,1,6,5,1,4,1,3,6,0.616864828374147,-0.568257964429545,0.902797769290436
"60d3136e74b1871646e72544","100","Neutral_clip_1st",595,"Yes","20","5.06","desire","7.013","impatient","5.749","preoccupied","7.713","contemplative","8.362","affectionate","3.815","bored","100.075","sarcastic","4.768","fantasizing","5.209","preoccupied","4.808","interested","7.124","reassuring","2.949","interested","3.521","irritated","12.77","flirtatious","6.255","dispirited","10.587","distrustful","7.585","insisting",4,1,4,6,5,6,5,3,3,"","Yes",44,"Male","Heterosexual or straight","","No","None",", RMTE30, RMTE9, RMTE25, RMTE22, RMTE6, RMTE15, RMTE17, RMTE35, RMTE27, RMTE19, RMTE3, RMTE34, RMTE21, RMTE28, RMTE29, RMTE31, RMTE18","RMTE30|RMTE9|RMTE25|RMTE22|RMTE6|RMTE15|RMTE17|RMTE35|RMTE27","FL_107|FL_95|FL_98|FL_106|FL_102|FL_101|FL_99|FL_108","vidInstructionSex|BedroomOral","vidInstructionNeut|WallE","|sadness_1st|happy_1st|bored_1st|sex_arousal_1st","|happy_2nd|sadness_2nd|bored_2nd|sex_arosal_2nd",9.91666666666667,-0.25647537327035,1,0,1,1,0,0,0,1,1,1,0,1,0,1,0,1,0,0.529411764705882,11,5,2,6,7,17,10,13,4,3,9,14,15,1,16,12,8,"BedroomOral","WallE",6,1,5,4,3,6,3,5,5,0.145716101190743,-0.568257964429545,0.468200331964519
"60d557b55c55abe0ab9dc3f7","100","Neutral_clip_1st",548,"Yes","20","7.739","desire","6.754","fantasizing","9.904","preoccupied","5.416","contemplative","6.76","doubtful","7.498","bored","6.08","tentative","13.216","fantasizing","8.202","preoccupied","9.812","interested","4.332","cautious","6.403","interested","3.92","reflective","5.513","flirtatious","8.081","confident","5.347","distrustful","8.029","nervous",4,1,2,6,3,9,6,1,1,"","yes",46,"Male","Heterosexual or straight","","No","",", RMTE25, RMTE9, RMTE3, RMTE31, RMTE17, RMTE18, RMTE22, RMTE21, RMTE35, RMTE34, RMTE29, RMTE15, RMTE6, RMTE30, RMTE27, RMTE28, RMTE19","RMTE25|RMTE9|RMTE3|RMTE31|RMTE17|RMTE18|RMTE22|RMTE21|RMTE35","FL_98|FL_101|FL_110|FL_112|FL_100|FL_103|FL_102|FL_107","vidInstructionSex|BedroomOral","vidInstructionNeut|MadMen","|sadness_1st|bored_1st|happy_1st|sex_arousal_1st","|happy_2nd|bored_2nd|sadness_2nd|sex_arosal_2nd",9.13333333333333,-0.413331742160127,1,1,1,1,1,0,1,1,1,1,1,1,1,1,1,1,1,0.941176470588235,3,13,2,12,5,6,17,8,7,1,15,16,11,14,4,10,9,"BedroomOral","MadMen",9,1,6,2,1,6,1,3,8,1.55916228274095,-0.568257964429545,1.77199264394227
"60de1499bd710c6413edcfa0","100","Neutral_clip_1st",755,"Yes","20","16.601","desire","8.075","impatient","10.047","preoccupied","5.941","contemplative","12.904","doubtful","8.742","decisive","22.493","tentative","16.834","fantasizing","14.455","preoccupied","75.675","incredulous","14.705","cautious","23.445","interested","10.996","impatient","6.904","flirtatious","7.396","confident","6.391","distrustful","9.828","nervous",4,2,2,2,4,6,2,3,3,"","yes",20,"Male","Heterosexual or straight","","No","",", RMTE27, RMTE3, RMTE22, RMTE29, RMTE9, RMTE31, RMTE30, RMTE21, RMTE18, RMTE35, RMTE15, RMTE19, RMTE17, RMTE28, RMTE6, RMTE25, RMTE34","RMTE27|RMTE3|RMTE22|RMTE29|RMTE9|RMTE31|RMTE30|RMTE21|RMTE18","FL_97|FL_110|FL_107|FL_109|FL_102|FL_112|FL_104|FL_98","vidInstructionSex|FloorSex","vidInstructionNeut|MadMen","|happy_1st|sadness_1st|sex_arousal_1st|bored_1st","|bored_2nd|happy_2nd|sex_arosal_2nd|sadness_2nd",12.5833333333333,0.277503754865063,1,0,1,1,1,1,1,1,1,0,1,1,0,1,1,1,1,0.823529411764706,2,15,5,11,13,9,12,8,3,16,1,14,4,7,6,17,10,"FloorSex","MadMen",6,2,2,2,3,2,3,4,4,0.145716101190743,0.171621532881406,0.0336028946386019
"60e7500d96306badfcd21726","100","Sex_clip_1st",530,"Yes","20","7.205","desire","7.257","aghast","6.657","preoccupied","6.988","contemplative","3.934","doubtful","4.885","decisive","6.966","tentative","4.288","fantasizing","6.404","preoccupied","6.844","interested","7.485","cautious","5.741","interested","5.127","reflective","4.744","flirtatious","4.22","confident","5.601","distrustful","6.399","nervous",6,6,6,5,4,1,6,3,3,"","yes",22,"Male","Heterosexual or straight","","No","",", RMTE15, RMTE18, RMTE25, RMTE19, RMTE21, RMTE6, RMTE29, RMTE3, RMTE17, RMTE35, RMTE30, RMTE27, RMTE28, RMTE9, RMTE22, RMTE31, RMTE34","RMTE15|RMTE18|RMTE25|RMTE19|RMTE21|RMTE6|RMTE29|RMTE3|RMTE17","FL_97|FL_100|FL_103|FL_102|FL_111|FL_105|FL_99|FL_98","vidInstructionSex|FloorSex","vidInstructionNeut|MadMen","|bored_1st|sadness_1st|sex_arousal_1st|happy_1st","|bored_2nd|sadness_2nd|sex_arosal_2nd|happy_2nd",8.83333333333333,-0.473404394075361,1,0,1,1,1,1,1,1,1,1,1,1,1,1,1,1,1,0.941176470588235,8,6,14,1,9,2,4,5,15,3,12,13,7,11,16,17,10,"FloorSex","MadMen",6,1,6,6,5,3,4,3,5,0.145716101190743,-0.568257964429545,0.468200331964519
"60f9c455fbb032d20d4f88ee","100","Sex_clip_1st",541,"Yes","20","5.903","flustered","3.543","fantasizing","5.412","preoccupied","3.996","contemplative","8.625","affectionate","3.824","decisive","4.692","tentative","3.173","fantasizing","4.108","preoccupied","5.072","interested","6.766","arrogant","3.601","affectionate","4.774","reflective","5.902","flirtatious","4.294","confident","6.501","aghast","6.132","contemplative",6,7,6,1,1,1,4,1,7,"","Yes",29,"Male","Heterosexual or straight","","No","",", RMTE17, RMTE34, RMTE35, RMTE28, RMTE27, RMTE9, RMTE6, RMTE15, RMTE25, RMTE30, RMTE21, RMTE3, RMTE31, RMTE18, RMTE22, RMTE19, RMTE29","RMTE17|RMTE34|RMTE35|RMTE28|RMTE27|RMTE9|RMTE6|RMTE15|RMTE25","FL_100|FL_106|FL_95|FL_99|FL_108|FL_105|FL_107|FL_101","vidInstructionSex|SamTaylor","vidInstructionNeut|MadMen","|happy_1st|bored_1st|sadness_1st|sex_arousal_1st","|happy_2nd|bored_2nd|sex_arosal_2nd|sadness_2nd",9.01666666666667,-0.436693329016051,0,1,1,1,0,1,1,1,1,1,0,0,1,1,1,0,0,0.647058823529412,12,7,6,8,1,14,16,11,15,9,5,4,17,10,13,2,3,"SamTaylor","MadMen",7,1,6,4,1,1,1,7,6,0.616864828374147,-0.568257964429545,0.902797769290436
"60fbf4a93bcce0548755ae7d","100","Sex_clip_1st",509,"Yes","20","3.787","desire","4.298","fantasizing","5.042","preoccupied","4.153","amused","3.762","doubtful","3.573","decisive","5.059","sarcastic","5.014","fantasizing","3.369","preoccupied","3.694","despondent","5.852","cautious","7.05","interested","4.925","irritated","3.555","flirtatious","4.156","confident","4.304","distrustful","3.721","nervous",7,6,6,1,5,1,4,2,9,"","yes",29,"Male","Heterosexual or straight","","No","",", RMTE19, RMTE9, RMTE29, RMTE18, RMTE31, RMTE3, RMTE21, RMTE17, RMTE6, RMTE28, RMTE22, RMTE15, RMTE30, RMTE35, RMTE27, RMTE34, RMTE25","RMTE19|RMTE9|RMTE29|RMTE18|RMTE31|RMTE3|RMTE21|RMTE17|RMTE6","FL_102|FL_105|FL_110|FL_100|FL_97|FL_103|FL_98|FL_104","vidInstructionSex|FloorSex","vidInstructionNeut|ModernFamily","|bored_1st|sadness_1st|happy_1st|sex_arousal_1st","|happy_2nd|bored_2nd|sex_arosal_2nd|sadness_2nd",8.48333333333333,-0.543489154643134,1,1,1,0,1,1,0,1,1,0,1,1,0,1,1,1,1,0.764705882352941,6,9,2,12,8,4,1,7,11,17,15,10,3,13,5,16,14,"FloorSex","ModernFamily",6,1,6,4,1,2,5,9,5,0.145716101190743,-0.568257964429545,0.468200331964519
"60ff1f78061fc7decaf31f11","100","Neutral_clip_1st",1074,"Yes","20","17.449","desire","10.605","fantasizing","17.235","preoccupied","30.353","amused","10.788","doubtful","10.562","bored","17.713","tentative","9.802","fantasizing","13.34","preoccupied","16.288","despondent","19.651","arrogant","16.723","contented","13.177","reflective","19.382","disappointed","7.493","confident","15.746","distrustful","11.521","nervous",6,2,5,3,4,8,6,2,4,"","yes",29,"Male","Heterosexual or straight","","No","",", RMTE9, RMTE19, RMTE27, RMTE17, RMTE3, RMTE34, RMTE6, RMTE21, RMTE35, RMTE15, RMTE31, RMTE25, RMTE18, RMTE22, RMTE28, RMTE29, RMTE30","RMTE9|RMTE19|RMTE27|RMTE17|RMTE3|RMTE34|RMTE6|RMTE21|RMTE35","FL_110|FL_99|FL_104|FL_108|FL_105|FL_102|FL_101|FL_100","vidInstructionSex|SamTaylor","vidInstructionNeut|ModernFamily","|sadness_1st|sex_arousal_1st|happy_1st|bored_1st","|sadness_2nd|bored_2nd|happy_2nd|sex_arosal_2nd",17.9,1.34212464158504,1,1,1,0,1,0,1,1,1,0,0,0,1,0,1,1,1,0.647058823529412,5,7,1,10,4,13,2,8,14,12,3,15,16,17,11,6,9,"SamTaylor","ModernFamily",8,2,6,5,2,3,4,4,6,1.08801355555755,0.171621532881406,0.902797769290436
"6110f1bc14e664835c64782c","100","Neutral_clip_1st",648,"Yes","20","23.28","desire","7.142","fantasizing","6.164","preoccupied","5.083","contemplative","4.296","doubtful","4.482","decisive","6.831","arrogant","5.987","fantasizing","5.552","preoccupied","5.266","interested","5.554","cautious","5.204","interested","4.32","reflective","3.053","flirtatious","5.719","confident","5.934","distrustful","9.021","insisting",7,1,7,1,3,5,6,1,2,"","Yes",45,"Male","Heterosexual or straight","","No","",", RMTE15, RMTE19, RMTE28, RMTE22, RMTE9, RMTE35, RMTE31, RMTE3, RMTE27, RMTE34, RMTE25, RMTE6, RMTE21, RMTE17, RMTE29, RMTE30, RMTE18","RMTE15|RMTE19|RMTE28|RMTE22|RMTE9|RMTE35|RMTE31|RMTE3|RMTE27","FL_98|FL_104|FL_112|FL_106|FL_109|FL_101|FL_100|FL_108","vidInstructionSex|SamTaylor","vidInstructionNeut|WallE","|bored_1st|sex_arousal_1st|happy_1st|sadness_1st","|sadness_2nd|sex_arosal_2nd|bored_2nd|happy_2nd",10.8,-0.0795947870754942,1,1,1,1,1,1,0,1,1,1,1,1,1,1,1,1,0,0.882352941176471,8,12,5,1,14,17,2,13,4,11,9,3,15,16,7,10,6,"SamTaylor","WallE",5,1,6,7,1,1,2,3,4,-0.32543262599266,-0.568257964429545,0.0336028946386019
"6119388f5fe8289efc3627e1","100","Sex_clip_1st",550,"Yes","20","11.747","flustered","11.783","impatient","7.826","preoccupied","5.052","contemplative","9.012","aghast","3.764","decisive","5.806","tentative","7.493","fantasizing","4.16","preoccupied","9.042","panicked","11.139","cautious","9.214","interested","8.635","irritated","8.426","flirtatious","4.029","confident","16.788","distrustful","14.607","insisting",5,9,8,1,2,1,7,2,4,"","yes",25,"Male","Heterosexual or straight","","No","",", RMTE35, RMTE31, RMTE30, RMTE3, RMTE22, RMTE34, RMTE28, RMTE21, RMTE6, RMTE27, RMTE15, RMTE29, RMTE9, RMTE19, RMTE25, RMTE18, RMTE17","RMTE35|RMTE31|RMTE30|RMTE3|RMTE22|RMTE34|RMTE28|RMTE21|RMTE6","FL_103|FL_110|FL_101|FL_111|FL_107|FL_104|FL_108|FL_109","vidInstructionSex|BedroomOral","vidInstructionNeut|WallE","|bored_1st|sadness_1st|happy_1st|sex_arousal_1st","|sex_arosal_2nd|bored_2nd|sadness_2nd|happy_2nd",9.16666666666667,-0.406657003058434,0,0,1,1,0,1,1,1,1,0,1,1,0,1,1,1,0,0.647058823529412,4,9,13,11,17,16,14,8,5,15,10,7,12,3,2,6,1,"BedroomOral","WallE",9,1,8,7,1,2,2,4,8,1.55916228274095,-0.568257964429545,1.77199264394227
"611bffab59fd7dbcffe2b71e","100","Neutral_clip_1st",676,"Yes","20","5.816","desire","10.437","fantasizing","5.206","hostile","9.987","contemplative","9.536","affectionate","17.689","decisive","3.828","tentative","6.699","fantasizing","10.441","imploring","7.347","despondent","10.742","arrogant","11.821","interested","21.523","impatient","9.443","flirtatious","9.05","confident","6.468","distrustful","8.68","nervous",7,1,3,4,3,9,3,2,1,"","yes",22,"Male","Heterosexual or straight","","No","",", RMTE30, RMTE25, RMTE15, RMTE3, RMTE21, RMTE31, RMTE28, RMTE29, RMTE18, RMTE34, RMTE17, RMTE27, RMTE6, RMTE22, RMTE19, RMTE9, RMTE35","RMTE30|RMTE25|RMTE15|RMTE3|RMTE21|RMTE31|RMTE28|RMTE29|RMTE18","FL_98|FL_109|FL_103|FL_112|FL_105|FL_107|FL_111|FL_97","vidInstructionSex|SamTaylor","vidInstructionNeut|ModernFamily","|bored_1st|sadness_1st|happy_1st|sex_arousal_1st","|bored_2nd|sex_arosal_2nd|sadness_2nd|happy_2nd",11.2666666666667,0.013851560348203,1,1,0,1,0,1,1,1,0,0,0,1,0,1,1,1,1,0.647058823529412,4,13,16,3,11,9,15,5,14,2,12,7,8,1,6,10,17,"SamTaylor","ModernFamily",9,1,3,3,2,4,1,3,8,1.55916228274095,-0.568257964429545,1.77199264394227
"6120c023cb6c71071b3727d9","100","Neutral_clip_1st",569,"Yes","20","18.997","convinced","11.519","fantasizing","3.273","preoccupied","9.859","contemplative","10.407","doubtful","6.681","decisive","10.535","tentative","6.669","fantasizing","7.074","preoccupied","4.059","interested","8.026","cautious","9.364","interested","14.466","reflective","6.651","flirtatious","14.254","dispirited","8.373","distrustful","6.658","nervous",6,1,6,2,2,9,8,1,1,"","yes",36,"Male","Heterosexual or straight","","No","",", RMTE28, RMTE21, RMTE6, RMTE15, RMTE3, RMTE18, RMTE22, RMTE30, RMTE29, RMTE34, RMTE17, RMTE27, RMTE35, RMTE9, RMTE25, RMTE19, RMTE31","RMTE28|RMTE21|RMTE6|RMTE15|RMTE3|RMTE18|RMTE22|RMTE30|RMTE29","FL_98|FL_109|FL_103|FL_97|FL_111|FL_104|FL_107|FL_99","vidInstructionSex|FloorSex","vidInstructionNeut|MadMen","|happy_1st|sex_arousal_1st|sadness_1st|bored_1st","|happy_2nd|sadness_2nd|bored_2nd|sex_arosal_2nd",9.48333333333333,-0.343246981592354,0,1,1,1,1,1,1,1,1,1,1,1,1,1,0,1,1,0.882352941176471,5,3,14,4,11,6,16,2,7,15,12,1,9,8,17,10,13,"FloorSex","MadMen",9,1,8,6,1,2,1,2,8,1.55916228274095,-0.568257964429545,1.77199264394227
"612f905387eaaafc5eba274e","100","Sex_clip_1st",519,"Yes","20","4.583","desire","6.029","impatient","3.528","hostile","5.566","amused","5.649","doubtful","3.468","amused","4.696","tentative","4.148","fantasizing","7.042","imploring","4.251","interested","6.101","cautious","6.742","interested","4.094","impatient","6.189","flirtatious","9.096","confident","3.404","terrified","4.908","nervous",7,3,5,5,7,1,6,1,9,"","Yes",28,"Male","Heterosexual or straight","","No","",", RMTE19, RMTE15, RMTE9, RMTE28, RMTE27, RMTE18, RMTE29, RMTE17, RMTE25, RMTE34, RMTE22, RMTE6, RMTE21, RMTE3, RMTE31, RMTE35, RMTE30","RMTE19|RMTE15|RMTE9|RMTE28|RMTE27|RMTE18|RMTE29|RMTE17|RMTE25","FL_98|FL_105|FL_112|FL_106|FL_95|FL_99|FL_97|FL_100","vidInstructionSex|FloorSex","vidInstructionNeut|MadMen","|sex_arousal_1st|happy_1st|bored_1st|sadness_1st","|happy_2nd|bored_2nd|sex_arosal_2nd|sadness_2nd",8.65,-0.51011545913467,1,0,0,0,1,0,1,1,0,1,1,1,0,1,1,0,1,0.588235294117647,14,12,3,2,8,6,1,13,11,9,5,4,7,17,15,10,16,"FloorSex","MadMen",3,1,5,6,5,1,7,9,2,-1.26773008035947,-0.568257964429545,-0.835591980013232
"61305cc302df53e557ab3cf9","100","Neutral_clip_1st",474,"Yes","20","5.667","joking","5.381","impatient","4.8","preoccupied","8.25","contemplative","4.978","playful","4.395","decisive","6.596","tentative","3.452","fantasizing","5.915","preoccupied","5.424","interested","6.563","joking","6.04","affectionate","4.265","reflective","4.303","flirtatious","3.901","confident","7.087","distrustful","4.799","insisting",3,2,4,2,4,7,5,2,2,"","yes",41,"Male","Heterosexual or straight","","No","",", RMTE15, RMTE19, RMTE22, RMTE35, RMTE28, RMTE25, RMTE30, RMTE6, RMTE18, RMTE21, RMTE34, RMTE3, RMTE17, RMTE27, RMTE31, RMTE9, RMTE29","RMTE15|RMTE19|RMTE22|RMTE35|RMTE28|RMTE25|RMTE30|RMTE6|RMTE18","FL_106|FL_98|FL_95|FL_109|FL_103|FL_99|FL_111|FL_101","vidInstructionSex|SamTaylor","vidInstructionNeut|MadMen","|sex_arousal_1st|bored_1st|sadness_1st|happy_1st","|sex_arosal_2nd|bored_2nd|happy_2nd|sadness_2nd",7.9,-0.660297088922755,0,0,1,1,0,1,1,1,1,1,0,0,1,1,1,1,0,0.647058823529412,12,8,16,1,13,9,2,10,3,6,14,5,17,7,15,11,4,"SamTaylor","MadMen",7,2,5,4,2,2,2,4,5,0.616864828374147,0.171621532881406,0.468200331964519
"61350f4a8794d1429580cf5e","100","Sex_clip_1st",543,"Yes","20","7.349","desire","6.559","fantasizing","5.346","preoccupied","13.497","amused","6.273","doubtful","10.387","bored","8.888","tentative","7.939","fantasizing","5.485","preoccupied","6.338","interested","6.214","cautious","9.909","interested","5.149","reflective","4.888","flirtatious","7.915","confident","9.849","distrustful","10.591","nervous",6,9,8,2,2,5,9,1,2,"","yes",43,"Male","Heterosexual or straight","","No","",", RMTE15, RMTE34, RMTE28, RMTE35, RMTE18, RMTE31, RMTE21, RMTE17, RMTE19, RMTE25, RMTE30, RMTE6, RMTE29, RMTE27, RMTE9, RMTE22, RMTE3","RMTE15|RMTE34|RMTE28|RMTE35|RMTE18|RMTE31|RMTE21|RMTE17|RMTE19","FL_104|FL_100|FL_112|FL_101|FL_103|FL_111|FL_105|FL_95","vidInstructionSex|BedroomOral","vidInstructionNeut|ModernFamily","|happy_1st|sadness_1st|sex_arousal_1st|bored_1st","|sadness_2nd|happy_2nd|sex_arosal_2nd|bored_2nd",9.05,-0.430018589914359,1,1,1,0,1,0,1,1,1,1,1,1,1,1,1,1,1,0.882352941176471,17,12,15,1,8,5,9,7,16,10,14,3,13,11,6,2,4,"BedroomOral","ModernFamily",9,5,8,9,2,1,2,2,4,1.55916228274095,2.39126002481426,0.0336028946386019
"6137e8f606da0457071cbcfc","100","Neutral_clip_1st",627,"Yes","20","9.033","desire","6.342","fantasizing","8.446","preoccupied","9.596","contemplative","11.034","doubtful","17.072","decisive","11.988","sarcastic","10.074","fantasizing","7.672","preoccupied","7.261","interested","7.229","cautious","10.956","contented","10.759","impatient","8.386","flirtatious","12.602","ashamed","7.199","distrustful","6.684","insisting",4,1,7,1,2,8,7,1,1,"","Yes",32,"Male","Heterosexual or straight","","No","",", RMTE18, RMTE19, RMTE17, RMTE6, RMTE30, RMTE21, RMTE25, RMTE22, RMTE29, RMTE9, RMTE3, RMTE27, RMTE34, RMTE28, RMTE35, RMTE15, RMTE31","RMTE18|RMTE19|RMTE17|RMTE6|RMTE30|RMTE21|RMTE25|RMTE22|RMTE29","FL_111|FL_95|FL_103|FL_98|FL_102|FL_97|FL_110|FL_99","vidInstructionSex|BedroomOral","vidInstructionNeut|WallE","|bored_1st|sex_arousal_1st|happy_1st|sadness_1st","|sadness_2nd|bored_2nd|happy_2nd|sex_arosal_2nd",10.45,-0.149679547643267,1,1,1,1,1,1,0,1,1,1,1,0,0,1,0,1,0,0.705882352941177,11,4,10,16,3,1,2,6,8,7,12,14,9,5,17,13,15,"BedroomOral","WallE",8,1,7,7,1,1,1,2,7,1.08801355555755,-0.568257964429545,1.33739520661635
"6141abfe07640458877654f3","100","Neutral_clip_1st",1484,"Yes","20","11.291","desire","11.326","fantasizing","9.324","hostile","9.882","contemplative","20.394","doubtful","12.641","decisive","8.945","tentative","55.49","embarrassed","7.098","insisting","15.502","incredulous","14.652","arrogant","19.704","interested","13.062","irritated","5.406","flirtatious","11.127","confident","20.086","distrustful","17.868","contemplative",4,4,4,5,7,8,6,3,3,"","yes",19,"Male","Heterosexual or straight","","No","",", RMTE35, RMTE17, RMTE34, RMTE3, RMTE9, RMTE30, RMTE27, RMTE15, RMTE18, RMTE19, RMTE6, RMTE28, RMTE22, RMTE31, RMTE21, RMTE25, RMTE29","RMTE35|RMTE17|RMTE34|RMTE3|RMTE9|RMTE30|RMTE27|RMTE15|RMTE18","FL_107|FL_112|FL_102|FL_105|FL_99|FL_106|FL_104|FL_101","vidInstructionSex|FloorSex","vidInstructionNeut|MadMen","|bored_1st|happy_1st|sex_arousal_1st|sadness_1st","|happy_2nd|bored_2nd|sex_arosal_2nd|sadness_2nd",24.7333333333333,2.71044615743204,1,1,0,1,1,1,1,0,0,0,0,1,0,1,1,1,0,0.588235294117647,4,11,5,8,2,9,10,15,13,16,7,12,17,6,14,3,1,"FloorSex","MadMen",8,4,6,4,3,5,3,7,4,1.08801355555755,1.65138052750331,0.0336028946386019
"6141fcf7f766e824a68ec466","100","Sex_clip_1st",547,"Yes","20","4.024","desire","7.767","fantasizing","3.484","hostile","4.075","contemplative","3.969","doubtful","3.844","decisive","5.78","tentative","6.126","fantasizing","4.557","insisting","3.128","interested","3.601","cautious","2.4","interested","4.083","aghast","3.788","flirtatious","7.804","confident","7.576","distrustful","2.914","nervous",5,4,5,1,6,1,2,5,4,"","yes",24,"Male","Heterosexual or straight","","No","",", RMTE29, RMTE31, RMTE21, RMTE25, RMTE17, RMTE34, RMTE9, RMTE3, RMTE28, RMTE15, RMTE6, RMTE30, RMTE35, RMTE22, RMTE18, RMTE19, RMTE27","RMTE29|RMTE31|RMTE21|RMTE25|RMTE17|RMTE34|RMTE9|RMTE3|RMTE28","FL_110|FL_112|FL_100|FL_97|FL_105|FL_108|FL_107|FL_103","vidInstructionSex|BedroomOral","vidInstructionNeut|MadMen","|bored_1st|sex_arousal_1st|happy_1st|sadness_1st","|happy_2nd|bored_2nd|sadness_2nd|sex_arosal_2nd",9.11666666666667,-0.416669111710973,1,1,0,1,1,1,1,1,0,1,1,1,0,1,1,1,1,0.823529411764706,8,11,7,10,5,15,16,3,14,4,17,9,1,12,2,6,13,"BedroomOral","MadMen",4,1,5,2,1,5,6,4,3,-0.796581353176064,-0.568257964429545,-0.400994542687315
"614afe29d2edbc484f004cc6","100","Neutral_clip_1st",660,"Yes","20","9.896","desire","9.302","fantasizing","9.956","preoccupied","8.874","contemplative","11.347","doubtful","14.074","decisive","9.712","tentative","10.193","fantasizing","9.677","preoccupied","10.177","interested","7.606","cautious","8.789","interested","9.352","reflective","8.183","flirtatious","9.952","confident","11.094","terrified","8.701","nervous",7,4,8,2,5,6,6,1,2,"","yes",33,"Male","Heterosexual or straight","","No","",", RMTE28, RMTE27, RMTE6, RMTE30, RMTE22, RMTE34, RMTE17, RMTE9, RMTE19, RMTE15, RMTE3, RMTE21, RMTE35, RMTE18, RMTE25, RMTE29, RMTE31","RMTE28|RMTE27|RMTE6|RMTE30|RMTE22|RMTE34|RMTE17|RMTE9|RMTE19","FL_110|FL_95|FL_106|FL_97|FL_108|FL_104|FL_101|FL_99","vidInstructionSex|FloorSex","vidInstructionNeut|MadMen","|happy_1st|bored_1st|sadness_1st|sex_arousal_1st","|sadness_2nd|bored_2nd|sex_arosal_2nd|happy_2nd",11,-0.0395463524653382,1,1,1,1,1,1,1,1,1,1,1,1,1,1,1,0,1,0.941176470588235,11,3,8,10,7,14,9,12,5,15,2,1,16,4,17,6,13,"FloorSex","MadMen",6,4,6,8,1,2,2,5,2,0.145716101190743,1.65138052750331,-0.835591980013232
"614b9cde622292bcec6d477d","100","Neutral_clip_1st",619,"Yes","20","6.087","desire","8.429","impatient","8.252","preoccupied","15.649","encouraging","7.959","playful","5.348","aghast","8.669","sarcastic","7.616","fantasizing","17.987","preoccupied","8.699","incredulous","6.301","cautious","7.167","contented","10.146","reflective","32.956","flirtatious","10.375","confident","6.504","baffled","9.438","contemplative",5,1,6,1,2,8,7,1,1,"","yes",37,"Male","Heterosexual or straight","","No","",", RMTE35, RMTE3, RMTE9, RMTE19, RMTE18, RMTE15, RMTE34, RMTE6, RMTE31, RMTE28, RMTE27, RMTE22, RMTE21, RMTE30, RMTE25, RMTE17, RMTE29","RMTE35|RMTE3|RMTE9|RMTE19|RMTE18|RMTE15|RMTE34|RMTE6|RMTE31","FL_102|FL_103|FL_105|FL_106|FL_100|FL_104|FL_109|FL_101","vidInstructionSex|FloorSex","vidInstructionNeut|WallE","|sex_arousal_1st|sadness_1st|happy_1st|bored_1st","|bored_2nd|sex_arosal_2nd|happy_2nd|sadness_2nd",10.3166666666667,-0.176378504050038,1,0,1,0,0,0,0,1,1,0,1,0,1,1,1,0,0,0.470588235294118,2,8,3,6,16,5,4,13,12,15,11,10,17,14,9,7,1,"FloorSex","WallE",8,1,7,6,1,1,1,2,7,1.08801355555755,-0.568257964429545,1.33739520661635
"614caafc501c550ac719df6f","100","Neutral_clip_1st",646,"Yes","20","14.086","convinced","10.833","fantasizing","8.51","annoyed","15.345","encouraging","13.433","playful","12.473","decisive","11.195","grateful","9.382","fantasizing","10.277","imploring","12.592","panicked","10.334","arrogant","10.465","interested","11.514","reflective","10.907","flirtatious","10.888","confident","9.973","baffled","10.709","nervous",1,1,9,1,1,9,4,2,1,"","yes",39,"Male","Heterosexual or straight","","No","",", RMTE15, RMTE25, RMTE17, RMTE18, RMTE19, RMTE34, RMTE9, RMTE27, RMTE3, RMTE30, RMTE31, RMTE29, RMTE21, RMTE22, RMTE6, RMTE35, RMTE28","RMTE15|RMTE25|RMTE17|RMTE18|RMTE19|RMTE34|RMTE9|RMTE27|RMTE3","FL_100|FL_99|FL_101|FL_106|FL_105|FL_112|FL_97|FL_102","vidInstructionSex|SamTaylor","vidInstructionNeut|ModernFamily","|happy_1st|bored_1st|sex_arousal_1st|sadness_1st","|bored_2nd|happy_2nd|sadness_2nd|sex_arosal_2nd",10.7666666666667,-0.0862695261771868,0,1,0,0,0,1,0,1,0,0,0,1,1,1,1,0,1,0.470588235294118,9,15,7,1,3,4,5,13,14,2,8,17,12,10,11,6,16,"SamTaylor","ModernFamily",9,1,4,9,2,1,1,1,8,1.55916228274095,-0.568257964429545,1.77199264394227
"6151fdd60fef020da3a211de","100","Neutral_clip_1st",553,"Yes","20","5.911","convinced","7.758","impatient","7.721","preoccupied","5.21","amused","13.684","doubtful","12.145","decisive","4.515","tentative","5.681","fantasizing","8.884","preoccupied","7.62","panicked","5.914","cautious","6.188","interested","6.572","irritated","5.588","flirtatious","5.03","confident","8.882","baffled","5.294","nervous",7,1,5,1,6,2,5,1,3,"","yes",33,"Male","Heterosexual or straight","","No","",", RMTE9, RMTE17, RMTE30, RMTE22, RMTE35, RMTE27, RMTE21, RMTE28, RMTE34, RMTE31, RMTE19, RMTE6, RMTE29, RMTE15, RMTE18, RMTE25, RMTE3","RMTE9|RMTE17|RMTE30|RMTE22|RMTE35|RMTE27|RMTE21|RMTE28|RMTE34","FL_99|FL_107|FL_112|FL_101|FL_110|FL_108|FL_104|FL_95","vidInstructionSex|FloorSex","vidInstructionNeut|MadMen","|sex_arousal_1st|bored_1st|sadness_1st|happy_1st","|happy_2nd|sex_arosal_2nd|bored_2nd|sadness_2nd",9.21666666666667,-0.396644894405895,0,0,1,0,1,1,1,1,1,0,1,1,0,1,1,0,1,0.647058823529412,17,12,1,14,2,15,11,7,4,16,6,8,13,3,10,9,5,"FloorSex","MadMen",2,1,5,5,1,1,3,6,1,-1.73887880754287,-0.568257964429545,-1.27018941733915
"615822379d204660be9076d9","100","Sex_clip_1st",1239,"Yes","20","45.033","joking","52.02","fantasizing","23.582","hostile","28.571","contemplative","23.915","affectionate","49.109","amused","38.066","tentative","45.975","fantasizing","32.685","preoccupied","31.988","panicked","33.4","cautious","19.627","interested","34.669","reflective","24.371","flirtatious","33.408","confident","50.59","terrified","27.545","nervous",6,2,3,1,5,1,1,1,6,"","yes",55,"Male","Heterosexual or straight","","No","all good",", RMTE17, RMTE31, RMTE6, RMTE15, RMTE19, RMTE27, RMTE29, RMTE22, RMTE28, RMTE30, RMTE21, RMTE18, RMTE9, RMTE25, RMTE3, RMTE34, RMTE35","RMTE17|RMTE31|RMTE6|RMTE15|RMTE19|RMTE27|RMTE29|RMTE22|RMTE28","FL_100|FL_106|FL_108|FL_111|FL_104|FL_95|FL_98|FL_97","vidInstructionSex|FloorSex","vidInstructionNeut|MadMen","|happy_1st|bored_1st|sex_arousal_1st|sadness_1st","|bored_2nd|sadness_2nd|happy_2nd|sex_arosal_2nd",20.65,1.89279061747469,0,1,0,1,0,0,1,1,1,0,1,1,1,1,1,0,1,0.647058823529412,15,3,13,4,1,12,5,11,8,14,6,9,7,10,2,16,17,"FloorSex","MadMen",2,1,3,1,1,1,5,6,1,-1.73887880754287,-0.568257964429545,-1.27018941733915
"61582bb3535ca6b95a258b09","100","Sex_clip_1st",460,"Yes","20","4.44","convinced","5.874","impatient","6.392","annoyed","4.977","amused","2.924","doubtful","3.822","decisive","3.155","arrogant","4.258","fantasizing","3.854","preoccupied","2.422","incredulous","4.519","cautious","10.49","interested","5.964","reflective","3.716","flirtatious","3.844","confident","4.004","distrustful","3.315","nervous",4,2,2,9,8,1,5,5,4,"","yes",36,"Male","Heterosexual or straight","","No","",", RMTE29, RMTE6, RMTE15, RMTE18, RMTE17, RMTE27, RMTE34, RMTE9, RMTE31, RMTE21, RMTE28, RMTE3, RMTE22, RMTE25, RMTE19, RMTE35, RMTE30","RMTE29|RMTE6|RMTE15|RMTE18|RMTE17|RMTE27|RMTE34|RMTE9|RMTE31","FL_106|FL_102|FL_95|FL_105|FL_104|FL_107|FL_97|FL_100","vidInstructionSex|FloorSex","vidInstructionNeut|MadMen","|sex_arousal_1st|sadness_1st|bored_1st|happy_1st","|happy_2nd|sadness_2nd|bored_2nd|sex_arosal_2nd",7.66666666666667,-0.707020262634604,0,0,0,0,1,1,0,1,1,0,1,1,1,1,1,1,1,0.647058823529412,12,2,8,3,5,4,15,10,13,14,6,11,1,17,9,7,16,"FloorSex","MadMen",2,1,2,5,9,5,8,4,1,-1.73887880754287,-0.568257964429545,-1.27018941733915
"615a2e97b0be29228a04569c","100","Sex_clip_1st",535,"Yes","20","4.974","desire","4.701","fantasizing","7.198","hostile","3.297","contemplative","5.212","playful","7.082","decisive","5.336","tentative","5.562","fantasizing","6.29","preoccupied","3.595","interested","4.575","cautious","7.841","interested","4.14","reflective","4.512","flirtatious","7.756","confident","6.612","distrustful","5.344","nervous",7,2,2,5,8,1,7,1,3,"","yes",33,"Male","Heterosexual or straight","","No","",", RMTE9, RMTE31, RMTE27, RMTE21, RMTE22, RMTE34, RMTE28, RMTE30, RMTE18, RMTE6, RMTE25, RMTE3, RMTE35, RMTE17, RMTE19, RMTE15, RMTE29","RMTE9|RMTE31|RMTE27|RMTE21|RMTE22|RMTE34|RMTE28|RMTE30|RMTE18","FL_112|FL_104|FL_95|FL_97|FL_109|FL_107|FL_110|FL_101","vidInstructionSex|BedroomOral","vidInstructionNeut|WallE","|happy_1st|sadness_1st|bored_1st|sex_arousal_1st","|sex_arosal_2nd|sadness_2nd|bored_2nd|happy_2nd",8.91666666666667,-0.456717546321129,1,1,0,1,0,1,1,1,1,1,1,1,1,1,1,1,1,0.882352941176471,12,10,1,16,14,9,15,4,5,11,3,7,17,8,2,6,13,"BedroomOral","WallE",2,1,2,7,5,1,8,3,1,-1.73887880754287,-0.568257964429545,-1.27018941733915
"615c9b07d252d3ef3f03b283","100","Neutral_clip_1st",637,"Yes","20","8.822","desire","7.024","fantasizing","9","preoccupied","21.327","encouraging","8.195","affectionate","7.718","aghast","18.701","grateful","4.701","fantasizing","13.162","preoccupied","8.561","incredulous","6.98","arrogant","12.822","contented","6.662","impatient","3.919","flirtatious","14.232","joking","9.32","distrustful","7.648","insisting",8,1,3,4,6,6,2,1,2,"","yes",29,"Male","Heterosexual or straight","","No","",", RMTE34, RMTE15, RMTE22, RMTE35, RMTE28, RMTE31, RMTE9, RMTE27, RMTE6, RMTE17, RMTE30, RMTE25, RMTE3, RMTE18, RMTE21, RMTE19, RMTE29","RMTE34|RMTE15|RMTE22|RMTE35|RMTE28|RMTE31|RMTE9|RMTE27|RMTE6","FL_109|FL_100|FL_104|FL_95|FL_108|FL_106|FL_107|FL_101","vidInstructionSex|SamTaylor","vidInstructionNeut|MadMen","|sadness_1st|sex_arousal_1st|happy_1st|bored_1st","|bored_2nd|sadness_2nd|happy_2nd|sex_arosal_2nd",10.6166666666667,-0.116305852134804,1,1,1,0,0,0,0,1,1,0,0,0,0,1,0,1,0,0.411764705882353,13,9,7,2,10,14,16,15,3,12,8,5,17,11,6,1,4,"SamTaylor","MadMen",6,1,2,3,1,4,2,6,5,0.145716101190743,-0.568257964429545,0.468200331964519
"615ed10d0d5f13159d41df8c","99","Neutral_clip_1st",507,"Yes","20","7.927","desire","6.053","fantasizing","5.263","preoccupied","5.662","contemplative","4.393","doubtful","4.147","decisive","6.326","tentative","4.475","fantasizing","4.244","preoccupied","7.846","interested","9.481","cautious","5.212","affectionate","6.257","irritated","5.434","flirtatious","4.153","confident","12.701","distrustful","7.459","insisting",6,4,7,1,2,6,4,1,5,"","Yes",49,"Male","Heterosexual or straight","","No","",", RMTE6, RMTE28, RMTE34, RMTE25, RMTE27, RMTE30, RMTE15, RMTE35, RMTE22, RMTE31, RMTE18, RMTE3, RMTE19, RMTE29, RMTE9, RMTE17, RMTE21","RMTE6|RMTE28|RMTE34|RMTE25|RMTE27|RMTE30|RMTE15|RMTE35|RMTE22","FL_99|FL_108|FL_95|FL_107|FL_101|FL_111|FL_109|FL_106","vidInstructionSex|BedroomOral","vidInstructionNeut|ModernFamily","|bored_1st|sadness_1st|happy_1st|sex_arousal_1st","|sadness_2nd|sex_arosal_2nd|happy_2nd|bored_2nd",8.45,-0.550163893744826,1,1,1,1,1,1,1,1,1,1,1,0,0,1,1,1,0,0.823529411764706,12,1,15,7,16,11,13,17,9,4,5,2,14,6,10,3,8,"BedroomOral","ModernFamily",6,4,4,7,1,1,5,2,2,0.145716101190743,1.65138052750331,-0.835591980013232
"615f0c2cab82bb38958bfd7f","100","Sex_clip_1st",554,"Yes","20","5.166","desire","5.737","fantasizing","5.59","preoccupied","4.962","contemplative","3.775","affectionate","5.175","decisive","5.378","tentative","4.642","fantasizing","6.441","preoccupied","5.493","interested","7.386","cautious","4.56","interested","4.639","reflective","4.468","flirtatious","4.939","confident","7.172","distrustful","5.139","insisting",6,9,9,1,1,2,7,1,1,"","yes",43,"Male","Heterosexual or straight","","No","very enjoyable",", RMTE19, RMTE30, RMTE9, RMTE31, RMTE35, RMTE18, RMTE28, RMTE15, RMTE22, RMTE29, RMTE6, RMTE27, RMTE25, RMTE17, RMTE34, RMTE3, RMTE21","RMTE19|RMTE30|RMTE9|RMTE31|RMTE35|RMTE18|RMTE28|RMTE15|RMTE22","FL_101|FL_112|FL_103|FL_104|FL_109|FL_98|FL_95|FL_106","vidInstructionSex|FloorSex","vidInstructionNeut|ModernFamily","|happy_1st|sex_arousal_1st|bored_1st|sadness_1st","|sadness_2nd|sex_arosal_2nd|happy_2nd|bored_2nd",9.23333333333333,-0.393307524855049,1,1,1,1,0,1,1,1,1,1,1,1,1,1,1,1,0,0.882352941176471,16,11,3,8,14,6,1,17,9,13,12,7,10,2,4,15,5,"FloorSex","ModernFamily",9,2,9,7,1,1,1,1,7,1.55916228274095,0.171621532881406,1.33739520661635
"6161a24d7d7f916194c4da52","100","Sex_clip_1st",450,"Yes","20","5.005","desire","6.725","fantasizing","11.033","preoccupied","7.186","contemplative","12.966","affectionate","4.088","decisive","15.968","grateful","5.965","fantasizing","10.686","preoccupied","9.697","interested","3.578","reassuring","13.8","interested","4.467","reflective","13.393","flirtatious","7.29","confident","9.727","baffled","11.097","contemplative",6,4,3,6,6,5,6,5,5,"","yes",47,"Male","Heterosexual or straight","","No","",", RMTE22, RMTE17, RMTE15, RMTE6, RMTE30, RMTE3, RMTE19, RMTE34, RMTE29, RMTE21, RMTE9, RMTE25, RMTE27, RMTE28, RMTE35, RMTE31, RMTE18","RMTE22|RMTE17|RMTE15|RMTE6|RMTE30|RMTE3|RMTE19|RMTE34|RMTE29","FL_106|FL_111|FL_104|FL_103|FL_102|FL_97|FL_99|FL_108","vidInstructionSex|BedroomOral","vidInstructionNeut|MadMen","|sadness_1st|sex_arousal_1st|happy_1st|bored_1st","|happy_2nd|bored_2nd|sadness_2nd|sex_arosal_2nd",7.5,-0.740393958143067,1,1,1,1,0,1,0,1,1,1,0,1,1,1,1,0,0,0.705882352941177,6,4,11,3,2,17,7,10,1,12,13,14,9,5,16,8,15,"BedroomOral","MadMen",4,5,3,6,6,5,6,5,-1,-0.796581353176064,2.39126002481426,-2.13938429199098
"6162ba26fbcce63b289c42c2","100","Neutral_clip_1st",548,"Yes","20","8.025","desire","7.271","fantasizing","5.987","preoccupied","6.472","contemplative","6.436","doubtful","9.343","bored","8.404","arrogant","4.405","fantasizing","4.154","preoccupied","6.108","interested","10.18","cautious","24.723","interested","12.534","reflective","3.122","flirtatious","8.201","confident","9.457","baffled","7.925","puzzled",7,1,7,4,2,8,6,1,1,"","yes",28,"Male","Heterosexual or straight","","No","",", RMTE6, RMTE34, RMTE21, RMTE17, RMTE19, RMTE31, RMTE29, RMTE28, RMTE15, RMTE35, RMTE22, RMTE18, RMTE27, RMTE30, RMTE25, RMTE9, RMTE3","RMTE6|RMTE34|RMTE21|RMTE17|RMTE19|RMTE31|RMTE29|RMTE28|RMTE15","FL_97|FL_105|FL_108|FL_103|FL_100|FL_104|FL_111|FL_95","vidInstructionSex|FloorSex","vidInstructionNeut|WallE","|sadness_1st|happy_1st|bored_1st|sex_arousal_1st","|sadness_2nd|bored_2nd|sex_arosal_2nd|happy_2nd",9.13333333333333,-0.413331742160127,1,1,1,1,1,0,0,1,1,1,1,1,1,1,1,0,0,0.764705882352941,17,1,16,9,4,12,5,3,11,15,13,8,7,14,6,2,10,"FloorSex","WallE",8,1,6,7,1,4,1,2,7,1.08801355555755,-0.568257964429545,1.33739520661635
"616437a7882ca1d66da11c4f","100","Neutral_clip_1st",565,"Yes","20","5.37","desire","4.781","fantasizing","4.512","preoccupied","3.463","contemplative","9.17","doubtful","4.26","decisive","13.848","grateful","8.19","confused","3.615","preoccupied","5.15","interested","8.397","reassuring","6.817","interested","2.979","reflective","5.017","flirtatious","5.037","confident","7.783","baffled","9.187","puzzled",6,3,7,2,1,6,3,4,1,"","yes",50,"Male","Heterosexual or straight","","No","The first clip was from 'Modern Family', and I knew from the start that the couple were married.",", RMTE25, RMTE27, RMTE28, RMTE19, RMTE9, RMTE18, RMTE35, RMTE17, RMTE31, RMTE3, RMTE34, RMTE29, RMTE30, RMTE15, RMTE22, RMTE21, RMTE6","RMTE25|RMTE27|RMTE28|RMTE19|RMTE9|RMTE18|RMTE35|RMTE17|RMTE31","FL_95|FL_98|FL_101|FL_100|FL_110|FL_105|FL_106|FL_112","vidInstructionSex|SamTaylor","vidInstructionNeut|ModernFamily","|sadness_1st|happy_1st|bored_1st|sex_arousal_1st","|happy_2nd|sadness_2nd|sex_arosal_2nd|bored_2nd",9.41666666666667,-0.356596459795739,1,1,1,1,1,1,0,0,1,1,0,1,1,1,1,0,0,0.705882352941177,10,17,5,14,8,6,4,16,15,1,2,3,12,13,9,11,7,"SamTaylor","ModernFamily",6,3,3,7,4,2,1,1,3,0.145716101190743,0.911501030192357,-0.400994542687315
"6173c5b0aa4bc2370fd2c1f2","100","Neutral_clip_1st",497,"Yes","20","4.313","desire","5.136","impatient","4.627","preoccupied","3.972","contemplative","7.181","doubtful","5.966","amused","6.837","tentative","5.344","fantasizing","6.64","preoccupied","6.486","interested","6.652","cautious","5.634","interested","4.99","reflective","4.064","flirtatious","4.548","confident","6.436","distrustful","5.173","nervous",6,1,6,3,5,4,6,2,3,"","yes",32,"Male","Heterosexual or straight","","No","",", RMTE22, RMTE15, RMTE17, RMTE3, RMTE31, RMTE9, RMTE19, RMTE6, RMTE21, RMTE18, RMTE34, RMTE25, RMTE35, RMTE28, RMTE29, RMTE27, RMTE30","RMTE22|RMTE15|RMTE17|RMTE3|RMTE31|RMTE9|RMTE19|RMTE6|RMTE21","FL_108|FL_98|FL_104|FL_97|FL_102|FL_101|FL_103|FL_100","vidInstructionSex|FloorSex","vidInstructionNeut|ModernFamily","|bored_1st|happy_1st|sadness_1st|sex_arousal_1st","|sadness_2nd|happy_2nd|sex_arosal_2nd|bored_2nd",8.28333333333333,-0.58353758925329,1,0,1,1,1,0,1,1,1,1,1,1,1,1,1,1,1,0.882352941176471,4,8,6,2,3,10,7,9,1,12,16,14,15,17,5,11,13,"FloorSex","ModernFamily",4,1,6,6,2,3,3,5,3,-0.796581353176064,-0.568257964429545,-0.400994542687315
"61bb378240db417c1a138a82","100","Neutral_clip_1st",610,"Yes","20","7.027","desire","7.082","impatient","5.416","preoccupied","11.124","contemplative","6.03","doubtful","14.224","decisive","8.813","sarcastic","8.212","fantasizing","17.938","preoccupied","8.912","incredulous","4.647","cautious","8.939","interested","7.632","reflective","5.891","flirtatious","4.631","confident","12.384","distrustful","7.564","nervous",7,1,4,1,4,4,5,1,7,"","Yes",30,"Male","Heterosexual or straight","","No","",", RMTE29, RMTE21, RMTE30, RMTE17, RMTE15, RMTE25, RMTE18, RMTE28, RMTE34, RMTE19, RMTE31, RMTE27, RMTE6, RMTE35, RMTE9, RMTE3, RMTE22","RMTE29|RMTE21|RMTE30|RMTE17|RMTE15|RMTE25|RMTE18|RMTE28|RMTE34","FL_107|FL_99|FL_103|FL_112|FL_97|FL_111|FL_95|FL_105","vidInstructionSex|SamTaylor","vidInstructionNeut|MadMen","|bored_1st|sadness_1st|sex_arousal_1st|happy_1st","|sadness_2nd|bored_2nd|sex_arosal_2nd|happy_2nd",10.1666666666667,-0.206414830007655,1,0,1,1,1,1,0,1,1,0,1,1,1,1,1,1,1,0.823529411764706,16,13,15,5,4,7,10,2,17,6,12,8,1,3,11,9,14,"SamTaylor","MadMen",4,1,5,4,1,1,7,4,3,-0.796581353176064,-0.568257964429545,-0.400994542687315
"61f2abc1a09e72f23cbaf47f","100","Sex_clip_1st",1460,"Yes","20","5.766","desire","4.904","fantasizing","7.378","preoccupied","4.387","contemplative","8.192","doubtful","3.346","decisive","4.148","grateful","3.08","fantasizing","2.875","preoccupied","4.091","interested","5.455","cautious","4.391","interested","5.425","impatient","3.536","flirtatious","3.02","confident","10.721","distrustful","7.236","nervous",6,7,8,2,2,1,8,3,4,"","yes",25,"Male","Heterosexual or straight","","No","",", RMTE9, RMTE17, RMTE34, RMTE35, RMTE25, RMTE21, RMTE6, RMTE15, RMTE29, RMTE31, RMTE18, RMTE3, RMTE28, RMTE19, RMTE22, RMTE27, RMTE30","RMTE9|RMTE17|RMTE34|RMTE35|RMTE25|RMTE21|RMTE6|RMTE15|RMTE29","FL_99|FL_108|FL_95|FL_102|FL_107|FL_105|FL_103|FL_100","vidInstructionSex|BedroomOral","vidInstructionNeut|WallE","|happy_1st|sex_arousal_1st|bored_1st|sadness_1st","|sex_arosal_2nd|happy_2nd|sadness_2nd|bored_2nd",24.3333333333333,2.63034928821172,1,1,1,1,1,1,0,1,1,1,1,1,0,1,1,1,1,0.882352941176471,12,7,1,8,2,11,14,6,15,5,16,13,9,17,10,3,4,"BedroomOral","WallE",7,1,8,8,2,3,2,4,6,0.616864828374147,-0.568257964429545,0.902797769290436
"61f2ac73a09e72f23cbaf63f","100","Sex_clip_1st",485,"Yes","20","12.423","convinced","4.431","fantasizing","5.511","preoccupied","6.537","contemplative","8.217","doubtful","5.534","decisive","6.073","grateful","7.152","fantasizing","4.618","preoccupied","7.895","interested","7.335","cautious","6.441","interested","9.2","impatient","4.554","flirtatious","6.701","confident","9.822","distrustful","5.721","contemplative",3,6,8,1,3,1,1,1,9,"","yes",26,"Male","Heterosexual or straight","","No","",", RMTE18, RMTE21, RMTE22, RMTE6, RMTE29, RMTE25, RMTE35, RMTE27, RMTE3, RMTE30, RMTE28, RMTE9, RMTE34, RMTE31, RMTE15, RMTE17, RMTE19","RMTE18|RMTE21|RMTE22|RMTE6|RMTE29|RMTE25|RMTE35|RMTE27|RMTE3","FL_100|FL_102|FL_111|FL_98|FL_99|FL_110|FL_109|FL_107","vidInstructionSex|BedroomOral","vidInstructionNeut|ModernFamily","|sadness_1st|sex_arousal_1st|happy_1st|bored_1st","|sadness_2nd|happy_2nd|sex_arosal_2nd|bored_2nd",8.08333333333333,-0.623586023863446,0,1,1,1,1,1,0,1,1,1,1,1,0,1,1,1,0,0.764705882352941,9,4,12,15,16,1,17,2,3,6,8,11,5,10,14,13,7,"BedroomOral","ModernFamily",6,1,8,1,1,1,3,9,5,0.145716101190743,-0.568257964429545,0.468200331964519
"61f2adcea09e72f23cbaf96a","100","Sex_clip_1st",542,"Yes","20","11.569","convinced","6.944","fantasizing","3.704","preoccupied","4.173","contemplative","5.396","doubtful","4.278","decisive","6.885","tentative","9.445","fantasizing","5.726","preoccupied","12.045","interested","8.054","cautious","5.586","interested","7.014","reflective","24.473","flirtatious","3.959","confident","23.033","distrustful","4.117","insisting",6,4,5,1,1,1,7,1,1,"","Yes",34,"Male","Heterosexual or straight","","No","",", RMTE6, RMTE17, RMTE30, RMTE9, RMTE3, RMTE25, RMTE21, RMTE31, RMTE29, RMTE22, RMTE27, RMTE28, RMTE18, RMTE19, RMTE34, RMTE15, RMTE35","RMTE6|RMTE17|RMTE30|RMTE9|RMTE3|RMTE25|RMTE21|RMTE31|RMTE29","FL_105|FL_103|FL_102|FL_108|FL_107|FL_98|FL_110|FL_97","vidInstructionSex|BedroomOral","vidInstructionNeut|WallE","|sex_arousal_1st|happy_1st|bored_1st|sadness_1st","|happy_2nd|bored_2nd|sex_arosal_2nd|sadness_2nd",9.03333333333333,-0.433355959465205,0,1,1,1,1,1,1,1,1,1,1,1,1,1,1,1,0,0.882352941176471,5,1,4,16,2,13,14,7,10,6,11,12,9,3,8,15,17,"BedroomOral","WallE",4,1,5,7,1,1,1,1,3,-0.796581353176064,-0.568257964429545,-0.400994542687315
