"ProlificID","condition","duration.seconds","Consent","Catch","RMTE_P","RMTE1","RMTE2","RMTE3","RMTE4","RMTE5","RMTE6","RMTE7","RMTE8","RMTE9","RMTE10","RMTE11","RMTE12","RMTE13","RMTE14","RMTE15","RMTE16","RMTE17","RMTE18","RMTE19","RMTE20","RMTE21","RMTE22","RMTE23","RMTE24","RMTE25","RMTE26","RMTE27","RMTE28","RMTE29","RMTE30","RMTE31","RMTE32","RMTE33","RMTE34","RMTE35","RMTE36","confidence_level","sex_arousal","happy","sadness","bored","attentionCheck_blank","attentionCheck_yes","Age","Gender","sexual_orientation","sexual_orientation_3_TEXT","health_symptoms","Comments","rand_order","firstClip","emotions_DO","duration.minutes","duration_z","RMTE_P_correct","RMTE1_crct","RMTE2_crct","RMTE3_crct","RMTE4_crct","RMTE5_crct","RMTE6_crct","RMTE7_crct","RMTE8_crct","RMTE9_crct","RMTE10_crct","RMTE11_crct","RMTE12_crct","RMTE13_crct","RMTE14_crct","RMTE15_crct","RMTE16_crct","RMTE17_crct","RMTE18_crct","RMTE19_crct","RMTE20_crct","RMTE21_crct","RMTE22_crct","RMTE23_crct","RMTE24_crct","RMTE25_crct","RMTE26_crct","RMTE27_crct","RMTE28_crct","RMTE29_crct","RMTE30_crct","RMTE31_crct","RMTE32_crct","RMTE33_crct","RMTE34_crct","RMTE35_crct","RMTE36_crct","RMET_mean_all","RMTE_P_gender","RMTE1_gender","RMTE2_gender","RMTE3_gender","RMTE4_gender","RMTE5_gender","RMTE6_gender","RMTE7_gender","RMTE8_gender","RMTE9_gender","RMTE10_gender","RMTE11_gender","RMTE12_gender","RMTE13_gender","RMTE14_gender","RMTE15_gender","RMTE16_gender","RMTE17_gender","RMTE18_gender","RMTE19_gender","RMTE20_gender","RMTE21_gender","RMTE22_gender","RMTE23_gender","RMTE24_gender","RMTE25_gender","RMTE26_gender","RMTE27_gender","RMTE28_gender","RMTE29_gender","RMTE30_gender","RMTE31_gender","RMTE32_gender","RMTE33_gender","RMTE34_gender","RMTE35_gender","RMTE36_gender","TV","sex_arousal_c","sex_arousal_Z"
"5ea95dff588bb604aa41b54c","Disclaimer-notsexual",655,"Yes","20","hateful","irritated","upset","desire","insisting","worried","fantasizing","uneasy","shy","preoccupied","insisting","regretful","sceptical","anticipating","accusing","contemplative","thoughtful","affectionate","decisive","tentative","friendly","fantasizing","preoccupied","curious","pensive","interested","hostile","cautious","interested","reflective","flirtatious","confident","serious","fantasizing","distrustful","nervous","suspicious",6,2,7,1,4,"","yes",20,"Male","Heterosexual or straight","","No","I enjoyed the modern family clip",", modernFamily, madMen","modernClip","sex_arousal|sadness|bored|happy",10.9166666666667,-0.556757382201106,0,0,1,1,1,1,1,1,0,1,0,1,1,1,1,1,1,0,1,1,1,1,1,0,1,1,1,1,1,1,1,1,1,0,1,1,1,0.833333333333333,"Male","Male","Male","Female","Male","Male","Female","Male","Male","Female","Male","Male","Male","Male","Male","Female","Male","Female","Female","Female","Male","Female","Female","Male","Male","Female","Male","Female","Female","Female","Female","Female","Male","Male","Female","Female","Male","familiar",-0.517766497461929,-0.31040742363643
"5f05b6a83c0c4206b334458a","Disclaimer-notsexual",885,"Yes","20","panicked","playful","upset","desire","insisting","sarcastic","impatient","friendly","despondent","annoyed","cautious","regretful","sceptical","decisive","accusing","contemplative","encouraging","aghast","decisive","tentative","friendly","fantasizing","imploring","defiant","iIrritated","interested","hostile","cautious","affectionate","impatient","flirtatious","confident","serious","guilty","distrustful","nervous","suspicious",3,2,6,3,7,"","Yes",38,"Male","Heterosexual or straight","","No","",", modernFamily, madMen","modernClip","sadness|sex_arousal|happy|bored",14.75,0.212937658966075,1,1,1,1,1,0,0,0,1,0,1,1,1,0,1,1,0,0,1,1,1,1,0,1,0,1,1,1,0,0,1,1,1,0,1,1,1,0.666666666666667,"Male","Male","Male","Female","Male","Male","Female","Male","Male","Female","Male","Male","Male","Male","Male","Female","Male","Female","Female","Female","Male","Female","Female","Male","Male","Female","Male","Female","Female","Female","Female","Female","Male","Male","Female","Female","Male",NA,-0.517766497461929,-0.31040742363643
"613f6aa9468af0697c086ddd","Disclaimer-notsexual",495,"Yes","20","panicked","playful","upset","desire","insisting","worried","fantasizing","uneasy","despondent","preoccupied","cautious","regretful","sceptical","anticipating","accusing","contemplative","thoughtful","aghast","decisive","tentative","friendly","fantasizing","preoccupied","defiant","hostile","incredulous","hostile","joking","interested","reflective","grateful","dispirited","serious","concerned","distrustful","insisting","indecisive",7,6,6,2,5,"","yes",33,"Male","Heterosexual or straight","","No","",", madMen, modernFamily","madmenClip","bored|happy|sex_arousal|sadness",8.25,-1.09219741083915,1,1,1,1,1,1,1,1,1,1,1,1,1,1,1,1,1,0,1,1,1,1,1,1,0,0,1,0,1,1,0,0,1,1,1,0,0,0.777777777777778,"Male","Male","Male","Female","Male","Male","Female","Male","Male","Female","Male","Male","Male","Male","Male","Female","Male","Female","Female","Female","Male","Female","Female","Male","Male","Female","Male","Female","Female","Female","Female","Female","Male","Male","Female","Female","Male",NA,3.48223350253807,1.95877788018851
"5d1a1d97a51463000183f7af","Disclaimer-notsexual",553,"Yes","20","panicked","playful","terrified","desire","insisting","worried","impatient","friendly","despondent","preoccupied","cautious","regretful","sceptical","decisive","accusing","contemplative","thoughtful","doubtful","decisive","tentative","friendly","fantasizing","preoccupied","defiant","pensive","despondent","hostile","cautious","interested","reflective","flirtatious","joking","serious","concerned","distrustful","nervous","suspicious",3,1,6,2,4,"","yes",27,"Male","Heterosexual or straight","","No","",", madMen, modernFamily","madmenClip","sadness|sex_arousal|happy|bored",9.21666666666667,-0.898100400457856,1,1,0,1,1,1,0,0,1,1,1,1,1,0,1,1,1,1,1,1,1,1,1,1,1,0,1,1,1,1,1,0,1,1,1,1,1,0.833333333333333,"Male","Male","Male","Female","Male","Male","Female","Male","Male","Female","Male","Male","Male","Male","Male","Female","Male","Female","Female","Female","Male","Female","Female","Male","Male","Female","Male","Female","Female","Female","Female","Female","Male","Male","Female","Female","Male",NA,-1.51776649746193,-0.877703749592664
"57f697c6733f560001b5898b","Disclaimer-notsexual",529,"Yes","20","panicked","playful","upset","desire","insisting","worried","fantasizing","friendly","despondent","preoccupied","insisting","regretful","sceptical","anticipating","accusing","contemplative","thoughtful","affectionate","decisive","tentative","friendly","fantasizing","preoccupied","defiant","pensive","interested","hostile","cautious","interested","reflective","flirtatious","confident","serious","concerned","distrustful","nervous","suspicious",6,1,7,1,1,"","yes",38,"Male","Heterosexual or straight","","No","",", modernFamily, madMen","modernClip","sadness|bored|happy|sex_arousal",8.81666666666667,-0.978416404753562,1,1,1,1,1,1,1,0,1,1,0,1,1,1,1,1,1,0,1,1,1,1,1,1,1,1,1,1,1,1,1,1,1,1,1,1,1,0.916666666666667,"Male","Male","Male","Female","Male","Male","Female","Male","Male","Female","Male","Male","Male","Male","Male","Female","Male","Female","Female","Female","Male","Female","Female","Male","Male","Female","Male","Female","Female","Female","Female","Female","Male","Male","Female","Female","Male",NA,-1.51776649746193,-0.877703749592664
"5ea12f2dd32031131be8c1fb","Disclaimer-notsexual",986,"Yes","20","panicked","playful","upset","desire","insisting","worried","fantasizing","uneasy","despondent","hostile","cautious","flirtatious","sceptical","anticipating","accusing","contemplative","thoughtful","doubtful","decisive","tentative","friendly","fantasizing","preoccupied","defiant","pensive","interested","hostile","cautious","contented","reflective","flirtatious","confident","alarmed","concerned","distrustful","contemplative","suspicious",4,2,5,3,1,"","yes",28,"Male","Heterosexual or straight","","No","",", madMen, modernFamily","madmenClip","sadness|bored|happy|sex_arousal",16.4333333333333,0.550934177043837,1,1,1,1,1,1,1,1,1,0,1,0,1,1,1,1,1,1,1,1,1,1,1,1,1,1,1,1,0,1,1,1,0,1,1,0,1,0.861111111111111,"Male","Male","Male","Female","Male","Male","Female","Male","Male","Female","Male","Male","Male","Male","Male","Female","Male","Female","Female","Female","Male","Female","Female","Male","Male","Female","Male","Female","Female","Female","Female","Female","Male","Male","Female","Female","Male",NA,-0.517766497461929,-0.31040742363643
"5b031e450a56660001284e2c","Disclaimer-notsexual",834,"Yes","20","panicked","playful","upset","desire","insisting","worried","impatient","uneasy","despondent","preoccupied","bored","regretful","sceptical","shy","accusing","contemplative","sympathetic","doubtful","decisive","tentative","friendly","fantasizing","preoccupied","apologetic","pensive","despondent","hostile","cautious","contented","reflective","flirtatious","dispirited","serious","concerned","aghast","contemplative","suspicious",7,6,4,5,3,"","yes",34,"Male","Heterosexual or straight","","No","",", modernFamily, madMen","modernClip","sadness|sex_arousal|happy|bored",13.9,0.0422661498376997,1,1,1,1,1,1,0,1,1,1,0,1,1,0,1,1,0,1,1,1,1,1,1,0,1,0,1,1,0,1,1,0,1,1,0,0,1,0.722222222222222,"Male","Male","Male","Female","Male","Male","Female","Male","Male","Female","Male","Male","Male","Male","Male","Female","Male","Female","Female","Female","Male","Female","Female","Male","Male","Female","Male","Female","Female","Female","Female","Female","Male","Male","Female","Female","Male",NA,3.48223350253807,1.95877788018851
"5e14f72f557425b04528df9a","Disclaimer-notsexual",1242,"Yes","20","panicked","playful","arrogant","desire","insisting","worried","fantasizing","apologetic","despondent","preoccupied","cautious","regretful","indifferent","shy","irritated","contemplative","sympathetic","doubtful","aghast","grateful","dominant","fantasizing","preoccupied","defiant","pensive","incredulous","hostile","cautious","interested","reflective","flirtatious","dispirited","alarmed","concerned","distrustful","nervous","suspicious",5,1,5,4,1,"","yes",32,"Male","Heterosexual or straight","","No","",", madMen, modernFamily","madmenClip","sadness|bored|sex_arousal|happy",20.7,1.4076382228647,1,1,0,1,1,1,1,0,1,1,1,1,0,0,0,1,0,1,0,0,0,1,1,1,1,0,1,1,1,1,1,0,0,1,1,1,1,0.666666666666667,"Male","Male","Male","Female","Male","Male","Female","Male","Male","Female","Male","Male","Male","Male","Male","Female","Male","Female","Female","Female","Male","Female","Female","Male","Male","Female","Male","Female","Female","Female","Female","Female","Male","Male","Female","Female","Male",NA,-1.51776649746193,-0.877703749592664
"5be30116dd850e0001d2ba99","Disclaimer-notsexual",503,"Yes","20","panicked","playful","upset","desire","insisting","worried","fantasizing","friendly","shy","preoccupied","cautious","regretful","dispirited","decisive","accusing","contemplative","sympathetic","aghast","decisive","tentative","friendly","fantasizing","preoccupied","defiant","iIrritated","interested","hostile","reassuring","interested","irritated","flirtatious","confident","serious","guilty","distrustful","nervous","suspicious",7,2,9,1,2,"","yes",27,"Male","Heterosexual or straight","","No","",", modernFamily, madMen","modernClip","happy|sex_arousal|bored|sadness",8.38333333333333,-1.06542540940724,1,1,1,1,1,1,1,0,0,1,1,1,0,0,1,1,0,0,1,1,1,1,1,1,0,1,1,0,1,0,1,1,1,0,1,1,1,0.722222222222222,"Male","Male","Male","Female","Male","Male","Female","Male","Male","Female","Male","Male","Male","Male","Male","Female","Male","Female","Female","Female","Male","Female","Female","Male","Male","Female","Male","Female","Female","Female","Female","Female","Male","Male","Female","Female","Male",NA,-0.517766497461929,-0.31040742363643
"60b8fb929701cb52b39796aa","Disclaimer-notsexual",528,"Yes","20","panicked","irritated","upset","desire","insisting","worried","fantasizing","friendly","despondent","preoccupied","insisting","regretful","indifferent","anticipating","accusing","contemplative","thoughtful","playful","decisive","arrogant","friendly","fantasizing","imploring","contented","pensive","interested","alarmed","cautious","interested","reflective","flirtatious","confident","serious","concerned","baffled","contemplative","suspicious",6,6,5,4,5,"","yes",19,"Male","Heterosexual or straight","","No","",", modernFamily, madMen","modernClip","sadness|happy|sex_arousal|bored",8.8,-0.981762904932549,1,0,1,1,1,1,1,0,1,1,0,1,0,1,1,1,1,0,1,0,1,1,0,0,1,1,0,1,1,1,1,1,1,1,0,0,1,0.694444444444444,"Male","Male","Male","Female","Male","Male","Female","Male","Male","Female","Male","Male","Male","Male","Male","Female","Male","Female","Female","Female","Male","Female","Female","Male","Male","Female","Male","Female","Female","Female","Female","Female","Male","Male","Female","Female","Male",NA,3.48223350253807,1.95877788018851
"5fb2b3c273a93590c6d1fe54","Disclaimer-notsexual",516,"Yes","20","panicked","playful","upset","desire","insisting","worried","fantasizing","uneasy","despondent","preoccupied","bored","amused","dispirited","anticipating","accusing","encouraging","thoughtful","affectionate","decisive","tentative","friendly","fantasizing","preoccupied","defiant","pensive","interested","hostile","reassuring","joking","reflective","flirtatious","confident","alarmed","concerned","baffled","contemplative","indecisive",3,1,3,3,7,"","yes",34,"Male","Heterosexual or straight","","No","",", modernFamily, madMen","modernClip","bored|sadness|sex_arousal|happy",8.6,-1.0219209070804,1,1,1,1,1,1,1,1,1,1,0,0,0,1,1,0,1,0,1,1,1,1,1,1,1,1,1,0,0,1,1,1,0,1,0,0,0,0.694444444444444,"Male","Male","Male","Female","Male","Male","Female","Male","Male","Female","Male","Male","Male","Male","Male","Female","Male","Female","Female","Female","Male","Female","Female","Male","Male","Female","Male","Female","Female","Female","Female","Female","Male","Male","Female","Female","Male",NA,-1.51776649746193,-0.877703749592664
"61bb385040db417c1a138c1f","Disclaimer-notsexual",559,"Yes","20","panicked","playful","upset","desire","insisting","worried","impatient","uneasy","despondent","hostile","bored","regretful","dispirited","anticipating","accusing","contemplative","thoughtful","doubtful","bored","grateful","friendly","fantasizing","preoccupied","apologetic","pensive","incredulous","hostile","cautious","joking","irritated","flirtatious","confident","serious","guilty","aghast","nervous","suspicious",6,1,6,3,6,"","yes",34,"Male","Heterosexual or straight","","No","",", madMen, modernFamily","madmenClip","sadness|sex_arousal|happy|bored",9.31666666666667,-0.87802139938393,1,1,1,1,1,1,0,1,1,0,0,1,0,1,1,1,1,1,0,0,1,1,1,0,1,0,1,1,0,0,1,1,1,0,0,1,1,0.666666666666667,"Male","Male","Male","Female","Male","Male","Female","Male","Male","Female","Male","Male","Male","Male","Male","Female","Male","Female","Female","Female","Male","Female","Female","Male","Male","Female","Male","Female","Female","Female","Female","Female","Male","Male","Female","Female","Male",NA,-1.51776649746193,-0.877703749592664
"608d8e5a23217f3f78975235","Disclaimer-notsexual",391,"Yes","20","hateful","playful","annoyed","desire","insisting","worried","fantasizing","friendly","despondent","annoyed","cautious","amused","sceptical","anticipating","accusing","amused","thoughtful","playful","decisive","tentative","friendly","fantasizing","preoccupied","curious","iIrritated","interested","hostile","reassuring","contented","impatient","flirtatious","confident","serious","fantasizing","baffled","contemplative","suspicious",5,1,4,2,2,"","yes",21,"Male","Heterosexual or straight","","No","",", madMen, modernFamily","madmenClip","bored|happy|sex_arousal|sadness",6.51666666666667,-1.44023342945387,0,1,0,1,1,1,1,0,1,0,1,0,1,1,1,0,1,0,1,1,1,1,1,0,0,1,1,0,0,0,1,1,1,0,0,0,1,0.611111111111111,"Male","Male","Male","Female","Male","Male","Female","Male","Male","Female","Male","Male","Male","Male","Male","Female","Male","Female","Female","Female","Male","Female","Female","Male","Male","Female","Male","Female","Female","Female","Female","Female","Male","Male","Female","Female","Male",NA,-1.51776649746193,-0.877703749592664
"6160c8f657e3c4094b01614a","Disclaimer-notsexual",562,"Yes","20","panicked","playful","upset","desire","insisting","sarcastic","fantasizing","uneasy","despondent","preoccupied","insisting","regretful","sceptical","anticipating","accusing","contemplative","thoughtful","affectionate","decisive","tentative","friendly","fantasizing","preoccupied","curious","pensive","interested","anxious","cautious","interested","reflective","flirtatious","confident","serious","concerned","distrustful","insisting","suspicious",5,1,4,2,3,"","yes",34,"Male","Heterosexual or straight","","No","",", modernFamily, madMen","modernClip","sadness|bored|happy|sex_arousal",9.36666666666667,-0.867981898846966,1,1,1,1,1,0,1,1,1,1,0,1,1,1,1,1,1,0,1,1,1,1,1,0,1,1,0,1,1,1,1,1,1,1,1,0,1,0.833333333333333,"Male","Male","Male","Female","Male","Male","Female","Male","Male","Female","Male","Male","Male","Male","Male","Female","Male","Female","Female","Female","Male","Female","Female","Male","Male","Female","Male","Female","Female","Female","Female","Female","Male","Male","Female","Female","Male",NA,-1.51776649746193,-0.877703749592664
"59f8656dda08940001d4eb12","Disclaimer-notsexual",522,"Yes","20","panicked","playful","annoyed","convinced","insisting","worried","fantasizing","uneasy","despondent","annoyed","insisting","regretful","sceptical","anticipating","accusing","contemplative","thoughtful","doubtful","decisive","tentative","friendly","fantasizing","preoccupied","curious","pensive","interested","hostile","cautious","interested","impatient","hostile","confident","serious","guilty","distrustful","nervous","suspicious",7,1,3,6,6,"","yes",28,"Male","Heterosexual or straight","","No","",", madMen, modernFamily","madmenClip","bored|happy|sex_arousal|sadness",8.7,-1.00184190600648,1,1,0,0,1,1,1,1,1,0,0,1,1,1,1,1,1,1,1,1,1,1,1,0,1,1,1,1,1,0,0,1,1,0,1,1,1,0.777777777777778,"Male","Male","Male","Female","Male","Male","Female","Male","Male","Female","Male","Male","Male","Male","Male","Female","Male","Female","Female","Female","Male","Female","Female","Male","Male","Female","Male","Female","Female","Female","Female","Female","Male","Male","Female","Female","Male",NA,-1.51776649746193,-0.877703749592664
"5cc310bef457fc0013d42743","Disclaimer-notsexual",593,"Yes","20","panicked","irritated","upset","desire","insisting","worried","impatient","uneasy","despondent","preoccupied","cautious","regretful","sceptical","anticipating","accusing","contemplative","irritated","doubtful","decisive","tentative","friendly","fantasizing","preoccupied","defiant","pensive","interested","hostile","cautious","interested","irritated","flirtatious","confident","serious","concerned","distrustful","nervous","suspicious",4,1,5,1,1,"","yes",33,"Male","Heterosexual or straight","","No","",", madMen, modernFamily","madmenClip","sadness|sex_arousal|happy|bored",9.88333333333333,-0.764240393298346,1,0,1,1,1,1,0,1,1,1,1,1,1,1,1,1,0,1,1,1,1,1,1,1,1,1,1,1,1,0,1,1,1,1,1,1,1,0.888888888888889,"Male","Male","Male","Female","Male","Male","Female","Male","Male","Female","Male","Male","Male","Male","Male","Female","Male","Female","Female","Female","Male","Female","Female","Male","Male","Female","Male","Female","Female","Female","Female","Female","Male","Male","Female","Female","Male",NA,-1.51776649746193,-0.877703749592664
"5e8bd52e7dde400beac54842","Disclaimer-notsexual",629,"Yes","20","panicked","playful","terrified","desire","insisting","worried","fantasizing","dispirited","relieved","preoccupied","cautious","terrified","sceptical","anticipating","accusing","contemplative","thoughtful","playful","amused","grateful","friendly","fantasizing","imploring","defiant","hostile","interested","alarmed","cautious","interested","reflective","flirtatious","dispirited","serious","concerned","distrustful","nervous","suspicious",6,1,7,3,1,"","yes ",28,"Male","Heterosexual or straight","","No","",", modernFamily, madMen","modernClip","sex_arousal|happy|bored|sadness",10.4833333333333,-0.643766386854787,1,1,0,1,1,1,1,0,0,1,1,0,1,1,1,1,1,0,0,0,1,1,0,1,0,1,0,1,1,1,1,0,1,1,1,1,1,0.694444444444444,"Male","Male","Male","Female","Male","Male","Female","Male","Male","Female","Male","Male","Male","Male","Male","Female","Male","Female","Female","Female","Male","Female","Female","Male","Male","Female","Male","Female","Female","Female","Female","Female","Male","Male","Female","Female","Male",NA,-1.51776649746193,-0.877703749592664
"5bf003ccaf38d100016bb945","Disclaimer-notsexual",692,"Yes","20","panicked","playful","terrified","convinced","insisting","worried","impatient","uneasy","despondent","preoccupied","cautious","regretful","sceptical","anticipating","irritated","contemplative","thoughtful","affectionate","bored","tentative","friendly","fantasizing","preoccupied","defiant","hostile","incredulous","anxious","cautious","interested","reflective","flirtatious","confident","serious","concerned","baffled","nervous","suspicious",7,4,6,2,6,"","Yes",39,"Male","Heterosexual or straight","","No","Thank you for having me",", madMen, modernFamily","madmenClip","happy|bored|sadness|sex_arousal",11.5333333333333,-0.43293687557856,1,1,0,0,1,1,0,1,1,1,1,1,1,1,0,1,1,0,0,1,1,1,1,1,0,0,0,1,1,1,1,1,1,1,0,1,1,0.722222222222222,"Male","Male","Male","Female","Male","Male","Female","Male","Male","Female","Male","Male","Male","Male","Male","Female","Male","Female","Female","Female","Male","Female","Female","Male","Male","Female","Male","Female","Female","Female","Female","Female","Male","Male","Female","Female","Male",NA,1.48223350253807,0.824185228276038
"60a6b2ed58d0aaed52f1dcf4","Disclaimer-notsexual",702,"Yes","20","panicked","playful","upset","convinced","insisting","worried","fantasizing","uneasy","despondent","preoccupied","insisting","regretful","sceptical","anticipating","accusing","contemplative","thoughtful","affectionate","decisive","tentative","friendly","fantasizing","imploring","defiant","pensive","incredulous","hostile","cautious","affectionate","reflective","flirtatious","joking","serious","concerned","distrustful","nervous","suspicious",7,2,5,1,3,"","yes",44,"Male","Heterosexual or straight","","No","",", madMen, modernFamily","madmenClip","bored|sadness|sex_arousal|happy",11.7,-0.399471873788682,1,1,1,0,1,1,1,1,1,1,0,1,1,1,1,1,1,0,1,1,1,1,0,1,1,0,1,1,0,1,1,0,1,1,1,1,1,0.805555555555556,"Male","Male","Male","Female","Male","Male","Female","Male","Male","Female","Male","Male","Male","Male","Male","Female","Male","Female","Female","Female","Male","Female","Female","Male","Male","Female","Male","Female","Female","Female","Female","Female","Male","Male","Female","Female","Male",NA,-0.517766497461929,-0.31040742363643
"5ea194f90a53a40472bd1266","Disclaimer-notsexual",673,"Yes","20","panicked","irritated","upset","desire","insisting","worried","fantasizing","uneasy","despondent","preoccupied","cautious","regretful","sceptical","anticipating","accusing","contemplative","thoughtful","doubtful","decisive","tentative","friendly","fantasizing","preoccupied","apologetic","pensive","interested","hostile","cautious","interested","impatient","hostile","dispirited","serious","concerned","distrustful","puzzled","indecisive",7,5,6,4,1,"","yes",20,"Male","Heterosexual or straight","","No","",", modernFamily, madMen","modernClip","happy|sadness|bored|sex_arousal",11.2166666666667,-0.496520378979327,1,0,1,1,1,1,1,1,1,1,1,1,1,1,1,1,1,1,1,1,1,1,1,0,1,1,1,1,1,0,0,0,1,1,1,0,0,0.805555555555556,"Male","Male","Male","Female","Male","Male","Female","Male","Male","Female","Male","Male","Male","Male","Male","Female","Male","Female","Female","Female","Male","Female","Female","Male","Male","Female","Male","Female","Female","Female","Female","Female","Male","Male","Female","Female","Male",NA,2.48223350253807,1.39148155423227
"5fb274f5557bcc848df4293a","Disclaimer-notsexual",713,"Yes","20","panicked","playful","upset","desire","insisting","worried","fantasizing","uneasy","despondent","preoccupied","insisting","amused","sceptical","decisive","accusing","contemplative","thoughtful","affectionate","decisive","tentative","friendly","fantasizing","preoccupied","defiant","pensive","interested","hostile","cautious","contented","reflective","flirtatious","confident","serious","concerned","aghast","puzzled","suspicious",7,1,7,1,1,"","yes",41,"Male","Heterosexual or straight","","No","",", madMen, modernFamily","madmenClip","sadness|sex_arousal|bored|happy",11.8833333333333,-0.362660371819817,1,1,1,1,1,1,1,1,1,1,0,0,1,0,1,1,1,0,1,1,1,1,1,1,1,1,1,1,0,1,1,1,1,1,0,0,1,0.805555555555556,"Male","Male","Male","Female","Male","Male","Female","Male","Male","Female","Male","Male","Male","Male","Male","Female","Male","Female","Female","Female","Male","Female","Female","Male","Male","Female","Male","Female","Female","Female","Female","Female","Male","Male","Female","Female","Male",NA,-1.51776649746193,-0.877703749592664
"5c86303fc2ceec001719a6eb","Disclaimer-notsexual",694,"Yes","20","panicked","playful","terrified","convinced","relaxed","worried","fantasizing","uneasy","despondent","preoccupied","cautious","terrified","sceptical","anticipating","accusing","contemplative","thoughtful","doubtful","decisive","tentative","friendly","fantasizing","imploring","defiant","pensive","incredulous","hostile","cautious","interested","reflective","flirtatious","confident","serious","guilty","baffled","nervous","suspicious",5,3,7,1,1,"","yes",26,"Male","Heterosexual or straight","","No","",", modernFamily, madMen","modernClip","happy|sex_arousal|bored|sadness",11.5666666666667,-0.426243875220584,1,1,0,0,0,1,1,1,1,1,1,0,1,1,1,1,1,1,1,1,1,1,0,1,1,0,1,1,1,1,1,1,1,0,0,1,1,0.777777777777778,"Male","Male","Male","Female","Male","Male","Female","Male","Male","Female","Male","Male","Male","Male","Male","Female","Male","Female","Female","Female","Male","Female","Female","Male","Male","Female","Male","Female","Female","Female","Female","Female","Male","Male","Female","Female","Male",NA,0.482233502538071,0.256888902319804
"5b1477d030d562000155f0b0","Disclaimer-notsexual",748,"Yes","20","panicked","playful","upset","convinced","insisting","worried","fantasizing","apologetic","despondent","preoccupied","cautious","regretful","sceptical","decisive","irritated","contemplative","thoughtful","affectionate","decisive","grateful","friendly","fantasizing","preoccupied","defiant","pensive","interested","hostile","cautious","interested","reflective","disappointed","confident","serious","concerned","distrustful","nervous","suspicious",7,1,5,1,4,"","yes",45,"Male","Heterosexual or straight","","No","",", modernFamily, madMen","modernClip","sex_arousal|happy|bored|sadness",12.4666666666667,-0.245532865555246,1,1,1,0,1,1,1,0,1,1,1,1,1,0,0,1,1,0,1,0,1,1,1,1,1,1,1,1,1,1,0,1,1,1,1,1,1,0.805555555555556,"Male","Male","Male","Female","Male","Male","Female","Male","Male","Female","Male","Male","Male","Male","Male","Female","Male","Female","Female","Female","Male","Female","Female","Male","Male","Female","Male","Female","Female","Female","Female","Female","Male","Male","Female","Female","Male",NA,-1.51776649746193,-0.877703749592664
"5d41925ef7b99500012b960e","Disclaimer-notsexual",667,"Yes","20","panicked","playful","upset","desire","insisting","worried","fantasizing","uneasy","despondent","preoccupied","cautious","regretful","sceptical","decisive","accusing","contemplative","thoughtful","affectionate","decisive","tentative","friendly","fantasizing","preoccupied","defiant","pensive","interested","hostile","cautious","affectionate","reflective","flirtatious","dispirited","serious","concerned","distrustful","nervous","suspicious",4,2,7,1,1,"","yes",44,"Male","Heterosexual or straight","","No","No comments to make - everything worked well (videos loaded and played correctly) and the questions were clear and unambiguous.",", madMen, modernFamily","madmenClip","bored|sadness|happy|sex_arousal",11.1166666666667,-0.516599380053253,1,1,1,1,1,1,1,1,1,1,1,1,1,0,1,1,1,0,1,1,1,1,1,1,1,1,1,1,0,1,1,0,1,1,1,1,1,0.888888888888889,"Male","Male","Male","Female","Male","Male","Female","Male","Male","Female","Male","Male","Male","Male","Male","Female","Male","Female","Female","Female","Male","Female","Female","Male","Male","Female","Male","Female","Female","Female","Female","Female","Male","Male","Female","Female","Male",NA,-0.517766497461929,-0.31040742363643
"60a272d70db564387c61ede5","Disclaimer-notsexual",761,"Yes","20","panicked","playful","upset","desire","relaxed","worried","fantasizing","uneasy","relieved","preoccupied","insisting","amused","sceptical","anticipating","accusing","contemplative","thoughtful","doubtful","decisive","tentative","friendly","fantasizing","preoccupied","defiant","pensive","interested","anxious","cautious","interested","reflective","flirtatious","confident","serious","concerned","baffled","contemplative","suspicious",5,1,6,3,3,"","YES",38,"Male","Heterosexual or straight","","No","",", modernFamily, madMen","modernClip","happy|bored|sex_arousal|sadness",12.6833333333333,-0.202028363228406,1,1,1,1,0,1,1,1,0,1,0,0,1,1,1,1,1,1,1,1,1,1,1,1,1,1,0,1,1,1,1,1,1,1,0,0,1,0.805555555555556,"Male","Male","Male","Female","Male","Male","Female","Male","Male","Female","Male","Male","Male","Male","Male","Female","Male","Female","Female","Female","Male","Female","Female","Male","Male","Female","Male","Female","Female","Female","Female","Female","Male","Male","Female","Female","Male",NA,-1.51776649746193,-0.877703749592664
"609182ac9d9b6b4e17c6bf33","Disclaimer-notsexual",763,"Yes","20","jealous","playful","arrogant","convinced","insisting","worried","fantasizing","uneasy","despondent","preoccupied","insisting","regretful","sceptical","shy","accusing","contemplative","thoughtful","doubtful","decisive","tentative","friendly","fantasizing","preoccupied","curious","pensive","interested","hostile","cautious","interested","impatient","flirtatious","confident","serious","concerned","distrustful","puzzled","suspicious",8,6,8,1,1,"","Yes",36,"Male","Heterosexual or straight","","No","N/A",", modernFamily, madMen","modernClip","happy|sex_arousal|bored|sadness",12.7166666666667,-0.19533536287043,0,1,0,0,1,1,1,1,1,1,0,1,1,0,1,1,1,1,1,1,1,1,1,0,1,1,1,1,1,0,1,1,1,1,1,0,1,0.805555555555556,"Male","Male","Male","Female","Male","Male","Female","Male","Male","Female","Male","Male","Male","Male","Male","Female","Male","Female","Female","Female","Male","Female","Female","Male","Male","Female","Male","Female","Female","Female","Female","Female","Male","Male","Female","Female","Male",NA,3.48223350253807,1.95877788018851
"5f8586b33e4d65036ae018f9","Disclaimer-notsexual",683,"Yes","20","panicked","playful","upset","desire","insisting","worried","fantasizing","uneasy","despondent","preoccupied","cautious","regretful","sceptical","anticipating","accusing","contemplative","encouraging","affectionate","decisive","sarcastic","friendly","fantasizing","imploring","defiant","pensive","interested","hostile","cautious","interested","reflective","flirtatious","dispirited","serious","concerned","distrustful","nervous","suspicious",6,3,5,5,4,"","yes",40,"Male","Heterosexual or straight","","No","",", modernFamily, madMen","modernClip","sex_arousal|happy|sadness|bored",11.3833333333333,-0.463055377189449,1,1,1,1,1,1,1,1,1,1,1,1,1,1,1,1,0,0,1,0,1,1,0,1,1,1,1,1,1,1,1,0,1,1,1,1,1,0.861111111111111,"Male","Male","Male","Female","Male","Male","Female","Male","Male","Female","Male","Male","Male","Male","Male","Female","Male","Female","Female","Female","Male","Female","Female","Male","Male","Female","Male","Female","Female","Female","Female","Female","Male","Male","Female","Female","Male",NA,0.482233502538071,0.256888902319804
"5f122185c6bb8d058137b3b2","Disclaimer-notsexual",615,"Yes","20","hateful","playful","upset","convinced","insisting","worried","fantasizing","dispirited","despondent","preoccupied","cautious","regretful","sceptical","decisive","disappointed","contemplative","thoughtful","doubtful","decisive","tentative","guilty","fantasizing","imploring","contented","pensive","panicked","hostile","cautious","interested","irritated","flirtatious","confident","alarmed","guilty","distrustful","nervous","indecisive",6,3,3,1,6,"","yes",20,"Male","Heterosexual or straight","","No","",", madMen, modernFamily","madmenClip","sex_arousal|happy|sadness|bored",10.25,-0.690617389360616,0,1,1,0,1,1,1,0,1,1,1,1,1,0,0,1,1,1,1,1,0,1,0,0,1,0,1,1,1,0,1,1,0,0,1,1,0,0.666666666666667,"Male","Male","Male","Female","Male","Male","Female","Male","Male","Female","Male","Male","Male","Male","Male","Female","Male","Female","Female","Female","Male","Female","Female","Male","Male","Female","Male","Female","Female","Female","Female","Female","Male","Male","Female","Female","Male",NA,0.482233502538071,0.256888902319804
"604516dcb387435f27f3ed6f","Disclaimer-notsexual",780,"Yes","20","hateful","irritated","upset","desire","insisting","worried","fantasizing","uneasy","despondent","preoccupied","cautious","regretful","sceptical","anticipating","accusing","encouraging","thoughtful","affectionate","decisive","tentative","guilty","fantasizing","preoccupied","defiant","iIrritated","interested","anxious","cautious","interested","reflective","flirtatious","confident","serious","concerned","distrustful","contemplative","suspicious",6,6,6,3,4,"","yes",30,"Male","Heterosexual or straight","","No","",", madMen, modernFamily","madmenClip","sex_arousal|bored|sadness|happy",13,-0.138444859827638,0,0,1,1,1,1,1,1,1,1,1,1,1,1,1,0,1,0,1,1,0,1,1,1,0,1,0,1,1,1,1,1,1,1,1,0,1,0.805555555555556,"Male","Male","Male","Female","Male","Male","Female","Male","Male","Female","Male","Male","Male","Male","Male","Female","Male","Female","Female","Female","Male","Female","Female","Male","Male","Female","Male","Female","Female","Female","Female","Female","Male","Male","Female","Female","Male",NA,3.48223350253807,1.95877788018851
"6156b43d20238135bb48095c","Disclaimer-notsexual",705,"Yes","20","panicked","playful","upset","desire","insisting","worried","fantasizing","apologetic","despondent","horrified","insisting","terrified","sceptical","anticipating","accusing","contemplative","encouraging","doubtful","bored","tentative","friendly","fantasizing","preoccupied","curious","pensive","interested","hostile","cautious","affectionate","reflective","flirtatious","confident","serious","concerned","baffled","puzzled","suspicious",6,3,7,3,3,"","yes",34,"Male","Heterosexual or straight","","No","",", madMen, modernFamily","madmenClip","sadness|bored|happy|sex_arousal",11.75,-0.389432373251719,1,1,1,1,1,1,1,0,1,0,0,0,1,1,1,1,0,1,0,1,1,1,1,0,1,1,1,1,0,1,1,1,1,1,0,0,1,0.722222222222222,"Male","Male","Male","Female","Male","Male","Female","Male","Male","Female","Male","Male","Male","Male","Male","Female","Male","Female","Female","Female","Male","Female","Female","Male","Male","Female","Male","Female","Female","Female","Female","Female","Male","Male","Female","Female","Male",NA,0.482233502538071,0.256888902319804
"60ef2be78a6176ef73fe4bc2","Disclaimer-notsexual",810,"Yes","20","panicked","playful","upset","desire","insisting","worried","fantasizing","uneasy","despondent","preoccupied","insisting","regretful","sceptical","anticipating","accusing","encouraging","irritated","doubtful","amused","sarcastic","friendly","embarrassed","preoccupied","curious","hostile","interested","anxious","arrogant","interested","reflective","flirtatious","confident","serious","concerned","distrustful","nervous","suspicious",7,3,5,3,5,"","yes",37,"Male","Heterosexual or straight","","No","",", modernFamily, madMen","modernClip","happy|sadness|bored|sex_arousal",13.5,-0.0380498544580061,1,1,1,1,1,1,1,1,1,1,0,1,1,1,1,0,0,1,0,0,1,0,1,0,0,1,0,0,1,1,1,1,1,1,1,1,1,0.722222222222222,"Male","Male","Male","Female","Male","Male","Female","Male","Male","Female","Male","Male","Male","Male","Male","Female","Male","Female","Female","Female","Male","Female","Female","Male","Male","Female","Male","Female","Female","Female","Female","Female","Male","Male","Female","Female","Male",NA,0.482233502538071,0.256888902319804
"5e46d130954b011968fcc862","Disclaimer-notsexual",831,"Yes","20","panicked","playful","annoyed","convinced","insisting","worried","fantasizing","uneasy","despondent","preoccupied","cautious","regretful","sceptical","anticipating","irritated","contemplative","thoughtful","doubtful","decisive","tentative","friendly","fantasizing","preoccupied","defiant","pensive","interested","hostile","cautious","interested","reflective","flirtatious","confident","serious","concerned","distrustful","nervous","suspicious",3,6,6,2,4,"","yes",41,"Male","Heterosexual or straight","","No","",", madMen, modernFamily","madmenClip","sadness|happy|bored|sex_arousal",13.85,0.0322266493007364,1,1,0,0,1,1,1,1,1,1,1,1,1,1,0,1,1,1,1,1,1,1,1,1,1,1,1,1,1,1,1,1,1,1,1,1,1,0.916666666666667,"Male","Male","Male","Female","Male","Male","Female","Male","Male","Female","Male","Male","Male","Male","Male","Female","Male","Female","Female","Female","Male","Female","Female","Male","Male","Female","Male","Female","Female","Female","Female","Female","Male","Male","Female","Female","Male",NA,3.48223350253807,1.95877788018851
"5f0c5a561cecb606cd7987b0","Disclaimer-notsexual",713,"Yes","20","panicked","playful","upset","desire","insisting","sarcastic","impatient","dispirited","despondent","preoccupied","bored","regretful","sceptical","anticipating","accusing","contemplative","thoughtful","doubtful","decisive","tentative","friendly","fantasizing","preoccupied","apologetic","pensive","interested","hostile","cautious","interested","reflective","disappointed","confident","serious","concerned","distrustful","nervous","suspicious",6,1,5,4,4,"","yes",21,"Male","Heterosexual or straight","","No","",", madMen, modernFamily","madmenClip","bored|happy|sadness|sex_arousal",11.8833333333333,-0.362660371819817,1,1,1,1,1,0,0,0,1,1,0,1,1,1,1,1,1,1,1,1,1,1,1,0,1,1,1,1,1,1,0,1,1,1,1,1,1,0.833333333333333,"Male","Male","Male","Female","Male","Male","Female","Male","Male","Female","Male","Male","Male","Male","Male","Female","Male","Female","Female","Female","Male","Female","Female","Male","Male","Female","Male","Female","Female","Female","Female","Female","Male","Male","Female","Female","Male",NA,-1.51776649746193,-0.877703749592664
"5d107cf9ee28980016f1a095","Disclaimer-notsexual",523,"Yes","20","panicked","playful","upset","desire","insisting","worried","alarmed","uneasy","despondent","preoccupied","insisting","flirtatious","embarrassed","decisive","accusing","flustered","thoughtful","playful","decisive","grateful","horrified","fantasizing","imploring","apologetic","hostile","incredulous","hostile","joking","interested","reflective","grateful","confident","alarmed","guilty","terrified","puzzled","suspicious",7,1,7,1,1,"","Yes",29,"Male","Heterosexual or straight","","No","",", modernFamily, madMen","modernClip","happy|sex_arousal|sadness|bored",8.71666666666667,-0.998495405827488,1,1,1,1,1,1,0,1,1,1,0,0,0,0,1,0,1,0,1,0,0,1,0,0,0,0,1,0,1,1,0,1,0,0,0,0,1,0.472222222222222,"Male","Male","Male","Female","Male","Male","Female","Male","Male","Female","Male","Male","Male","Male","Male","Female","Male","Female","Female","Female","Male","Female","Female","Male","Male","Female","Male","Female","Female","Female","Female","Female","Male","Male","Female","Female","Male",NA,-1.51776649746193,-0.877703749592664
"5af5a5c3226ed5000133d67c","Disclaimer-notsexual",737,"Yes","20","panicked","playful","annoyed","desire","relaxed","sarcastic","fantasizing","friendly","despondent","preoccupied","cautious","regretful","sceptical","anticipating","accusing","contemplative","sympathetic","affectionate","decisive","tentative","friendly","fantasizing","preoccupied","defiant","pensive","interested","alarmed","reassuring","affectionate","reflective","flirtatious","confident","serious","concerned","distrustful","insisting","suspicious",6,1,6,1,4,"","yes",47,"Male","Heterosexual or straight","","No","",", madMen, modernFamily","madmenClip","sadness|happy|sex_arousal|bored",12.2833333333333,-0.282344367524111,1,1,0,1,0,0,1,0,1,1,1,1,1,1,1,1,0,0,1,1,1,1,1,1,1,1,0,0,0,1,1,1,1,1,1,0,1,0.722222222222222,"Male","Male","Male","Female","Male","Male","Female","Male","Male","Female","Male","Male","Male","Male","Male","Female","Male","Female","Female","Female","Male","Female","Female","Male","Male","Female","Male","Female","Female","Female","Female","Female","Male","Male","Female","Female","Male",NA,-1.51776649746193,-0.877703749592664
"62029c68ef1cb18a1337c9e4","Disclaimer-notsexual",815,"Yes","20","panicked","playful","upset","desire","insisting","worried","fantasizing","uneasy","shy","preoccupied","cautious","regretful","sceptical","threatening","irritated","contemplative","thoughtful","aghast","bored","tentative","guilty","fantasizing","preoccupied","curious","pensive","interested","hostile","cautious","interested","reflective","flirtatious","joking","serious","concerned","distrustful","nervous","suspicious",4,4,4,5,3,"","yes",19,"Male","Heterosexual or straight","","No","",", madMen, modernFamily","madmenClip","sadness|sex_arousal|happy|bored",13.5833333333333,-0.0213173535630674,1,1,1,1,1,1,1,1,0,1,1,1,1,0,0,1,1,0,0,1,0,1,1,0,1,1,1,1,1,1,1,0,1,1,1,1,1,0.777777777777778,"Male","Male","Male","Female","Male","Male","Female","Male","Male","Female","Male","Male","Male","Male","Male","Female","Male","Female","Female","Female","Male","Female","Female","Male","Male","Female","Male","Female","Female","Female","Female","Female","Male","Male","Female","Female","Male",NA,1.48223350253807,0.824185228276038
"5ed12660a41e2603213e1f87","Disclaimer-notsexual",877,"Yes","20","panicked","bored","upset","desire","insisting","worried","fantasizing","friendly","despondent","preoccupied","cautious","regretful","sceptical","anticipating","accusing","contemplative","thoughtful","playful","decisive","tentative","friendly","fantasizing","preoccupied","defiant","hostile","interested","hostile","cautious","interested","reflective","flirtatious","confident","serious","fantasizing","distrustful","insisting","suspicious",4,2,5,5,4,"","yes",46,"Male","Heterosexual or straight","","No","",", modernFamily, madMen","modernClip","sadness|sex_arousal|happy|bored",14.6166666666667,0.186165657534173,1,0,1,1,1,1,1,0,1,1,1,1,1,1,1,1,1,0,1,1,1,1,1,1,0,1,1,1,1,1,1,1,1,0,1,0,1,0.833333333333333,"Male","Male","Male","Female","Male","Male","Female","Male","Male","Female","Male","Male","Male","Male","Male","Female","Male","Female","Female","Female","Male","Female","Female","Male","Male","Female","Male","Female","Female","Female","Female","Female","Male","Male","Female","Female","Male",NA,-0.517766497461929,-0.31040742363643
"5cb988a6b3e70d0001715d79","Disclaimer-notsexual",497,"Yes","20","panicked","playful","upset","desire","insisting","worried","impatient","friendly","despondent","preoccupied","bored","regretful","sceptical","anticipating","accusing","flustered","sympathetic","doubtful","decisive","tentative","friendly","fantasizing","imploring","curious","pensive","interested","anxious","cautious","interested","reflective","flirtatious","confident","alarmed","embarrassed","baffled","contemplative","suspicious",5,1,7,1,1,"","yes",38,"Male","Heterosexual or straight","","No","",", madMen, modernFamily","madmenClip","sex_arousal|sadness|happy|bored",8.28333333333333,-1.08550441048117,1,1,1,1,1,1,0,0,1,1,0,1,1,1,1,0,0,1,1,1,1,1,0,0,1,1,0,1,1,1,1,1,0,0,0,0,1,0.666666666666667,"Male","Male","Male","Female","Male","Male","Female","Male","Male","Female","Male","Male","Male","Male","Male","Female","Male","Female","Female","Female","Male","Female","Female","Male","Male","Female","Male","Female","Female","Female","Female","Female","Male","Male","Female","Female","Male",NA,-1.51776649746193,-0.877703749592664
"5e2b7ca12f20ff1d0b611a6b","Disclaimer-notsexual",703,"Yes","20","panicked","playful","upset","desire","amused","worried","fantasizing","friendly","despondent","preoccupied","cautious","amused","sceptical","decisive","disappointed","contemplative","thoughtful","affectionate","decisive","tentative","friendly","fantasizing","preoccupied","defiant","pensive","interested","shy","cautious","interested","reflective","flirtatious","confident","serious","concerned","distrustful","puzzled","suspicious",7,3,7,3,3,"","Yes",31,"Male","Heterosexual or straight","","No","I put the wrong copied item int he ID section...I will send a message",", modernFamily, madMen","modernClip","happy|bored|sex_arousal|sadness",11.7166666666667,-0.396125373609695,1,1,1,1,0,1,1,0,1,1,1,0,1,0,0,1,1,0,1,1,1,1,1,1,1,1,0,1,1,1,1,1,1,1,1,0,1,0.777777777777778,"Male","Male","Male","Female","Male","Male","Female","Male","Male","Female","Male","Male","Male","Male","Male","Female","Male","Female","Female","Female","Male","Female","Female","Male","Male","Female","Male","Female","Female","Female","Female","Female","Male","Male","Female","Female","Male",NA,0.482233502538071,0.256888902319804
"5f632eba01d0853da2464c44","Disclaimer-notsexual",879,"Yes","20","panicked","playful","upset","desire","insisting","worried","fantasizing","friendly","relieved","preoccupied","insisting","flirtatious","sceptical","anticipating","accusing","contemplative","sympathetic","playful","decisive","sarcastic","friendly","fantasizing","preoccupied","defiant","pensive","interested","hostile","reassuring","interested","reflective","flirtatious","confident","serious","concerned","terrified","puzzled","suspicious",7,2,5,5,1,"","yes",48,"Male","Heterosexual or straight","","No","",", modernFamily, madMen","modernClip","happy|sadness|sex_arousal|bored",14.65,0.192858657892148,1,1,1,1,1,1,1,0,0,1,0,0,1,1,1,1,0,0,1,0,1,1,1,1,1,1,1,0,1,1,1,1,1,1,0,0,1,0.722222222222222,"Male","Male","Male","Female","Male","Male","Female","Male","Male","Female","Male","Male","Male","Male","Male","Female","Male","Female","Female","Female","Male","Female","Female","Male","Male","Female","Male","Female","Female","Female","Female","Female","Male","Male","Female","Female","Male",NA,-0.517766497461929,-0.31040742363643
"6039a06979e3544a49aa3912","Disclaimer-notsexual",752,"Yes","20","panicked","playful","annoyed","desire","insisting","worried","fantasizing","uneasy","excited","preoccupied","cautious","regretful","indifferent","decisive","disappointed","flustered","thoughtful","playful","decisive","tentative","guilty","fantasizing","preoccupied","curious","pensive","interested","anxious","cautious","contented","reflective","flirtatious","dispirited","alarmed","concerned","terrified","nervous","nervous",6,1,3,1,7,"","yes",31,"Male","Heterosexual or straight","","No","",", madMen, modernFamily","madmenClip","bored|sex_arousal|sadness|happy",12.5333333333333,-0.232146864839295,1,1,0,1,1,1,1,1,0,1,1,1,0,0,0,0,1,0,1,1,0,1,1,0,1,1,0,1,0,1,1,0,0,1,0,1,0,0.583333333333333,"Male","Male","Male","Female","Male","Male","Female","Male","Male","Female","Male","Male","Male","Male","Male","Female","Male","Female","Female","Female","Male","Female","Female","Male","Male","Female","Male","Female","Female","Female","Female","Female","Male","Male","Female","Female","Male",NA,-1.51776649746193,-0.877703749592664
"5eeddefa177a7322144cbc5e","Disclaimer-notsexual",923,"Yes","20","arrogant","playful","upset","desire","insisting","worried","fantasizing","dispirited","despondent","preoccupied","cautious","regretful","sceptical","anticipating","accusing","contemplative","thoughtful","playful","decisive","tentative","dominant","fantasizing","preoccupied","defiant","pensive","interested","hostile","reassuring","interested","reflective","flirtatious","confident","serious","concerned","distrustful","contemplative","suspicious",6,4,8,1,1,"","yes",47,"Male","Heterosexual or straight","","No","",", modernFamily, madMen","modernClip","sex_arousal|sadness|bored|happy",15.3833333333333,0.340104665767609,0,1,1,1,1,1,1,0,1,1,1,1,1,1,1,1,1,0,1,1,0,1,1,1,1,1,1,0,1,1,1,1,1,1,1,0,1,0.861111111111111,"Male","Male","Male","Female","Male","Male","Female","Male","Male","Female","Male","Male","Male","Male","Male","Female","Male","Female","Female","Female","Male","Female","Female","Male","Male","Female","Male","Female","Female","Female","Female","Female","Male","Male","Female","Female","Male",NA,1.48223350253807,0.824185228276038
"6056ee916e49a4c2d2474c7b","Disclaimer-notsexual",478,"Yes","20","panicked","playful","annoyed","desire","insisting","sarcastic","aghast","dispirited","despondent","preoccupied","insisting","terrified","sceptical","anticipating","disappointed","flustered","irritated","doubtful","amused","tentative","dominant","fantasizing","imploring","contented","pensive","panicked","hostile","cautious","interested","reflective","grateful","dispirited","serious","guilty","baffled","puzzled","suspicious",5,6,6,3,5,"","yes",29,"Male","Heterosexual or straight","","No","",", madMen, modernFamily","madmenClip","bored|sadness|sex_arousal|happy",7.96666666666667,-1.14908791388194,1,1,0,1,1,0,0,0,1,1,0,0,1,1,0,0,0,1,0,1,0,1,0,0,1,0,1,1,1,1,0,0,1,0,0,0,1,0.472222222222222,"Male","Male","Male","Female","Male","Male","Female","Male","Male","Female","Male","Male","Male","Male","Male","Female","Male","Female","Female","Female","Male","Female","Female","Male","Male","Female","Male","Female","Female","Female","Female","Female","Male","Male","Female","Female","Male",NA,3.48223350253807,1.95877788018851
"607956d15de9adea5646ed38","Disclaimer-notsexual",538,"Yes","20","arrogant","playful","annoyed","desire","insisting","worried","impatient","uneasy","despondent","hostile","insisting","amused","indifferent","shy","accusing","contemplative","thoughtful","affectionate","amused","tentative","friendly","fantasizing","preoccupied","contented","pensive","incredulous","alarmed","cautious","interested","reflective","flirtatious","joking","serious","concerned","distrustful","puzzled","suspicious",7,7,9,2,3,"","yes",32,"Male","Heterosexual or straight","","No","",", madMen, modernFamily","madmenClip","sadness|sex_arousal|happy|bored",8.96666666666667,-0.948297903142672,0,1,0,1,1,1,0,1,1,0,0,0,0,0,1,1,1,0,0,1,1,1,1,0,1,0,0,1,1,1,1,0,1,1,1,0,1,0.611111111111111,"Male","Male","Male","Female","Male","Male","Female","Male","Male","Female","Male","Male","Male","Male","Male","Female","Male","Female","Female","Female","Male","Female","Female","Male","Male","Female","Male","Female","Female","Female","Female","Female","Male","Male","Female","Female","Male",NA,4.48223350253807,2.52607420614474
"5fb7f2531f7e24425ac7c8c3","Disclaimer-notsexual",854,"Yes","20","panicked","playful","upset","desire","relaxed","irritated","fantasizing","uneasy","despondent","preoccupied","cautious","regretful","sceptical","anticipating","accusing","contemplative","thoughtful","doubtful","decisive","tentative","guilty","fantasizing","preoccupied","defiant","pensive","interested","hostile","cautious","interested","reflective","flirtatious","confident","serious","concerned","distrustful","nervous","suspicious",7,6,7,2,2,"","yes",25,"Male","Heterosexual or straight","","No","Just a brief heads up, my prolific ID did not automatically fill in, just in case you were under the assumption that the survey did automatically fill that question in I thought I'd let you know.",", madMen, modernFamily","madmenClip","happy|bored|sex_arousal|sadness",14.2333333333333,0.109196153417455,1,1,1,1,0,0,1,1,1,1,1,1,1,1,1,1,1,1,1,1,0,1,1,1,1,1,1,1,1,1,1,1,1,1,1,1,1,0.916666666666667,"Male","Male","Male","Female","Male","Male","Female","Male","Male","Female","Male","Male","Male","Male","Male","Female","Male","Female","Female","Female","Male","Female","Female","Male","Male","Female","Male","Female","Female","Female","Female","Female","Male","Male","Female","Female","Male",NA,3.48223350253807,1.95877788018851
"5c5b2cfad85a070001e8fbdf","Disclaimer-notsexual",724,"Yes","20","panicked","playful","upset","desire","relaxed","worried","fantasizing","uneasy","despondent","preoccupied","cautious","regretful","sceptical","anticipating","accusing","contemplative","thoughtful","affectionate","decisive","tentative","friendly","fantasizing","preoccupied","curious","pensive","interested","anxious","cautious","affectionate","reflective","flirtatious","confident","serious","concerned","distrustful","nervous","suspicious",7,1,7,3,3,"","yes",41,"Male","Heterosexual or straight","","No","",", modernFamily, madMen","modernClip","happy|sadness|sex_arousal|bored",12.0666666666667,-0.325848869850952,1,1,1,1,0,1,1,1,1,1,1,1,1,1,1,1,1,0,1,1,1,1,1,0,1,1,0,1,0,1,1,1,1,1,1,1,1,0.861111111111111,"Male","Male","Male","Female","Male","Male","Female","Male","Male","Female","Male","Male","Male","Male","Male","Female","Male","Female","Female","Female","Male","Female","Female","Male","Male","Female","Male","Female","Female","Female","Female","Female","Male","Male","Female","Female","Male",NA,-1.51776649746193,-0.877703749592664
"60621582fe2e0ea6aa218581","Disclaimer-notsexual",1002,"Yes","20","panicked","bored","annoyed","flustered","insisting","sarcastic","fantasizing","uneasy","despondent","preoccupied","insisting","regretful","sceptical","anticipating","accusing","contemplative","sympathetic","affectionate","decisive","tentative","friendly","panicked","preoccupied","curious","hostile","incredulous","anxious","cautious","contented","reflective","flirtatious","confident","serious","concerned","baffled","nervous","suspicious",7,1,2,1,5,"","yes",38,"Male","Heterosexual or straight","","No","",", madMen, modernFamily","madmenClip","sadness|happy|bored|sex_arousal",16.7,0.60447817990764,1,0,0,0,1,0,1,1,1,1,0,1,1,1,1,1,0,0,1,1,1,0,1,0,0,0,0,1,0,1,1,1,1,1,0,1,1,0.611111111111111,"Male","Male","Male","Female","Male","Male","Female","Male","Male","Female","Male","Male","Male","Male","Male","Female","Male","Female","Female","Female","Male","Female","Female","Male","Male","Female","Male","Female","Female","Female","Female","Female","Male","Male","Female","Female","Male",NA,-1.51776649746193,-0.877703749592664
"60b6499af963de7ce527d399","Disclaimer-notsexual",591,"Yes","20","arrogant","playful","annoyed","desire","insisting","sarcastic","fantasizing","friendly","despondent","annoyed","insisting","regretful","sceptical","shy","disappointed","contemplative","encouraging","doubtful","bored","grateful","friendly","fantasizing","preoccupied","defiant","pensive","interested","hostile","cautious","interested","reflective","flirtatious","confident","serious","concerned","aghast","insisting","suspicious",6,2,5,1,6,"","yes",30,"Male","Heterosexual or straight","","No","",", modernFamily, madMen","modernClip","sadness|bored|sex_arousal|happy",9.85,-0.770933393656322,0,1,0,1,1,0,1,0,1,0,0,1,1,0,0,1,0,1,0,0,1,1,1,1,1,1,1,1,1,1,1,1,1,1,0,0,1,0.666666666666667,"Male","Male","Male","Female","Male","Male","Female","Male","Male","Female","Male","Male","Male","Male","Male","Female","Male","Female","Female","Female","Male","Female","Female","Male","Male","Female","Male","Female","Female","Female","Female","Female","Male","Male","Female","Female","Male",NA,-0.517766497461929,-0.31040742363643
"5ec439fc21dd591193d88d35","Disclaimer-notsexual",732,"Yes","20","panicked","playful","upset","desire","insisting","worried","impatient","friendly","despondent","preoccupied","cautious","flirtatious","indifferent","anticipating","accusing","contemplative","thoughtful","doubtful","decisive","tentative","guilty","fantasizing","imploring","defiant","pensive","interested","anxious","arrogant","interested","impatient","flirtatious","confident","serious","concerned","baffled","puzzled","suspicious",5,1,6,3,3,"","yes",22,"Male","Heterosexual or straight","","No","",", madMen, modernFamily","madmenClip","happy|sadness|bored|sex_arousal",12.2,-0.29907686841905,1,1,1,1,1,1,0,0,1,1,1,0,0,1,1,1,1,1,1,1,0,1,0,1,1,1,0,0,1,0,1,1,1,1,0,0,1,0.694444444444444,"Male","Male","Male","Female","Male","Male","Female","Male","Male","Female","Male","Male","Male","Male","Male","Female","Male","Female","Female","Female","Male","Female","Female","Male","Male","Female","Male","Female","Female","Female","Female","Female","Male","Male","Female","Female","Male",NA,-1.51776649746193,-0.877703749592664
"5f6388c21b14c5079764e750","Disclaimer-notsexual",836,"Yes","20","panicked","playful","upset","desire","insisting","worried","fantasizing","uneasy","despondent","preoccupied","cautious","regretful","sceptical","anticipating","accusing","contemplative","thoughtful","doubtful","decisive","tentative","friendly","fantasizing","preoccupied","defiant","pensive","interested","shy","cautious","interested","irritated","disappointed","confident","serious","concerned","distrustful","nervous","suspicious",8,2,5,2,5,"","yes",32,"Male","Heterosexual or straight","","No","",", madMen, modernFamily","madmenClip","sex_arousal|bored|sadness|happy",13.9333333333333,0.0489591501956752,1,1,1,1,1,1,1,1,1,1,1,1,1,1,1,1,1,1,1,1,1,1,1,1,1,1,0,1,1,0,0,1,1,1,1,1,1,0.916666666666667,"Male","Male","Male","Female","Male","Male","Female","Male","Male","Female","Male","Male","Male","Male","Male","Female","Male","Female","Female","Female","Male","Female","Female","Male","Male","Female","Male","Female","Female","Female","Female","Female","Male","Male","Female","Female","Male",NA,-0.517766497461929,-0.31040742363643
"5fb1b6a116dfd36eea55dacd","Disclaimer-notsexual",656,"Yes","20","panicked","playful","upset","convinced","insisting","worried","impatient","uneasy","despondent","annoyed","cautious","regretful","sceptical","anticipating","accusing","contemplative","thoughtful","affectionate","bored","tentative","friendly","fantasizing","preoccupied","curious","pensive","interested","hostile","cautious","contented","impatient","flirtatious","confident","serious","concerned","distrustful","nervous","suspicious",4,1,4,1,3,"","yes",34,"Male","Heterosexual or straight","","No","",", modernFamily, madMen","modernClip","sex_arousal|sadness|bored|happy",10.9333333333333,-0.553410882022119,1,1,1,0,1,1,0,1,1,0,1,1,1,1,1,1,1,0,0,1,1,1,1,0,1,1,1,1,0,0,1,1,1,1,1,1,1,0.777777777777778,"Male","Male","Male","Female","Male","Male","Female","Male","Male","Female","Male","Male","Male","Male","Male","Female","Male","Female","Female","Female","Male","Female","Female","Male","Male","Female","Male","Female","Female","Female","Female","Female","Male","Male","Female","Female","Male",NA,-1.51776649746193,-0.877703749592664
"5c40e66b0bd987000114f534","Disclaimer-notsexual",742,"Yes","20","panicked","playful","upset","convinced","insisting","worried","impatient","uneasy","despondent","preoccupied","cautious","regretful","sceptical","threatening","accusing","contemplative","sympathetic","doubtful","decisive","tentative","friendly","fantasizing","preoccupied","defiant","hostile","interested","anxious","cautious","interested","reflective","flirtatious","dispirited","bewildered","concerned","distrustful","puzzled","suspicious",6,2,6,2,3,"","yes",49,"Male","Heterosexual or straight","","No","",", modernFamily, madMen","modernClip","happy|sex_arousal|bored|sadness",12.3666666666667,-0.265611866629173,1,1,1,0,1,1,0,1,1,1,1,1,1,0,1,1,0,1,1,1,1,1,1,1,0,1,0,1,1,1,1,0,0,1,1,0,1,0.75,"Male","Male","Male","Female","Male","Male","Female","Male","Male","Female","Male","Male","Male","Male","Male","Female","Male","Female","Female","Female","Male","Female","Female","Male","Male","Female","Male","Female","Female","Female","Female","Female","Male","Male","Female","Female","Male",NA,-0.517766497461929,-0.31040742363643
"5d93264e3e74670014b4b981","Disclaimer-notsexual",984,"Yes","20","panicked","playful","arrogant","desire","insisting","worried","fantasizing","uneasy","despondent","hostile","insisting","flirtatious","indifferent","anticipating","accusing","contemplative","thoughtful","doubtful","decisive","sarcastic","friendly","fantasizing","preoccupied","defiant","iIrritated","interested","hostile","cautious","interested","impatient","flirtatious","confident","serious","concerned","distrustful","nervous","suspicious",5,4,5,3,3,"","yes",36,"Male","Heterosexual or straight","","No","",", modernFamily, madMen","modernClip","sadness|bored|sex_arousal|happy",16.4,0.544241176685861,1,1,0,1,1,1,1,1,1,0,0,0,0,1,1,1,1,1,1,0,1,1,1,1,0,1,1,1,1,0,1,1,1,1,1,1,1,0.777777777777778,"Male","Male","Male","Female","Male","Male","Female","Male","Male","Female","Male","Male","Male","Male","Male","Female","Male","Female","Female","Female","Male","Female","Female","Male","Male","Female","Male","Female","Female","Female","Female","Female","Male","Male","Female","Female","Male",NA,1.48223350253807,0.824185228276038
"6007421356226920359b5f3e","Disclaimer-notsexual",725,"Yes","20","panicked","comforting","upset","desire","relaxed","worried","fantasizing","friendly","despondent","preoccupied","insisting","amused","sceptical","decisive","accusing","contemplative","encouraging","doubtful","decisive","tentative","friendly","fantasizing","preoccupied","defiant","hostile","panicked","anxious","arrogant","interested","irritated","flirtatious","confident","serious","concerned","distrustful","nervous","suspicious",6,1,5,4,6,"","yes",30,"Male","Heterosexual or straight","","No","n/a",", modernFamily, madMen","modernClip","sadness|bored|sex_arousal|happy",12.0833333333333,-0.322502369671964,1,0,1,1,0,1,1,0,1,1,0,0,1,0,1,1,0,1,1,1,1,1,1,1,0,0,0,0,1,0,1,1,1,1,1,1,1,0.666666666666667,"Male","Male","Male","Female","Male","Male","Female","Male","Male","Female","Male","Male","Male","Male","Male","Female","Male","Female","Female","Female","Male","Female","Female","Male","Male","Female","Male","Female","Female","Female","Female","Female","Male","Male","Female","Female","Male",NA,-1.51776649746193,-0.877703749592664
"5c28d36b6fbaed00010847a8","Disclaimer-notsexual",663,"Yes","20","panicked","playful","upset","desire","insisting","worried","fantasizing","friendly","despondent","horrified","cautious","amused","indifferent","anticipating","accusing","encouraging","thoughtful","affectionate","decisive","tentative","friendly","fantasizing","preoccupied","curious","pensive","interested","anxious","cautious","interested","reflective","flirtatious","confident","serious","concerned","baffled","nervous","suspicious",6,6,7,2,1,"","yes",48,"Male","Heterosexual or straight","","No","",", madMen, modernFamily","madmenClip","bored|sadness|sex_arousal|happy",11.05,-0.529985380769204,1,1,1,1,1,1,1,0,1,0,1,0,0,1,1,0,1,0,1,1,1,1,1,0,1,1,0,1,1,1,1,1,1,1,0,1,1,0.75,"Male","Male","Male","Female","Male","Male","Female","Male","Male","Female","Male","Male","Male","Male","Male","Female","Male","Female","Female","Female","Male","Female","Female","Male","Male","Female","Male","Female","Female","Female","Female","Female","Male","Male","Female","Female","Male",NA,3.48223350253807,1.95877788018851
"6151f84aca0c007d8baa2750","Disclaimer-notsexual",1016,"Yes","20","panicked","playful","upset","desire","insisting","sarcastic","impatient","uneasy","shy","preoccupied","cautious","regretful","sceptical","shy","accusing","contemplative","thoughtful","playful","decisive","tentative","dominant","fantasizing","preoccupied","defiant","pensive","interested","hostile","cautious","affectionate","reflective","flirtatious","ashamed","serious","concerned","distrustful","nervous","indecisive",6,1,5,4,3,"","Yes",24,"Male","Heterosexual or straight","","No","",", modernFamily, madMen","modernClip","bored|sex_arousal|happy|sadness",16.9333333333333,0.651329182413469,1,1,1,1,1,0,0,1,0,1,1,1,1,0,1,1,1,0,1,1,0,1,1,1,1,1,1,1,0,1,1,0,1,1,1,1,0,0.75,"Male","Male","Male","Female","Male","Male","Female","Male","Male","Female","Male","Male","Male","Male","Male","Female","Male","Female","Female","Female","Male","Female","Female","Male","Male","Female","Male","Female","Female","Female","Female","Female","Male","Male","Female","Female","Male",NA,-1.51776649746193,-0.877703749592664
"60eec0367a7cc5ea6ed0e099","Disclaimer-notsexual",764,"Yes","20","panicked","playful","upset","convinced","insisting","worried","fantasizing","uneasy","shy","preoccupied","insisting","regretful","sceptical","anticipating","accusing","contemplative","thoughtful","doubtful","decisive","grateful","friendly","fantasizing","preoccupied","defiant","pensive","incredulous","hostile","cautious","interested","reflective","flirtatious","dispirited","serious","concerned","distrustful","nervous","suspicious",7,4,5,1,3,"","Yes",38,"Male","Heterosexual or straight","","No","Don Draperrrr",", madMen, modernFamily","madmenClip","sex_arousal|sadness|bored|happy",12.7333333333333,-0.191988862691442,1,1,1,0,1,1,1,1,0,1,0,1,1,1,1,1,1,1,1,0,1,1,1,1,1,0,1,1,1,1,1,0,1,1,1,1,1,0.833333333333333,"Male","Male","Male","Female","Male","Male","Female","Male","Male","Female","Male","Male","Male","Male","Male","Female","Male","Female","Female","Female","Male","Female","Female","Male","Male","Female","Male","Female","Female","Female","Female","Female","Male","Male","Female","Female","Male","familiar",1.48223350253807,0.824185228276038
"6137de64e04b1b9d35c696c4","Disclaimer-notsexual",583,"Yes","20","panicked","playful","upset","desire","insisting","worried","fantasizing","uneasy","despondent","preoccupied","cautious","regretful","sceptical","anticipating","accusing","contemplative","thoughtful","doubtful","decisive","tentative","guilty","fantasizing","preoccupied","apologetic","pensive","interested","hostile","cautious","interested","irritated","flirtatious","confident","bewildered","concerned","distrustful","nervous","suspicious",4,3,5,3,1,"","yes",40,"Male","Heterosexual or straight","","No","",", madMen, modernFamily","madmenClip","sadness|sex_arousal|happy|bored",9.71666666666667,-0.797705395088224,1,1,1,1,1,1,1,1,1,1,1,1,1,1,1,1,1,1,1,1,0,1,1,0,1,1,1,1,1,0,1,1,0,1,1,1,1,0.888888888888889,"Male","Male","Male","Female","Male","Male","Female","Male","Male","Female","Male","Male","Male","Male","Male","Female","Male","Female","Female","Female","Male","Female","Female","Male","Male","Female","Male","Female","Female","Female","Female","Female","Male","Male","Female","Female","Male",NA,0.482233502538071,0.256888902319804
"616afb0449d5f8967c4eb27d","Disclaimer-notsexual",651,"Yes","20","panicked","playful","upset","desire","insisting","worried","impatient","friendly","relieved","annoyed","bored","regretful","sceptical","anticipating","irritated","encouraging","thoughtful","doubtful","decisive","tentative","friendly","fantasizing","preoccupied","defiant","pensive","incredulous","hostile","cautious","interested","reflective","hostile","joking","ashamed","guilty","terrified","nervous","suspicious",7,1,5,2,3,"","yes",20,"Male","Heterosexual or straight","","No","",", madMen, modernFamily","madmenClip","bored|sex_arousal|happy|sadness",10.85,-0.570143382917057,1,1,1,1,1,1,0,0,0,0,0,1,1,1,0,0,1,1,1,1,1,1,1,1,1,0,1,1,1,1,0,0,0,0,0,1,1,0.638888888888889,"Male","Male","Male","Female","Male","Male","Female","Male","Male","Female","Male","Male","Male","Male","Male","Female","Male","Female","Female","Female","Male","Female","Female","Male","Male","Female","Male","Female","Female","Female","Female","Female","Male","Male","Female","Female","Male",NA,-1.51776649746193,-0.877703749592664
"595c19a78c7f1a00013bd40f","Disclaimer-notsexual",578,"Yes","20","panicked","playful","annoyed","desire","insisting","worried","impatient","friendly","despondent","preoccupied","aghast","regretful","embarrassed","decisive","irritated","flustered","thoughtful","affectionate","bored","tentative","friendly","embarrassed","preoccupied","defiant","pensive","despondent","anxious","cautious","contented","reflective","flirtatious","confident","serious","concerned","aghast","nervous","suspicious",4,2,6,1,1,"","yes",42,"Male","Heterosexual or straight","","No","",", madMen, modernFamily","madmenClip","sex_arousal|bored|happy|sadness",9.63333333333333,-0.814437895983162,1,1,0,1,1,1,0,0,1,1,0,1,0,0,0,0,1,0,0,1,1,0,1,1,1,0,0,1,0,1,1,1,1,1,0,1,1,0.583333333333333,"Male","Male","Male","Female","Male","Male","Female","Male","Male","Female","Male","Male","Male","Male","Male","Female","Male","Female","Female","Female","Male","Female","Female","Male","Male","Female","Male","Female","Female","Female","Female","Female","Male","Male","Female","Female","Male",NA,-0.517766497461929,-0.31040742363643
"5aad68f74ea21d000101c20c","Disclaimer-notsexual",1186,"Yes","20","panicked","playful","terrified","desire","insisting","worried","fantasizing","uneasy","despondent","preoccupied","cautious","regretful","sceptical","anticipating","accusing","contemplative","thoughtful","aghast","aghast","tentative","friendly","fantasizing","imploring","curious","hostile","despondent","anxious","cautious","interested","reflective","hostile","dispirited","serious","concerned","terrified","nervous","suspicious",8,1,6,1,3,"","yes",28,"Male","Heterosexual or straight","","No","",", modernFamily, madMen","modernClip","happy|bored|sex_arousal|sadness",19.7666666666667,1.22023421284139,1,1,0,1,1,1,1,1,1,1,1,1,1,1,1,1,1,0,0,1,1,1,0,0,0,0,0,1,1,1,0,0,1,1,0,1,1,0.694444444444444,"Male","Male","Male","Female","Male","Male","Female","Male","Male","Female","Male","Male","Male","Male","Male","Female","Male","Female","Female","Female","Male","Female","Female","Male","Male","Female","Male","Female","Female","Female","Female","Female","Male","Male","Female","Female","Male",NA,-1.51776649746193,-0.877703749592664
"5f0d75595c3a52000819b39c","Disclaimer-notsexual",829,"Yes","20","arrogant","playful","upset","desire","amused","worried","fantasizing","apologetic","despondent","preoccupied","insisting","regretful","sceptical","anticipating","accusing","contemplative","thoughtful","doubtful","decisive","sarcastic","friendly","fantasizing","preoccupied","defiant","pensive","interested","hostile","cautious","interested","irritated","flirtatious","confident","serious","concerned","baffled","nervous","suspicious",6,4,7,2,4,"","yes",40,"Male","Heterosexual or straight","","No","",", madMen, modernFamily","madmenClip","happy|bored|sex_arousal|sadness",13.8166666666667,0.025533648942761,0,1,1,1,0,1,1,0,1,1,0,1,1,1,1,1,1,1,1,0,1,1,1,1,1,1,1,1,1,0,1,1,1,1,0,1,1,0.833333333333333,"Male","Male","Male","Female","Male","Male","Female","Male","Male","Female","Male","Male","Male","Male","Male","Female","Male","Female","Female","Female","Male","Female","Female","Male","Male","Female","Male","Female","Female","Female","Female","Female","Male","Male","Female","Female","Male",NA,1.48223350253807,0.824185228276038
"6144711edbbb2ce35dcf6b11","Disclaimer-notsexual",1124,"Yes","20","panicked","playful","upset","desire","insisting","worried","fantasizing","uneasy","relieved","preoccupied","cautious","regretful","sceptical","anticipating","accusing","contemplative","thoughtful","doubtful","decisive","tentative","friendly","fantasizing","preoccupied","defiant","pensive","interested","hostile","cautious","interested","reflective","flirtatious","confident","serious","guilty","baffled","nervous","suspicious",2,3,4,2,3,"","yes",41,"Male","Heterosexual or straight","","No","",", modernFamily, madMen","modernClip","bored|sex_arousal|sadness|happy",18.7333333333333,1.01275120174414,1,1,1,1,1,1,1,1,0,1,1,1,1,1,1,1,1,1,1,1,1,1,1,1,1,1,1,1,1,1,1,1,1,0,0,1,1,0.916666666666667,"Male","Male","Male","Female","Male","Male","Female","Male","Male","Female","Male","Male","Male","Male","Male","Female","Male","Female","Female","Female","Male","Female","Female","Male","Male","Female","Male","Female","Female","Female","Female","Female","Male","Male","Female","Female","Male",NA,0.482233502538071,0.256888902319804
"612bf3ef401afc036a41dbb4","Disclaimer-notsexual",581,"Yes","20","panicked","playful","upset","desire","amused","worried","fantasizing","friendly","despondent","preoccupied","insisting","regretful","sceptical","anticipating","accusing","contemplative","thoughtful","doubtful","decisive","sarcastic","friendly","fantasizing","preoccupied","apologetic","pensive","interested","shy","cautious","interested","reflective","flirtatious","confident","serious","concerned","distrustful","nervous","suspicious",4,3,4,1,5,"","yes",29,"Male","Heterosexual or straight","","No","",", madMen, modernFamily","madmenClip","bored|sex_arousal|sadness|happy",9.68333333333333,-0.804398395446199,1,1,1,1,0,1,1,0,1,1,0,1,1,1,1,1,1,1,1,0,1,1,1,0,1,1,0,1,1,1,1,1,1,1,1,1,1,0.833333333333333,"Male","Male","Male","Female","Male","Male","Female","Male","Male","Female","Male","Male","Male","Male","Male","Female","Male","Female","Female","Female","Male","Female","Female","Male","Male","Female","Male","Female","Female","Female","Female","Female","Male","Male","Female","Female","Male",NA,0.482233502538071,0.256888902319804
"5d7e4e3f3795e900011677fe","Disclaimer-notsexual",1032,"Yes","20","panicked","playful","upset","desire","insisting","sarcastic","fantasizing","friendly","despondent","annoyed","insisting","flirtatious","sceptical","decisive","accusing","contemplative","thoughtful","affectionate","amused","tentative","friendly","fantasizing","preoccupied","curious","pensive","incredulous","alarmed","reassuring","interested","reflective","flirtatious","confident","alarmed","concerned","distrustful","puzzled","suspicious",6,1,5,1,1,"","yes",28,"Male","Heterosexual or straight","","No","",", madMen, modernFamily","madmenClip","sadness|happy|sex_arousal|bored",17.2,0.704873185277273,1,1,1,1,1,0,1,0,1,0,0,0,1,0,1,1,1,0,0,1,1,1,1,0,1,0,0,0,1,1,1,1,0,1,1,0,1,0.611111111111111,"Male","Male","Male","Female","Male","Male","Female","Male","Male","Female","Male","Male","Male","Male","Male","Female","Male","Female","Female","Female","Male","Female","Female","Male","Male","Female","Male","Female","Female","Female","Female","Female","Male","Male","Female","Female","Male",NA,-1.51776649746193,-0.877703749592664
"5e85dd630d7d0a1dbe601308","Disclaimer-notsexual",1243,"Yes","20","panicked","playful","upset","desire","insisting","irritated","impatient","uneasy","despondent","preoccupied","cautious","regretful","sceptical","anticipating","accusing","contemplative","thoughtful","doubtful","decisive","tentative","friendly","embarrassed","preoccupied","apologetic","pensive","interested","anxious","arrogant","interested","irritated","flirtatious","dispirited","serious","concerned","distrustful","nervous","suspicious",6,4,3,2,2,"","yes",48,"Male","Heterosexual or straight","","No","",", madMen, modernFamily","madmenClip","sadness|sex_arousal|bored|happy",20.7166666666667,1.41098472304369,1,1,1,1,1,0,0,1,1,1,1,1,1,1,1,1,1,1,1,1,1,0,1,0,1,1,0,0,1,0,1,0,1,1,1,1,1,0.777777777777778,"Male","Male","Male","Female","Male","Male","Female","Male","Male","Female","Male","Male","Male","Male","Male","Female","Male","Female","Female","Female","Male","Female","Female","Male","Male","Female","Male","Female","Female","Female","Female","Female","Male","Male","Female","Female","Male",NA,1.48223350253807,0.824185228276038
"613e06f990c5f6002d238d17","Disclaimer-notsexual",1404,"Yes","20","panicked","comforting","upset","desire","relaxed","worried","fantasizing","friendly","relieved","preoccupied","cautious","regretful","indifferent","shy","accusing","contemplative","encouraging","doubtful","decisive","grateful","friendly","fantasizing","preoccupied","curious","pensive","interested","anxious","arrogant","interested","reflective","flirtatious","joking","serious","embarrassed","terrified","nervous","suspicious",4,2,5,6,6,"","yes",37,"Male","Heterosexual or straight","","No","",", modernFamily, madMen","modernClip","happy|sex_arousal|sadness|bored",23.4,1.94977125186071,1,0,1,1,0,1,1,0,0,1,1,1,0,0,1,1,0,1,1,0,1,1,1,0,1,1,0,0,1,1,1,0,1,0,0,1,1,0.611111111111111,"Male","Male","Male","Female","Male","Male","Female","Male","Male","Female","Male","Male","Male","Male","Male","Female","Male","Female","Female","Female","Male","Female","Female","Male","Male","Female","Male","Female","Female","Female","Female","Female","Male","Male","Female","Female","Male",NA,-0.517766497461929,-0.31040742363643
"5bf530fe92ddb60001d02698","Disclaimer-notsexual",508,"Yes","20","panicked","playful","upset","joking","amused","worried","fantasizing","friendly","excited","preoccupied","insisting","amused","sceptical","anticipating","accusing","amused","encouraging","aghast","aghast","tentative","friendly","panicked","imploring","defiant","iIrritated","interested","anxious","cautious","contented","aghast","grateful","confident","alarmed","guilty","aghast","insisting","indecisive",6,5,6,4,3,"","yes",43,"Male","Heterosexual or straight","","No","",", modernFamily, madMen","modernClip","bored|sex_arousal|sadness|happy",8.46666666666667,-1.0486929085123,1,1,1,0,0,1,1,0,0,1,0,0,1,1,1,0,0,0,0,1,1,0,0,1,0,1,0,1,0,0,0,1,0,0,0,0,0,0.388888888888889,"Male","Male","Male","Female","Male","Male","Female","Male","Male","Female","Male","Male","Male","Male","Male","Female","Male","Female","Female","Female","Male","Female","Female","Male","Male","Female","Male","Female","Female","Female","Female","Female","Male","Male","Female","Female","Male",NA,2.48223350253807,1.39148155423227
"5fec4bf28fd71dda83c7f34e","Disclaimer-notsexual",632,"Yes","20","panicked","playful","terrified","desire","insisting","worried","fantasizing","uneasy","despondent","preoccupied","cautious","regretful","sceptical","anticipating","accusing","contemplative","sympathetic","doubtful","decisive","tentative","friendly","fantasizing","preoccupied","defiant","pensive","panicked","hostile","cautious","interested","irritated","flirtatious","confident","serious","concerned","distrustful","nervous","suspicious",7,2,3,6,5,"","yes",35,"Male","Heterosexual or straight","","No","",", modernFamily, madMen","modernClip","sadness|sex_arousal|bored|happy",10.5333333333333,-0.633726886317824,1,1,0,1,1,1,1,1,1,1,1,1,1,1,1,1,0,1,1,1,1,1,1,1,1,0,1,1,1,0,1,1,1,1,1,1,1,0.888888888888889,"Male","Male","Male","Female","Male","Male","Female","Male","Male","Female","Male","Male","Male","Male","Male","Female","Male","Female","Female","Female","Male","Female","Female","Male","Male","Female","Male","Female","Female","Female","Female","Female","Male","Male","Female","Female","Male",NA,-0.517766497461929,-0.31040742363643
"5e283f576dbb560114ac7714","Disclaimer-notsexual",849,"Yes","20","panicked","playful","annoyed","desire","insisting","worried","fantasizing","friendly","despondent","preoccupied","cautious","regretful","sceptical","anticipating","disappointed","contemplative","thoughtful","doubtful","decisive","tentative","friendly","fantasizing","preoccupied","defiant","hostile","interested","anxious","cautious","interested","reflective","flirtatious","ashamed","bewildered","guilty","baffled","puzzled","suspicious",7,2,6,1,3,"","yes",42,"Male","Heterosexual or straight","","No","none thanks",", modernFamily, madMen","modernClip","happy|bored|sex_arousal|sadness",14.15,0.0924636525225158,1,1,0,1,1,1,1,0,1,1,1,1,1,1,0,1,1,1,1,1,1,1,1,1,0,1,0,1,1,1,1,0,0,0,0,0,1,0.722222222222222,"Male","Male","Male","Female","Male","Male","Female","Male","Male","Female","Male","Male","Male","Male","Male","Female","Male","Female","Female","Female","Male","Female","Female","Male","Male","Female","Male","Female","Female","Female","Female","Female","Male","Male","Female","Female","Male",NA,-0.517766497461929,-0.31040742363643
"5d028f7c8d28ba00177a1ec7","Disclaimer-notsexual",786,"Yes","20","panicked","playful","upset","convinced","insisting","irritated","impatient","dispirited","despondent","hostile","cautious","terrified","indifferent","threatening","accusing","contemplative","thoughtful","doubtful","decisive","sarcastic","friendly","fantasizing","preoccupied","defiant","iIrritated","interested","alarmed","cautious","interested","irritated","hostile","dispirited","serious","concerned","baffled","nervous","suspicious",3,1,8,6,6,"","yes",30,"Male","Heterosexual or straight","","No","modern family clip was funny, second clip was strange.",", modernFamily, madMen","modernClip","sadness|happy|sex_arousal|bored",13.1,-0.118365858753712,1,1,1,0,1,0,0,0,1,0,1,0,0,0,1,1,1,1,1,0,1,1,1,1,0,1,0,1,1,0,0,0,1,1,0,1,1,0.583333333333333,"Male","Male","Male","Female","Male","Male","Female","Male","Male","Female","Male","Male","Male","Male","Male","Female","Male","Female","Female","Female","Male","Female","Female","Male","Male","Female","Male","Female","Female","Female","Female","Female","Male","Male","Female","Female","Male","familiar",-1.51776649746193,-0.877703749592664
"61516c12872973b48c8594ae","Disclaimer-notsexual",1172,"Yes","20","panicked","playful","annoyed","desire","insisting","irritated","fantasizing","uneasy","despondent","preoccupied","insisting","flirtatious","indifferent","anticipating","accusing","contemplative","thoughtful","doubtful","decisive","arrogant","dominant","confused","preoccupied","defiant","pensive","interested","hostile","cautious","interested","reflective","flirtatious","confident","serious","concerned","distrustful","nervous","suspicious",7,3,8,1,1,"","yes",41,"Male","Heterosexual or straight","","No","",", madMen, modernFamily","madmenClip","happy|sex_arousal|sadness|bored",19.5333333333333,1.17338321033556,1,1,0,1,1,0,1,1,1,1,0,0,0,1,1,1,1,1,1,0,0,0,1,1,1,1,1,1,1,1,1,1,1,1,1,1,1,0.777777777777778,"Male","Male","Male","Female","Male","Male","Female","Male","Male","Female","Male","Male","Male","Male","Male","Female","Male","Female","Female","Female","Male","Female","Female","Male","Male","Female","Male","Female","Female","Female","Female","Female","Male","Male","Female","Female","Male",NA,0.482233502538071,0.256888902319804
"5ef1125a34472c1dbf284409","Disclaimer-notsexual",1608,"Yes","20","panicked","playful","annoyed","desire","insisting","sarcastic","fantasizing","uneasy","despondent","preoccupied","cautious","terrified","sceptical","anticipating","disappointed","contemplative","thoughtful","doubtful","decisive","grateful","dominant","fantasizing","preoccupied","curious","hostile","panicked","anxious","cautious","interested","aghast","disappointed","confident","serious","concerned","terrified","nervous","ashamed",8,1,5,7,5,"","yes",39,"Male","Heterosexual or straight","","No","",", madMen, modernFamily","madmenClip","bored|sex_arousal|happy|sadness",26.8,2.63245728837421,1,1,0,1,1,0,1,1,1,1,1,0,1,1,0,1,1,1,1,0,0,1,1,0,0,0,0,1,1,0,0,1,1,1,0,1,0,0.611111111111111,"Male","Male","Male","Female","Male","Male","Female","Male","Male","Female","Male","Male","Male","Male","Male","Female","Male","Female","Female","Female","Male","Female","Female","Male","Male","Female","Male","Female","Female","Female","Female","Female","Male","Male","Female","Female","Male",NA,-1.51776649746193,-0.877703749592664
"5dc486da84799a35fbede98d","Disclaimer-notsexual",698,"Yes","20","panicked","irritated","upset","desire","insisting","worried","fantasizing","dispirited","despondent","preoccupied","insisting","regretful","sceptical","anticipating","accusing","contemplative","thoughtful","playful","amused","tentative","friendly","fantasizing","preoccupied","defiant","hostile","interested","hostile","reassuring","affectionate","impatient","flirtatious","confident","serious","concerned","distrustful","nervous","suspicious",6,6,5,2,4,"","yes",44,"Male","Heterosexual or straight","","No","",", madMen, modernFamily","madmenClip","bored|sadness|happy|sex_arousal",11.6333333333333,-0.412857874504633,1,0,1,1,1,1,1,0,1,1,0,1,1,1,1,1,1,0,0,1,1,1,1,1,0,1,1,0,0,0,1,1,1,1,1,1,1,0.75,"Male","Male","Male","Female","Male","Male","Female","Male","Male","Female","Male","Male","Male","Male","Male","Female","Male","Female","Female","Female","Male","Female","Female","Male","Male","Female","Male","Female","Female","Female","Female","Female","Male","Male","Female","Female","Male",NA,3.48223350253807,1.95877788018851
"5d5a75c570a7c1000152623e","Disclaimer-notsexual",776,"Yes","20","panicked","playful","upset","desire","insisting","worried","fantasizing","uneasy","despondent","preoccupied","cautious","regretful","sceptical","shy","accusing","contemplative","sympathetic","aghast","aghast","tentative","friendly","fantasizing","preoccupied","defiant","pensive","despondent","hostile","cautious","affectionate","reflective","flirtatious","confident","serious","concerned","distrustful","nervous","suspicious",3,1,6,1,3,"","yes",36,"Male","Heterosexual or straight","","No","Thank you. This sounds like really interesting research. I hope that it goes well.",", modernFamily, madMen","modernClip","happy|bored|sadness|sex_arousal",12.9333333333333,-0.151830860543589,1,1,1,1,1,1,1,1,1,1,1,1,1,0,1,1,0,0,0,1,1,1,1,1,1,0,1,1,0,1,1,1,1,1,1,1,1,0.833333333333333,"Male","Male","Male","Female","Male","Male","Female","Male","Male","Female","Male","Male","Male","Male","Male","Female","Male","Female","Female","Female","Male","Female","Female","Male","Male","Female","Male","Female","Female","Female","Female","Female","Male","Male","Female","Female","Male",NA,-1.51776649746193,-0.877703749592664
"5e443478b58b932c06d95bbf","Disclaimer-notsexual",767,"Yes","20","panicked","playful","upset","convinced","relaxed","friendly","fantasizing","friendly","despondent","preoccupied","insisting","regretful","sceptical","shy","accusing","amused","thoughtful","doubtful","decisive","sarcastic","friendly","fantasizing","preoccupied","defiant","pensive","interested","hostile","cautious","interested","irritated","flirtatious","confident","serious","concerned","distrustful","contemplative","suspicious",6,1,4,2,3,"","yes",31,"Male","Heterosexual or straight","","No","",", madMen, modernFamily","madmenClip","sadness|bored|sex_arousal|happy",12.7833333333333,-0.181949362154479,1,1,1,0,0,0,1,0,1,1,0,1,1,0,1,0,1,1,1,0,1,1,1,1,1,1,1,1,1,0,1,1,1,1,1,0,1,0.722222222222222,"Male","Male","Male","Female","Male","Male","Female","Male","Male","Female","Male","Male","Male","Male","Male","Female","Male","Female","Female","Female","Male","Female","Female","Male","Male","Female","Male","Female","Female","Female","Female","Female","Male","Male","Female","Female","Male",NA,-1.51776649746193,-0.877703749592664
"61bb367840db417c1a138872","Disclaimer-notsexual",1198,"Yes","20","panicked","playful","terrified","desire","insisting","worried","fantasizing","dispirited","despondent","preoccupied","cautious","amused","sceptical","anticipating","accusing","contemplative","thoughtful","affectionate","aghast","tentative","friendly","embarrassed","imploring","defiant","iIrritated","despondent","hostile","reassuring","affectionate","reflective","flirtatious","dispirited","serious","concerned","distrustful","contemplative","suspicious",5,4,5,5,5,"","Yes",26,"Male","Heterosexual or straight","","No","",", modernFamily, madMen","modernClip","bored|sex_arousal|sadness|happy",19.9666666666667,1.26039221498924,1,1,0,1,1,1,1,0,1,1,1,0,1,1,1,1,1,0,0,1,1,0,0,1,0,0,1,0,0,1,1,0,1,1,1,0,1,0.638888888888889,"Male","Male","Male","Female","Male","Male","Female","Male","Male","Female","Male","Male","Male","Male","Male","Female","Male","Female","Female","Female","Male","Female","Female","Male","Male","Female","Male","Female","Female","Female","Female","Female","Male","Male","Female","Female","Male",NA,1.48223350253807,0.824185228276038
"6155e26221e52e3989798b4d","Disclaimer-notsexual",887,"Yes","20","panicked","playful","upset","desire","insisting","sarcastic","fantasizing","friendly","shy","preoccupied","insisting","flirtatious","sceptical","anticipating","accusing","amused","thoughtful","aghast","amused","tentative","friendly","fantasizing","preoccupied","apologetic","pensive","interested","anxious","cautious","contented","reflective","flirtatious","confident","serious","concerned","distrustful","puzzled","suspicious",7,2,6,4,2,"","yes",31,"Male","Heterosexual or straight","","No","",", madMen, modernFamily","madmenClip","happy|bored|sadness|sex_arousal",14.7833333333333,0.21963065932405,1,1,1,1,1,0,1,0,0,1,0,0,1,1,1,0,1,0,0,1,1,1,1,0,1,1,0,1,0,1,1,1,1,1,1,0,1,0.666666666666667,"Male","Male","Male","Female","Male","Male","Female","Male","Male","Female","Male","Male","Male","Male","Male","Female","Male","Female","Female","Female","Male","Female","Female","Male","Male","Female","Male","Female","Female","Female","Female","Female","Male","Male","Female","Female","Male",NA,-0.517766497461929,-0.31040742363643
"62029a06ef1cb18a1337c580","Disclaimer-notsexual",1677,"Yes","20","panicked","playful","annoyed","desire","insisting","sarcastic","fantasizing","uneasy","despondent","preoccupied","cautious","regretful","sceptical","anticipating","accusing","contemplative","thoughtful","doubtful","decisive","tentative","friendly","fantasizing","preoccupied","curious","pensive","interested","hostile","arrogant","interested","reflective","flirtatious","confident","serious","concerned","distrustful","insisting","suspicious",7,1,5,2,7,"","yes",27,"Male","Heterosexual or straight","","No","",", madMen, modernFamily","madmenClip","bored|sex_arousal|sadness|happy",27.95,2.86336580072437,1,1,0,1,1,0,1,1,1,1,1,1,1,1,1,1,1,1,1,1,1,1,1,0,1,1,1,0,1,1,1,1,1,1,1,0,1,0.861111111111111,"Male","Male","Male","Female","Male","Male","Female","Male","Male","Female","Male","Male","Male","Male","Male","Female","Male","Female","Female","Female","Male","Female","Female","Male","Male","Female","Male","Female","Female","Female","Female","Female","Male","Male","Female","Female","Male",NA,-1.51776649746193,-0.877703749592664
"60dc9d77f88945d66d46966c","Disclaimer-notsexual",612,"Yes","20","panicked","irritated","terrified","desire","insisting","worried","fantasizing","uneasy","despondent","preoccupied","cautious","regretful","sceptical","anticipating","accusing","contemplative","thoughtful","affectionate","decisive","tentative","friendly","fantasizing","preoccupied","defiant","pensive","interested","hostile","cautious","interested","reflective","flirtatious","confident","serious","concerned","distrustful","nervous","suspicious",9,5,8,3,3,"","yes",31,"Male","Heterosexual or straight","","No","",", modernFamily, madMen","modernClip","happy|sex_arousal|sadness|bored",10.2,-0.700656889897579,1,0,0,1,1,1,1,1,1,1,1,1,1,1,1,1,1,0,1,1,1,1,1,1,1,1,1,1,1,1,1,1,1,1,1,1,1,0.916666666666667,"Male","Male","Male","Female","Male","Male","Female","Male","Male","Female","Male","Male","Male","Male","Male","Female","Male","Female","Female","Female","Male","Female","Female","Male","Male","Female","Male","Female","Female","Female","Female","Female","Male","Male","Female","Female","Male",NA,2.48223350253807,1.39148155423227
"5ee637a18976fc391312fe01","Disclaimer-notsexual",913,"Yes","20","panicked","playful","upset","desire","insisting","worried","impatient","uneasy","despondent","preoccupied","cautious","regretful","sceptical","anticipating","accusing","contemplative","thoughtful","doubtful","decisive","tentative","friendly","fantasizing","preoccupied","defiant","pensive","interested","hostile","cautious","interested","reflective","flirtatious","ashamed","bewildered","concerned","baffled","nervous","suspicious",6,3,5,3,2,"","yes",46,"Male","Heterosexual or straight","","No","interesting survey really enjoyed",", modernFamily, madMen","modernClip","sex_arousal|bored|sadness|happy",15.2166666666667,0.306639663977731,1,1,1,1,1,1,0,1,1,1,1,1,1,1,1,1,1,1,1,1,1,1,1,1,1,1,1,1,1,1,1,0,0,1,0,1,1,0.888888888888889,"Male","Male","Male","Female","Male","Male","Female","Male","Male","Female","Male","Male","Male","Male","Male","Female","Male","Female","Female","Female","Male","Female","Female","Male","Male","Female","Male","Female","Female","Female","Female","Female","Male","Male","Female","Female","Male",NA,0.482233502538071,0.256888902319804
"611ab62b95d53e7322d0caaf","Disclaimer-notsexual",998,"Yes","20","panicked","playful","upset","desire","joking","irritated","fantasizing","uneasy","despondent","hostile","bored","flirtatious","sceptical","anticipating","irritated","contemplative","thoughtful","aghast","bored","tentative","friendly","fantasizing","imploring","defiant","pensive","interested","hostile","cautious","affectionate","reflective","flirtatious","dispirited","serious","fantasizing","baffled","nervous","suspicious",4,5,6,3,3,"","yes",42,"Male","Heterosexual or straight","","No","",", modernFamily, madMen","modernClip","sex_arousal|sadness|happy|bored",16.6333333333333,0.591092179191689,1,1,1,1,0,0,1,1,1,0,0,0,1,1,0,1,1,0,0,1,1,1,0,1,1,1,1,1,0,1,1,0,1,0,0,1,1,0.638888888888889,"Male","Male","Male","Female","Male","Male","Female","Male","Male","Female","Male","Male","Male","Male","Male","Female","Male","Female","Female","Female","Male","Female","Female","Male","Male","Female","Male","Female","Female","Female","Female","Female","Male","Male","Female","Female","Male",NA,2.48223350253807,1.39148155423227
"5c28cac3867f660001ae9c4a","Disclaimer-notsexual",1067,"Yes","20","panicked","playful","arrogant","desire","insisting","worried","fantasizing","uneasy","despondent","hostile","cautious","regretful","sceptical","shy","accusing","contemplative","thoughtful","doubtful","bored","tentative","friendly","fantasizing","preoccupied","apologetic","hostile","interested","anxious","cautious","interested","reflective","flirtatious","confident","serious","concerned","distrustful","nervous","suspicious",6,1,4,3,2,"","yes",30,"Male","Heterosexual or straight","","No","",", madMen, modernFamily","madmenClip","sadness|bored|sex_arousal|happy",17.7833333333333,0.822000691541844,1,1,0,1,1,1,1,1,1,0,1,1,1,0,1,1,1,1,0,1,1,1,1,0,0,1,0,1,1,1,1,1,1,1,1,1,1,0.805555555555556,"Male","Male","Male","Female","Male","Male","Female","Male","Male","Female","Male","Male","Male","Male","Male","Female","Male","Female","Female","Female","Male","Female","Female","Male","Male","Female","Male","Female","Female","Female","Female","Female","Male","Male","Female","Female","Male",NA,-1.51776649746193,-0.877703749592664
"5e380457679e67000c56b02f","Disclaimer-notsexual",989,"Yes","20","panicked","playful","upset","desire","insisting","worried","fantasizing","friendly","despondent","preoccupied","insisting","regretful","sceptical","anticipating","accusing","contemplative","thoughtful","affectionate","decisive","tentative","friendly","fantasizing","preoccupied","defiant","pensive","interested","hostile","cautious","interested","reflective","flirtatious","confident","serious","concerned","distrustful","nervous","suspicious",6,2,6,2,2,"","yes",39,"Male","Heterosexual or straight","","No","",", modernFamily, madMen","modernClip","sex_arousal|happy|sadness|bored",16.4833333333333,0.5609736775808,1,1,1,1,1,1,1,0,1,1,0,1,1,1,1,1,1,0,1,1,1,1,1,1,1,1,1,1,1,1,1,1,1,1,1,1,1,0.916666666666667,"Male","Male","Male","Female","Male","Male","Female","Male","Male","Female","Male","Male","Male","Male","Male","Female","Male","Female","Female","Female","Male","Female","Female","Male","Male","Female","Male","Female","Female","Female","Female","Female","Male","Male","Female","Female","Male",NA,-0.517766497461929,-0.31040742363643
"60ab9f9b5d9fdbefa2c95187","Disclaimer-notsexual",1650,"Yes","20","panicked","playful","upset","desire","insisting","worried","fantasizing","uneasy","despondent","preoccupied","cautious","regretful","sceptical","anticipating","accusing","contemplative","thoughtful","affectionate","decisive","tentative","friendly","fantasizing","preoccupied","defiant","pensive","interested","hostile","cautious","interested","reflective","flirtatious","confident","serious","concerned","distrustful","nervous","suspicious",7,1,5,1,5,"","Yes",37,"Male","Heterosexual or straight","","No","",", madMen, modernFamily","madmenClip","sex_arousal|bored|happy|sadness",27.5,2.7730102958917,1,1,1,1,1,1,1,1,1,1,1,1,1,1,1,1,1,0,1,1,1,1,1,1,1,1,1,1,1,1,1,1,1,1,1,1,1,0.972222222222222,"Male","Male","Male","Female","Male","Male","Female","Male","Male","Female","Male","Male","Male","Male","Male","Female","Male","Female","Female","Female","Male","Female","Female","Male","Male","Female","Male","Female","Female","Female","Female","Female","Male","Male","Female","Female","Male",NA,-1.51776649746193,-0.877703749592664
"5c5721c7fcbb880001fcff31","Disclaimer-notsexual",1145,"Yes","20","hateful","playful","upset","convinced","relaxed","worried","fantasizing","dispirited","despondent","preoccupied","cautious","regretful","sceptical","anticipating","irritated","contemplative","encouraging","affectionate","decisive","arrogant","friendly","fantasizing","preoccupied","curious","iIrritated","interested","hostile","cautious","interested","impatient","disappointed","confident","serious","concerned","terrified","contemplative","nervous",6,2,4,4,7,"","yes",32,"Male","Heterosexual or straight","","No","",", modernFamily, madMen","modernClip","bored|sadness|happy|sex_arousal",19.0833333333333,1.08302770550289,0,1,1,0,0,1,1,0,1,1,1,1,1,1,0,1,0,0,1,0,1,1,1,0,0,1,1,1,1,0,0,1,1,1,0,0,0,0.611111111111111,"Male","Male","Male","Female","Male","Male","Female","Male","Male","Female","Male","Male","Male","Male","Male","Female","Male","Female","Female","Female","Male","Female","Female","Male","Male","Female","Male","Female","Female","Female","Female","Female","Male","Male","Female","Female","Male",NA,-0.517766497461929,-0.31040742363643
"5aeae53b852ddf0001ced74a","Disclaimer-notsexual",1352,"Yes","20","panicked","irritated","upset","desire","insisting","worried","fantasizing","friendly","despondent","preoccupied","cautious","amused","sceptical","anticipating","accusing","amused","thoughtful","affectionate","decisive","arrogant","dominant","fantasizing","preoccupied","defiant","excited","interested","hostile","cautious","joking","impatient","flirtatious","confident","serious","guilty","distrustful","nervous","suspicious",5,4,7,3,2,"","yes",31,"Male","Heterosexual or straight","","No","",", madMen, modernFamily","madmenClip","happy|sadness|bored|sex_arousal",22.5333333333333,1.77575324255335,1,0,1,1,1,1,1,0,1,1,1,0,1,1,1,0,1,0,1,0,0,1,1,1,0,1,1,1,0,0,1,1,1,0,1,1,1,0.694444444444444,"Male","Male","Male","Female","Male","Male","Female","Male","Male","Female","Male","Male","Male","Male","Male","Female","Male","Female","Female","Female","Male","Female","Female","Male","Male","Female","Male","Female","Female","Female","Female","Female","Male","Male","Female","Female","Male",NA,1.48223350253807,0.824185228276038
"5d9dcfb349560700161ea3b5","Disclaimer-notsexual",902,"Yes","20","panicked","playful","terrified","desire","insisting","worried","fantasizing","friendly","despondent","preoccupied","insisting","amused","indifferent","shy","accusing","contemplative","thoughtful","affectionate","aghast","tentative","friendly","fantasizing","imploring","curious","pensive","interested","hostile","cautious","contented","irritated","flirtatious","confident","serious","concerned","distrustful","contemplative","suspicious",7,1,5,2,6,"","yes",29,"Male","Heterosexual or straight","","No","",", modernFamily, madMen","modernClip","sex_arousal|bored|sadness|happy",15.0333333333333,0.269828162008866,1,1,0,1,1,1,1,0,1,1,0,0,0,0,1,1,1,0,0,1,1,1,0,0,1,1,1,1,0,0,1,1,1,1,1,0,1,0.638888888888889,"Male","Male","Male","Female","Male","Male","Female","Male","Male","Female","Male","Male","Male","Male","Male","Female","Male","Female","Female","Female","Male","Female","Female","Male","Male","Female","Male","Female","Female","Female","Female","Female","Male","Male","Female","Female","Male",NA,-1.51776649746193,-0.877703749592664
"5bdb1006c20a74000173a68a","Disclaimer-notsexual",1599,"Yes","20","panicked","playful","upset","desire","insisting","irritated","fantasizing","friendly","despondent","preoccupied","insisting","regretful","sceptical","decisive","accusing","contemplative","thoughtful","doubtful","decisive","tentative","friendly","fantasizing","preoccupied","defiant","pensive","interested","anxious","cautious","interested","reflective","flirtatious","dispirited","bewildered","concerned","baffled","puzzled","suspicious",9,7,5,1,1,"","yes",38,"Male","Heterosexual or straight","","No","When looking at the eyes i tried to think they are looking at me and try to think what was going through their mind , relating that to head direction and there gaze and the emotional feeling that appears to be in their eyes  .I would think of a word that describes  what i see and match the word i have thought of and matched to the one that was similar .",", modernFamily, madMen","modernClip","sex_arousal|bored|happy|sadness",26.65,2.60233878676332,1,1,1,1,1,0,1,0,1,1,0,1,1,0,1,1,1,1,1,1,1,1,1,1,1,1,0,1,1,1,1,0,0,1,0,0,1,0.75,"Male","Male","Male","Female","Male","Male","Female","Male","Male","Female","Male","Male","Male","Male","Male","Female","Male","Female","Female","Female","Male","Female","Female","Male","Male","Female","Male","Female","Female","Female","Female","Female","Male","Male","Female","Female","Male",NA,4.48223350253807,2.52607420614474
"5e28e735ea776009d4d15c34","Disclaimer-notsexual",1692,"Yes","20","panicked","playful","annoyed","desire","insisting","sarcastic","fantasizing","friendly","excited","preoccupied","insisting","amused","sceptical","decisive","accusing","flustered","thoughtful","affectionate","amused","tentative","friendly","fantasizing","preoccupied","defiant","pensive","incredulous","hostile","cautious","contented","reflective","flirtatious","joking","serious","concerned","baffled","insisting","suspicious",5,2,6,3,1,"","yes",35,"Male","Heterosexual or straight","","No","No further comments",", madMen, modernFamily","madmenClip","bored|sadness|happy|sex_arousal",28.2,2.91356330340918,1,1,0,1,1,0,1,0,0,1,0,0,1,0,1,0,1,0,0,1,1,1,1,1,1,0,1,1,0,1,1,0,1,1,0,0,1,0.583333333333333,"Male","Male","Male","Female","Male","Male","Female","Male","Male","Female","Male","Male","Male","Male","Male","Female","Male","Female","Female","Female","Male","Female","Female","Male","Male","Female","Male","Female","Female","Female","Female","Female","Male","Male","Female","Female","Male",NA,-0.517766497461929,-0.31040742363643
"5ad61fa0a38d7b00013af9c7","Disclaimer-notsexual",692,"Yes","20","jealous","playful","arrogant","desire","insisting","worried","fantasizing","friendly","despondent","preoccupied","insisting","amused","sceptical","anticipating","disappointed","contemplative","thoughtful","doubtful","decisive","tentative","friendly","fantasizing","preoccupied","curious","pensive","interested","hostile","cautious","interested","reflective","flirtatious","confident","serious","concerned","baffled","nervous","suspicious",6,1,3,1,4,"","yes",28,"Male","Heterosexual or straight","","No","",", modernFamily, madMen","modernClip","sex_arousal|happy|bored|sadness",11.5333333333333,-0.43293687557856,0,1,0,1,1,1,1,0,1,1,0,0,1,1,0,1,1,1,1,1,1,1,1,0,1,1,1,1,1,1,1,1,1,1,0,1,1,0.805555555555556,"Male","Male","Male","Female","Male","Male","Female","Male","Male","Female","Male","Male","Male","Male","Male","Female","Male","Female","Female","Female","Male","Female","Female","Male","Male","Female","Male","Female","Female","Female","Female","Female","Male","Male","Female","Female","Male",NA,-1.51776649746193,-0.877703749592664
"605ab9d5c01d0b0fc69930c5","Disclaimer-notsexual",1377,"Yes","20","panicked","playful","upset","desire","insisting","worried","impatient","uneasy","despondent","preoccupied","cautious","amused","sceptical","anticipating","accusing","contemplative","sympathetic","doubtful","decisive","tentative","friendly","fantasizing","imploring","curious","iIrritated","interested","hostile","arrogant","interested","reflective","flirtatious","confident","serious","concerned","distrustful","nervous","nervous",8,4,6,2,1,"","yes",34,"Male","Heterosexual or straight","","No","",", modernFamily, madMen","modernClip","happy|sadness|bored|sex_arousal",22.95,1.85941574702804,1,1,1,1,1,1,0,1,1,1,1,0,1,1,1,1,0,1,1,1,1,1,0,0,0,1,1,0,1,1,1,1,1,1,1,1,0,0.777777777777778,"Male","Male","Male","Female","Male","Male","Female","Male","Male","Female","Male","Male","Male","Male","Male","Female","Male","Female","Female","Female","Male","Female","Female","Male","Male","Female","Male","Female","Female","Female","Female","Female","Male","Male","Female","Female","Male",NA,1.48223350253807,0.824185228276038
"5e643d33c93b301cc2eae4e6","Disclaimer-notsexual",549,"Yes","20","panicked","playful","upset","convinced","relaxed","worried","impatient","apologetic","despondent","preoccupied","cautious","regretful","sceptical","anticipating","accusing","contemplative","thoughtful","affectionate","decisive","grateful","friendly","fantasizing","imploring","contented","iIrritated","incredulous","hostile","cautious","interested","reflective","flirtatious","confident","bewildered","concerned","baffled","contemplative","suspicious",7,1,4,3,6,"","yes",21,"Male","Heterosexual or straight","","No","",", madMen, modernFamily","madmenClip","happy|sex_arousal|bored|sadness",9.15,-0.911486401173807,1,1,1,0,0,1,0,0,1,1,1,1,1,1,1,1,1,0,1,0,1,1,0,0,0,0,1,1,1,1,1,1,0,1,0,0,1,0.638888888888889,"Male","Male","Male","Female","Male","Male","Female","Male","Male","Female","Male","Male","Male","Male","Male","Female","Male","Female","Female","Female","Male","Female","Female","Male","Male","Female","Male","Female","Female","Female","Female","Female","Male","Male","Female","Female","Male",NA,-1.51776649746193,-0.877703749592664
"5fa1a5fb86ec532fd6798d90","Disclaimer-notsexual",673,"Yes","20","panicked","playful","upset","desire","insisting","worried","fantasizing","uneasy","relieved","preoccupied","cautious","flirtatious","sceptical","anticipating","accusing","encouraging","thoughtful","affectionate","decisive","grateful","friendly","fantasizing","preoccupied","contented","pensive","incredulous","anxious","cautious","affectionate","reflective","flirtatious","confident","serious","concerned","baffled","puzzled","indecisive",5,1,7,1,1,"","yes",46,"Male","Heterosexual or straight","","No","",", madMen, modernFamily","madmenClip","bored|sadness|happy|sex_arousal",11.2166666666667,-0.496520378979327,1,1,1,1,1,1,1,1,0,1,1,0,1,1,1,0,1,0,1,0,1,1,1,0,1,0,0,1,0,1,1,1,1,1,0,0,0,0.666666666666667,"Male","Male","Male","Female","Male","Male","Female","Male","Male","Female","Male","Male","Male","Male","Male","Female","Male","Female","Female","Female","Male","Female","Female","Male","Male","Female","Male","Female","Female","Female","Female","Female","Male","Male","Female","Female","Male",NA,-1.51776649746193,-0.877703749592664
"5aeade84f00c7f00018f7807","Disclaimer-notsexual",617,"Yes","20","panicked","playful","upset","desire","insisting","worried","fantasizing","uneasy","despondent","preoccupied","insisting","amused","sceptical","anticipating","accusing","contemplative","sympathetic","playful","decisive","tentative","friendly","fantasizing","preoccupied","defiant","pensive","interested","alarmed","cautious","interested","reflective","flirtatious","confident","serious","guilty","baffled","nervous","suspicious",6,2,5,1,2,"","yes",23,"Male","Heterosexual or straight","","No","",", modernFamily, madMen","modernClip","sex_arousal|happy|sadness|bored",10.2833333333333,-0.68392438900264,1,1,1,1,1,1,1,1,1,1,0,0,1,1,1,1,0,0,1,1,1,1,1,1,1,1,0,1,1,1,1,1,1,0,0,1,1,0.805555555555556,"Male","Male","Male","Female","Male","Male","Female","Male","Male","Female","Male","Male","Male","Male","Male","Female","Male","Female","Female","Female","Male","Female","Female","Male","Male","Female","Male","Female","Female","Female","Female","Female","Male","Male","Female","Female","Male",NA,-0.517766497461929,-0.31040742363643
"5e4761e624b17f2239a6473a","Disclaimer-notsexual",773,"Yes","20","panicked","playful","annoyed","desire","relaxed","irritated","fantasizing","uneasy","despondent","preoccupied","cautious","regretful","dispirited","threatening","irritated","contemplative","thoughtful","affectionate","bored","tentative","friendly","fantasizing","preoccupied","defiant","pensive","interested","hostile","cautious","interested","irritated","hostile","confident","ashamed","concerned","distrustful","nervous","suspicious",4,2,6,1,1,"","yes",44,"Male","Heterosexual or straight","","No","",", modernFamily, madMen","modernClip","sadness|happy|sex_arousal|bored",12.8833333333333,-0.161870361080553,1,1,0,1,0,0,1,1,1,1,1,1,0,0,0,1,1,0,0,1,1,1,1,1,1,1,1,1,1,0,0,1,0,1,1,1,1,0.694444444444444,"Male","Male","Male","Female","Male","Male","Female","Male","Male","Female","Male","Male","Male","Male","Male","Female","Male","Female","Female","Female","Male","Female","Female","Male","Male","Female","Male","Female","Female","Female","Female","Female","Male","Male","Female","Female","Male",NA,-0.517766497461929,-0.31040742363643
"5d837955f1038a001f8d4ed6","Disclaimer-notsexual",689,"Yes","20","panicked","playful","annoyed","desire","insisting","worried","fantasizing","uneasy","despondent","preoccupied","insisting","amused","sceptical","anticipating","accusing","contemplative","thoughtful","affectionate","decisive","tentative","friendly","fantasizing","preoccupied","apologetic","pensive","interested","hostile","arrogant","affectionate","reflective","flirtatious","joking","serious","concerned","distrustful","nervous","suspicious",7,1,4,5,7,"","yes",35,"Male","Heterosexual or straight","","No","",", modernFamily, madMen","modernClip","happy|sadness|bored|sex_arousal",11.4833333333333,-0.442976376115523,1,1,0,1,1,1,1,1,1,1,0,0,1,1,1,1,1,0,1,1,1,1,1,0,1,1,1,0,0,1,1,0,1,1,1,1,1,0.777777777777778,"Male","Male","Male","Female","Male","Male","Female","Male","Male","Female","Male","Male","Male","Male","Male","Female","Male","Female","Female","Female","Male","Female","Female","Male","Male","Female","Male","Female","Female","Female","Female","Female","Male","Male","Female","Female","Male",NA,-1.51776649746193,-0.877703749592664
"614212bd2cbec93161aaa5b7","Disclaimer-notsexual",776,"Yes","20","panicked","playful","upset","desire","insisting","worried","fantasizing","friendly","despondent","preoccupied","insisting","flirtatious","sceptical","anticipating","depressed","contemplative","thoughtful","affectionate","decisive","tentative","friendly","fantasizing","preoccupied","contented","pensive","interested","anxious","cautious","contented","reflective","flirtatious","confident","serious","concerned","distrustful","nervous","suspicious",7,1,6,1,3,"","yes",28,"Male","Heterosexual or straight","","No","",", madMen, modernFamily","madmenClip","happy|bored|sex_arousal|sadness",12.9333333333333,-0.151830860543589,1,1,1,1,1,1,1,0,1,1,0,0,1,1,0,1,1,0,1,1,1,1,1,0,1,1,0,1,0,1,1,1,1,1,1,1,1,0.777777777777778,"Male","Male","Male","Female","Male","Male","Female","Male","Male","Female","Male","Male","Male","Male","Male","Female","Male","Female","Female","Female","Male","Female","Female","Male","Male","Female","Male","Female","Female","Female","Female","Female","Male","Male","Female","Female","Male",NA,-1.51776649746193,-0.877703749592664
"5f33ff8e16dac32741bf2b90","Disclaimer-notsexual",802,"Yes","20","panicked","playful","terrified","desire","insisting","worried","fantasizing","uneasy","relieved","preoccupied","cautious","regretful","sceptical","decisive","accusing","flustered","thoughtful","affectionate","aghast","tentative","friendly","fantasizing","imploring","contented","hostile","incredulous","hostile","cautious","affectionate","reflective","disappointed","ashamed","serious","concerned","distrustful","contemplative","suspicious",7,1,6,2,5,"","yes",21,"Male","Heterosexual or straight","","No","",", modernFamily, madMen","modernClip","sadness|bored|happy|sex_arousal",13.3666666666667,-0.0648218558899081,1,1,0,1,1,1,1,1,0,1,1,1,1,0,1,0,1,0,0,1,1,1,0,0,0,0,1,1,0,1,0,0,1,1,1,0,1,0.611111111111111,"Male","Male","Male","Female","Male","Male","Female","Male","Male","Female","Male","Male","Male","Male","Male","Female","Male","Female","Female","Female","Male","Female","Female","Male","Male","Female","Male","Female","Female","Female","Female","Female","Male","Male","Female","Female","Male",NA,-1.51776649746193,-0.877703749592664
"5bc9e924e642db0001d3a1c5","Disclaimer-notsexual",784,"Yes","20","hateful","playful","terrified","desire","insisting","worried","fantasizing","uneasy","despondent","preoccupied","cautious","regretful","sceptical","anticipating","accusing","contemplative","thoughtful","doubtful","amused","tentative","friendly","fantasizing","preoccupied","curious","iIrritated","panicked","alarmed","cautious","interested","reflective","flirtatious","confident","alarmed","concerned","aghast","puzzled","suspicious",8,1,6,1,4,"","yes",24,"Male","Heterosexual or straight","","No","",", madMen, modernFamily","madmenClip","happy|bored|sex_arousal|sadness",13.0666666666667,-0.125058859111687,0,1,0,1,1,1,1,1,1,1,1,1,1,1,1,1,1,1,0,1,1,1,1,0,0,0,0,1,1,1,1,1,0,1,0,0,1,0.75,"Male","Male","Male","Female","Male","Male","Female","Male","Male","Female","Male","Male","Male","Male","Male","Female","Male","Female","Female","Female","Male","Female","Female","Male","Male","Female","Male","Female","Female","Female","Female","Female","Male","Male","Female","Female","Male",NA,-1.51776649746193,-0.877703749592664
"5bf7290ed5ec8200015d07e7","Disclaimer-notsexual",870,"Yes","20","panicked","playful","upset","convinced","insisting","worried","fantasizing","uneasy","despondent","preoccupied","insisting","flirtatious","sceptical","anticipating","accusing","contemplative","thoughtful","doubtful","decisive","tentative","friendly","fantasizing","preoccupied","defiant","pensive","interested","hostile","cautious","interested","reflective","flirtatious","confident","serious","concerned","distrustful","nervous","suspicious",5,5,5,1,1,"","yes",46,"Male","Heterosexual or straight","","No","Love Mad Men so it was nice to see that clip again!",", madMen, modernFamily","madmenClip","sex_arousal|sadness|happy|bored",14.5,0.162740156281258,1,1,1,0,1,1,1,1,1,1,0,0,1,1,1,1,1,1,1,1,1,1,1,1,1,1,1,1,1,1,1,1,1,1,1,1,1,0.916666666666667,"Male","Male","Male","Female","Male","Male","Female","Male","Male","Female","Male","Male","Male","Male","Male","Female","Male","Female","Female","Female","Male","Female","Female","Male","Male","Female","Male","Female","Female","Female","Female","Female","Male","Male","Female","Female","Male","familiar",2.48223350253807,1.39148155423227
"5c3f9ae8ef1d0d0001b2d5e4","Disclaimer-notsexual",916,"Yes","20","panicked","playful","terrified","desire","amused","worried","fantasizing","friendly","despondent","preoccupied","cautious","flirtatious","sceptical","anticipating","accusing","amused","thoughtful","affectionate","decisive","sarcastic","friendly","fantasizing","preoccupied","contented","iIrritated","interested","alarmed","cautious","contented","reflective","flirtatious","confident","serious","concerned","baffled","nervous","suspicious",8,3,5,1,2,"","yes",33,"Male","Heterosexual or straight","","No","All good cheers",", madMen, modernFamily","madmenClip","sadness|bored|sex_arousal|happy",15.2666666666667,0.316679164514695,1,1,0,1,0,1,1,0,1,1,1,0,1,1,1,0,1,0,1,0,1,1,1,0,0,1,0,1,0,1,1,1,1,1,0,1,1,0.666666666666667,"Male","Male","Male","Female","Male","Male","Female","Male","Male","Female","Male","Male","Male","Male","Male","Female","Male","Female","Female","Female","Male","Female","Female","Male","Male","Female","Male","Female","Female","Female","Female","Female","Male","Male","Female","Female","Male",NA,0.482233502538071,0.256888902319804
"561021e87ffc8a0005811358","Disclaimer-notsexual",940,"Yes","20","panicked","playful","annoyed","convinced","insisting","irritated","fantasizing","uneasy","despondent","preoccupied","insisting","regretful","indifferent","anticipating","accusing","contemplative","thoughtful","doubtful","decisive","tentative","friendly","fantasizing","preoccupied","defiant","pensive","interested","hostile","cautious","interested","reflective","flirtatious","confident","serious","concerned","baffled","nervous","suspicious",7,1,4,1,1,"","yes",47,"Male","Heterosexual or straight","","No","",", modernFamily, madMen","modernClip","sex_arousal|sadness|bored|happy",15.6666666666667,0.3969951688104,1,1,0,0,1,0,1,1,1,1,0,1,0,1,1,1,1,1,1,1,1,1,1,1,1,1,1,1,1,1,1,1,1,1,0,1,1,0.833333333333333,"Male","Male","Male","Female","Male","Male","Female","Male","Male","Female","Male","Male","Male","Male","Male","Female","Male","Female","Female","Female","Male","Female","Female","Male","Male","Female","Male","Female","Female","Female","Female","Female","Male","Male","Female","Female","Male",NA,-1.51776649746193,-0.877703749592664
"60243c357e64550d96eb47f6","Disclaimer-notsexual",1173,"Yes","20","panicked","playful","arrogant","desire","insisting","worried","impatient","uneasy","despondent","preoccupied","cautious","regretful","indifferent","anticipating","accusing","contemplative","thoughtful","doubtful","decisive","grateful","friendly","fantasizing","preoccupied","curious","pensive","interested","hostile","cautious","affectionate","irritated","flirtatious","joking","serious","concerned","baffled","nervous","suspicious",5,4,7,5,3,"","yes",36,"Male","Heterosexual or straight","","No","",", madMen, modernFamily","madmenClip","bored|sex_arousal|sadness|happy",19.55,1.17672971051454,1,1,0,1,1,1,0,1,1,1,1,1,0,1,1,1,1,1,1,0,1,1,1,0,1,1,1,1,0,0,1,0,1,1,0,1,1,0.75,"Male","Male","Male","Female","Male","Male","Female","Male","Male","Female","Male","Male","Male","Male","Male","Female","Male","Female","Female","Female","Male","Female","Female","Male","Male","Female","Male","Female","Female","Female","Female","Female","Male","Male","Female","Female","Male",NA,1.48223350253807,0.824185228276038
"612dcfb8c22343ecae65b26b","Disclaimer-notsexual",1214,"Yes","20","panicked","playful","upset","desire","relaxed","worried","impatient","uneasy","despondent","hostile","cautious","flirtatious","sceptical","anticipating","accusing","contemplative","thoughtful","aghast","aghast","sarcastic","friendly","fantasizing","preoccupied","curious","iIrritated","interested","anxious","arrogant","affectionate","reflective","flirtatious","confident","serious","concerned","distrustful","insisting","suspicious",5,2,7,1,1,"","yes",47,"Male","Heterosexual or straight","","No","",", modernFamily, madMen","modernClip","happy|bored|sex_arousal|sadness",20.2333333333333,1.31393621785304,1,1,1,1,0,1,0,1,1,0,1,0,1,1,1,1,1,0,0,0,1,1,1,0,0,1,0,0,0,1,1,1,1,1,1,0,1,0.638888888888889,"Male","Male","Male","Female","Male","Male","Female","Male","Male","Female","Male","Male","Male","Male","Male","Female","Male","Female","Female","Female","Male","Female","Female","Male","Male","Female","Male","Female","Female","Female","Female","Female","Male","Male","Female","Female","Male",NA,-0.517766497461929,-0.31040742363643
"558996f2fdf99b7ae47f5ed2","Disclaimer-notsexual",643,"Yes","20","panicked","playful","upset","desire","insisting","worried","fantasizing","uneasy","despondent","preoccupied","cautious","regretful","sceptical","shy","accusing","contemplative","thoughtful","doubtful","bored","grateful","friendly","fantasizing","preoccupied","defiant","pensive","interested","hostile","cautious","interested","reflective","flirtatious","confident","serious","concerned","distrustful","nervous","suspicious",7,4,5,1,3,"","yes",35,"Male","Heterosexual or straight","","No","",", modernFamily, madMen","modernClip","bored|sex_arousal|happy|sadness",10.7166666666667,-0.596915384348959,1,1,1,1,1,1,1,1,1,1,1,1,1,0,1,1,1,1,0,0,1,1,1,1,1,1,1,1,1,1,1,1,1,1,1,1,1,0.916666666666667,"Male","Male","Male","Female","Male","Male","Female","Male","Male","Female","Male","Male","Male","Male","Male","Female","Male","Female","Female","Female","Male","Female","Female","Male","Male","Female","Male","Female","Female","Female","Female","Female","Male","Male","Female","Female","Male",NA,1.48223350253807,0.824185228276038
"60a80b94d69f431bebf939e9","Disclaimer-sexual",842,"Yes","20","panicked","playful","upset","desire","insisting","worried","fantasizing","uneasy","despondent","preoccupied","cautious","regretful","sceptical","anticipating","accusing","contemplative","thoughtful","playful","decisive","sarcastic","friendly","fantasizing","preoccupied","curious","pensive","interested","hostile","cautious","interested","impatient","flirtatious","confident","serious","concerned","distrustful","nervous","suspicious",6,3,5,3,7,"","Yes",24,"Male","Heterosexual or straight","","No","",", modernFamily, madMen","modernClip","bored|happy|sadness|sex_arousal",14.0333333333333,0.0690381512696016,1,1,1,1,1,1,1,1,1,1,1,1,1,1,1,1,1,0,1,0,1,1,1,0,1,1,1,1,1,0,1,1,1,1,1,1,1,0.888888888888889,"Male","Male","Male","Female","Male","Male","Female","Male","Male","Female","Male","Male","Male","Male","Male","Female","Male","Female","Female","Female","Male","Female","Female","Male","Male","Female","Male","Female","Female","Female","Female","Female","Male","Male","Female","Female","Male",NA,0.482233502538071,0.297792200406118
"5f622fbe1fbbd21051cb28b3","Disclaimer-sexual",839,"Yes","20","panicked","playful","upset","desire","relaxed","worried","fantasizing","uneasy","despondent","preoccupied","insisting","regretful","sceptical","anticipating","accusing","contemplative","thoughtful","playful","decisive","grateful","friendly","fantasizing","preoccupied","defiant","pensive","interested","hostile","cautious","interested","impatient","flirtatious","confident","serious","concerned","distrustful","nervous","suspicious",7,5,6,2,1,"","yes",40,"Male","Heterosexual or straight","","No","Couldn't tell if the first clip was a comedy sketch with the laugh track taken out, or meant to be tongue-in-cheek! Second clip much more subtle and nuanced, though that is perhaps to be expected from 'Mad Men'.",", modernFamily, madMen","modernClip","sadness|sex_arousal|bored|happy",13.9833333333333,0.0589986507326384,1,1,1,1,0,1,1,1,1,1,0,1,1,1,1,1,1,0,1,0,1,1,1,1,1,1,1,1,1,0,1,1,1,1,1,1,1,0.861111111111111,"Male","Male","Male","Female","Male","Male","Female","Male","Male","Female","Male","Male","Male","Male","Male","Female","Male","Female","Female","Female","Male","Female","Female","Male","Male","Female","Male","Female","Female","Female","Female","Female","Male","Male","Female","Female","Male","familiar",2.48223350253807,1.45094497644683
"55ba0babfdf99b09bd1bec17","Disclaimer-sexual",1009,"Yes","20","arrogant","playful","upset","desire","insisting","sarcastic","fantasizing","uneasy","despondent","preoccupied","cautious","regretful","sceptical","shy","accusing","contemplative","thoughtful","doubtful","decisive","grateful","friendly","fantasizing","preoccupied","defiant","pensive","interested","hostile","cautious","interested","reflective","flirtatious","dispirited","serious","concerned","distrustful","nervous","ashamed",7,5,6,2,2,"","yes",41,"Male","Heterosexual or straight","","No","",", madMen, modernFamily","madmenClip","bored|happy|sex_arousal|sadness",16.8166666666667,0.627903681160555,0,1,1,1,1,0,1,1,1,1,1,1,1,0,1,1,1,1,1,0,1,1,1,1,1,1,1,1,1,1,1,0,1,1,1,1,0,0.861111111111111,"Male","Male","Male","Female","Male","Male","Female","Male","Male","Female","Male","Male","Male","Male","Male","Female","Male","Female","Female","Female","Male","Female","Female","Male","Male","Female","Male","Female","Female","Female","Female","Female","Male","Male","Female","Female","Male",NA,2.48223350253807,1.45094497644683
"5ddec6639d9e30e4185d5986","Disclaimer-sexual",521,"Yes","20","panicked","playful","upset","desire","joking","worried","fantasizing","dispirited","shy","horrified","cautious","regretful","sceptical","anticipating","accusing","encouraging","sympathetic","affectionate","decisive","tentative","friendly","fantasizing","preoccupied","defiant","iIrritated","incredulous","hostile","cautious","interested","impatient","grateful","confident","serious","guilty","baffled","contemplative","suspicious",7,2,7,4,5,"","yes",26,"Male","Heterosexual or straight","","No","",", modernFamily, madMen","modernClip","sex_arousal|bored|sadness|happy",8.68333333333333,-1.00518840618546,1,1,1,1,0,1,1,0,0,0,1,1,1,1,1,0,0,0,1,1,1,1,1,1,0,0,1,1,1,0,0,1,1,0,0,0,1,0.611111111111111,"Male","Male","Male","Female","Male","Male","Female","Male","Male","Female","Male","Male","Male","Male","Male","Female","Male","Female","Female","Female","Male","Female","Female","Male","Male","Female","Male","Female","Female","Female","Female","Female","Male","Male","Female","Female","Male",NA,-0.517766497461929,-0.278784187614238
"5a7622caf49c9a0001f2f7a8","Disclaimer-sexual",693,"Yes","20","panicked","playful","upset","desire","insisting","worried","fantasizing","uneasy","despondent","preoccupied","cautious","amused","sceptical","anticipating","accusing","contemplative","thoughtful","affectionate","decisive","tentative","friendly","fantasizing","imploring","defiant","pensive","interested","anxious","cautious","affectionate","reflective","flirtatious","dispirited","serious","concerned","distrustful","nervous","suspicious",5,1,3,4,7,"","yes",37,"Male","Heterosexual or straight","","No","",", modernFamily, madMen","modernClip","sadness|bored|happy|sex_arousal",11.55,-0.429590375399572,1,1,1,1,1,1,1,1,1,1,1,0,1,1,1,1,1,0,1,1,1,1,0,1,1,1,0,1,0,1,1,0,1,1,1,1,1,0.833333333333333,"Male","Male","Male","Female","Male","Male","Female","Male","Male","Female","Male","Male","Male","Male","Male","Female","Male","Female","Female","Female","Male","Female","Female","Male","Male","Female","Male","Female","Female","Female","Female","Female","Male","Male","Female","Female","Male",NA,-1.51776649746193,-0.855360575634595
"57e0553a6c447e000116adfd","Disclaimer-sexual",810,"Yes","20","panicked","playful","upset","desire","insisting","worried","fantasizing","uneasy","despondent","preoccupied","cautious","amused","indifferent","anticipating","accusing","contemplative","thoughtful","doubtful","decisive","tentative","friendly","fantasizing","preoccupied","defiant","pensive","interested","hostile","cautious","interested","reflective","flirtatious","confident","serious","concerned","distrustful","insisting","suspicious",3,3,6,4,7,"","yes",35,"Male","Heterosexual or straight","","No","",", madMen, modernFamily","madmenClip","happy|sadness|sex_arousal|bored",13.5,-0.0380498544580061,1,1,1,1,1,1,1,1,1,1,1,0,0,1,1,1,1,1,1,1,1,1,1,1,1,1,1,1,1,1,1,1,1,1,1,0,1,0.916666666666667,"Male","Male","Male","Female","Male","Male","Female","Male","Male","Female","Male","Male","Male","Male","Male","Female","Male","Female","Female","Female","Male","Female","Female","Male","Male","Female","Male","Female","Female","Female","Female","Female","Male","Male","Female","Female","Male",NA,0.482233502538071,0.297792200406118
"5b6847f1699a3f000132404f","Disclaimer-sexual",484,"Yes","20","panicked","playful","annoyed","desire","insisting","worried","fantasizing","friendly","despondent","preoccupied","bored","amused","indifferent","decisive","accusing","contemplative","thoughtful","affectionate","decisive","tentative","friendly","fantasizing","preoccupied","defiant","pensive","interested","hostile","reassuring","affectionate","reflective","flirtatious","confident","serious","concerned","baffled","nervous","suspicious",7,1,3,2,6,"","yes",24,"Male","Heterosexual or straight","","No","",", madMen, modernFamily","madmenClip","bored|sex_arousal|happy|sadness",8.06666666666667,-1.12900891280801,1,1,0,1,1,1,1,0,1,1,0,0,0,0,1,1,1,0,1,1,1,1,1,1,1,1,1,0,0,1,1,1,1,1,0,1,1,0.722222222222222,"Male","Male","Male","Female","Male","Male","Female","Male","Male","Female","Male","Male","Male","Male","Male","Female","Male","Female","Female","Female","Male","Female","Female","Male","Male","Female","Male","Female","Female","Female","Female","Female","Male","Male","Female","Female","Male",NA,-1.51776649746193,-0.855360575634595
"559bbbdafdf99b7ce19d5b3d","Disclaimer-sexual",509,"Yes","20","panicked","playful","upset","desire","insisting","worried","fantasizing","uneasy","despondent","preoccupied","cautious","amused","sceptical","anticipating","accusing","contemplative","thoughtful","doubtful","decisive","arrogant","friendly","fantasizing","preoccupied","defiant","pensive","interested","anxious","cautious","interested","reflective","flirtatious","confident","serious","concerned","distrustful","insisting","suspicious",8,6,4,5,1,"","yes",37,"Male","Heterosexual or straight","","No","",", madMen, modernFamily","madmenClip","bored|happy|sadness|sex_arousal",8.48333333333333,-1.04534640833332,1,1,1,1,1,1,1,1,1,1,1,0,1,1,1,1,1,1,1,0,1,1,1,1,1,1,0,1,1,1,1,1,1,1,1,0,1,0.888888888888889,"Male","Male","Male","Female","Male","Male","Female","Male","Male","Female","Male","Male","Male","Male","Male","Female","Male","Female","Female","Female","Male","Female","Female","Male","Male","Female","Male","Female","Female","Female","Female","Female","Male","Male","Female","Female","Male",NA,3.48223350253807,2.02752136446719
"5ed78086c5fc2f0411bf8b86","Disclaimer-sexual",572,"Yes","20","panicked","playful","upset","desire","insisting","sarcastic","fantasizing","friendly","relieved","preoccupied","insisting","regretful","sceptical","decisive","accusing","contemplative","thoughtful","aghast","decisive","sarcastic","horrified","fantasizing","imploring","curious","hostile","interested","shy","cautious","affectionate","reflective","flirtatious","joking","bewildered","guilty","baffled","contemplative","indecisive",6,1,2,2,6,"","yes",21,"Male","Heterosexual or straight","","No","",", madMen, modernFamily","madmenClip","sex_arousal|bored|happy|sadness",9.53333333333333,-0.834516897057089,1,1,1,1,1,0,1,0,0,1,0,1,1,0,1,1,1,0,1,0,0,1,0,0,0,1,0,1,0,1,1,0,0,0,0,0,0,0.472222222222222,"Male","Male","Male","Female","Male","Male","Female","Male","Male","Female","Male","Male","Male","Male","Male","Female","Male","Female","Female","Female","Male","Female","Female","Male","Male","Female","Male","Female","Female","Female","Female","Female","Male","Male","Female","Female","Male",NA,-1.51776649746193,-0.855360575634595
"60653a1920d001e3d73320a6","Disclaimer-sexual",556,"Yes","20","panicked","playful","terrified","desire","insisting","worried","fantasizing","uneasy","shy","preoccupied","insisting","regretful","indifferent","shy","accusing","contemplative","thoughtful","playful","decisive","tentative","friendly","fantasizing","preoccupied","contented","hostile","incredulous","anxious","cautious","affectionate","reflective","flirtatious","ashamed","alarmed","guilty","distrustful","contemplative","nervous",6,1,6,2,4,"","Yes",23,"Male","Heterosexual or straight","","No","",", modernFamily, madMen","modernClip","happy|sadness|bored|sex_arousal",9.26666666666667,-0.888060899920893,1,1,0,1,1,1,1,1,0,1,0,1,0,0,1,1,1,0,1,1,1,1,1,0,0,0,0,1,0,1,1,0,0,0,1,0,0,0.555555555555556,"Male","Male","Male","Female","Male","Male","Female","Male","Male","Female","Male","Male","Male","Male","Male","Female","Male","Female","Female","Female","Male","Female","Female","Male","Male","Female","Male","Female","Female","Female","Female","Female","Male","Male","Female","Female","Male",NA,-1.51776649746193,-0.855360575634595
"614c6f6d59ee1549ff1f493e","Disclaimer-sexual",553,"Yes","20","panicked","playful","upset","desire","insisting","worried","fantasizing","uneasy","despondent","preoccupied","bored","regretful","indifferent","anticipating","irritated","contemplative","thoughtful","affectionate","amused","tentative","friendly","fantasizing","preoccupied","defiant","pensive","interested","hostile","arrogant","interested","reflective","flirtatious","confident","serious","concerned","distrustful","nervous","suspicious",6,1,3,4,3,"","yes",43,"Male","Heterosexual or straight","","No","",", modernFamily, madMen","modernClip","happy|bored|sex_arousal|sadness",9.21666666666667,-0.898100400457856,1,1,1,1,1,1,1,1,1,1,0,1,0,1,0,1,1,0,0,1,1,1,1,1,1,1,1,0,1,1,1,1,1,1,1,1,1,0.833333333333333,"Male","Male","Male","Female","Male","Male","Female","Male","Male","Female","Male","Male","Male","Male","Male","Female","Male","Female","Female","Female","Male","Female","Female","Male","Male","Female","Male","Female","Female","Female","Female","Female","Male","Male","Female","Female","Male",NA,-1.51776649746193,-0.855360575634595
"5b4e147ad4c93b00019c9e01","Disclaimer-sexual",601,"Yes","20","panicked","playful","upset","desire","relaxed","worried","fantasizing","friendly","despondent","preoccupied","insisting","amused","indifferent","anticipating","accusing","contemplative","thoughtful","affectionate","decisive","tentative","friendly","fantasizing","grateful","contented","pensive","interested","anxious","reassuring","affectionate","reflective","flirtatious","confident","serious","fantasizing","baffled","nervous","suspicious",5,1,3,1,7,"","yes",36,"Male","Heterosexual or straight","","No","",", modernFamily, madMen","modernClip","sadness|bored|happy|sex_arousal",10.0166666666667,-0.737468391866444,1,1,1,1,0,1,1,0,1,1,0,0,0,1,1,1,1,0,1,1,1,1,0,0,1,1,0,0,0,1,1,1,1,0,0,1,1,0.638888888888889,"Male","Male","Male","Female","Male","Male","Female","Male","Male","Female","Male","Male","Male","Male","Male","Female","Male","Female","Female","Female","Male","Female","Female","Male","Male","Female","Male","Female","Female","Female","Female","Female","Male","Male","Female","Female","Male",NA,-1.51776649746193,-0.855360575634595
"6148a6b1c5fe7195b0fb3bb4","Disclaimer-sexual",491,"Yes","20","panicked","comforting","upset","desire","insisting","worried","fantasizing","uneasy","despondent","preoccupied","cautious","regretful","sceptical","anticipating","irritated","amused","thoughtful","aghast","decisive","tentative","dominant","fantasizing","imploring","curious","pensive","incredulous","shy","cautious","interested","impatient","flirtatious","confident","alarmed","guilty","distrustful","contemplative","suspicious",6,2,5,1,4,"","yes",28,"Male","Heterosexual or straight","","No","",", modernFamily, madMen","modernClip","happy|sex_arousal|bored|sadness",8.18333333333333,-1.1055834115551,1,0,1,1,1,1,1,1,1,1,1,1,1,1,0,0,1,0,1,1,0,1,0,0,1,0,0,1,1,0,1,1,0,0,1,0,1,0.638888888888889,"Male","Male","Male","Female","Male","Male","Female","Male","Male","Female","Male","Male","Male","Male","Male","Female","Male","Female","Female","Female","Male","Female","Female","Male","Male","Female","Male","Female","Female","Female","Female","Female","Male","Male","Female","Female","Male",NA,-0.517766497461929,-0.278784187614238
"5d1e3a4851bab9000116226f","Disclaimer-sexual",617,"Yes","20","panicked","playful","upset","desire","insisting","worried","impatient","uneasy","despondent","preoccupied","cautious","regretful","indifferent","anticipating","accusing","contemplative","thoughtful","doubtful","decisive","tentative","friendly","fantasizing","preoccupied","defiant","pensive","interested","anxious","arrogant","interested","reflective","disappointed","dispirited","serious","concerned","distrustful","nervous","suspicious",7,1,6,3,3,"","yes",41,"Male","Heterosexual or straight","","No","",", madMen, modernFamily","madmenClip","sex_arousal|bored|sadness|happy",10.2833333333333,-0.68392438900264,1,1,1,1,1,1,0,1,1,1,1,1,0,1,1,1,1,1,1,1,1,1,1,1,1,1,0,0,1,1,0,0,1,1,1,1,1,0.833333333333333,"Male","Male","Male","Female","Male","Male","Female","Male","Male","Female","Male","Male","Male","Male","Male","Female","Male","Female","Female","Female","Male","Female","Female","Male","Male","Female","Male","Female","Female","Female","Female","Female","Male","Male","Female","Female","Male",NA,-1.51776649746193,-0.855360575634595
"5feb31a4fef4d1b519e1cfc5","Disclaimer-sexual",577,"Yes","20","panicked","playful","annoyed","desire","insisting","sarcastic","fantasizing","friendly","despondent","preoccupied","cautious","regretful","sceptical","anticipating","accusing","contemplative","thoughtful","aghast","decisive","tentative","guilty","fantasizing","insisting","defiant","pensive","interested","alarmed","arrogant","interested","impatient","hostile","confident","serious","concerned","distrustful","contemplative","suspicious",6,5,2,3,6,"","yes",33,"Male","Heterosexual or straight","","No","No Comment",", modernFamily, madMen","modernClip","sadness|bored|happy|sex_arousal",9.61666666666667,-0.81778439616215,1,1,0,1,1,0,1,0,1,1,1,1,1,1,1,1,1,0,1,1,0,1,0,1,1,1,0,0,1,0,0,1,1,1,1,0,1,0.694444444444444,"Male","Male","Male","Female","Male","Male","Female","Male","Male","Female","Male","Male","Male","Male","Male","Female","Male","Female","Female","Female","Male","Female","Female","Male","Male","Female","Male","Female","Female","Female","Female","Female","Male","Male","Female","Female","Male",NA,2.48223350253807,1.45094497644683
"606e11fc501e21b2a1652dce","Disclaimer-sexual",595,"Yes","20","panicked","playful","upset","desire","amused","irritated","fantasizing","friendly","relieved","preoccupied","insisting","amused","indifferent","anticipating","accusing","contemplative","thoughtful","doubtful","decisive","tentative","friendly","fantasizing","preoccupied","curious","pensive","interested","hostile","arrogant","interested","reflective","flirtatious","confident","serious","concerned","baffled","puzzled","suspicious",5,1,4,3,7,"","yes",40,"Male","Heterosexual or straight","","No","",", madMen, modernFamily","madmenClip","bored|sadness|happy|sex_arousal",9.91666666666667,-0.757547392940371,1,1,1,1,0,0,1,0,0,1,0,0,0,1,1,1,1,1,1,1,1,1,1,0,1,1,1,0,1,1,1,1,1,1,0,0,1,0.694444444444444,"Male","Male","Male","Female","Male","Male","Female","Male","Male","Female","Male","Male","Male","Male","Male","Female","Male","Female","Female","Female","Male","Female","Female","Male","Male","Female","Male","Female","Female","Female","Female","Female","Male","Male","Female","Female","Male",NA,-1.51776649746193,-0.855360575634595
"5e2edcd3744c694aa3fab543","Disclaimer-sexual",698,"Yes","20","panicked","playful","upset","desire","insisting","worried","fantasizing","friendly","despondent","preoccupied","cautious","regretful","sceptical","anticipating","accusing","contemplative","thoughtful","doubtful","decisive","tentative","friendly","fantasizing","preoccupied","curious","pensive","interested","hostile","cautious","interested","reflective","flirtatious","joking","serious","fantasizing","distrustful","contemplative","suspicious",6,3,4,5,5,"","yes",22,"Male","Heterosexual or straight","","No","",", modernFamily, madMen","modernClip","bored|happy|sadness|sex_arousal",11.6333333333333,-0.412857874504633,1,1,1,1,1,1,1,0,1,1,1,1,1,1,1,1,1,1,1,1,1,1,1,0,1,1,1,1,1,1,1,0,1,0,1,0,1,0.861111111111111,"Male","Male","Male","Female","Male","Male","Female","Male","Male","Female","Male","Male","Male","Male","Male","Female","Male","Female","Female","Female","Male","Female","Female","Male","Male","Female","Male","Female","Female","Female","Female","Female","Male","Male","Female","Female","Male",NA,0.482233502538071,0.297792200406118
"6014319e270fe939a04f9750","Disclaimer-sexual",645,"Yes","20","panicked","irritated","upset","desire","insisting","worried","fantasizing","uneasy","despondent","preoccupied","insisting","regretful","sceptical","anticipating","accusing","contemplative","thoughtful","doubtful","decisive","tentative","friendly","fantasizing","preoccupied","apologetic","pensive","interested","hostile","cautious","interested","reflective","flirtatious","confident","serious","concerned","distrustful","nervous","suspicious",6,1,3,3,7,"","yes",32,"Male","Heterosexual or straight","","No","",", madMen, modernFamily","madmenClip","sadness|bored|happy|sex_arousal",10.75,-0.590222383990984,1,0,1,1,1,1,1,1,1,1,0,1,1,1,1,1,1,1,1,1,1,1,1,0,1,1,1,1,1,1,1,1,1,1,1,1,1,0.916666666666667,"Male","Male","Male","Female","Male","Male","Female","Male","Male","Female","Male","Male","Male","Male","Male","Female","Male","Female","Female","Female","Male","Female","Female","Male","Male","Female","Male","Female","Female","Female","Female","Female","Male","Male","Female","Female","Male",NA,-1.51776649746193,-0.855360575634595
"61f2aedaa09e72f23cbafbf4","Disclaimer-sexual",665,"Yes","20","hateful","playful","upset","convinced","insisting","worried","impatient","friendly","despondent","preoccupied","insisting","amused","indifferent","anticipating","accusing","contemplative","irritated","affectionate","amused","tentative","friendly","fantasizing","preoccupied","curious","pensive","interested","hostile","cautious","contented","irritated","flirtatious","joking","serious","concerned","baffled","nervous","ashamed",8,6,7,1,2,"","yes",30,"Male","Heterosexual or straight","","No","",", modernFamily, madMen","modernClip","sex_arousal|bored|sadness|happy",11.0833333333333,-0.523292380411229,0,1,1,0,1,1,0,0,1,1,0,0,0,1,1,1,0,0,0,1,1,1,1,0,1,1,1,1,0,0,1,0,1,1,0,1,0,0.583333333333333,"Male","Male","Male","Female","Male","Male","Female","Male","Male","Female","Male","Male","Male","Male","Male","Female","Male","Female","Female","Female","Male","Female","Female","Male","Male","Female","Male","Female","Female","Female","Female","Female","Male","Male","Female","Female","Male",NA,3.48223350253807,2.02752136446719
"59cff8eed227970001199862","Disclaimer-sexual",751,"Yes","20","panicked","playful","upset","desire","relaxed","worried","impatient","uneasy","shy","preoccupied","insisting","flirtatious","sceptical","anticipating","accusing","contemplative","thoughtful","playful","decisive","tentative","dominant","fantasizing","preoccupied","defiant","pensive","incredulous","hostile","reassuring","interested","reflective","flirtatious","ashamed","serious","guilty","distrustful","nervous","suspicious",7,3,5,5,2,"","yes",44,"Male","Heterosexual or straight","","No","",", modernFamily, madMen","modernClip","sex_arousal|happy|bored|sadness",12.5166666666667,-0.235493365018283,1,1,1,1,0,1,0,1,0,1,0,0,1,1,1,1,1,0,1,1,0,1,1,1,1,0,1,0,1,1,1,0,1,0,1,1,1,0.694444444444444,"Male","Male","Male","Female","Male","Male","Female","Male","Male","Female","Male","Male","Male","Male","Male","Female","Male","Female","Female","Female","Male","Female","Female","Male","Male","Female","Male","Female","Female","Female","Female","Female","Male","Male","Female","Female","Male",NA,0.482233502538071,0.297792200406118
"5b5523d6d8348500012cfccf","Disclaimer-sexual",702,"Yes","20","panicked","playful","arrogant","convinced","insisting","worried","impatient","uneasy","despondent","preoccupied","cautious","regretful","sceptical","anticipating","accusing","contemplative","thoughtful","doubtful","decisive","tentative","dominant","fantasizing","preoccupied","defiant","pensive","incredulous","hostile","cautious","interested","impatient","flirtatious","confident","serious","concerned","distrustful","nervous","suspicious",5,1,3,1,3,"","yes",27,"Male","Heterosexual or straight","","No","I think ""irritated"" was misspelled in one of the choices as ""ilrritated?""",", madMen, modernFamily","madmenClip","sadness|happy|sex_arousal|bored",11.7,-0.399471873788682,1,1,0,0,1,1,0,1,1,1,1,1,1,1,1,1,1,1,1,1,0,1,1,1,1,0,1,1,1,0,1,1,1,1,1,1,1,0.833333333333333,"Male","Male","Male","Female","Male","Male","Female","Male","Male","Female","Male","Male","Male","Male","Male","Female","Male","Female","Female","Female","Male","Female","Female","Male","Male","Female","Male","Female","Female","Female","Female","Female","Male","Male","Female","Female","Male",NA,-1.51776649746193,-0.855360575634595
"60146cbd9c081148706d77fb","Disclaimer-sexual",752,"Yes","20","panicked","playful","upset","convinced","relaxed","worried","aghast","friendly","relieved","preoccupied","cautious","amused","indifferent","anticipating","accusing","amused","thoughtful","affectionate","amused","tentative","friendly","confused","preoccupied","apologetic","pensive","despondent","hostile","reassuring","contented","reflective","grateful","confident","serious","concerned","baffled","nervous","suspicious",5,2,7,1,3,"","yes",36,"Male","Heterosexual or straight","","No","",", modernFamily, madMen","modernClip","happy|sex_arousal|bored|sadness",12.5333333333333,-0.232146864839295,1,1,1,0,0,1,0,0,0,1,1,0,0,1,1,0,1,0,0,1,1,0,1,0,1,0,1,0,0,1,0,1,1,1,0,1,1,0.527777777777778,"Male","Male","Male","Female","Male","Male","Female","Male","Male","Female","Male","Male","Male","Male","Male","Female","Male","Female","Female","Female","Male","Female","Female","Male","Male","Female","Male","Female","Female","Female","Female","Female","Male","Male","Female","Female","Male",NA,-0.517766497461929,-0.278784187614238
"57655a2aea19ef00016351cf","Disclaimer-sexual",658,"Yes","20","panicked","irritated","annoyed","desire","insisting","worried","impatient","friendly","shy","preoccupied","cautious","regretful","sceptical","anticipating","accusing","contemplative","thoughtful","affectionate","decisive","tentative","friendly","fantasizing","preoccupied","defiant","iIrritated","interested","shy","arrogant","contented","reflective","grateful","confident","serious","concerned","distrustful","contemplative","suspicious",5,1,2,3,7,"","yes",49,"Male","Heterosexual or straight","","No","",", modernFamily, madMen","modernClip","bored|happy|sadness|sex_arousal",10.9666666666667,-0.546717881664143,1,0,0,1,1,1,0,0,0,1,1,1,1,1,1,1,1,0,1,1,1,1,1,1,0,1,0,0,0,1,0,1,1,1,1,0,1,0.666666666666667,"Male","Male","Male","Female","Male","Male","Female","Male","Male","Female","Male","Male","Male","Male","Male","Female","Male","Female","Female","Female","Male","Female","Female","Male","Male","Female","Male","Female","Female","Female","Female","Female","Male","Male","Female","Female","Male",NA,-1.51776649746193,-0.855360575634595
"610a45b7ee955eab34220bce","Disclaimer-sexual",590,"Yes","20","panicked","playful","upset","desire","insisting","worried","fantasizing","uneasy","despondent","preoccupied","bored","regretful","sceptical","decisive","accusing","contemplative","thoughtful","affectionate","amused","tentative","dominant","fantasizing","preoccupied","defiant","pensive","interested","anxious","cautious","interested","reflective","flirtatious","confident","serious","concerned","distrustful","nervous","suspicious",6,1,5,2,4,"","yes",34,"Male","Heterosexual or straight","","No","",", modernFamily, madMen","modernClip","bored|happy|sadness|sex_arousal",9.83333333333333,-0.774279893835309,1,1,1,1,1,1,1,1,1,1,0,1,1,0,1,1,1,0,0,1,0,1,1,1,1,1,0,1,1,1,1,1,1,1,1,1,1,0.833333333333333,"Male","Male","Male","Female","Male","Male","Female","Male","Male","Female","Male","Male","Male","Male","Male","Female","Male","Female","Female","Female","Male","Female","Female","Male","Male","Female","Male","Female","Female","Female","Female","Female","Male","Male","Female","Female","Male",NA,-1.51776649746193,-0.855360575634595
"5c9d88bb2b3c77001744ec1c","Disclaimer-sexual",669,"Yes","20","hateful","bored","upset","desire","insisting","worried","fantasizing","uneasy","despondent","preoccupied","cautious","regretful","sceptical","shy","accusing","contemplative","thoughtful","doubtful","decisive","tentative","guilty","fantasizing","preoccupied","defiant","pensive","interested","hostile","cautious","interested","reflective","hostile","ashamed","serious","guilty","distrustful","nervous","suspicious",7,4,4,2,1,"","yes",36,"Male","Heterosexual or straight","","No","Wishing you good luck and all the best with your research.",", madMen, modernFamily","madmenClip","sex_arousal|happy|sadness|bored",11.15,-0.509906379695278,0,0,1,1,1,1,1,1,1,1,1,1,1,0,1,1,1,1,1,1,0,1,1,1,1,1,1,1,1,1,0,0,1,0,1,1,1,0.833333333333333,"Male","Male","Male","Female","Male","Male","Female","Male","Male","Female","Male","Male","Male","Male","Male","Female","Male","Female","Female","Female","Male","Female","Female","Male","Male","Female","Male","Female","Female","Female","Female","Female","Male","Male","Female","Female","Male",NA,1.48223350253807,0.874368588426475
"5c3f4ccd410e97000128d1cd","Disclaimer-sexual",525,"Yes","20","arrogant","playful","upset","flustered","insisting","irritated","fantasizing","uneasy","shy","preoccupied","cautious","amused","sceptical","anticipating","disappointed","amused","thoughtful","affectionate","decisive","grateful","dominant","fantasizing","preoccupied","defiant","hostile","interested","hostile","cautious","affectionate","reflective","flirtatious","confident","alarmed","guilty","distrustful","contemplative","nervous",9,1,5,3,4,"","yes",31,"Male","Heterosexual or straight","","No","",", modernFamily, madMen","modernClip","bored|happy|sadness|sex_arousal",8.75,-0.991802405469513,0,1,1,0,1,0,1,1,0,1,1,0,1,1,0,0,1,0,1,0,0,1,1,1,0,1,1,1,0,1,1,1,0,0,1,0,0,0.583333333333333,"Male","Male","Male","Female","Male","Male","Female","Male","Male","Female","Male","Male","Male","Male","Male","Female","Male","Female","Female","Female","Male","Female","Female","Male","Male","Female","Male","Female","Female","Female","Female","Female","Male","Male","Female","Female","Male",NA,-1.51776649746193,-0.855360575634595
"5f54e7209fbb9686658ca1e9","Disclaimer-sexual",694,"Yes","20","panicked","playful","arrogant","desire","insisting","irritated","fantasizing","friendly","relieved","preoccupied","cautious","amused","indifferent","anticipating","irritated","contemplative","thoughtful","playful","decisive","arrogant","dominant","fantasizing","preoccupied","defiant","pensive","interested","hostile","cautious","contented","reflective","flirtatious","confident","serious","concerned","distrustful","nervous","suspicious",4,1,1,1,7,"","yes",39,"Male","Heterosexual or straight","","No","",", modernFamily, madMen","modernClip","sex_arousal|sadness|happy|bored",11.5666666666667,-0.426243875220584,1,1,0,1,1,0,1,0,0,1,1,0,0,1,0,1,1,0,1,0,0,1,1,1,1,1,1,1,0,1,1,1,1,1,1,1,1,0.694444444444444,"Male","Male","Male","Female","Male","Male","Female","Male","Male","Female","Male","Male","Male","Male","Male","Female","Male","Female","Female","Female","Male","Female","Female","Male","Male","Female","Male","Female","Female","Female","Female","Female","Male","Male","Female","Female","Male",NA,-1.51776649746193,-0.855360575634595
"6102c8df44596782a4b121df","Disclaimer-sexual",700,"Yes","20","panicked","playful","upset","desire","amused","worried","fantasizing","friendly","despondent","preoccupied","insisting","regretful","indifferent","decisive","accusing","contemplative","thoughtful","playful","decisive","arrogant","friendly","fantasizing","preoccupied","defiant","pensive","interested","hostile","reassuring","interested","reflective","flirtatious","confident","serious","concerned","distrustful","insisting","suspicious",4,1,6,4,6,"","Yes",39,"Male","Heterosexual or straight","","No","I always chose an answer but sometimes the way I thought the eyes looked was not always part of the answers (or sometimes not even close to one of the answers),",", madMen, modernFamily","madmenClip","happy|sex_arousal|sadness|bored",11.6666666666667,-0.406164874146658,1,1,1,1,0,1,1,0,1,1,0,1,0,0,1,1,1,0,1,0,1,1,1,1,1,1,1,0,1,1,1,1,1,1,1,0,1,0.75,"Male","Male","Male","Female","Male","Male","Female","Male","Male","Female","Male","Male","Male","Male","Male","Female","Male","Female","Female","Female","Male","Female","Female","Male","Male","Female","Male","Female","Female","Female","Female","Female","Male","Male","Female","Female","Male",NA,-1.51776649746193,-0.855360575634595
"5952fcadc29a2b0001ab7a79","Disclaimer-sexual",692,"Yes","20","panicked","playful","upset","joking","insisting","sarcastic","fantasizing","uneasy","despondent","preoccupied","insisting","regretful","sceptical","anticipating","accusing","encouraging","thoughtful","doubtful","bored","sarcastic","friendly","fantasizing","imploring","curious","pensive","interested","hostile","cautious","contented","reflective","flirtatious","confident","serious","concerned","distrustful","nervous","suspicious",6,2,4,1,5,"","yes",38,"Male","Heterosexual or straight","","No","",", modernFamily, madMen","modernClip","sex_arousal|happy|bored|sadness",11.5333333333333,-0.43293687557856,1,1,1,0,1,0,1,1,1,1,0,1,1,1,1,0,1,1,0,0,1,1,0,0,1,1,1,1,0,1,1,1,1,1,1,1,1,0.75,"Male","Male","Male","Female","Male","Male","Female","Male","Male","Female","Male","Male","Male","Male","Male","Female","Male","Female","Female","Female","Male","Female","Female","Male","Male","Female","Male","Female","Female","Female","Female","Female","Male","Male","Female","Female","Male",NA,-0.517766497461929,-0.278784187614238
"5f8ac37961bf52177f0ec44e","Disclaimer-sexual",625,"Yes","20","panicked","irritated","upset","desire","insisting","worried","impatient","uneasy","excited","preoccupied","bored","regretful","sceptical","anticipating","accusing","contemplative","thoughtful","doubtful","decisive","tentative","guilty","fantasizing","preoccupied","defiant","pensive","interested","hostile","cautious","affectionate","irritated","hostile","confident","bewildered","concerned","distrustful","nervous","suspicious",7,2,5,4,6,"","yes",38,"Male","Heterosexual or straight","","No","",", modernFamily, madMen","modernClip","bored|sex_arousal|happy|sadness",10.4166666666667,-0.657152387570738,1,0,1,1,1,1,0,1,0,1,0,1,1,1,1,1,1,1,1,1,0,1,1,1,1,1,1,1,0,0,0,1,0,1,1,1,1,0.75,"Male","Male","Male","Female","Male","Male","Female","Male","Male","Female","Male","Male","Male","Male","Male","Female","Male","Female","Female","Female","Male","Female","Female","Male","Male","Female","Male","Female","Female","Female","Female","Female","Male","Male","Female","Female","Male",NA,-0.517766497461929,-0.278784187614238
"5a6b6b34d5d4cb0001d64b8f","Disclaimer-sexual",591,"Yes","20","jealous","playful","annoyed","desire","insisting","worried","fantasizing","dispirited","despondent","preoccupied","insisting","flirtatious","indifferent","anticipating","accusing","contemplative","sympathetic","affectionate","amused","grateful","friendly","fantasizing","imploring","curious","hostile","interested","anxious","cautious","contented","reflective","flirtatious","confident","serious","fantasizing","terrified","puzzled","indecisive",6,4,6,1,5,"","yes",45,"Male","Heterosexual or straight","","No","",", modernFamily, madMen","modernClip","sex_arousal|bored|happy|sadness",9.85,-0.770933393656322,0,1,0,1,1,1,1,0,1,1,0,0,0,1,1,1,0,0,0,0,1,1,0,0,0,1,0,1,0,1,1,1,1,0,0,0,0,0.5,"Male","Male","Male","Female","Male","Male","Female","Male","Male","Female","Male","Male","Male","Male","Male","Female","Male","Female","Female","Female","Male","Female","Female","Male","Male","Female","Male","Female","Female","Female","Female","Female","Male","Male","Female","Female","Male",NA,1.48223350253807,0.874368588426475
"60967660853e8fcaf410748b","Disclaimer-sexual",659,"Yes","20","panicked","playful","annoyed","desire","insisting","friendly","aghast","dispirited","despondent","preoccupied","cautious","terrified","sceptical","decisive","accusing","flustered","thoughtful","affectionate","amused","tentative","friendly","fantasizing","preoccupied","curious","pensive","incredulous","alarmed","cautious","interested","reflective","flirtatious","confident","bewildered","guilty","aghast","nervous","ashamed",5,1,4,5,5,"","yes",31,"Male","Heterosexual or straight","","No","",", madMen, modernFamily","madmenClip","bored|happy|sadness|sex_arousal",10.9833333333333,-0.543371381485155,1,1,0,1,1,0,0,0,1,1,1,0,1,0,1,0,1,0,0,1,1,1,1,0,1,0,0,1,1,1,1,1,0,0,0,1,0,0.555555555555556,"Male","Male","Male","Female","Male","Male","Female","Male","Male","Female","Male","Male","Male","Male","Male","Female","Male","Female","Female","Female","Male","Female","Female","Male","Male","Female","Male","Female","Female","Female","Female","Female","Male","Male","Female","Female","Male",NA,-1.51776649746193,-0.855360575634595
"60587a632a56aa17491c12fe","Disclaimer-sexual",808,"Yes","20","panicked","playful","upset","convinced","insisting","worried","impatient","uneasy","relieved","preoccupied","bored","regretful","sceptical","anticipating","irritated","contemplative","thoughtful","doubtful","decisive","tentative","friendly","fantasizing","preoccupied","defiant","pensive","panicked","hostile","cautious","interested","reflective","flirtatious","confident","serious","concerned","distrustful","nervous","suspicious",2,1,6,2,4,"","yes",46,"Male","Heterosexual or straight","","No","",", madMen, modernFamily","madmenClip","sadness|sex_arousal|bored|happy",13.4666666666667,-0.0447428548159816,1,1,1,0,1,1,0,1,0,1,0,1,1,1,0,1,1,1,1,1,1,1,1,1,1,0,1,1,1,1,1,1,1,1,1,1,1,0.833333333333333,"Male","Male","Male","Female","Male","Male","Female","Male","Male","Female","Male","Male","Male","Male","Male","Female","Male","Female","Female","Female","Male","Female","Female","Male","Male","Female","Male","Female","Female","Female","Female","Female","Male","Male","Female","Female","Male",NA,-1.51776649746193,-0.855360575634595
"5e41723aade7c2000b4c14f8","Disclaimer-sexual",560,"Yes","20","panicked","playful","arrogant","desire","insisting","sarcastic","fantasizing","dispirited","despondent","preoccupied","cautious","regretful","sceptical","threatening","accusing","contemplative","thoughtful","aghast","decisive","tentative","friendly","fantasizing","preoccupied","defiant","iIrritated","incredulous","hostile","cautious","interested","reflective","flirtatious","confident","bewildered","concerned","baffled","puzzled","suspicious",6,4,5,1,3,"","yes",35,"Male","Heterosexual or straight","","No","",", madMen, modernFamily","madmenClip","happy|sex_arousal|bored|sadness",9.33333333333333,-0.874674899204942,1,1,0,1,1,0,1,0,1,1,1,1,1,0,1,1,1,0,1,1,1,1,1,1,0,0,1,1,1,1,1,1,0,1,0,0,1,0.722222222222222,"Male","Male","Male","Female","Male","Male","Female","Male","Male","Female","Male","Male","Male","Male","Male","Female","Male","Female","Female","Female","Male","Female","Female","Male","Male","Female","Male","Female","Female","Female","Female","Female","Male","Male","Female","Female","Male",NA,1.48223350253807,0.874368588426475
"61671a9d42eb53946faa44c2","Disclaimer-sexual",649,"Yes","20","panicked","playful","upset","desire","insisting","worried","impatient","uneasy","despondent","preoccupied","bored","regretful","sceptical","anticipating","accusing","contemplative","thoughtful","doubtful","decisive","tentative","dominant","fantasizing","preoccupied","defiant","pensive","despondent","hostile","cautious","interested","irritated","hostile","confident","serious","concerned","baffled","nervous","suspicious",7,5,7,1,3,"","yes",40,"Male","Heterosexual or straight","","No","",", modernFamily, madMen","modernClip","happy|bored|sadness|sex_arousal",10.8166666666667,-0.576836383275033,1,1,1,1,1,1,0,1,1,1,0,1,1,1,1,1,1,1,1,1,0,1,1,1,1,0,1,1,1,0,0,1,1,1,0,1,1,0.805555555555556,"Male","Male","Male","Female","Male","Male","Female","Male","Male","Female","Male","Male","Male","Male","Male","Female","Male","Female","Female","Female","Male","Female","Female","Male","Male","Female","Male","Female","Female","Female","Female","Female","Male","Male","Female","Female","Male",NA,2.48223350253807,1.45094497644683
"5c4602713d08e80001369876","Disclaimer-sexual",720,"Yes","20","panicked","playful","upset","desire","insisting","worried","fantasizing","friendly","despondent","preoccupied","insisting","regretful","sceptical","threatening","disappointed","contemplative","thoughtful","doubtful","decisive","sarcastic","friendly","fantasizing","preoccupied","curious","pensive","interested","hostile","cautious","affectionate","reflective","flirtatious","confident","serious","concerned","distrustful","nervous","suspicious",4,1,4,1,6,"","yes",24,"Male","Heterosexual or straight","","No","",", madMen, modernFamily","madmenClip","bored|sadness|happy|sex_arousal",12,-0.339234870566903,1,1,1,1,1,1,1,0,1,1,0,1,1,0,0,1,1,1,1,0,1,1,1,0,1,1,1,1,0,1,1,1,1,1,1,1,1,0.805555555555556,"Male","Male","Male","Female","Male","Male","Female","Male","Male","Female","Male","Male","Male","Male","Male","Female","Male","Female","Female","Female","Male","Female","Female","Male","Male","Female","Male","Female","Female","Female","Female","Female","Male","Male","Female","Female","Male",NA,-1.51776649746193,-0.855360575634595
"5f181092bc89f00dc2e577a2","Disclaimer-sexual",830,"Yes","20","panicked","irritated","upset","convinced","insisting","sarcastic","fantasizing","uneasy","relieved","preoccupied","cautious","regretful","sceptical","threatening","accusing","contemplative","thoughtful","doubtful","amused","sarcastic","friendly","fantasizing","preoccupied","defiant","pensive","incredulous","hostile","cautious","interested","reflective","flirtatious","confident","serious","guilty","distrustful","nervous","suspicious",6,1,4,6,3,"","yes",34,"Male","Heterosexual or straight","","No","",", madMen, modernFamily","madmenClip","sadness|bored|sex_arousal|happy",13.8333333333333,0.0288801491217487,1,0,1,0,1,0,1,1,0,1,1,1,1,0,1,1,1,1,0,0,1,1,1,1,1,0,1,1,1,1,1,1,1,0,1,1,1,0.75,"Male","Male","Male","Female","Male","Male","Female","Male","Male","Female","Male","Male","Male","Male","Male","Female","Male","Female","Female","Female","Male","Female","Female","Male","Male","Female","Male","Female","Female","Female","Female","Female","Male","Male","Female","Female","Male",NA,-1.51776649746193,-0.855360575634595
"59936f217c41bc00012e5b17","Disclaimer-sexual",781,"Yes","20","panicked","playful","upset","desire","insisting","worried","fantasizing","friendly","despondent","preoccupied","cautious","amused","sceptical","anticipating","accusing","contemplative","thoughtful","affectionate","decisive","arrogant","friendly","fantasizing","preoccupied","defiant","pensive","interested","hostile","cautious","affectionate","reflective","flirtatious","confident","serious","concerned","distrustful","nervous","suspicious",7,1,1,2,1,"","yes",49,"Male","Heterosexual or straight","","No","",", modernFamily, madMen","modernClip","sadness|bored|sex_arousal|happy",13.0166666666667,-0.135098359648651,1,1,1,1,1,1,1,0,1,1,1,0,1,1,1,1,1,0,1,0,1,1,1,1,1,1,1,1,0,1,1,1,1,1,1,1,1,0.861111111111111,"Male","Male","Male","Female","Male","Male","Female","Male","Male","Female","Male","Male","Male","Male","Male","Female","Male","Female","Female","Female","Male","Female","Female","Male","Male","Female","Male","Female","Female","Female","Female","Female","Male","Male","Female","Female","Male",NA,-1.51776649746193,-0.855360575634595
"616e9e1c389580cc29bb5270","Disclaimer-sexual",551,"Yes","20","panicked","irritated","upset","desire","insisting","worried","impatient","uneasy","despondent","preoccupied","insisting","amused","sceptical","anticipating","accusing","flustered","thoughtful","aghast","decisive","grateful","friendly","fantasizing","insisting","apologetic","pensive","despondent","anxious","cautious","contented","aghast","disappointed","ashamed","serious","guilty","terrified","puzzled","indecisive",6,1,5,5,4,"","Yes",22,"Male","Heterosexual or straight","","No","",", madMen, modernFamily","madmenClip","happy|bored|sex_arousal|sadness",9.18333333333333,-0.904793400815831,1,0,1,1,1,1,0,1,1,1,0,0,1,1,1,0,1,0,1,0,1,1,0,0,1,0,0,1,0,0,0,0,1,0,0,0,0,0.472222222222222,"Male","Male","Male","Female","Male","Male","Female","Male","Male","Female","Male","Male","Male","Male","Male","Female","Male","Female","Female","Female","Male","Female","Female","Male","Male","Female","Male","Female","Female","Female","Female","Female","Male","Male","Female","Female","Male",NA,-1.51776649746193,-0.855360575634595
"5bd1ebd75c90120001d0f088","Disclaimer-sexual",744,"Yes","20","panicked","playful","upset","desire","insisting","worried","fantasizing","uneasy","despondent","preoccupied","insisting","regretful","sceptical","anticipating","accusing","contemplative","thoughtful","doubtful","decisive","grateful","friendly","fantasizing","preoccupied","defiant","pensive","interested","hostile","cautious","interested","reflective","flirtatious","confident","serious","concerned","distrustful","nervous","suspicious",6,1,2,1,2,"","yes",46,"Male","Heterosexual or straight","","No","",", madMen, modernFamily","madmenClip","bored|sex_arousal|sadness|happy",12.4,-0.258918866271197,1,1,1,1,1,1,1,1,1,1,0,1,1,1,1,1,1,1,1,0,1,1,1,1,1,1,1,1,1,1,1,1,1,1,1,1,1,0.944444444444444,"Male","Male","Male","Female","Male","Male","Female","Male","Male","Female","Male","Male","Male","Male","Male","Female","Male","Female","Female","Female","Male","Female","Female","Male","Male","Female","Male","Female","Female","Female","Female","Female","Male","Male","Female","Female","Male",NA,-1.51776649746193,-0.855360575634595
"5bc07b29a9e4a10001cac181","Disclaimer-sexual",494,"Yes","20","panicked","playful","upset","convinced","insisting","sarcastic","fantasizing","friendly","excited","preoccupied","aghast","amused","indifferent","shy","accusing","contemplative","thoughtful","affectionate","decisive","grateful","friendly","fantasizing","preoccupied","contented","pensive","incredulous","shy","joking","contented","reflective","flirtatious","confident","serious","concerned","baffled","nervous","suspicious",6,4,4,4,4,"","yes",28,"Male","Heterosexual or straight","","No","",", modernFamily, madMen","modernClip","sex_arousal|bored|sadness|happy",8.23333333333333,-1.09554391101813,1,1,1,0,1,0,1,0,0,1,0,0,0,0,1,1,1,0,1,0,1,1,1,0,1,0,0,0,0,1,1,1,1,1,0,1,1,0.555555555555556,"Male","Male","Male","Female","Male","Male","Female","Male","Male","Female","Male","Male","Male","Male","Male","Female","Male","Female","Female","Female","Male","Female","Female","Male","Male","Female","Male","Female","Female","Female","Female","Female","Male","Male","Female","Female","Male",NA,1.48223350253807,0.874368588426475
"61028b84f829583fdde9f8ea","Disclaimer-sexual",604,"Yes","20","panicked","playful","arrogant","desire","insisting","irritated","fantasizing","friendly","despondent","preoccupied","insisting","regretful","sceptical","decisive","accusing","contemplative","thoughtful","playful","decisive","arrogant","friendly","fantasizing","preoccupied","defiant","pensive","interested","hostile","cautious","interested","reflective","flirtatious","confident","serious","concerned","distrustful","contemplative","suspicious",5,1,1,1,9,"","yes",34,"Male","Heterosexual or straight","","No","",", modernFamily, madMen","modernClip","sadness|sex_arousal|happy|bored",10.0666666666667,-0.727428891329481,1,1,0,1,1,0,1,0,1,1,0,1,1,0,1,1,1,0,1,0,1,1,1,1,1,1,1,1,1,1,1,1,1,1,1,0,1,0.777777777777778,"Male","Male","Male","Female","Male","Male","Female","Male","Male","Female","Male","Male","Male","Male","Male","Female","Male","Female","Female","Female","Male","Female","Female","Male","Male","Female","Male","Female","Female","Female","Female","Female","Male","Male","Female","Female","Male",NA,-1.51776649746193,-0.855360575634595
"5e3dafda2ee93c01ebac5349","Disclaimer-sexual",700,"Yes","20","panicked","playful","upset","convinced","insisting","worried","fantasizing","dispirited","despondent","preoccupied","insisting","regretful","sceptical","anticipating","irritated","contemplative","thoughtful","affectionate","decisive","tentative","friendly","fantasizing","preoccupied","defiant","pensive","incredulous","hostile","cautious","contented","reflective","hostile","confident","serious","concerned","distrustful","nervous","suspicious",6,3,9,1,1,"","yes",42,"Male","Heterosexual or straight","","No","",", modernFamily, madMen","modernClip","bored|happy|sadness|sex_arousal",11.6666666666667,-0.406164874146658,1,1,1,0,1,1,1,0,1,1,0,1,1,1,0,1,1,0,1,1,1,1,1,1,1,0,1,1,0,1,0,1,1,1,1,1,1,0.777777777777778,"Male","Male","Male","Female","Male","Male","Female","Male","Male","Female","Male","Male","Male","Male","Male","Female","Male","Female","Female","Female","Male","Female","Female","Male","Male","Female","Male","Female","Female","Female","Female","Female","Male","Male","Female","Female","Male",NA,0.482233502538071,0.297792200406118
"56b6e889f2fc70000b32f99e","Disclaimer-sexual",957,"Yes","20","panicked","playful","annoyed","convinced","insisting","worried","fantasizing","uneasy","relieved","preoccupied","cautious","regretful","indifferent","anticipating","disappointed","amused","thoughtful","doubtful","decisive","grateful","friendly","fantasizing","preoccupied","defiant","pensive","interested","anxious","cautious","contented","reflective","grateful","confident","bewildered","concerned","baffled","insisting","suspicious",4,3,3,8,7,"","yes",50,"Male","Heterosexual or straight","","No","",", madMen, modernFamily","madmenClip","bored|happy|sex_arousal|sadness",15.95,0.453885671853192,1,1,0,0,1,1,1,1,0,1,1,1,0,1,0,0,1,1,1,0,1,1,1,1,1,1,0,1,0,1,0,1,0,1,0,0,1,0.638888888888889,"Male","Male","Male","Female","Male","Male","Female","Male","Male","Female","Male","Male","Male","Male","Male","Female","Male","Female","Female","Female","Male","Female","Female","Male","Male","Female","Male","Female","Female","Female","Female","Female","Male","Male","Female","Female","Male",NA,0.482233502538071,0.297792200406118
"5afc14a00b2d5f00015693b4","Disclaimer-sexual",585,"Yes","20","panicked","playful","upset","desire","relaxed","worried","fantasizing","uneasy","despondent","preoccupied","cautious","regretful","sceptical","anticipating","accusing","contemplative","thoughtful","doubtful","decisive","tentative","friendly","fantasizing","preoccupied","defiant","pensive","interested","hostile","cautious","interested","reflective","flirtatious","confident","serious","concerned","distrustful","nervous","suspicious",5,2,5,3,5,"","yes",36,"Male","Heterosexual or straight","","No","",", modernFamily, madMen","modernClip","bored|sadness|happy|sex_arousal",9.75,-0.791012394730248,1,1,1,1,0,1,1,1,1,1,1,1,1,1,1,1,1,1,1,1,1,1,1,1,1,1,1,1,1,1,1,1,1,1,1,1,1,0.972222222222222,"Male","Male","Male","Female","Male","Male","Female","Male","Male","Female","Male","Male","Male","Male","Male","Female","Male","Female","Female","Female","Male","Female","Female","Male","Male","Female","Male","Female","Female","Female","Female","Female","Male","Male","Female","Female","Male",NA,-0.517766497461929,-0.278784187614238
"5b5ecd4b7757ed000198d434","Disclaimer-sexual",821,"Yes","20","panicked","playful","upset","desire","insisting","worried","fantasizing","uneasy","despondent","preoccupied","cautious","regretful","sceptical","anticipating","accusing","contemplative","thoughtful","doubtful","decisive","tentative","friendly","fantasizing","preoccupied","defiant","pensive","interested","hostile","cautious","interested","reflective","flirtatious","dispirited","serious","concerned","distrustful","nervous","suspicious",6,1,5,1,5,"","yes",44,"Male","Heterosexual or straight","","No","",", madMen, modernFamily","madmenClip","sex_arousal|bored|sadness|happy",13.6833333333333,-0.00123835248914098,1,1,1,1,1,1,1,1,1,1,1,1,1,1,1,1,1,1,1,1,1,1,1,1,1,1,1,1,1,1,1,0,1,1,1,1,1,0.972222222222222,"Male","Male","Male","Female","Male","Male","Female","Male","Male","Female","Male","Male","Male","Male","Male","Female","Male","Female","Female","Female","Male","Female","Female","Male","Male","Female","Male","Female","Female","Female","Female","Female","Male","Male","Female","Female","Male",NA,-1.51776649746193,-0.855360575634595
"601623c50446147b23a5bdff","Disclaimer-sexual",629,"Yes","20","panicked","playful","upset","desire","insisting","worried","fantasizing","friendly","relieved","preoccupied","insisting","regretful","indifferent","anticipating","accusing","contemplative","thoughtful","playful","decisive","tentative","friendly","fantasizing","preoccupied","curious","pensive","interested","shy","reassuring","interested","reflective","flirtatious","confident","serious","concerned","distrustful","contemplative","suspicious",7,5,8,1,1,"","yes",22,"Male","Heterosexual or straight","","No","",", madMen, modernFamily","madmenClip","sex_arousal|bored|happy|sadness",10.4833333333333,-0.643766386854787,1,1,1,1,1,1,1,0,0,1,0,1,0,1,1,1,1,0,1,1,1,1,1,0,1,1,0,0,1,1,1,1,1,1,1,0,1,0.75,"Male","Male","Male","Female","Male","Male","Female","Male","Male","Female","Male","Male","Male","Male","Male","Female","Male","Female","Female","Female","Male","Female","Female","Male","Male","Female","Male","Female","Female","Female","Female","Female","Male","Male","Female","Female","Male",NA,2.48223350253807,1.45094497644683
"61298eaadde17b9139f37d89","Disclaimer-sexual",730,"Yes","20","panicked","playful","upset","desire","insisting","worried","fantasizing","friendly","despondent","preoccupied","insisting","regretful","sceptical","anticipating","accusing","amused","thoughtful","doubtful","decisive","tentative","friendly","fantasizing","preoccupied","defiant","pensive","interested","hostile","cautious","interested","irritated","hostile","confident","serious","guilty","distrustful","nervous","suspicious",5,4,6,1,2,"","yes",29,"Male","Heterosexual or straight","","No","",", madMen, modernFamily","madmenClip","bored|sex_arousal|sadness|happy",12.1666666666667,-0.305769868777026,1,1,1,1,1,1,1,0,1,1,0,1,1,1,1,0,1,1,1,1,1,1,1,1,1,1,1,1,1,0,0,1,1,0,1,1,1,0.833333333333333,"Male","Male","Male","Female","Male","Male","Female","Male","Male","Female","Male","Male","Male","Male","Male","Female","Male","Female","Female","Female","Male","Female","Female","Male","Male","Female","Male","Female","Female","Female","Female","Female","Male","Male","Female","Female","Male",NA,1.48223350253807,0.874368588426475
"6143cf2fdb4da562b917fa91","Disclaimer-sexual",969,"Yes","20","panicked","playful","upset","convinced","insisting","worried","fantasizing","uneasy","despondent","preoccupied","cautious","regretful","sceptical","anticipating","accusing","contemplative","thoughtful","doubtful","decisive","tentative","friendly","fantasizing","preoccupied","apologetic","pensive","interested","hostile","cautious","interested","reflective","flirtatious","confident","serious","concerned","distrustful","nervous","suspicious",6,3,5,3,3,"","yes",38,"Male","Heterosexual or straight","","No","Having become familiar with the study, the second video likely influenced my selections more than the first",", madMen, modernFamily","madmenClip","happy|sadness|bored|sex_arousal",16.15,0.494043674001045,1,1,1,0,1,1,1,1,1,1,1,1,1,1,1,1,1,1,1,1,1,1,1,0,1,1,1,1,1,1,1,1,1,1,1,1,1,0.944444444444444,"Male","Male","Male","Female","Male","Male","Female","Male","Male","Female","Male","Male","Male","Male","Male","Female","Male","Female","Female","Female","Male","Female","Female","Male","Male","Female","Male","Female","Female","Female","Female","Female","Male","Male","Female","Female","Male",NA,0.482233502538071,0.297792200406118
"5c49854b8c70080001f2d566","Disclaimer-sexual",1017,"Yes","20","panicked","playful","upset","desire","insisting","worried","fantasizing","dispirited","relieved","preoccupied","cautious","regretful","sceptical","anticipating","accusing","contemplative","thoughtful","doubtful","decisive","grateful","dominant","fantasizing","preoccupied","defiant","pensive","interested","hostile","cautious","interested","reflective","flirtatious","confident","serious","fantasizing","distrustful","nervous","suspicious",6,1,9,1,1,"","yes",34,"Male","Heterosexual or straight","","No","",", modernFamily, madMen","modernClip","happy|bored|sex_arousal|sadness",16.95,0.654675682592457,1,1,1,1,1,1,1,0,0,1,1,1,1,1,1,1,1,1,1,0,0,1,1,1,1,1,1,1,1,1,1,1,1,0,1,1,1,0.861111111111111,"Male","Male","Male","Female","Male","Male","Female","Male","Male","Female","Male","Male","Male","Male","Male","Female","Male","Female","Female","Female","Male","Female","Female","Male","Male","Female","Male","Female","Female","Female","Female","Female","Male","Male","Female","Female","Male",NA,-1.51776649746193,-0.855360575634595
"5f09db2ef3557806b03a9b8b","Disclaimer-sexual",888,"Yes","20","panicked","playful","upset","desire","insisting","worried","fantasizing","friendly","despondent","preoccupied","aghast","flirtatious","indifferent","decisive","disappointed","encouraging","thoughtful","affectionate","amused","arrogant","friendly","fantasizing","insisting","defiant","pensive","interested","anxious","reassuring","affectionate","reflective","flirtatious","confident","serious","concerned","aghast","nervous","suspicious",6,1,7,3,5,"","yes",36,"Male","Heterosexual or straight","","No","",", madMen, modernFamily","madmenClip","happy|sadness|sex_arousal|bored",14.8,0.222977159503038,1,1,1,1,1,1,1,0,1,1,0,0,0,0,0,0,1,0,0,0,1,1,0,1,1,1,0,0,0,1,1,1,1,1,0,1,1,0.583333333333333,"Male","Male","Male","Female","Male","Male","Female","Male","Male","Female","Male","Male","Male","Male","Male","Female","Male","Female","Female","Female","Male","Female","Female","Male","Male","Female","Male","Female","Female","Female","Female","Female","Male","Male","Female","Female","Male",NA,-1.51776649746193,-0.855360575634595
"5efe3d722e800832404ef5bb","Disclaimer-sexual",1108,"Yes","20","panicked","playful","upset","desire","insisting","worried","fantasizing","friendly","despondent","preoccupied","insisting","regretful","sceptical","anticipating","accusing","contemplative","thoughtful","affectionate","amused","sarcastic","friendly","fantasizing","preoccupied","defiant","hostile","interested","hostile","cautious","interested","reflective","flirtatious","confident","serious","concerned","distrustful","nervous","suspicious",7,3,5,2,8,"","yes",50,"Male","Heterosexual or straight","","No","",", madMen, modernFamily","madmenClip","bored|sadness|happy|sex_arousal",18.4666666666667,0.959207198880341,1,1,1,1,1,1,1,0,1,1,0,1,1,1,1,1,1,0,0,0,1,1,1,1,0,1,1,1,1,1,1,1,1,1,1,1,1,0.833333333333333,"Male","Male","Male","Female","Male","Male","Female","Male","Male","Female","Male","Male","Male","Male","Male","Female","Male","Female","Female","Female","Male","Female","Female","Male","Male","Female","Male","Female","Female","Female","Female","Female","Male","Male","Female","Female","Male",NA,0.482233502538071,0.297792200406118
"6110c7e6ccdfb13e3dde5f4f","Disclaimer-sexual",902,"Yes","20","panicked","irritated","upset","desire","insisting","worried","impatient","uneasy","relieved","preoccupied","insisting","regretful","sceptical","anticipating","accusing","contemplative","thoughtful","playful","decisive","tentative","friendly","fantasizing","preoccupied","defiant","iIrritated","interested","hostile","cautious","affectionate","reflective","flirtatious","confident","serious","concerned","distrustful","insisting","suspicious",6,6,7,2,3,"","yes",46,"Male","Heterosexual or straight","","No","",", modernFamily, madMen","modernClip","sex_arousal|happy|bored|sadness",15.0333333333333,0.269828162008866,1,0,1,1,1,1,0,1,0,1,0,1,1,1,1,1,1,0,1,1,1,1,1,1,0,1,1,1,0,1,1,1,1,1,1,0,1,0.777777777777778,"Male","Male","Male","Female","Male","Male","Female","Male","Male","Female","Male","Male","Male","Male","Male","Female","Male","Female","Female","Female","Male","Female","Female","Male","Male","Female","Male","Female","Female","Female","Female","Female","Male","Male","Female","Female","Male",NA,3.48223350253807,2.02752136446719
"60f574dbc525d3a11df0e556","Disclaimer-sexual",1026,"Yes","20","panicked","playful","annoyed","desire","relaxed","worried","fantasizing","uneasy","despondent","preoccupied","bored","regretful","indifferent","shy","accusing","contemplative","thoughtful","doubtful","decisive","tentative","friendly","fantasizing","preoccupied","contented","pensive","interested","hostile","cautious","interested","reflective","flirtatious","confident","serious","concerned","distrustful","nervous","suspicious",7,1,6,1,1,"","yes",29,"Male","Heterosexual or straight","","No","",", modernFamily, madMen","modernClip","happy|bored|sadness|sex_arousal",17.1,0.684794184203346,1,1,0,1,0,1,1,1,1,1,0,1,0,0,1,1,1,1,1,1,1,1,1,0,1,1,1,1,1,1,1,1,1,1,1,1,1,0.833333333333333,"Male","Male","Male","Female","Male","Male","Female","Male","Male","Female","Male","Male","Male","Male","Male","Female","Male","Female","Female","Female","Male","Female","Female","Male","Male","Female","Male","Female","Female","Female","Female","Female","Male","Male","Female","Female","Male",NA,-1.51776649746193,-0.855360575634595
"61fa950f5719bc09cb8350e2","Disclaimer-sexual",521,"Yes","20","panicked","playful","upset","desire","insisting","worried","fantasizing","friendly","despondent","preoccupied","aghast","flirtatious","indifferent","decisive","accusing","contemplative","thoughtful","doubtful","amused","tentative","friendly","fantasizing","preoccupied","defiant","hostile","panicked","hostile","cautious","interested","irritated","flirtatious","confident","serious","concerned","distrustful","puzzled","suspicious",6,1,5,1,2,"","yes",18,"Male","Heterosexual or straight","","No","",", madMen, modernFamily","madmenClip","bored|sex_arousal|sadness|happy",8.68333333333333,-1.00518840618546,1,1,1,1,1,1,1,0,1,1,0,0,0,0,1,1,1,1,0,1,1,1,1,1,0,0,1,1,1,0,1,1,1,1,1,0,1,0.722222222222222,"Male","Male","Male","Female","Male","Male","Female","Male","Male","Female","Male","Male","Male","Male","Male","Female","Male","Female","Female","Female","Male","Female","Female","Male","Male","Female","Male","Female","Female","Female","Female","Female","Male","Male","Female","Female","Male",NA,-1.51776649746193,-0.855360575634595
"5f84166e707ea80158f9a6a8","Disclaimer-sexual",720,"Yes","20","panicked","irritated","upset","convinced","insisting","sarcastic","fantasizing","dispirited","despondent","preoccupied","cautious","regretful","sceptical","decisive","accusing","encouraging","thoughtful","doubtful","decisive","tentative","friendly","fantasizing","preoccupied","defiant","pensive","interested","hostile","cautious","interested","reflective","flirtatious","confident","serious","concerned","distrustful","nervous","suspicious",5,2,6,3,3,"","yes",21,"Male","Heterosexual or straight","","No","",", modernFamily, madMen","modernClip","happy|sadness|sex_arousal|bored",12,-0.339234870566903,1,0,1,0,1,0,1,0,1,1,1,1,1,0,1,0,1,1,1,1,1,1,1,1,1,1,1,1,1,1,1,1,1,1,1,1,1,0.833333333333333,"Male","Male","Male","Female","Male","Male","Female","Male","Male","Female","Male","Male","Male","Male","Male","Female","Male","Female","Female","Female","Male","Female","Female","Male","Male","Female","Male","Female","Female","Female","Female","Female","Male","Male","Female","Female","Male",NA,-0.517766497461929,-0.278784187614238
"60e02d7931b0152927b4425d","Disclaimer-sexual",550,"Yes","20","panicked","irritated","upset","desire","insisting","worried","fantasizing","uneasy","despondent","preoccupied","insisting","amused","sceptical","anticipating","accusing","contemplative","thoughtful","doubtful","decisive","arrogant","guilty","embarrassed","preoccupied","defiant","pensive","interested","hostile","cautious","affectionate","reflective","flirtatious","confident","serious","concerned","distrustful","contemplative","suspicious",3,1,5,1,2,"","yes",46,"Male","Heterosexual or straight","","No","",", modernFamily, madMen","modernClip","bored|happy|sex_arousal|sadness",9.16666666666667,-0.908139900994819,1,0,1,1,1,1,1,1,1,1,0,0,1,1,1,1,1,1,1,0,0,0,1,1,1,1,1,1,0,1,1,1,1,1,1,0,1,0.777777777777778,"Male","Male","Male","Female","Male","Male","Female","Male","Male","Female","Male","Male","Male","Male","Male","Female","Male","Female","Female","Female","Male","Female","Female","Male","Male","Female","Male","Female","Female","Female","Female","Female","Male","Male","Female","Female","Male",NA,-1.51776649746193,-0.855360575634595
"5f4dbedb586c80a9fced2996","Disclaimer-sexual",1010,"Yes","20","panicked","playful","annoyed","desire","insisting","worried","impatient","dispirited","despondent","hostile","insisting","regretful","sceptical","threatening","accusing","contemplative","thoughtful","doubtful","decisive","tentative","friendly","confused","preoccupied","defiant","pensive","despondent","anxious","cautious","interested","irritated","disappointed","joking","serious","concerned","terrified","nervous","indecisive",2,1,4,1,5,"","Yes",50,"Male","Heterosexual or straight","","No","",", modernFamily, madMen","modernClip","bored|sadness|sex_arousal|happy",16.8333333333333,0.631250181339542,1,1,0,1,1,1,0,0,1,0,0,1,1,0,1,1,1,1,1,1,1,0,1,1,1,0,0,1,1,0,0,0,1,1,0,1,0,0.611111111111111,"Male","Male","Male","Female","Male","Male","Female","Male","Male","Female","Male","Male","Male","Male","Male","Female","Male","Female","Female","Female","Male","Female","Female","Male","Male","Female","Male","Female","Female","Female","Female","Female","Male","Male","Female","Female","Male",NA,-1.51776649746193,-0.855360575634595
"61f2ab2fa09e72f23cbaf316","Disclaimer-sexual",710,"Yes","20","panicked","playful","upset","desire","relaxed","sarcastic","impatient","friendly","despondent","preoccupied","cautious","regretful","sceptical","threatening","accusing","contemplative","thoughtful","affectionate","bored","grateful","friendly","fantasizing","preoccupied","contented","pensive","interested","hostile","reassuring","interested","impatient","flirtatious","confident","serious","concerned","baffled","nervous","suspicious",6,5,6,3,3,"","yes",36,"Male","Heterosexual or straight","","No","enjoyed the two clips and the interaction on determining the expression of someone's eyes",", modernFamily, madMen","modernClip","happy|bored|sex_arousal|sadness",11.8333333333333,-0.37269987235678,1,1,1,1,0,0,0,0,1,1,1,1,1,0,1,1,1,0,0,0,1,1,1,0,1,1,1,0,1,0,1,1,1,1,0,1,1,0.666666666666667,"Male","Male","Male","Female","Male","Male","Female","Male","Male","Female","Male","Male","Male","Male","Male","Female","Male","Female","Female","Female","Male","Female","Female","Male","Male","Female","Male","Female","Female","Female","Female","Female","Male","Male","Female","Female","Male",NA,2.48223350253807,1.45094497644683
"61f2aa43a09e72f23cbaf0d1","Disclaimer-sexual",730,"Yes","20","panicked","playful","annoyed","convinced","relaxed","worried","fantasizing","uneasy","despondent","preoccupied","bored","amused","indifferent","anticipating","irritated","contemplative","thoughtful","doubtful","decisive","grateful","friendly","fantasizing","preoccupied","defiant","excited","interested","hostile","cautious","interested","reflective","flirtatious","confident","serious","concerned","distrustful","nervous","suspicious",7,1,5,1,2,"","yes",48,"Male","Heterosexual or straight","","No","",", modernFamily, madMen","modernClip","sex_arousal|sadness|bored|happy",12.1666666666667,-0.305769868777026,1,1,0,0,0,1,1,1,1,1,0,0,0,1,0,1,1,1,1,0,1,1,1,1,0,1,1,1,1,1,1,1,1,1,1,1,1,0.75,"Male","Male","Male","Female","Male","Male","Female","Male","Male","Female","Male","Male","Male","Male","Male","Female","Male","Female","Female","Female","Male","Female","Female","Male","Male","Female","Male","Female","Female","Female","Female","Female","Male","Male","Female","Female","Male",NA,-1.51776649746193,-0.855360575634595
"610a92250459c3e15fb4d449","Disclaimer-sexual",725,"Yes","20","panicked","playful","upset","desire","insisting","worried","fantasizing","dispirited","despondent","preoccupied","bored","regretful","indifferent","shy","accusing","contemplative","sympathetic","playful","decisive","tentative","friendly","fantasizing","preoccupied","defiant","pensive","interested","hostile","cautious","interested","reflective","flirtatious","confident","serious","guilty","distrustful","nervous","suspicious",6,7,7,1,1,"","yes",41,"Male","Heterosexual or straight","","No","",", modernFamily, madMen","modernClip","sadness|happy|bored|sex_arousal",12.0833333333333,-0.322502369671964,1,1,1,1,1,1,1,0,1,1,0,1,0,0,1,1,0,0,1,1,1,1,1,1,1,1,1,1,1,1,1,1,1,0,1,1,1,0.805555555555556,"Male","Male","Male","Female","Male","Male","Female","Male","Male","Female","Male","Male","Male","Male","Male","Female","Male","Female","Female","Female","Male","Female","Female","Male","Male","Female","Male","Female","Female","Female","Female","Female","Male","Male","Female","Female","Male",NA,4.48223350253807,2.60409775248755
"614a4103314dd58c6dab8754","Disclaimer-sexual",860,"Yes","20","panicked","playful","upset","desire","relaxed","worried","fantasizing","apologetic","despondent","preoccupied","cautious","terrified","sceptical","anticipating","accusing","contemplative","thoughtful","doubtful","decisive","tentative","friendly","fantasizing","preoccupied","defiant","hostile","incredulous","hostile","cautious","interested","reflective","flirtatious","confident","serious","concerned","distrustful","contemplative","suspicious",6,2,6,2,5,"","yes",33,"Male","Heterosexual or straight","","No","",", madMen, modernFamily","madmenClip","sadness|happy|sex_arousal|bored",14.3333333333333,0.129275154491381,1,1,1,1,0,1,1,0,1,1,1,0,1,1,1,1,1,1,1,1,1,1,1,1,0,0,1,1,1,1,1,1,1,1,1,0,1,0.833333333333333,"Male","Male","Male","Female","Male","Male","Female","Male","Male","Female","Male","Male","Male","Male","Male","Female","Male","Female","Female","Female","Male","Female","Female","Male","Male","Female","Male","Female","Female","Female","Female","Female","Male","Male","Female","Female","Male",NA,-0.517766497461929,-0.278784187614238
"5cb2d3be2df32800172e3736","Disclaimer-sexual",899,"Yes","20","hateful","playful","terrified","desire","insisting","worried","fantasizing","uneasy","shy","hostile","cautious","regretful","sceptical","shy","accusing","contemplative","thoughtful","playful","decisive","tentative","friendly","fantasizing","imploring","defiant","pensive","interested","anxious","cautious","interested","irritated","flirtatious","confident","bewildered","fantasizing","distrustful","contemplative","nervous",1,2,5,1,1,"","yes",39,"Male","Heterosexual or straight","","No","",", modernFamily, madMen","modernClip","bored|happy|sadness|sex_arousal",14.9833333333333,0.259788661471903,0,1,0,1,1,1,1,1,0,0,1,1,1,0,1,1,1,0,1,1,1,1,0,1,1,1,0,1,1,0,1,1,0,0,1,0,0,0.666666666666667,"Male","Male","Male","Female","Male","Male","Female","Male","Male","Female","Male","Male","Male","Male","Male","Female","Male","Female","Female","Female","Male","Female","Female","Male","Male","Female","Male","Female","Female","Female","Female","Female","Male","Male","Female","Female","Male",NA,-0.517766497461929,-0.278784187614238
"6048f1930e3bd5e088725a91","Disclaimer-sexual",739,"Yes","20","hateful","playful","upset","desire","insisting","sarcastic","fantasizing","uneasy","despondent","hostile","insisting","regretful","embarrassed","decisive","accusing","contemplative","irritated","aghast","decisive","sarcastic","friendly","fantasizing","insisting","defiant","pensive","interested","hostile","arrogant","interested","impatient","flirtatious","confident","serious","concerned","distrustful","nervous","suspicious",6,1,3,5,5,"","yes",30,"Male","Heterosexual or straight","","No","",", madMen, modernFamily","madmenClip","sex_arousal|bored|happy|sadness",12.3166666666667,-0.275651367166136,0,1,1,1,1,0,1,1,1,0,0,1,0,0,1,1,0,0,1,0,1,1,0,1,1,1,1,0,1,0,1,1,1,1,1,1,1,0.694444444444444,"Male","Male","Male","Female","Male","Male","Female","Male","Male","Female","Male","Male","Male","Male","Male","Female","Male","Female","Female","Female","Male","Female","Female","Male","Male","Female","Male","Female","Female","Female","Female","Female","Male","Male","Female","Female","Male",NA,-1.51776649746193,-0.855360575634595
"6153639999630a50268d3a3b","Disclaimer-sexual",968,"Yes","20","panicked","playful","upset","desire","insisting","worried","impatient","uneasy","relieved","preoccupied","bored","regretful","sceptical","threatening","disappointed","contemplative","sympathetic","affectionate","aghast","arrogant","guilty","panicked","preoccupied","defiant","hostile","incredulous","alarmed","cautious","interested","irritated","flirtatious","confident","alarmed","guilty","baffled","contemplative","ashamed",6,1,4,7,5,"","yes",30,"Male","Heterosexual or straight","","No","",", madMen, modernFamily","madmenClip","sadness|sex_arousal|bored|happy",16.1333333333333,0.490697173822057,1,1,1,1,1,1,0,1,0,1,0,1,1,0,0,1,0,0,0,0,0,0,1,1,0,0,0,1,1,0,1,1,0,0,0,0,0,0.444444444444444,"Male","Male","Male","Female","Male","Male","Female","Male","Male","Female","Male","Male","Male","Male","Male","Female","Male","Female","Female","Female","Male","Female","Female","Male","Male","Female","Male","Female","Female","Female","Female","Female","Male","Male","Female","Female","Male",NA,-1.51776649746193,-0.855360575634595
"5bd1f39314315c0001cf917a","Disclaimer-sexual",586,"Yes","20","panicked","irritated","upset","desire","insisting","sarcastic","alarmed","dispirited","despondent","annoyed","cautious","regretful","sceptical","anticipating","depressed","contemplative","thoughtful","aghast","amused","tentative","guilty","embarrassed","imploring","curious","pensive","incredulous","anxious","joking","affectionate","impatient","flirtatious","dispirited","bewildered","guilty","baffled","puzzled","indecisive",7,6,7,5,4,"","YES",31,"Male","Heterosexual or straight","","No","",", madMen, modernFamily","madmenClip","sex_arousal|sadness|happy|bored",9.76666666666667,-0.78766589455126,1,0,1,1,1,0,0,0,1,0,1,1,1,1,0,1,1,0,0,1,0,0,0,0,1,0,0,0,0,0,1,0,0,0,0,0,0,0.361111111111111,"Male","Male","Male","Female","Male","Male","Female","Male","Male","Female","Male","Male","Male","Male","Male","Female","Male","Female","Female","Female","Male","Female","Female","Male","Male","Female","Male","Female","Female","Female","Female","Female","Male","Male","Female","Female","Male",NA,3.48223350253807,2.02752136446719
"5f3e6467a097d9057137d439","Disclaimer-sexual",1539,"Yes","20","arrogant","playful","upset","desire","insisting","friendly","fantasizing","friendly","excited","preoccupied","insisting","flirtatious","sceptical","anticipating","accusing","flustered","sympathetic","aghast","decisive","grateful","dominant","fantasizing","preoccupied","contented","iIrritated","incredulous","anxious","reassuring","contented","impatient","flirtatious","confident","alarmed","fantasizing","baffled","contemplative","nervous",7,3,5,4,3,"","yes",20,"Male","Heterosexual or straight","","No","",", madMen, modernFamily","madmenClip","bored|sadness|sex_arousal|happy",25.65,2.40154877602406,0,1,1,1,1,0,1,0,0,1,0,0,1,1,1,0,0,0,1,0,0,1,1,0,0,0,0,0,0,0,1,1,0,0,0,0,0,0.388888888888889,"Male","Male","Male","Female","Male","Male","Female","Male","Male","Female","Male","Male","Male","Male","Male","Female","Male","Female","Female","Female","Male","Female","Female","Male","Male","Female","Male","Female","Female","Female","Female","Female","Male","Male","Female","Female","Male",NA,0.482233502538071,0.297792200406118
"614b44f281d2a39162884843","Disclaimer-sexual",668,"Yes","20","panicked","playful","upset","desire","insisting","worried","fantasizing","friendly","despondent","preoccupied","cautious","regretful","sceptical","anticipating","irritated","contemplative","thoughtful","affectionate","decisive","tentative","friendly","fantasizing","preoccupied","defiant","pensive","interested","hostile","cautious","interested","reflective","flirtatious","confident","serious","concerned","distrustful","nervous","suspicious",8,6,5,4,5,"","yes",30,"Male","Heterosexual or straight","","No","",", madMen, modernFamily","madmenClip","bored|sadness|sex_arousal|happy",11.1333333333333,-0.513252879874266,1,1,1,1,1,1,1,0,1,1,1,1,1,1,0,1,1,0,1,1,1,1,1,1,1,1,1,1,1,1,1,1,1,1,1,1,1,0.916666666666667,"Male","Male","Male","Female","Male","Male","Female","Male","Male","Female","Male","Male","Male","Male","Male","Female","Male","Female","Female","Female","Male","Female","Female","Male","Male","Female","Male","Female","Female","Female","Female","Female","Male","Male","Female","Female","Male",NA,3.48223350253807,2.02752136446719
"5e83425144753905a3a17ad8","Disclaimer-sexual",675,"Yes","20","panicked","playful","upset","desire","insisting","irritated","fantasizing","friendly","despondent","preoccupied","insisting","flirtatious","sceptical","anticipating","accusing","contemplative","thoughtful","affectionate","decisive","tentative","friendly","fantasizing","imploring","curious","pensive","interested","hostile","cautious","affectionate","reflective","flirtatious","dispirited","serious","concerned","baffled","nervous","suspicious",8,3,4,1,1,"","yes",46,"Male","Heterosexual or straight","","No","",", modernFamily, madMen","modernClip","sex_arousal|sadness|bored|happy",11.25,-0.489827378621351,1,1,1,1,1,0,1,0,1,1,0,0,1,1,1,1,1,0,1,1,1,1,0,0,1,1,1,1,0,1,1,0,1,1,0,1,1,0.722222222222222,"Male","Male","Male","Female","Male","Male","Female","Male","Male","Female","Male","Male","Male","Male","Male","Female","Male","Female","Female","Female","Male","Female","Female","Male","Male","Female","Male","Female","Female","Female","Female","Female","Male","Male","Female","Female","Male",NA,0.482233502538071,0.297792200406118
"58b6424b8f14260001a6bcd0","Disclaimer-sexual",1249,"Yes","20","hateful","playful","upset","desire","insisting","sarcastic","fantasizing","apologetic","despondent","preoccupied","cautious","regretful","sceptical","shy","irritated","contemplative","thoughtful","doubtful","decisive","sarcastic","dominant","fantasizing","preoccupied","defiant","iIrritated","interested","hostile","cautious","interested","reflective","flirtatious","joking","serious","guilty","distrustful","nervous","suspicious",6,2,5,1,5,"","yes",34,"Male","Heterosexual or straight","","No","",", modernFamily, madMen","modernClip","sadness|bored|sex_arousal|happy",20.8166666666667,1.43106372411761,0,1,1,1,1,0,1,0,1,1,1,1,1,0,0,1,1,1,1,0,0,1,1,1,0,1,1,1,1,1,1,0,1,0,1,1,1,0.75,"Male","Male","Male","Female","Male","Male","Female","Male","Male","Female","Male","Male","Male","Male","Male","Female","Male","Female","Female","Female","Male","Female","Female","Male","Male","Female","Male","Female","Female","Female","Female","Female","Male","Male","Female","Female","Male",NA,-0.517766497461929,-0.278784187614238
"5e39f4be81b2ac0a49f999e6","Disclaimer-sexual",963,"Yes","20","panicked","playful","upset","flustered","insisting","worried","fantasizing","uneasy","despondent","preoccupied","aghast","regretful","sceptical","decisive","accusing","contemplative","sympathetic","doubtful","bored","tentative","guilty","fantasizing","preoccupied","defiant","pensive","interested","alarmed","cautious","interested","irritated","flirtatious","dispirited","serious","concerned","distrustful","nervous","suspicious",7,1,4,1,7,"","yes",28,"Male","Heterosexual or straight","","No","",", modernFamily, madMen","modernClip","happy|bored|sadness|sex_arousal",16.05,0.473964672927118,1,1,1,0,1,1,1,1,1,1,0,1,1,0,1,1,0,1,0,1,0,1,1,1,1,1,0,1,1,0,1,0,1,1,1,1,1,0.75,"Male","Male","Male","Female","Male","Male","Female","Male","Male","Female","Male","Male","Male","Male","Male","Female","Male","Female","Female","Female","Male","Female","Female","Male","Male","Female","Male","Female","Female","Female","Female","Female","Male","Male","Female","Female","Male",NA,-1.51776649746193,-0.855360575634595
"611a634c7e0e602c9a6b3ad1","Disclaimer-sexual",1345,"Yes","20","panicked","irritated","upset","desire","insisting","worried","impatient","uneasy","despondent","annoyed","insisting","terrified","sceptical","threatening","accusing","contemplative","thoughtful","doubtful","decisive","sarcastic","dominant","fantasizing","preoccupied","defiant","pensive","interested","hostile","cautious","interested","reflective","grateful","confident","serious","concerned","terrified","contemplative","suspicious",6,2,6,5,7,"","yes",25,"Male","Heterosexual or straight","","No","",", modernFamily, madMen","modernClip","happy|bored|sex_arousal|sadness",22.4166666666667,1.75232774130044,1,0,1,1,1,1,0,1,1,0,0,0,1,0,1,1,1,1,1,0,0,1,1,1,1,1,1,1,1,1,0,1,1,1,0,0,1,0.694444444444444,"Male","Male","Male","Female","Male","Male","Female","Male","Male","Female","Male","Male","Male","Male","Male","Female","Male","Female","Female","Female","Male","Female","Female","Male","Male","Female","Male","Female","Female","Female","Female","Female","Male","Male","Female","Female","Male",NA,-0.517766497461929,-0.278784187614238
"5dfaafeec0b81f7f32f10709","Disclaimer-sexual",1069,"Yes","20","panicked","playful","terrified","convinced","insisting","worried","fantasizing","uneasy","despondent","preoccupied","cautious","regretful","sceptical","anticipating","accusing","contemplative","thoughtful","doubtful","decisive","grateful","friendly","fantasizing","preoccupied","defiant","pensive","interested","anxious","cautious","interested","reflective","flirtatious","confident","serious","concerned","distrustful","insisting","suspicious",7,2,7,3,2,"","yes",27,"Male","Heterosexual or straight","","No","",", modernFamily, madMen","modernClip","sadness|happy|bored|sex_arousal",17.8166666666667,0.828693691899819,1,1,0,0,1,1,1,1,1,1,1,1,1,1,1,1,1,1,1,0,1,1,1,1,1,1,0,1,1,1,1,1,1,1,1,0,1,0.861111111111111,"Male","Male","Male","Female","Male","Male","Female","Male","Male","Female","Male","Male","Male","Male","Male","Female","Male","Female","Female","Female","Male","Female","Female","Male","Male","Female","Male","Female","Female","Female","Female","Female","Male","Male","Female","Female","Male",NA,-0.517766497461929,-0.278784187614238
"5847e60f73170700013697c6","Disclaimer-sexual",867,"Yes","20","panicked","playful","upset","desire","relaxed","worried","fantasizing","uneasy","despondent","preoccupied","cautious","regretful","sceptical","anticipating","accusing","contemplative","thoughtful","playful","decisive","grateful","friendly","fantasizing","preoccupied","curious","pensive","interested","alarmed","cautious","interested","reflective","grateful","confident","serious","concerned","baffled","puzzled","suspicious",6,2,4,3,4,"","yes",35,"Male","Heterosexual or straight","","No","",", madMen, modernFamily","madmenClip","sex_arousal|bored|happy|sadness",14.45,0.152700655744295,1,1,1,1,0,1,1,1,1,1,1,1,1,1,1,1,1,0,1,0,1,1,1,0,1,1,0,1,1,1,0,1,1,1,0,0,1,0.777777777777778,"Male","Male","Male","Female","Male","Male","Female","Male","Male","Female","Male","Male","Male","Male","Male","Female","Male","Female","Female","Female","Male","Female","Female","Male","Male","Female","Male","Female","Female","Female","Female","Female","Male","Male","Female","Female","Male",NA,-0.517766497461929,-0.278784187614238
"5e918309b3f91e4bb747a462","Disclaimer-sexual",853,"Yes","20","panicked","playful","upset","desire","insisting","worried","fantasizing","friendly","despondent","preoccupied","insisting","flirtatious","sceptical","threatening","accusing","contemplative","sympathetic","affectionate","decisive","tentative","friendly","fantasizing","preoccupied","apologetic","pensive","interested","hostile","cautious","affectionate","reflective","flirtatious","confident","serious","concerned","distrustful","contemplative","indecisive",4,1,7,1,3,"","yes",29,"Male","Heterosexual or straight","","No","",", madMen, modernFamily","madmenClip","bored|sex_arousal|sadness|happy",14.2166666666667,0.105849653238467,1,1,1,1,1,1,1,0,1,1,0,0,1,0,1,1,0,0,1,1,1,1,1,0,1,1,1,1,0,1,1,1,1,1,1,0,0,0.722222222222222,"Male","Male","Male","Female","Male","Male","Female","Male","Male","Female","Male","Male","Male","Male","Male","Female","Male","Female","Female","Female","Male","Female","Female","Male","Male","Female","Male","Female","Female","Female","Female","Female","Male","Male","Female","Female","Male",NA,-1.51776649746193,-0.855360575634595
"60e5d48ea5b7726dd81ffb43","Disclaimer-sexual",817,"Yes","20","panicked","playful","upset","desire","insisting","worried","impatient","uneasy","relieved","preoccupied","insisting","regretful","sceptical","anticipating","accusing","contemplative","sympathetic","doubtful","bored","tentative","dominant","fantasizing","preoccupied","defiant","hostile","interested","alarmed","reassuring","interested","reflective","flirtatious","confident","serious","guilty","distrustful","nervous","suspicious",6,5,6,1,2,"","yes",36,"Male","Heterosexual or straight","","No","",", madMen, modernFamily","madmenClip","sex_arousal|sadness|bored|happy",13.6166666666667,-0.0146243532050919,1,1,1,1,1,1,0,1,0,1,0,1,1,1,1,1,0,1,0,1,0,1,1,1,0,1,0,0,1,1,1,1,1,0,1,1,1,0.722222222222222,"Male","Male","Male","Female","Male","Male","Female","Male","Male","Female","Male","Male","Male","Male","Male","Female","Male","Female","Female","Female","Male","Female","Female","Male","Male","Female","Male","Female","Female","Female","Female","Female","Male","Male","Female","Female","Male",NA,2.48223350253807,1.45094497644683
"5c790a643454d70015df815f","Disclaimer-sexual",1102,"Yes","20","panicked","playful","annoyed","desire","relaxed","sarcastic","fantasizing","uneasy","despondent","preoccupied","cautious","regretful","sceptical","anticipating","accusing","contemplative","sympathetic","playful","decisive","grateful","friendly","fantasizing","preoccupied","defiant","pensive","interested","hostile","cautious","interested","reflective","flirtatious","dispirited","serious","concerned","distrustful","nervous","suspicious",6,1,6,2,4,"","yes",38,"Male","Heterosexual or straight","","No","",", modernFamily, madMen","modernClip","happy|sex_arousal|bored|sadness",18.3666666666667,0.939128197806415,1,1,0,1,0,0,1,1,1,1,1,1,1,1,1,1,0,0,1,0,1,1,1,1,1,1,1,1,1,1,1,0,1,1,1,1,1,0.805555555555556,"Male","Male","Male","Female","Male","Male","Female","Male","Male","Female","Male","Male","Male","Male","Male","Female","Male","Female","Female","Female","Male","Female","Female","Male","Male","Female","Male","Female","Female","Female","Female","Female","Male","Male","Female","Female","Male",NA,-1.51776649746193,-0.855360575634595
"5f284b4861a460130298cdb9","Disclaimer-sexual",812,"Yes","20","panicked","playful","upset","desire","insisting","worried","fantasizing","uneasy","despondent","preoccupied","cautious","regretful","sceptical","anticipating","depressed","contemplative","thoughtful","affectionate","decisive","tentative","friendly","fantasizing","preoccupied","defiant","hostile","interested","shy","cautious","interested","reflective","flirtatious","confident","ashamed","concerned","distrustful","nervous","suspicious",7,2,8,1,2,"","yes",35,"Male","Heterosexual or straight","","No","",", madMen, modernFamily","madmenClip","happy|sadness|bored|sex_arousal",13.5333333333333,-0.0313568541000307,1,1,1,1,1,1,1,1,1,1,1,1,1,1,0,1,1,0,1,1,1,1,1,1,0,1,0,1,1,1,1,1,0,1,1,1,1,0.861111111111111,"Male","Male","Male","Female","Male","Male","Female","Male","Male","Female","Male","Male","Male","Male","Male","Female","Male","Female","Female","Female","Male","Female","Female","Male","Male","Female","Male","Female","Female","Female","Female","Female","Male","Male","Female","Female","Male",NA,-0.517766497461929,-0.278784187614238
"601ef22cb13fd83f1f43393e","Disclaimer-sexual",946,"Yes","20","panicked","playful","upset","desire","insisting","worried","fantasizing","uneasy","despondent","preoccupied","bored","regretful","sceptical","anticipating","accusing","contemplative","thoughtful","doubtful","decisive","tentative","friendly","fantasizing","preoccupied","defiant","hostile","interested","hostile","cautious","interested","impatient","flirtatious","confident","serious","guilty","distrustful","nervous","suspicious",6,2,4,2,6,"","yes",41,"Male","Heterosexual or straight","","No","",", madMen, modernFamily","madmenClip","happy|sex_arousal|sadness|bored",15.7666666666667,0.417074169884327,1,1,1,1,1,1,1,1,1,1,0,1,1,1,1,1,1,1,1,1,1,1,1,1,0,1,1,1,1,0,1,1,1,0,1,1,1,0.888888888888889,"Male","Male","Male","Female","Male","Male","Female","Male","Male","Female","Male","Male","Male","Male","Male","Female","Male","Female","Female","Female","Male","Female","Female","Male","Male","Female","Male","Female","Female","Female","Female","Female","Male","Male","Female","Female","Male",NA,-0.517766497461929,-0.278784187614238
"5d3bb186fc93e2001aef7faa","Disclaimer-sexual",731,"Yes","20","panicked","playful","upset","flustered","insisting","worried","fantasizing","uneasy","despondent","preoccupied","insisting","terrified","sceptical","anticipating","accusing","contemplative","thoughtful","affectionate","decisive","grateful","dominant","fantasizing","imploring","curious","pensive","interested","hostile","reassuring","interested","reflective","flirtatious","confident","serious","concerned","distrustful","nervous","suspicious",3,1,1,1,6,"","Yes",26,"Male","Heterosexual or straight","","No","",", modernFamily, madMen","modernClip","bored|sex_arousal|sadness|happy",12.1833333333333,-0.302423368598038,1,1,1,0,1,1,1,1,1,1,0,0,1,1,1,1,1,0,1,0,0,1,0,0,1,1,1,0,1,1,1,1,1,1,1,1,1,0.75,"Male","Male","Male","Female","Male","Male","Female","Male","Male","Female","Male","Male","Male","Male","Male","Female","Male","Female","Female","Female","Male","Female","Female","Male","Male","Female","Male","Female","Female","Female","Female","Female","Male","Male","Female","Female","Male",NA,-1.51776649746193,-0.855360575634595
"61fa93d15719bc09cb834db2","Disclaimer-sexual",595,"Yes","20","panicked","comforting","upset","desire","relaxed","worried","fantasizing","uneasy","despondent","annoyed","cautious","regretful","sceptical","anticipating","accusing","contemplative","thoughtful","playful","decisive","tentative","guilty","fantasizing","preoccupied","defiant","pensive","interested","alarmed","cautious","interested","reflective","flirtatious","confident","alarmed","concerned","distrustful","nervous","suspicious",5,5,6,4,5,"","yes",26,"Male","Heterosexual or straight","","No","",", modernFamily, madMen","modernClip","happy|bored|sadness|sex_arousal",9.91666666666667,-0.757547392940371,1,0,1,1,0,1,1,1,1,0,1,1,1,1,1,1,1,0,1,1,0,1,1,1,1,1,0,1,1,1,1,1,0,1,1,1,1,0.805555555555556,"Male","Male","Male","Female","Male","Male","Female","Male","Male","Female","Male","Male","Male","Male","Male","Female","Male","Female","Female","Female","Male","Female","Female","Male","Male","Female","Male","Female","Female","Female","Female","Female","Male","Male","Female","Female","Male",NA,2.48223350253807,1.45094497644683
"5c0822f550d77a000164d7ce","Disclaimer-sexual",578,"Yes","20","panicked","playful","upset","desire","insisting","worried","fantasizing","uneasy","despondent","preoccupied","cautious","regretful","sceptical","shy","accusing","contemplative","thoughtful","doubtful","decisive","tentative","friendly","fantasizing","preoccupied","defiant","pensive","interested","hostile","arrogant","interested","reflective","flirtatious","confident","serious","guilty","distrustful","nervous","suspicious",7,6,7,3,2,"","yes",43,"Male","Heterosexual or straight","","No","",", madMen, modernFamily","madmenClip","sex_arousal|happy|sadness|bored",9.63333333333333,-0.814437895983162,1,1,1,1,1,1,1,1,1,1,1,1,1,0,1,1,1,1,1,1,1,1,1,1,1,1,1,0,1,1,1,1,1,0,1,1,1,0.916666666666667,"Male","Male","Male","Female","Male","Male","Female","Male","Male","Female","Male","Male","Male","Male","Male","Female","Male","Female","Female","Female","Male","Female","Female","Male","Male","Female","Male","Female","Female","Female","Female","Female","Male","Male","Female","Female","Male",NA,3.48223350253807,2.02752136446719
"6064e0c468bd2b84f807b924","Disclaimer-sexual",586,"Yes","20","panicked","playful","upset","desire","insisting","worried","fantasizing","uneasy","despondent","preoccupied","insisting","regretful","sceptical","anticipating","accusing","encouraging","thoughtful","affectionate","decisive","tentative","friendly","fantasizing","preoccupied","curious","pensive","interested","hostile","arrogant","interested","reflective","flirtatious","confident","serious","concerned","distrustful","nervous","suspicious",7,3,6,1,4,"","yes",36,"Male","Heterosexual or straight","","No","",", modernFamily, madMen","modernClip","bored|sex_arousal|sadness|happy",9.76666666666667,-0.78766589455126,1,1,1,1,1,1,1,1,1,1,0,1,1,1,1,0,1,0,1,1,1,1,1,0,1,1,1,0,1,1,1,1,1,1,1,1,1,0.861111111111111,"Male","Male","Male","Female","Male","Male","Female","Male","Male","Female","Male","Male","Male","Male","Male","Female","Male","Female","Female","Female","Male","Female","Female","Male","Male","Female","Male","Female","Female","Female","Female","Female","Male","Male","Female","Female","Male",NA,0.482233502538071,0.297792200406118
"60e4949dd5c2941c69e48621","Disclaimer-sexual",732,"Yes","20","hateful","playful","upset","desire","joking","worried","impatient","friendly","despondent","preoccupied","cautious","amused","sceptical","anticipating","accusing","encouraging","thoughtful","affectionate","amused","tentative","friendly","confused","preoccupied","curious","hostile","interested","anxious","cautious","contented","reflective","hostile","confident","serious","embarrassed","distrustful","contemplative","suspicious",7,1,7,1,1,"","yes",37,"Male","Heterosexual or straight","","No","",", madMen, modernFamily","madmenClip","sadness|bored|happy|sex_arousal",12.2,-0.29907686841905,0,1,1,1,0,1,0,0,1,1,1,0,1,1,1,0,1,0,0,1,1,0,1,0,0,1,0,1,0,1,0,1,1,0,1,0,1,0.583333333333333,"Male","Male","Male","Female","Male","Male","Female","Male","Male","Female","Male","Male","Male","Male","Male","Female","Male","Female","Female","Female","Male","Female","Female","Male","Male","Female","Male","Female","Female","Female","Female","Female","Male","Male","Female","Female","Male",NA,-1.51776649746193,-0.855360575634595
"5f6152406f6e560f32b0cfe4","Disclaimer-sexual",643,"Yes","20","panicked","playful","upset","desire","insisting","worried","fantasizing","uneasy","shy","hostile","cautious","regretful","sceptical","anticipating","accusing","contemplative","thoughtful","doubtful","bored","tentative","guilty","embarrassed","preoccupied","defiant","hostile","interested","hostile","cautious","interested","irritated","hostile","dispirited","serious","guilty","distrustful","nervous","suspicious",6,2,3,6,3,"","yes",39,"Male","Heterosexual or straight","","No","",", madMen, modernFamily","madmenClip","sex_arousal|bored|happy|sadness",10.7166666666667,-0.596915384348959,1,1,1,1,1,1,1,1,0,0,1,1,1,1,1,1,1,1,0,1,0,0,1,1,0,1,1,1,1,0,0,0,1,0,1,1,1,0.722222222222222,"Male","Male","Male","Female","Male","Male","Female","Male","Male","Female","Male","Male","Male","Male","Male","Female","Male","Female","Female","Female","Male","Female","Female","Male","Male","Female","Male","Female","Female","Female","Female","Female","Male","Male","Female","Female","Male",NA,-0.517766497461929,-0.278784187614238
"5a751310527fd0000146323c","Disclaimer-sexual",859,"Yes","20","panicked","playful","upset","desire","insisting","worried","impatient","uneasy","despondent","preoccupied","bored","regretful","sceptical","shy","accusing","contemplative","encouraging","doubtful","decisive","arrogant","dominant","fantasizing","preoccupied","defiant","pensive","panicked","hostile","cautious","interested","impatient","flirtatious","confident","serious","guilty","distrustful","nervous","suspicious",6,4,5,3,4,"","yes",37,"Male","Heterosexual or straight","","No","n/a",", modernFamily, madMen","modernClip","happy|bored|sex_arousal|sadness",14.3166666666667,0.125928654312393,1,1,1,1,1,1,0,1,1,1,0,1,1,0,1,1,0,1,1,0,0,1,1,1,1,0,1,1,1,0,1,1,1,0,1,1,1,0.75,"Male","Male","Male","Female","Male","Male","Female","Male","Male","Female","Male","Male","Male","Male","Male","Female","Male","Female","Female","Female","Male","Female","Female","Male","Male","Female","Male","Female","Female","Female","Female","Female","Male","Male","Female","Female","Male",NA,1.48223350253807,0.874368588426475
"5e8a042b88674a69d75f7347","Disclaimer-sexual",830,"Yes","20","panicked","playful","upset","desire","insisting","worried","fantasizing","dispirited","despondent","preoccupied","cautious","regretful","sceptical","anticipating","accusing","contemplative","thoughtful","doubtful","bored","tentative","friendly","fantasizing","preoccupied","defiant","iIrritated","interested","hostile","cautious","interested","irritated","disappointed","confident","serious","concerned","distrustful","nervous","suspicious",6,6,5,2,1,"","yes",49,"Male","Heterosexual or straight","","No","",", modernFamily, madMen","modernClip","happy|bored|sadness|sex_arousal",13.8333333333333,0.0288801491217487,1,1,1,1,1,1,1,0,1,1,1,1,1,1,1,1,1,1,0,1,1,1,1,1,0,1,1,1,1,0,0,1,1,1,1,1,1,0.861111111111111,"Male","Male","Male","Female","Male","Male","Female","Male","Male","Female","Male","Male","Male","Male","Male","Female","Male","Female","Female","Female","Male","Female","Female","Male","Male","Female","Male","Female","Female","Female","Female","Female","Male","Male","Female","Female","Male",NA,3.48223350253807,2.02752136446719
"59245aee16210d00014bf629","Disclaimer-sexual",895,"Yes","20","panicked","playful","upset","desire","amused","worried","fantasizing","uneasy","despondent","preoccupied","cautious","regretful","sceptical","anticipating","accusing","contemplative","thoughtful","doubtful","decisive","tentative","friendly","fantasizing","preoccupied","defiant","pensive","interested","hostile","cautious","interested","reflective","flirtatious","confident","serious","concerned","distrustful","nervous","suspicious",7,1,5,2,3,"","yes",28,"Male","Heterosexual or straight","","No","",", madMen, modernFamily","madmenClip","bored|happy|sadness|sex_arousal",14.9166666666667,0.246402660755952,1,1,1,1,0,1,1,1,1,1,1,1,1,1,1,1,1,1,1,1,1,1,1,1,1,1,1,1,1,1,1,1,1,1,1,1,1,0.972222222222222,"Male","Male","Male","Female","Male","Male","Female","Male","Male","Female","Male","Male","Male","Male","Male","Female","Male","Female","Female","Female","Male","Female","Female","Male","Male","Female","Male","Female","Female","Female","Female","Female","Male","Male","Female","Female","Male",NA,-1.51776649746193,-0.855360575634595
"5c272c2b101408000140f7bb","Disclaimer-sexual",940,"Yes","20","panicked","comforting","upset","desire","insisting","sarcastic","fantasizing","apologetic","despondent","preoccupied","cautious","regretful","sceptical","anticipating","accusing","encouraging","thoughtful","doubtful","decisive","tentative","friendly","fantasizing","preoccupied","defiant","pensive","interested","hostile","cautious","interested","reflective","grateful","confident","serious","concerned","distrustful","nervous","suspicious",6,1,5,1,5,"","blank",31,"Male","Heterosexual or straight","","No","Thank you for the opportunity to participate. No issues to report.",", madMen, modernFamily","madmenClip","sex_arousal|bored|happy|sadness",15.6666666666667,0.3969951688104,1,0,1,1,1,0,1,0,1,1,1,1,1,1,1,0,1,1,1,1,1,1,1,1,1,1,1,1,1,1,0,1,1,1,1,1,1,0.861111111111111,"Male","Male","Male","Female","Male","Male","Female","Male","Male","Female","Male","Male","Male","Male","Male","Female","Male","Female","Female","Female","Male","Female","Female","Male","Male","Female","Male","Female","Female","Female","Female","Female","Male","Male","Female","Female","Male",NA,-1.51776649746193,-0.855360575634595
"5c9a698bd40ce2001423396e","Disclaimer-sexual",730,"Yes","20","panicked","playful","upset","flustered","insisting","worried","fantasizing","friendly","despondent","preoccupied","insisting","flirtatious","sceptical","shy","irritated","encouraging","thoughtful","doubtful","decisive","sarcastic","guilty","fantasizing","preoccupied","defiant","pensive","panicked","hostile","cautious","interested","irritated","flirtatious","dispirited","serious","concerned","baffled","insisting","suspicious",3,4,5,2,7,"","yes",23,"Male","Heterosexual or straight","","No","",", madMen, modernFamily","madmenClip","sex_arousal|happy|bored|sadness",12.1666666666667,-0.305769868777026,1,1,1,0,1,1,1,0,1,1,0,0,1,0,0,0,1,1,1,0,0,1,1,1,1,0,1,1,1,0,1,0,1,1,0,0,1,0.611111111111111,"Male","Male","Male","Female","Male","Male","Female","Male","Male","Female","Male","Male","Male","Male","Male","Female","Male","Female","Female","Female","Male","Female","Female","Male","Male","Female","Male","Female","Female","Female","Female","Female","Male","Male","Female","Female","Male",NA,1.48223350253807,0.874368588426475
"616823f4aacb6e9b1cde751c","Disclaimer-sexual",1259,"Yes","20","panicked","playful","upset","desire","insisting","worried","fantasizing","uneasy","despondent","preoccupied","cautious","regretful","indifferent","anticipating","accusing","contemplative","thoughtful","doubtful","decisive","tentative","friendly","fantasizing","preoccupied","curious","pensive","interested","hostile","cautious","interested","reflective","flirtatious","confident","serious","concerned","terrified","contemplative","suspicious",6,4,4,2,5,"","yes",18,"Male","Heterosexual or straight","","No","",", madMen, modernFamily","madmenClip","bored|sex_arousal|sadness|happy",20.9833333333333,1.46452872590749,1,1,1,1,1,1,1,1,1,1,1,1,0,1,1,1,1,1,1,1,1,1,1,0,1,1,1,1,1,1,1,1,1,1,0,0,1,0.888888888888889,"Male","Male","Male","Female","Male","Male","Female","Male","Male","Female","Male","Male","Male","Male","Male","Female","Male","Female","Female","Female","Male","Female","Female","Male","Male","Female","Male","Female","Female","Female","Female","Female","Male","Male","Female","Female","Male",NA,1.48223350253807,0.874368588426475
