"ProlificID","condBetween","conditionFemales","conditionMales","Progress","duration.seconds","Consent","Catch","RT_RMTE3_Page.Submit","RMTE3","RT_RMTE6_Page.Submit","RMTE6","RT_RMTE9_Page.Submit","RMTE9","RT_RMTE15_Page.Submit","RMTE15","RT_RMTE17_Page.Submit","RMTE17","RT_RMTE18_Page.Submit","RMTE18","RT_RMTE19_Page.Submit","RMTE19","RT_RMTE21_Page.Submit","RMTE21","RT_RMTE22_Page.Submit","RMTE22","RT_RMTE25_Page.Submit","RMTE25","RT_RMTE27_Page.Submit","RMTE27","RT_RMTE28_Page.Submit","RMTE28","RT_RMTE29_Page.Submit","RMTE29","RT_RMTE30_Page.Submit","RMTE30","RT_RMTE31_Page.Submit","RMTE31","RT_RMTE34_Page.Submit","RMTE34","RT_RMTE35_Page.Submit","RMTE35","RT_RMTE1_Page.Submit","RMTE1","RT_RMTE2_Page.Submit","RMTE2","RT_RMTE4_Page.Submit","RMTE4","RT_RMTE5_Page.Submit","RMTE5","RT_RMTE7_Page.Submit","RMTE7","RT_RMTE8_Page.Submit","RMTE8","RT_RMTE10_Page.Submit","RMTE10","RT_RMTE11_Page.Submit","RMTE11","RT_RMTE12_Page.Submit","RMTE12","RT_RMTE13_Page.Submit","RMTE13","RT_RMTE14_Page.Submit","RMTE14","RT_RMTE16_Page.Submit","RMTE16","RT_RMTE20_Page.Submit","RMTE20","RT_RMTE23_Page.Submit","RMTE23","RT_RMTE24_Page.Submit","RMTE24","RT_RMTE26_Page.Submit","RMTE26","RT_RMTE32_Page.Submit","RMTE32","RT_RMTE33_Page.Submit","RMTE33","RT_RMTE36_Page.Submit","RMTE36","confidence_level","sex_arousal_1st","happy_1st","sadness_1st","bored_1st","sex_arosal_2nd","happy_2nd","sadness_2nd","bored_2nd","attentionCheck_blank","attentionCheck_yes","Age","Gender","sexual_orientation","sexual_orientation_3_TEXT","health_symptoms","Comments","item_order","FL_121_DO","firstSection_items_females","firstSection_items_males","secondSection_items_females","secondSection_items_males","Sex_clip_DO","Neutral_clip_DO","emotions_first_clip_DO","emotions_second_clip_DO","duration.minutes","duration_z","conditionFemales_Cl","conditionMales_Cl","RMTE1_crct","RMTE2_crct","RMTE3_crct","RMTE4_crct","RMTE5_crct","RMTE6_crct","RMTE7_crct","RMTE8_crct","RMTE9_crct","RMTE10_crct","RMTE11_crct","RMTE12_crct","RMTE13_crct","RMTE14_crct","RMTE15_crct","RMTE16_crct","RMTE17_crct","RMTE18_crct","RMTE19_crct","RMTE20_crct","RMTE21_crct","RMTE22_crct","RMTE23_crct","RMTE24_crct","RMTE25_crct","RMTE26_crct","RMTE27_crct","RMTE28_crct","RMTE29_crct","RMTE30_crct","RMTE31_crct","RMTE32_crct","RMTE33_crct","RMTE34_crct","RMTE35_crct","RMTE36_crct","RMET_mean_all","RMTE3_trial","RMTE6_trial","RMTE9_trial","RMTE15_trial","RMTE17_trial","RMTE18_trial","RMTE19_trial","RMTE21_trial","RMTE22_trial","RMTE25_trial","RMTE27_trial","RMTE28_trial","RMTE29_trial","RMTE30_trial","RMTE31_trial","RMTE34_trial","RMTE35_trial","RMTE1_trial","RMTE2_trial","RMTE4_trial","RMTE5_trial","RMTE7_trial","RMTE8_trial","RMTE10_trial","RMTE11_trial","RMTE12_trial","RMTE13_trial","RMTE14_trial","RMTE16_trial","RMTE20_trial","RMTE23_trial","RMTE24_trial","RMTE26_trial","RMTE32_trial","RMTE33_trial","RMTE36_trial","Sex_clip_name","Neutral_clip_name","condition","sex_arousal_sex","sex_arousal_neutral","happy_sex","happy_neutral","sadness_sex","sadness_neutral","bored_sex","bored_neutral","sex_arousal_diff","sex_arousal_diff_sex_Z","sex_arousal_diff_neutral_Z","sex_arousal_diff_Z"
"55891561fdf99b4badde5b11","females","Neutral_clip","","100",511,"Yes","20","6.379","desire","8.576","alarmed","9.021","preoccupied","8.811","contemplative","6.562","doubtful","5.719","bored","4.622","tentative","8.038","fantasizing","4.835","preoccupied","9.461","incredulous","5.78","cautious","9.182","contented","4.367","reflective","9.458","flirtatious","4.563","confident","10.062","distrustful","5.68","nervous","","","","","","","","","","","","","","","","","","","","","","","","","","","","","","","","","","","","","","",6,1,5,1,6,1,1,7,9,"","yes",37,"Male","Heterosexual or straight","","No","",", RMTE9, RMTE21, RMTE25, RMTE27, RMTE34, RMTE15, RMTE35, RMTE17, RMTE30, RMTE6, RMTE22, RMTE31, RMTE18, RMTE29, RMTE28, RMTE3, RMTE19","FL_124","RMTE9-female|RMTE21-female|RMTE25-female|RMTE27-female|RMTE34-female|RMTE15-female|RMTE35-female|RMTE17-female|RMTE30-female","","FL_112|FL_105|FL_99|FL_108|FL_101|FL_102|FL_95|FL_107","","vidInstructionSex|SamTaylor","vidInstructionNeut|MadMen","|sadness_1st|bored_1st|sex_arousal_1st|happy_1st","|happy_2nd|sex_arosal_2nd|sadness_2nd|bored_2nd",8.51666666666667,-0.512804301594534,"Neutral_clip_1st",NA,NA,NA,1,NA,NA,0,NA,NA,1,NA,NA,NA,NA,NA,1,NA,1,0,1,NA,1,1,NA,NA,0,NA,1,0,1,1,1,NA,NA,1,1,NA,0.764705882352941,16,10,1,6,8,13,17,2,11,3,4,15,14,9,12,5,7,NA,NA,NA,NA,NA,NA,NA,NA,NA,NA,NA,NA,NA,NA,NA,NA,NA,NA,NA,"SamTaylor","MadMen","Neutral_clip_1st",1,1,1,5,7,1,9,6,0,-2.11667648934089,-0.605644705859313,-1.69469532135131
"55ab85e0fdf99b2dced04264","females","Neutral_clip","","100",735,"Yes","20","13.792","desire","10.935","impatient","12.946","horrified","10.579","contemplative","13.903","affectionate","9.462","decisive","22.315","tentative","10.538","fantasizing","10.04","preoccupied","10.917","interested","27.939","cautious","12.74","affectionate","10.735","impatient","7.345","flirtatious","15.143","confident","7.239","distrustful","16.128","nervous","","","","","","","","","","","","","","","","","","","","","","","","","","","","","","","","","","","","","","",6,2,5,5,4,6,5,3,3,"","yes",49,"Male","Heterosexual or straight","","No","",", RMTE27, RMTE19, RMTE35, RMTE17, RMTE21, RMTE15, RMTE29, RMTE18, RMTE9, RMTE31, RMTE25, RMTE28, RMTE30, RMTE6, RMTE34, RMTE3, RMTE22","FL_124","RMTE27-female|RMTE19-female|RMTE35-female|RMTE17-female|RMTE21-female|RMTE15-female|RMTE29-female|RMTE18-female|RMTE9-female","","FL_99|FL_104|FL_102|FL_100|FL_112|FL_98|FL_95|FL_105","","vidInstructionSex|SamTaylor","vidInstructionNeut|ModernFamily","|sex_arousal_1st|happy_1st|sadness_1st|bored_1st","|sex_arosal_2nd|sadness_2nd|bored_2nd|happy_2nd",12.25,0.217959462438392,"Neutral_clip_1st",NA,NA,NA,1,NA,NA,0,NA,NA,0,NA,NA,NA,NA,NA,1,NA,0,1,1,NA,1,1,NA,NA,1,NA,1,0,0,1,1,NA,NA,1,1,NA,0.705882352941177,16,14,9,6,4,8,2,5,17,11,1,12,7,13,10,15,3,NA,NA,NA,NA,NA,NA,NA,NA,NA,NA,NA,NA,NA,NA,NA,NA,NA,NA,NA,"SamTaylor","ModernFamily","Neutral_clip_1st",6,2,5,5,3,5,3,4,4,0.125709518628592,0.183287213615318,0.0205745757863738
"566feba6b937e400052d33b2","females","Neutral_clip","","100",855,"Yes","20","7.893","convinced","8.054","alarmed","5.465","horrified","4.78","contemplative","6.317","doubtful","6.442","decisive","7.635","tentative","5.901","fantasizing","9.642","preoccupied","4.01","interested","9.83","cautious","4.104","interested","12.403","reflective","21.043","flirtatious","5.115","dispirited","5.979","terrified","6.439","nervous","","","","","","","","","","","","","","","","","","","","","","","","","","","","","","","","","","","","","","",9,1,6,5,4,6,6,1,3,"","yes",40,"Male","Heterosexual or straight","","No","",", RMTE27, RMTE29, RMTE35, RMTE17, RMTE3, RMTE34, RMTE21, RMTE22, RMTE6, RMTE15, RMTE18, RMTE31, RMTE30, RMTE28, RMTE19, RMTE9, RMTE25","FL_124","RMTE27-female|RMTE29-female|RMTE35-female|RMTE17-female|RMTE3-female|RMTE34-female|RMTE21-female|RMTE22-female|RMTE6-female","","FL_110|FL_108|FL_99|FL_100|FL_102|FL_107|FL_111|FL_104","","vidInstructionSex|BedroomOral","vidInstructionNeut|WallE","|sadness_1st|bored_1st|happy_1st|sex_arousal_1st","|bored_2nd|happy_2nd|sadness_2nd|sex_arosal_2nd",14.25,0.609440050313174,"Neutral_clip_1st",NA,NA,NA,0,NA,NA,0,NA,NA,0,NA,NA,NA,NA,NA,1,NA,1,1,1,NA,1,1,NA,NA,1,NA,1,1,1,1,0,NA,NA,0,1,NA,0.705882352941177,5,9,16,10,4,11,15,7,8,17,1,14,2,13,12,6,3,NA,NA,NA,NA,NA,NA,NA,NA,NA,NA,NA,NA,NA,NA,NA,NA,NA,NA,NA,"BedroomOral","WallE","Neutral_clip_1st",6,1,6,6,1,5,3,4,5,0.125709518628592,-0.605644705859313,0.449392050070796
"56a80408c89737000b22bd37","females","Neutral_clip","","100",1257,"Yes","20","6.695","desire","13.25","fantasizing","12.14","preoccupied","5.665","amused","11.266","doubtful","16.291","bored","21.831","arrogant","4.589","fantasizing","29.116","insisting","6.475","interested","10.273","cautious","7.974","interested","7.568","reflective","4.11","flirtatious","7.311","confident","11.775","baffled","12.063","puzzled","","","","","","","","","","","","","","","","","","","","","","","","","","","","","","","","","","","","","","",2,2,5,1,2,9,7,1,1,"","yes",46,"Male","Heterosexual or straight","","No","",", RMTE9, RMTE15, RMTE3, RMTE19, RMTE25, RMTE27, RMTE6, RMTE31, RMTE30, RMTE17, RMTE35, RMTE21, RMTE29, RMTE28, RMTE34, RMTE22, RMTE18","FL_124","RMTE9-female|RMTE15-female|RMTE3-female|RMTE19-female|RMTE25-female|RMTE27-female|RMTE6-female|RMTE31-female|RMTE30-female","","FL_109|FL_97|FL_106|FL_101|FL_102|FL_98|FL_105|FL_108","","vidInstructionSex|SamTaylor","vidInstructionNeut|MadMen","|bored_1st|sadness_1st|happy_1st|sex_arousal_1st","|sex_arosal_2nd|bored_2nd|happy_2nd|sadness_2nd",20.95,1.92090001969369,"Neutral_clip_1st",NA,NA,NA,1,NA,NA,1,NA,NA,1,NA,NA,NA,NA,NA,0,NA,1,0,0,NA,1,0,NA,NA,1,NA,1,1,1,1,1,NA,NA,0,0,NA,0.647058823529412,3,7,1,2,10,17,4,12,16,5,6,14,13,9,8,15,11,NA,NA,NA,NA,NA,NA,NA,NA,NA,NA,NA,NA,NA,NA,NA,NA,NA,NA,NA,"SamTaylor","MadMen","Neutral_clip_1st",9,2,7,5,1,1,1,2,7,1.47114112341028,0.183287213615318,1.30702699863964
"56c393c495cf7f000b956b25","females","Sex_clip","","100",521,"Yes","20","3.843","desire","2.291","fantasizing","2.91","horrified","1.818","flustered","2.617","doubtful","2.468","amused","2.279","tentative","1.754","fantasizing","1.959","preoccupied","2.297","incredulous","2.857","cautious","2.099","contented","2.3","impatient","4.265","hostile","9.62","dispirited","6.057","distrustful","6.553","contemplative","","","","","","","","","","","","","","","","","","","","","","","","","","","","","","","","","","","","","","",5,5,5,3,6,1,5,4,3,"","yes",32,"Male","Heterosexual or straight","","No","",", RMTE34, RMTE35, RMTE25, RMTE18, RMTE29, RMTE3, RMTE19, RMTE22, RMTE9, RMTE30, RMTE31, RMTE6, RMTE17, RMTE27, RMTE28, RMTE21, RMTE15","FL_124","RMTE34-female|RMTE35-female|RMTE25-female|RMTE18-female|RMTE29-female|RMTE3-female|RMTE19-female|RMTE22-female|RMTE9-female","","FL_100|FL_99|FL_112|FL_109|FL_103|FL_102|FL_106|FL_110","","vidInstructionSex|FloorSex","vidInstructionNeut|WallE","|happy_1st|sadness_1st|sex_arousal_1st|bored_1st","|happy_2nd|bored_2nd|sadness_2nd|sex_arosal_2nd",8.68333333333333,-0.480180919271636,"Sex_clip_1st",NA,NA,NA,1,NA,NA,1,NA,NA,0,NA,NA,NA,NA,NA,0,NA,1,0,1,NA,1,1,NA,NA,0,NA,1,0,0,0,0,NA,NA,1,0,NA,0.470588235294118,6,12,9,17,13,4,7,16,8,3,14,15,5,10,11,1,2,NA,NA,NA,NA,NA,NA,NA,NA,NA,NA,NA,NA,NA,NA,NA,NA,NA,NA,NA,"FloorSex","WallE","Sex_clip_1st",5,1,5,5,3,4,6,3,4,-0.322767682965304,-0.605644705859313,0.0205745757863738
"5729fc7c6fe43d0010040e16","females","Sex_clip","","100",609,"Yes","20","4.688","desire","6.223","fantasizing","6.014","horrified","10.778","contemplative","4.069","doubtful","9.997","decisive","4.247","tentative","4.882","fantasizing","5.002","preoccupied","6.161","interested","7.553","arrogant","3.978","interested","8.404","impatient","21.995","flirtatious","6.824","confident","7.355","distrustful","4.505","nervous","","","","","","","","","","","","","","","","","","","","","","","","","","","","","","","","","","","","","","",3,9,9,1,1,1,3,3,7,"","yes",48,"Male","Heterosexual or straight","","No","",", RMTE30, RMTE18, RMTE29, RMTE15, RMTE6, RMTE27, RMTE9, RMTE31, RMTE34, RMTE25, RMTE3, RMTE28, RMTE21, RMTE22, RMTE17, RMTE19, RMTE35","FL_124","RMTE30-female|RMTE18-female|RMTE29-female|RMTE15-female|RMTE6-female|RMTE27-female|RMTE9-female|RMTE31-female|RMTE34-female","","FL_104|FL_95|FL_102|FL_106|FL_105|FL_109|FL_107|FL_97","","vidInstructionSex|BedroomOral","vidInstructionNeut|WallE","|bored_1st|happy_1st|sex_arousal_1st|sadness_1st","|bored_2nd|sex_arosal_2nd|sadness_2nd|happy_2nd",10.15,-0.193095154830129,"Sex_clip_1st",NA,NA,NA,1,NA,NA,1,NA,NA,0,NA,NA,NA,NA,NA,1,NA,1,1,1,NA,1,1,NA,NA,1,NA,0,1,0,1,1,NA,NA,1,1,NA,0.823529411764706,11,5,7,4,15,2,16,13,14,10,6,12,3,1,8,9,17,NA,NA,NA,NA,NA,NA,NA,NA,NA,NA,NA,NA,NA,NA,NA,NA,NA,NA,NA,"BedroomOral","WallE","Sex_clip_1st",9,1,9,3,1,3,1,7,8,1.47114112341028,-0.605644705859313,1.73584447292406
"5731adb05b8b06000f7cbff6","females","Sex_clip","","100",522,"Yes","20","4.431","desire","26.238","impatient","8.176","annoyed","5.282","contemplative","4.439","affectionate","4.207","decisive","3.145","tentative","4.181","fantasizing","4.518","preoccupied","3.547","interested","3.246","reassuring","6.627","interested","2.81","reflective","2.625","flirtatious","3.874","confident","11.164","baffled","3.821","contemplative","","","","","","","","","","","","","","","","","","","","","","","","","","","","","","","","","","","","","","",4,7,6,2,3,3,6,2,4,"","yes",32,"Male","Heterosexual or straight","","No","",", RMTE9, RMTE28, RMTE3, RMTE18, RMTE35, RMTE22, RMTE31, RMTE6, RMTE34, RMTE17, RMTE30, RMTE27, RMTE29, RMTE21, RMTE15, RMTE19, RMTE25","FL_124","RMTE9-female|RMTE28-female|RMTE3-female|RMTE18-female|RMTE35-female|RMTE22-female|RMTE31-female|RMTE6-female|RMTE34-female","","FL_109|FL_100|FL_103|FL_101|FL_106|FL_110|FL_107|FL_104","","vidInstructionSex|FloorSex","vidInstructionNeut|ModernFamily","|happy_1st|bored_1st|sex_arousal_1st|sadness_1st","|sex_arosal_2nd|happy_2nd|bored_2nd|sadness_2nd",8.7,-0.476918581039346,"Sex_clip_1st",NA,NA,NA,1,NA,NA,0,NA,NA,0,NA,NA,NA,NA,NA,1,NA,0,1,1,NA,1,1,NA,NA,1,NA,0,1,1,1,1,NA,NA,0,0,NA,0.647058823529412,3,8,1,15,10,4,16,14,6,17,12,2,13,11,7,9,5,NA,NA,NA,NA,NA,NA,NA,NA,NA,NA,NA,NA,NA,NA,NA,NA,NA,NA,NA,"FloorSex","ModernFamily","Sex_clip_1st",7,3,6,6,2,2,3,4,4,0.574186720222489,0.97221913308995,0.0205745757863738
"576d7c40240aa0000193d40d","females","Neutral_clip","","100",521,"Yes","20","5.472","convinced","4.443","fantasizing","3.647","preoccupied","2.074","contemplative","3.774","aghast","4.555","decisive","3.466","tentative","4.498","fantasizing","9.428","imploring","7.316","interested","4.203","cautious","3.17","contented","8.198","irritated","5.724","flirtatious","2.9","confident","6.45","distrustful","3.501","nervous","","","","","","","","","","","","","","","","","","","","","","","","","","","","","","","","","","","","","","",6,2,3,2,3,6,5,2,2,"","yes",25,"Male","Heterosexual or straight","","No","",", RMTE6, RMTE35, RMTE15, RMTE18, RMTE31, RMTE17, RMTE3, RMTE21, RMTE19, RMTE22, RMTE30, RMTE27, RMTE25, RMTE29, RMTE9, RMTE34, RMTE28","FL_124","RMTE6-female|RMTE35-female|RMTE15-female|RMTE18-female|RMTE31-female|RMTE17-female|RMTE3-female|RMTE21-female|RMTE19-female","","FL_105|FL_100|FL_103|FL_104|FL_101|FL_111|FL_98|FL_102","","vidInstructionSex|SamTaylor","vidInstructionNeut|ModernFamily","|sex_arousal_1st|happy_1st|sadness_1st|bored_1st","|bored_2nd|happy_2nd|sadness_2nd|sex_arosal_2nd",8.68333333333333,-0.480180919271636,"Neutral_clip_1st",NA,NA,NA,0,NA,NA,1,NA,NA,1,NA,NA,NA,NA,NA,1,NA,0,1,1,NA,1,0,NA,NA,1,NA,1,0,0,1,1,NA,NA,1,1,NA,0.705882352941177,7,1,15,3,6,4,9,8,10,13,12,17,14,11,5,16,2,NA,NA,NA,NA,NA,NA,NA,NA,NA,NA,NA,NA,NA,NA,NA,NA,NA,NA,NA,"SamTaylor","ModernFamily","Neutral_clip_1st",6,2,5,3,2,2,2,3,4,0.125709518628592,0.183287213615318,0.0205745757863738
"57a1e03b8eccbc0001f39c13","females","Neutral_clip","","100",625,"Yes","20","8.393","convinced","38.125","fantasizing","5.301","preoccupied","7.055","contemplative","4.971","doubtful","4.868","decisive","5.331","tentative","4.814","fantasizing","6.081","preoccupied","15.114","interested","7.387","cautious","10.377","interested","7.195","reflective","4.983","flirtatious","7.227","confident","9.771","distrustful","8.428","insisting","","","","","","","","","","","","","","","","","","","","","","","","","","","","","","","","","","","","","","",6,1,7,1,4,1,2,1,6,"","yes",42,"Male","Heterosexual or straight","","No","",", RMTE34, RMTE35, RMTE30, RMTE21, RMTE19, RMTE29, RMTE25, RMTE28, RMTE3, RMTE18, RMTE15, RMTE6, RMTE17, RMTE22, RMTE31, RMTE9, RMTE27","FL_124","RMTE34-female|RMTE35-female|RMTE30-female|RMTE21-female|RMTE19-female|RMTE29-female|RMTE25-female|RMTE28-female|RMTE3-female","","FL_108|FL_110|FL_112|FL_109|FL_105|FL_99|FL_111|FL_103","","vidInstructionSex|SamTaylor","vidInstructionNeut|WallE","|sadness_1st|happy_1st|sex_arousal_1st|bored_1st","|bored_2nd|sadness_2nd|happy_2nd|sex_arosal_2nd",10.4166666666667,-0.140897743113491,"Neutral_clip_1st",NA,NA,NA,0,NA,NA,1,NA,NA,1,NA,NA,NA,NA,NA,1,NA,1,1,1,NA,1,1,NA,NA,1,NA,1,1,1,1,1,NA,NA,1,0,NA,0.882352941176471,9,12,16,11,13,10,5,4,14,7,17,8,6,3,15,1,2,NA,NA,NA,NA,NA,NA,NA,NA,NA,NA,NA,NA,NA,NA,NA,NA,NA,NA,NA,"SamTaylor","WallE","Neutral_clip_1st",1,1,2,7,1,1,6,4,0,-2.11667648934089,-0.605644705859313,-1.69469532135131
"5810a2fa7d3e6d0001df294c","females","Sex_clip","","100",826,"Yes","20","14.222","convinced","8.178","fantasizing","8.268","preoccupied","7.391","contemplative","11.673","doubtful","21.845","amused","7.798","tentative","8.571","fantasizing","6.924","preoccupied","7.614","interested","6.357","cautious","10.496","interested","7.558","reflective","7.764","flirtatious","9.08","confident","8.899","distrustful","7.384","contemplative","","","","","","","","","","","","","","","","","","","","","","","","","","","","","","","","","","","","","","",4,6,5,1,2,2,5,1,3,"","yes",38,"Male","Heterosexual or straight","","No","",", RMTE6, RMTE35, RMTE25, RMTE22, RMTE9, RMTE17, RMTE29, RMTE18, RMTE27, RMTE34, RMTE15, RMTE3, RMTE30, RMTE31, RMTE21, RMTE28, RMTE19","FL_124","RMTE6-female|RMTE35-female|RMTE25-female|RMTE22-female|RMTE9-female|RMTE17-female|RMTE29-female|RMTE18-female|RMTE27-female","","FL_98|FL_110|FL_95|FL_100|FL_99|FL_106|FL_102|FL_107","","vidInstructionSex|SamTaylor","vidInstructionNeut|MadMen","|happy_1st|sadness_1st|sex_arousal_1st|bored_1st","|bored_2nd|sadness_2nd|sex_arosal_2nd|happy_2nd",13.7666666666667,0.514832241576769,"Sex_clip_1st",NA,NA,NA,0,NA,NA,1,NA,NA,1,NA,NA,NA,NA,NA,1,NA,1,0,1,NA,1,1,NA,NA,1,NA,1,1,1,1,1,NA,NA,1,0,NA,0.823529411764706,12,1,5,11,6,8,17,15,4,3,9,16,7,13,14,10,2,NA,NA,NA,NA,NA,NA,NA,NA,NA,NA,NA,NA,NA,NA,NA,NA,NA,NA,NA,"SamTaylor","MadMen","Sex_clip_1st",6,2,5,5,1,1,2,3,4,0.125709518628592,0.183287213615318,0.0205745757863738
"582a1e307b3eda00013f7c05","females","Sex_clip","","100",574,"Yes","20","8.698","convinced","17.011","impatient","9.111","preoccupied","7.674","contemplative","7.674","doubtful","5.237","decisive","6.923","sarcastic","5.356","fantasizing","7.241","imploring","13.644","interested","3.331","cautious","5.028","interested","4.648","impatient","8.563","grateful","7.081","confident","12.287","baffled","8.496","nervous","","","","","","","","","","","","","","","","","","","","","","","","","","","","","","","","","","","","","","",5,4,4,3,6,1,6,4,4,"","yes",24,"Male","Heterosexual or straight","","No","",", RMTE3, RMTE31, RMTE6, RMTE27, RMTE15, RMTE18, RMTE17, RMTE28, RMTE9, RMTE35, RMTE22, RMTE19, RMTE21, RMTE25, RMTE29, RMTE30, RMTE34","FL_124","RMTE3-female|RMTE31-female|RMTE6-female|RMTE27-female|RMTE15-female|RMTE18-female|RMTE17-female|RMTE28-female|RMTE9-female","","FL_97|FL_105|FL_107|FL_106|FL_104|FL_101|FL_100|FL_98","","vidInstructionSex|FloorSex","vidInstructionNeut|WallE","|sadness_1st|sex_arousal_1st|bored_1st|happy_1st","|sex_arosal_2nd|happy_2nd|bored_2nd|sadness_2nd",9.56666666666667,-0.307276992960274,"Sex_clip_1st",NA,NA,NA,0,NA,NA,0,NA,NA,1,NA,NA,NA,NA,NA,1,NA,1,1,0,NA,1,0,NA,NA,1,NA,1,1,0,0,1,NA,NA,0,1,NA,0.588235294117647,1,3,9,5,7,6,12,13,11,14,4,8,15,16,2,17,10,NA,NA,NA,NA,NA,NA,NA,NA,NA,NA,NA,NA,NA,NA,NA,NA,NA,NA,NA,"FloorSex","WallE","Sex_clip_1st",4,1,4,6,3,4,6,4,3,-0.771244884559201,-0.605644705859313,-0.408242898498048
"5886dd2d2ef66f0001df36b0","females","Neutral_clip","","100",515,"Yes","20","7.725","desire","10.165","fantasizing","6.246","annoyed","4.166","contemplative","5.625","doubtful","4.226","decisive","7.232","tentative","5.833","fantasizing","9.615","preoccupied","5.688","interested","5.233","cautious","7.22","interested","5.277","reflective","3.779","flirtatious","7.605","confident","14.103","baffled","5.815","nervous","","","","","","","","","","","","","","","","","","","","","","","","","","","","","","","","","","","","","","",6,1,5,2,7,7,6,1,1,"","yes",49,"Male","Heterosexual or straight","","No","",", RMTE3, RMTE15, RMTE19, RMTE9, RMTE22, RMTE34, RMTE21, RMTE28, RMTE6, RMTE29, RMTE30, RMTE25, RMTE35, RMTE18, RMTE27, RMTE17, RMTE31","FL_124","RMTE3-female|RMTE15-female|RMTE19-female|RMTE9-female|RMTE22-female|RMTE34-female|RMTE21-female|RMTE28-female|RMTE6-female","","FL_101|FL_100|FL_104|FL_97|FL_108|FL_103|FL_109|FL_99","","vidInstructionSex|FloorSex","vidInstructionNeut|WallE","|sadness_1st|happy_1st|bored_1st|sex_arousal_1st","|sex_arosal_2nd|bored_2nd|happy_2nd|sadness_2nd",8.58333333333333,-0.499754948665375,"Neutral_clip_1st",NA,NA,NA,1,NA,NA,1,NA,NA,0,NA,NA,NA,NA,NA,1,NA,1,1,1,NA,1,1,NA,NA,1,NA,1,1,1,1,1,NA,NA,0,1,NA,0.882352941176471,1,9,4,2,16,14,3,7,5,12,15,8,10,11,17,6,13,NA,NA,NA,NA,NA,NA,NA,NA,NA,NA,NA,NA,NA,NA,NA,NA,NA,NA,NA,"FloorSex","WallE","Neutral_clip_1st",7,1,6,5,1,2,1,7,6,0.574186720222489,-0.605644705859313,0.878209524355217
"58da917848a0550001171f1d","females","Neutral_clip","","100",556,"Yes","20","6.962","desire","13.411","fantasizing","8.665","preoccupied","6.801","encouraging","5.112","doubtful","8.222","decisive","5.74","tentative","7.286","fantasizing","6.133","preoccupied","4.844","interested","4.701","cautious","4.586","interested","6.315","reflective","5.509","flirtatious","4.127","confident","6.912","baffled","14.431","contemplative","","","","","","","","","","","","","","","","","","","","","","","","","","","","","","","","","","","","","","",6,1,4,1,2,1,2,1,7,"","yes",28,"Male","Heterosexual or straight","","No","",", RMTE35, RMTE9, RMTE15, RMTE21, RMTE3, RMTE29, RMTE18, RMTE22, RMTE19, RMTE6, RMTE17, RMTE28, RMTE25, RMTE30, RMTE27, RMTE31, RMTE34","FL_124","RMTE35-female|RMTE9-female|RMTE15-female|RMTE21-female|RMTE3-female|RMTE29-female|RMTE18-female|RMTE22-female|RMTE19-female","","FL_112|FL_109|FL_102|FL_104|FL_100|FL_103|FL_99|FL_98","","vidInstructionSex|FloorSex","vidInstructionNeut|ModernFamily","|happy_1st|sadness_1st|sex_arousal_1st|bored_1st","|happy_2nd|sadness_2nd|bored_2nd|sex_arosal_2nd",9.26666666666667,-0.365999081141491,"Neutral_clip_1st",NA,NA,NA,1,NA,NA,1,NA,NA,1,NA,NA,NA,NA,NA,0,NA,1,1,1,NA,1,1,NA,NA,1,NA,1,1,1,1,1,NA,NA,0,0,NA,0.823529411764706,5,10,2,3,11,7,9,4,8,13,15,12,6,14,16,17,1,NA,NA,NA,NA,NA,NA,NA,NA,NA,NA,NA,NA,NA,NA,NA,NA,NA,NA,NA,"FloorSex","ModernFamily","Neutral_clip_1st",1,1,2,4,1,1,7,2,0,-2.11667648934089,-0.605644705859313,-1.69469532135131
"5918a03738cc6d0001a4bde7","females","Neutral_clip","","100",537,"Yes","20","6.212","desire","7.206","fantasizing","4.521","preoccupied","3.909","contemplative","7.602","doubtful","6.077","decisive","6.478","tentative","5.364","fantasizing","4.36","preoccupied","9.256","despondent","8.332","cautious","7.439","interested","7.965","reflective","8.893","flirtatious","7.864","confident","6.092","distrustful","4.326","nervous","","","","","","","","","","","","","","","","","","","","","","","","","","","","","","","","","","","","","","",6,1,5,6,3,5,1,1,2,"","yes",35,"Male","Heterosexual or straight","","No","",", RMTE19, RMTE31, RMTE3, RMTE6, RMTE22, RMTE35, RMTE30, RMTE25, RMTE28, RMTE34, RMTE9, RMTE15, RMTE27, RMTE21, RMTE29, RMTE18, RMTE17","FL_124","RMTE19-female|RMTE31-female|RMTE3-female|RMTE6-female|RMTE22-female|RMTE35-female|RMTE30-female|RMTE25-female|RMTE28-female","","FL_98|FL_111|FL_110|FL_103|FL_106|FL_101|FL_108|FL_109","","vidInstructionSex|SamTaylor","vidInstructionNeut|WallE","|happy_1st|sex_arousal_1st|sadness_1st|bored_1st","|sadness_2nd|sex_arosal_2nd|happy_2nd|bored_2nd",8.95,-0.427983507554998,"Neutral_clip_1st",NA,NA,NA,1,NA,NA,1,NA,NA,1,NA,NA,NA,NA,NA,1,NA,1,1,1,NA,1,1,NA,NA,0,NA,1,1,1,1,1,NA,NA,1,1,NA,0.941176470588235,3,4,11,12,17,16,1,14,5,8,13,9,15,7,2,10,6,NA,NA,NA,NA,NA,NA,NA,NA,NA,NA,NA,NA,NA,NA,NA,NA,NA,NA,NA,"SamTaylor","WallE","Neutral_clip_1st",5,1,1,5,1,6,2,3,4,-0.322767682965304,-0.605644705859313,0.0205745757863738
"5924a14e3497ad0001016896","females","Sex_clip","","100",512,"Yes","20","10.173","convinced","5.198","impatient","4.878","annoyed","3.78","contemplative","4.892","doubtful","5.293","decisive","6.379","sarcastic","5.243","fantasizing","4.604","preoccupied","8.376","interested","4.407","cautious","6.297","interested","5.288","irritated","7.54","disappointed","5.232","confident","7.064","distrustful","3.711","nervous","","","","","","","","","","","","","","","","","","","","","","","","","","","","","","","","","","","","","","",6,5,2,2,7,1,1,6,3,"","yes",30,"Male","Heterosexual or straight","","No","",", RMTE9, RMTE35, RMTE27, RMTE19, RMTE21, RMTE28, RMTE17, RMTE29, RMTE18, RMTE3, RMTE30, RMTE6, RMTE34, RMTE31, RMTE25, RMTE15, RMTE22","FL_124","RMTE9-female|RMTE35-female|RMTE27-female|RMTE19-female|RMTE21-female|RMTE28-female|RMTE17-female|RMTE29-female|RMTE18-female","","FL_95|FL_100|FL_112|FL_98|FL_99|FL_104|FL_110|FL_105","","vidInstructionSex|BedroomOral","vidInstructionNeut|ModernFamily","|bored_1st|happy_1st|sadness_1st|sex_arousal_1st","|happy_2nd|sex_arosal_2nd|sadness_2nd|bored_2nd",8.53333333333333,-0.509541963362244,"Sex_clip_1st",NA,NA,NA,0,NA,NA,0,NA,NA,0,NA,NA,NA,NA,NA,1,NA,1,1,0,NA,1,1,NA,NA,1,NA,1,1,0,0,1,NA,NA,1,1,NA,0.647058823529412,10,12,1,16,7,9,4,5,17,15,3,6,8,11,14,13,2,NA,NA,NA,NA,NA,NA,NA,NA,NA,NA,NA,NA,NA,NA,NA,NA,NA,NA,NA,"BedroomOral","ModernFamily","Sex_clip_1st",5,1,2,1,2,6,7,3,4,-0.322767682965304,-0.605644705859313,0.0205745757863738
"59267df0990b8600014aca15","females","Sex_clip","","100",653,"Yes","20","6.779","desire","7.384","fantasizing","10.043","preoccupied","8.415","encouraging","8.93","doubtful","6.12","decisive","9.245","sarcastic","9.713","fantasizing","9.617","preoccupied","7.549","interested","8.516","cautious","16.3","joking","9.586","reflective","7.679","flirtatious","11.274","confident","18.511","baffled","8.868","nervous","","","","","","","","","","","","","","","","","","","","","","","","","","","","","","","","","","","","","","",8,7,6,5,2,1,6,7,6,"","yes",37,"Male","Heterosexual or straight","","No","",", RMTE21, RMTE34, RMTE22, RMTE3, RMTE30, RMTE29, RMTE9, RMTE19, RMTE35, RMTE31, RMTE18, RMTE17, RMTE28, RMTE6, RMTE15, RMTE25, RMTE27","FL_124","RMTE21-female|RMTE34-female|RMTE22-female|RMTE3-female|RMTE30-female|RMTE29-female|RMTE9-female|RMTE19-female|RMTE35-female","","FL_99|FL_108|FL_109|FL_102|FL_112|FL_110|FL_104|FL_103","","vidInstructionSex|FloorSex","vidInstructionNeut|ModernFamily","|sex_arousal_1st|happy_1st|bored_1st|sadness_1st","|happy_2nd|bored_2nd|sadness_2nd|sex_arosal_2nd",10.8833333333333,-0.0495522726093755,"Sex_clip_1st",NA,NA,NA,1,NA,NA,1,NA,NA,1,NA,NA,NA,NA,NA,0,NA,1,1,0,NA,1,1,NA,NA,1,NA,1,0,1,1,1,NA,NA,0,1,NA,0.764705882352941,4,14,7,15,12,11,8,1,3,16,17,13,6,5,10,2,9,NA,NA,NA,NA,NA,NA,NA,NA,NA,NA,NA,NA,NA,NA,NA,NA,NA,NA,NA,"FloorSex","ModernFamily","Sex_clip_1st",7,1,6,6,5,7,2,6,6,0.574186720222489,-0.605644705859313,0.878209524355217
"594e2bb7a402220001d84067","females","Neutral_clip","","100",792,"Yes","20","9.055","desire","7.907","impatient","60.641","preoccupied","13.638","amused","8.329","playful","20.07","bored","10.124","tentative","6.765","fantasizing","12.62","preoccupied","7.841","interested","7.322","cautious","8.16","interested","10.472","reflective","3.929","flirtatious","10.667","confident","14.55","distrustful","20.878","nervous","","","","","","","","","","","","","","","","","","","","","","","","","","","","","","","","","","","","","","",5,1,6,3,5,5,3,2,5,"","yes",35,"Male","Heterosexual or straight","","No","",", RMTE17, RMTE29, RMTE15, RMTE28, RMTE6, RMTE19, RMTE22, RMTE18, RMTE3, RMTE34, RMTE27, RMTE21, RMTE35, RMTE31, RMTE9, RMTE25, RMTE30","FL_124","RMTE17-female|RMTE29-female|RMTE15-female|RMTE28-female|RMTE6-female|RMTE19-female|RMTE22-female|RMTE18-female|RMTE3-female","","FL_98|FL_103|FL_106|FL_97|FL_99|FL_111|FL_104|FL_100","","vidInstructionSex|FloorSex","vidInstructionNeut|WallE","|happy_1st|bored_1st|sex_arousal_1st|sadness_1st","|sadness_2nd|happy_2nd|bored_2nd|sex_arosal_2nd",13.2,0.403912741678914,"Neutral_clip_1st",NA,NA,NA,1,NA,NA,0,NA,NA,1,NA,NA,NA,NA,NA,0,NA,0,0,1,NA,1,1,NA,NA,1,NA,1,1,1,1,1,NA,NA,1,1,NA,0.764705882352941,9,5,15,3,1,8,6,12,7,16,11,4,2,17,14,10,13,NA,NA,NA,NA,NA,NA,NA,NA,NA,NA,NA,NA,NA,NA,NA,NA,NA,NA,NA,"FloorSex","WallE","Neutral_clip_1st",5,1,3,6,2,3,5,5,4,-0.322767682965304,-0.605644705859313,0.0205745757863738
"599186630675b100014daddd","females","Sex_clip","","100",1001,"Yes","20","16.589","desire","9.225","fantasizing","6.99","preoccupied","8.774","contemplative","39.682","doubtful","9.279","decisive","10.988","sarcastic","14.465","fantasizing","18.5","preoccupied","26.776","incredulous","7.058","cautious","19.96","contented","7.545","reflective","10.211","flirtatious","10.521","confident","15.373","distrustful","8.779","nervous","","","","","","","","","","","","","","","","","","","","","","","","","","","","","","","","","","","","","","",3,3,2,2,6,1,2,2,6,"","Yes",45,"Male","Heterosexual or straight","","No","In some of the eye photos you could recognise the people which might influence your impression + the options given quite often did not cover the emotion that I thought was displayed so I had to chose an option which I did not think was illustrated.
Glad I did the survey in front of my grandparents.",", RMTE25, RMTE19, RMTE6, RMTE9, RMTE29, RMTE15, RMTE27, RMTE28, RMTE21, RMTE30, RMTE22, RMTE3, RMTE18, RMTE17, RMTE34, RMTE35, RMTE31","FL_124","RMTE25-female|RMTE19-female|RMTE6-female|RMTE9-female|RMTE29-female|RMTE15-female|RMTE27-female|RMTE28-female|RMTE21-female","","FL_100|FL_105|FL_95|FL_108|FL_109|FL_98|FL_97|FL_99","","vidInstructionSex|FloorSex","vidInstructionNeut|WallE","|sadness_1st|bored_1st|sex_arousal_1st|happy_1st","|sadness_2nd|bored_2nd|happy_2nd|sex_arosal_2nd",16.6833333333333,1.08574143222749,"Sex_clip_1st",NA,NA,NA,1,NA,NA,1,NA,NA,1,NA,NA,NA,NA,NA,1,NA,1,1,0,NA,1,1,NA,NA,0,NA,1,0,1,1,1,NA,NA,1,1,NA,0.823529411764706,12,3,4,6,14,13,2,9,11,1,7,8,5,10,17,15,16,NA,NA,NA,NA,NA,NA,NA,NA,NA,NA,NA,NA,NA,NA,NA,NA,NA,NA,NA,"FloorSex","WallE","Sex_clip_1st",3,1,2,2,2,2,6,6,2,-1.2197220861531,-0.605644705859313,-0.83706037278247
"59a5b35c5954130001582a40","females","Neutral_clip","","100",643,"Yes","20","7.229","desire","11.939","aghast","4.134","annoyed","9.038","contemplative","3.27","aghast","6.06","amused","8.302","tentative","5.236","fantasizing","4.584","imploring","3.001","panicked","3.401","cautious","7.819","interested","6.585","reflective","10.201","flirtatious","4.498","joking","5.901","distrustful","3.763","nervous","","","","","","","","","","","","","","","","","","","","","","","","","","","","","","","","","","","","","","",2,1,7,1,3,6,1,1,9,"","Yes",31,"Male","Heterosexual or straight","","No","",", RMTE15, RMTE6, RMTE28, RMTE18, RMTE21, RMTE22, RMTE34, RMTE31, RMTE29, RMTE19, RMTE3, RMTE25, RMTE17, RMTE9, RMTE35, RMTE27, RMTE30","FL_124","RMTE15-female|RMTE6-female|RMTE28-female|RMTE18-female|RMTE21-female|RMTE22-female|RMTE34-female|RMTE31-female|RMTE29-female","","FL_107|FL_95|FL_104|FL_109|FL_111|FL_97|FL_103|FL_100","","vidInstructionSex|BedroomOral","vidInstructionNeut|WallE","|bored_1st|sex_arousal_1st|happy_1st|sadness_1st","|sadness_2nd|happy_2nd|bored_2nd|sex_arosal_2nd",10.7166666666667,-0.082175654932274,"Neutral_clip_1st",NA,NA,NA,1,NA,NA,0,NA,NA,0,NA,NA,NA,NA,NA,1,NA,0,0,1,NA,1,0,NA,NA,0,NA,1,1,1,1,0,NA,NA,1,1,NA,0.588235294117647,11,2,14,1,13,4,10,5,6,12,16,3,9,17,8,7,15,NA,NA,NA,NA,NA,NA,NA,NA,NA,NA,NA,NA,NA,NA,NA,NA,NA,NA,NA,"BedroomOral","WallE","Neutral_clip_1st",6,1,1,7,1,1,9,3,5,0.125709518628592,-0.605644705859313,0.449392050070796
"59b7e9d87547b100012d6dfd","females","Sex_clip","","100",464,"Yes","20","6.164","convinced","5.323","impatient","5.921","preoccupied","6.748","contemplative","4.059","doubtful","4.848","bored","7.188","tentative","4.789","fantasizing","4.578","preoccupied","5.253","interested","2.563","cautious","5.577","interested","2.924","reflective","2.405","flirtatious","3.108","confident","4.747","baffled","4.711","nervous","","","","","","","","","","","","","","","","","","","","","","","","","","","","","","","","","","","","","","",6,5,4,2,7,2,2,2,8,"","yes",43,"Male","Heterosexual or straight","","No","",", RMTE19, RMTE9, RMTE22, RMTE6, RMTE30, RMTE28, RMTE15, RMTE18, RMTE35, RMTE17, RMTE25, RMTE27, RMTE21, RMTE31, RMTE29, RMTE34, RMTE3","FL_124","RMTE19-female|RMTE9-female|RMTE22-female|RMTE6-female|RMTE30-female|RMTE28-female|RMTE15-female|RMTE18-female|RMTE35-female","","FL_109|FL_104|FL_103|FL_106|FL_99|FL_101|FL_98|FL_95","","vidInstructionSex|FloorSex","vidInstructionNeut|MadMen","|sadness_1st|sex_arousal_1st|happy_1st|bored_1st","|sadness_2nd|bored_2nd|sex_arosal_2nd|happy_2nd",7.73333333333333,-0.666134198512157,"Sex_clip_1st",NA,NA,NA,0,NA,NA,0,NA,NA,1,NA,NA,NA,NA,NA,1,NA,1,0,1,NA,1,1,NA,NA,1,NA,1,1,1,1,1,NA,NA,0,1,NA,0.764705882352941,17,4,2,7,10,8,1,13,3,11,12,6,15,5,14,16,9,NA,NA,NA,NA,NA,NA,NA,NA,NA,NA,NA,NA,NA,NA,NA,NA,NA,NA,NA,"FloorSex","MadMen","Sex_clip_1st",5,2,4,2,2,2,7,8,3,-0.322767682965304,0.183287213615318,-0.408242898498048
"59bb884a3c45a10001ccc4f7","females","Neutral_clip","","100",565,"Yes","20","2.334","flustered","4.935","impatient","6.077","preoccupied","1.778","amused","3.199","doubtful","3.19","decisive","4.192","tentative","3.755","fantasizing","28.18","imploring","1.958","interested","13.429","reassuring","3.706","affectionate","2.771","reflective","2.229","flirtatious","4.687","confident","7.836","aghast","3.359","contemplative","","","","","","","","","","","","","","","","","","","","","","","","","","","","","","","","","","","","","","",6,1,2,1,9,9,9,1,1,"","yes",42,"Male","Heterosexual or straight","","No","",", RMTE17, RMTE31, RMTE19, RMTE6, RMTE27, RMTE34, RMTE22, RMTE21, RMTE28, RMTE30, RMTE35, RMTE25, RMTE29, RMTE3, RMTE18, RMTE15, RMTE9","FL_124","RMTE17-female|RMTE31-female|RMTE19-female|RMTE6-female|RMTE27-female|RMTE34-female|RMTE22-female|RMTE21-female|RMTE28-female","","FL_100|FL_97|FL_104|FL_101|FL_95|FL_108|FL_110|FL_111","","vidInstructionSex|BedroomOral","vidInstructionNeut|WallE","|sex_arousal_1st|sadness_1st|happy_1st|bored_1st","|happy_2nd|sadness_2nd|sex_arosal_2nd|bored_2nd",9.41666666666667,-0.336638037050882,"Neutral_clip_1st",NA,NA,NA,0,NA,NA,0,NA,NA,1,NA,NA,NA,NA,NA,0,NA,1,1,1,NA,1,0,NA,NA,1,NA,0,0,1,1,1,NA,NA,0,0,NA,0.529411764705882,14,4,17,16,1,15,3,8,7,12,5,9,13,10,2,6,11,NA,NA,NA,NA,NA,NA,NA,NA,NA,NA,NA,NA,NA,NA,NA,NA,NA,NA,NA,"BedroomOral","WallE","Neutral_clip_1st",9,1,9,2,1,1,1,9,8,1.47114112341028,-0.605644705859313,1.73584447292406
"59dcbf72dad62000014d73fb","females","Neutral_clip","","100",635,"Yes","20","9.397","desire","14.501","fantasizing","6.125","preoccupied","5.398","contemplative","7.952","doubtful","8.504","decisive","9.532","tentative","8.072","confused","9.9","preoccupied","8.663","panicked","5.543","cautious","8.009","interested","7.104","irritated","9.665","flirtatious","10.295","confident","13.407","baffled","4.721","nervous","","","","","","","","","","","","","","","","","","","","","","","","","","","","","","","","","","","","","","",4,1,1,1,6,5,2,2,7,"","yes",24,"Male","Heterosexual or straight","","No","",", RMTE31, RMTE19, RMTE30, RMTE3, RMTE25, RMTE15, RMTE27, RMTE6, RMTE17, RMTE28, RMTE21, RMTE18, RMTE35, RMTE9, RMTE22, RMTE29, RMTE34","FL_124","RMTE31-female|RMTE19-female|RMTE30-female|RMTE3-female|RMTE25-female|RMTE15-female|RMTE27-female|RMTE6-female|RMTE17-female","","FL_102|FL_106|FL_108|FL_97|FL_111|FL_105|FL_101|FL_98","","vidInstructionSex|SamTaylor","vidInstructionNeut|ModernFamily","|sadness_1st|sex_arousal_1st|happy_1st|bored_1st","|bored_2nd|sadness_2nd|sex_arosal_2nd|happy_2nd",10.5833333333333,-0.108274360790593,"Neutral_clip_1st",NA,NA,NA,1,NA,NA,1,NA,NA,1,NA,NA,NA,NA,NA,1,NA,1,1,1,NA,0,1,NA,NA,0,NA,1,1,0,1,1,NA,NA,0,1,NA,0.764705882352941,4,8,14,6,9,12,2,11,15,5,7,10,16,3,1,17,13,NA,NA,NA,NA,NA,NA,NA,NA,NA,NA,NA,NA,NA,NA,NA,NA,NA,NA,NA,"SamTaylor","ModernFamily","Neutral_clip_1st",5,1,2,1,2,1,7,6,4,-0.322767682965304,-0.605644705859313,0.0205745757863738
"59e879752f63d30001c8fb9f","females","Neutral_clip","","100",433,"Yes","20","3.204","convinced","3.914","fantasizing","6.439","preoccupied","2.049","contemplative","2.577","affectionate","4.19","bored","3.594","tentative","3.899","fantasizing","2.536","preoccupied","3.208","interested","2.394","cautious","3.334","interested","4.437","reflective","3.286","flirtatious","3.614","confident","4.825","distrustful","2.315","contemplative","","","","","","","","","","","","","","","","","","","","","","","","","","","","","","","","","","","","","","",7,1,9,1,1,7,4,1,6,"","yes",45,"Male","Heterosexual or straight","","No","",", RMTE30, RMTE18, RMTE31, RMTE19, RMTE25, RMTE22, RMTE6, RMTE28, RMTE9, RMTE34, RMTE15, RMTE17, RMTE35, RMTE29, RMTE27, RMTE21, RMTE3","FL_124","RMTE30-female|RMTE18-female|RMTE31-female|RMTE19-female|RMTE25-female|RMTE22-female|RMTE6-female|RMTE28-female|RMTE9-female","","FL_98|FL_110|FL_109|FL_97|FL_101|FL_103|FL_106|FL_95","","vidInstructionSex|BedroomOral","vidInstructionNeut|WallE","|sadness_1st|sex_arousal_1st|happy_1st|bored_1st","|happy_2nd|sadness_2nd|bored_2nd|sex_arosal_2nd",7.21666666666667,-0.767266683713143,"Neutral_clip_1st",NA,NA,NA,0,NA,NA,1,NA,NA,1,NA,NA,NA,NA,NA,1,NA,0,0,1,NA,1,1,NA,NA,1,NA,1,1,1,1,1,NA,NA,1,0,NA,0.764705882352941,17,7,9,11,12,2,4,16,6,5,15,8,14,1,3,10,13,NA,NA,NA,NA,NA,NA,NA,NA,NA,NA,NA,NA,NA,NA,NA,NA,NA,NA,NA,"BedroomOral","WallE","Neutral_clip_1st",7,1,4,9,1,1,6,1,6,0.574186720222489,-0.605644705859313,0.878209524355217
"59f873de07e3780001ccd6e4","females","Sex_clip","","100",577,"Yes","20","7.747","joking","8.031","impatient","7.054","preoccupied","4.541","contemplative","5.981","doubtful","6.612","decisive","13.802","arrogant","7.892","fantasizing","4.766","preoccupied","17.006","interested","6.544","arrogant","8.57","interested","6.107","irritated","4.192","flirtatious","9.106","confident","5.782","distrustful","6.657","contemplative","","","","","","","","","","","","","","","","","","","","","","","","","","","","","","","","","","","","","","",3,7,5,1,1,2,4,3,2,"","yes",41,"Male","Heterosexual or straight","","No","",", RMTE21, RMTE9, RMTE19, RMTE28, RMTE25, RMTE3, RMTE22, RMTE18, RMTE35, RMTE29, RMTE27, RMTE30, RMTE34, RMTE31, RMTE17, RMTE15, RMTE6","FL_124","RMTE21-female|RMTE9-female|RMTE19-female|RMTE28-female|RMTE25-female|RMTE3-female|RMTE22-female|RMTE18-female|RMTE35-female","","FL_101|FL_103|FL_100|FL_98|FL_99|FL_109|FL_110|FL_112","","vidInstructionSex|SamTaylor","vidInstructionNeut|MadMen","|sadness_1st|bored_1st|happy_1st|sex_arousal_1st","|happy_2nd|sex_arosal_2nd|bored_2nd|sadness_2nd",9.61666666666667,-0.297489978263404,"Sex_clip_1st",NA,NA,NA,0,NA,NA,0,NA,NA,1,NA,NA,NA,NA,NA,1,NA,1,1,0,NA,1,1,NA,NA,1,NA,0,1,0,1,1,NA,NA,1,0,NA,0.647058823529412,6,17,2,16,15,8,3,1,7,5,11,4,10,12,14,13,9,NA,NA,NA,NA,NA,NA,NA,NA,NA,NA,NA,NA,NA,NA,NA,NA,NA,NA,NA,"SamTaylor","MadMen","Sex_clip_1st",7,2,5,4,1,3,1,2,5,0.574186720222489,0.183287213615318,0.449392050070796
"5a1aae2e10f454000177bb97","females","Sex_clip","","100",616,"Yes","20","15.106","convinced","12.752","impatient","3.518","preoccupied","3.933","contemplative","11.066","doubtful","4.962","bored","6.124","tentative","7.48","fantasizing","8.709","preoccupied","5.778","interested","16.663","cautious","6.796","affectionate","7.277","reflective","5.022","flirtatious","8.248","confident","12.578","distrustful","4.036","nervous","","","","","","","","","","","","","","","","","","","","","","","","","","","","","","","","","","","","","","",4,7,2,1,3,1,1,1,8,"","yes",32,"Male","Heterosexual or straight","","No","-",", RMTE27, RMTE22, RMTE19, RMTE30, RMTE6, RMTE31, RMTE17, RMTE3, RMTE34, RMTE29, RMTE28, RMTE18, RMTE35, RMTE15, RMTE9, RMTE21, RMTE25","FL_124","RMTE27-female|RMTE22-female|RMTE19-female|RMTE30-female|RMTE6-female|RMTE31-female|RMTE17-female|RMTE3-female|RMTE34-female","","FL_101|FL_102|FL_108|FL_97|FL_110|FL_111|FL_106|FL_104","","vidInstructionSex|BedroomOral","vidInstructionNeut|MadMen","|bored_1st|sadness_1st|happy_1st|sex_arousal_1st","|bored_2nd|sadness_2nd|happy_2nd|sex_arosal_2nd",10.2666666666667,-0.1702587872041,"Sex_clip_1st",NA,NA,NA,0,NA,NA,0,NA,NA,1,NA,NA,NA,NA,NA,1,NA,1,0,1,NA,1,1,NA,NA,1,NA,1,0,1,1,1,NA,NA,1,1,NA,0.764705882352941,8,5,15,14,7,12,3,16,2,17,1,11,10,4,6,9,13,NA,NA,NA,NA,NA,NA,NA,NA,NA,NA,NA,NA,NA,NA,NA,NA,NA,NA,NA,"BedroomOral","MadMen","Sex_clip_1st",7,1,2,1,1,1,3,8,6,0.574186720222489,-0.605644705859313,0.878209524355217
"5a6e4286e6cc4a0001b6d281","females","Sex_clip","","100",1002,"Yes","20","11.982","convinced","11.721","impatient","8.299","annoyed","4.352","contemplative","11.031","doubtful","5.972","decisive","8.549","tentative","9.941","fantasizing","8.737","preoccupied","10.359","incredulous","9.106","cautious","11.755","interested","11.788","impatient","10.954","flirtatious","8.652","joking","10.487","aghast","8.416","insisting","","","","","","","","","","","","","","","","","","","","","","","","","","","","","","","","","","","","","","",3,3,4,3,6,1,6,3,4,"","yes",33,"Male","Heterosexual or straight","","No","",", RMTE3, RMTE29, RMTE21, RMTE17, RMTE19, RMTE35, RMTE28, RMTE27, RMTE6, RMTE22, RMTE18, RMTE31, RMTE30, RMTE34, RMTE25, RMTE15, RMTE9","FL_124","RMTE3-female|RMTE29-female|RMTE21-female|RMTE17-female|RMTE19-female|RMTE35-female|RMTE28-female|RMTE27-female|RMTE6-female","","FL_105|FL_108|FL_99|FL_100|FL_98|FL_104|FL_110|FL_111","","vidInstructionSex|SamTaylor","vidInstructionNeut|WallE","|sex_arousal_1st|happy_1st|bored_1st|sadness_1st","|happy_2nd|bored_2nd|sex_arosal_2nd|sadness_2nd",16.7,1.08900377045978,"Sex_clip_1st",NA,NA,NA,0,NA,NA,0,NA,NA,0,NA,NA,NA,NA,NA,1,NA,1,1,1,NA,1,1,NA,NA,0,NA,1,1,0,1,0,NA,NA,0,0,NA,0.529411764705882,1,9,17,16,4,11,5,3,10,15,8,7,2,13,12,14,6,NA,NA,NA,NA,NA,NA,NA,NA,NA,NA,NA,NA,NA,NA,NA,NA,NA,NA,NA,"SamTaylor","WallE","Sex_clip_1st",3,1,4,6,3,3,6,4,2,-1.2197220861531,-0.605644705859313,-0.83706037278247
"5a9ed3f26219a30001f54e85","females","Sex_clip","","100",586,"Yes","20","5.689","desire","5.463","fantasizing","3.31","hostile","5.683","contemplative","5.322","doubtful","6.425","decisive","8.583","tentative","4.827","embarrassed","6.183","preoccupied","5.24","panicked","3.123","cautious","6.27","interested","5.745","reflective","3.901","flirtatious","7.311","confident","5.265","distrustful","4.214","nervous","","","","","","","","","","","","","","","","","","","","","","","","","","","","","","","","","","","","","","",6,4,3,1,3,1,2,1,3,"","yes",27,"Male","Heterosexual or straight","","No","",", RMTE3, RMTE22, RMTE6, RMTE17, RMTE19, RMTE15, RMTE21, RMTE29, RMTE18, RMTE28, RMTE34, RMTE25, RMTE9, RMTE30, RMTE31, RMTE35, RMTE27","FL_124","RMTE3-female|RMTE22-female|RMTE6-female|RMTE17-female|RMTE19-female|RMTE15-female|RMTE21-female|RMTE29-female|RMTE18-female","","FL_102|FL_98|FL_104|FL_111|FL_100|FL_99|FL_97|FL_103","","vidInstructionSex|SamTaylor","vidInstructionNeut|MadMen","|sadness_1st|happy_1st|bored_1st|sex_arousal_1st","|happy_2nd|bored_2nd|sex_arosal_2nd|sadness_2nd",9.76666666666667,-0.268128934172795,"Sex_clip_1st",NA,NA,NA,1,NA,NA,1,NA,NA,0,NA,NA,NA,NA,NA,1,NA,1,1,1,NA,0,1,NA,NA,0,NA,1,1,1,1,1,NA,NA,1,1,NA,0.823529411764706,1,3,13,6,4,9,5,7,2,12,17,10,8,14,15,11,16,NA,NA,NA,NA,NA,NA,NA,NA,NA,NA,NA,NA,NA,NA,NA,NA,NA,NA,NA,"SamTaylor","MadMen","Sex_clip_1st",4,1,3,2,1,1,3,3,3,-0.771244884559201,-0.605644705859313,-0.408242898498048
"5af6e439672ea800010d4e92","females","Neutral_clip","","100",541,"Yes","20","12.979","convinced","8.066","impatient","6.315","preoccupied","6.866","contemplative","6.532","doubtful","4.857","bored","11.238","sarcastic","10.781","fantasizing","7.996","preoccupied","7.779","incredulous","9.604","arrogant","7.698","interested","7.224","reflective","5.045","flirtatious","7.951","dispirited","10.037","distrustful","16.722","nervous","","","","","","","","","","","","","","","","","","","","","","","","","","","","","","","","","","","","","","",6,1,5,1,1,7,8,1,1,"","yes",49,"Male","Heterosexual or straight","","No","none",", RMTE29, RMTE35, RMTE18, RMTE31, RMTE34, RMTE28, RMTE9, RMTE6, RMTE3, RMTE22, RMTE27, RMTE30, RMTE17, RMTE21, RMTE25, RMTE19, RMTE15","FL_124","RMTE29-female|RMTE35-female|RMTE18-female|RMTE31-female|RMTE34-female|RMTE28-female|RMTE9-female|RMTE6-female|RMTE3-female","","FL_105|FL_103|FL_100|FL_109|FL_106|FL_104|FL_107|FL_110","","vidInstructionSex|FloorSex","vidInstructionNeut|ModernFamily","|sex_arousal_1st|happy_1st|bored_1st|sadness_1st","|sadness_2nd|happy_2nd|bored_2nd|sex_arosal_2nd",9.01666666666667,-0.414934154625839,"Neutral_clip_1st",NA,NA,NA,0,NA,NA,0,NA,NA,1,NA,NA,NA,NA,NA,1,NA,1,0,0,NA,1,1,NA,NA,0,NA,0,1,1,1,0,NA,NA,1,1,NA,0.588235294117647,9,8,7,17,13,3,16,14,10,15,11,6,1,12,4,5,2,NA,NA,NA,NA,NA,NA,NA,NA,NA,NA,NA,NA,NA,NA,NA,NA,NA,NA,NA,"FloorSex","ModernFamily","Neutral_clip_1st",7,1,8,5,1,1,1,1,6,0.574186720222489,-0.605644705859313,0.878209524355217
"5af892053aba4900015f0592","females","Sex_clip","","100",721,"Yes","20","20.104","convinced","19.287","impatient","24.569","annoyed","15.824","contemplative","11.469","doubtful","12.528","decisive","18.545","sarcastic","7.453","fantasizing","10.4","preoccupied","28.303","interested","10.311","cautious","13.047","interested","11.537","reflective","20.708","flirtatious","12.322","confident","8.969","distrustful","7.22","nervous","","","","","","","","","","","","","","","","","","","","","","","","","","","","","","","","","","","","","","",4,6,6,2,4,3,5,4,3,"","yes",49,"Male","Heterosexual or straight","","No","",", RMTE15, RMTE35, RMTE9, RMTE21, RMTE6, RMTE30, RMTE22, RMTE19, RMTE28, RMTE17, RMTE31, RMTE3, RMTE34, RMTE25, RMTE29, RMTE18, RMTE27","FL_124","RMTE15-female|RMTE35-female|RMTE9-female|RMTE21-female|RMTE6-female|RMTE30-female|RMTE22-female|RMTE19-female|RMTE28-female","","FL_109|FL_99|FL_95|FL_98|FL_104|FL_101|FL_108|FL_103","","vidInstructionSex|SamTaylor","vidInstructionNeut|ModernFamily","|sex_arousal_1st|sadness_1st|bored_1st|happy_1st","|sex_arosal_2nd|happy_2nd|bored_2nd|sadness_2nd",12.0166666666667,0.172286727186334,"Sex_clip_1st",NA,NA,NA,0,NA,NA,0,NA,NA,0,NA,NA,NA,NA,NA,1,NA,1,1,0,NA,1,1,NA,NA,1,NA,1,1,1,1,1,NA,NA,1,1,NA,0.764705882352941,12,5,3,1,10,16,8,4,7,14,17,9,15,6,11,13,2,NA,NA,NA,NA,NA,NA,NA,NA,NA,NA,NA,NA,NA,NA,NA,NA,NA,NA,NA,"SamTaylor","ModernFamily","Sex_clip_1st",6,3,6,5,2,4,4,3,3,0.125709518628592,0.97221913308995,-0.408242898498048
"5afcbf18fabc8900018854d9","females","Neutral_clip","","100",457,"Yes","20","3.695","convinced","7.125","impatient","5.645","preoccupied","6.73","contemplative","8.081","doubtful","5.788","bored","4.932","tentative","5.816","fantasizing","7.871","preoccupied","7.29","interested","6.177","cautious","7.514","interested","11.848","reflective","4.818","flirtatious","6.126","confident","7.419","distrustful","5.457","contemplative","","","","","","","","","","","","","","","","","","","","","","","","","","","","","","","","","","","","","","",6,1,7,2,1,9,7,2,3,"","yes",50,"Male","Heterosexual or straight","","No","",", RMTE30, RMTE18, RMTE19, RMTE17, RMTE9, RMTE21, RMTE25, RMTE34, RMTE28, RMTE31, RMTE29, RMTE27, RMTE15, RMTE3, RMTE6, RMTE22, RMTE35","FL_124","RMTE30-female|RMTE18-female|RMTE19-female|RMTE17-female|RMTE9-female|RMTE21-female|RMTE25-female|RMTE34-female|RMTE28-female","","FL_99|FL_101|FL_103|FL_110|FL_95|FL_112|FL_105|FL_97","","vidInstructionSex|BedroomOral","vidInstructionNeut|WallE","|sex_arousal_1st|sadness_1st|bored_1st|happy_1st","|happy_2nd|bored_2nd|sex_arosal_2nd|sadness_2nd",7.61666666666667,-0.688970566138186,"Neutral_clip_1st",NA,NA,NA,0,NA,NA,0,NA,NA,1,NA,NA,NA,NA,NA,1,NA,1,0,1,NA,1,1,NA,NA,1,NA,1,1,1,1,1,NA,NA,1,0,NA,0.764705882352941,14,15,5,13,4,2,3,6,16,7,12,9,11,1,10,8,17,NA,NA,NA,NA,NA,NA,NA,NA,NA,NA,NA,NA,NA,NA,NA,NA,NA,NA,NA,"BedroomOral","WallE","Neutral_clip_1st",9,1,7,7,2,2,3,1,8,1.47114112341028,-0.605644705859313,1.73584447292406
"5aff3d05b98c410001ad538b","females","Sex_clip","","100",532,"Yes","20","8.067","desire","5.712","fantasizing","7.383","annoyed","7.587","contemplative","5.348","affectionate","5.284","decisive","7.496","tentative","5.589","fantasizing","7.756","imploring","11.528","interested","6.254","cautious","6.202","interested","5.551","reflective","4.183","flirtatious","5.343","confident","10.063","baffled","5.295","nervous","","","","","","","","","","","","","","","","","","","","","","","","","","","","","","","","","","","","","","",7,6,4,1,7,1,4,1,7,"","yes",32,"Male","Heterosexual or straight","","No","",", RMTE22, RMTE34, RMTE15, RMTE18, RMTE9, RMTE21, RMTE19, RMTE3, RMTE25, RMTE17, RMTE31, RMTE29, RMTE30, RMTE35, RMTE28, RMTE6, RMTE27","FL_124","RMTE22-female|RMTE34-female|RMTE15-female|RMTE18-female|RMTE9-female|RMTE21-female|RMTE19-female|RMTE3-female|RMTE25-female","","FL_109|FL_99|FL_101|FL_100|FL_97|FL_102|FL_112|FL_103","","vidInstructionSex|BedroomOral","vidInstructionNeut|ModernFamily","|happy_1st|sex_arousal_1st|bored_1st|sadness_1st","|happy_2nd|sadness_2nd|sex_arosal_2nd|bored_2nd",8.86666666666667,-0.444295198716447,"Sex_clip_1st",NA,NA,NA,1,NA,NA,1,NA,NA,0,NA,NA,NA,NA,NA,1,NA,0,1,1,NA,1,0,NA,NA,1,NA,1,1,1,1,1,NA,NA,0,1,NA,0.764705882352941,8,16,5,3,10,4,7,6,1,9,17,15,12,13,11,2,14,NA,NA,NA,NA,NA,NA,NA,NA,NA,NA,NA,NA,NA,NA,NA,NA,NA,NA,NA,"BedroomOral","ModernFamily","Sex_clip_1st",6,1,4,4,1,1,7,7,5,0.125709518628592,-0.605644705859313,0.449392050070796
"5b0a012ed282ff00015b5460","females","Neutral_clip","","100",531,"Yes","20","3.537","desire","8.33","fantasizing","5.892","preoccupied","3.552","contemplative","4.301","affectionate","5.751","decisive","3.008","tentative","3.91","fantasizing","4.365","preoccupied","2.433","panicked","5.134","cautious","7.544","interested","8.238","reflective","5.78","hostile","5.937","confident","5.063","aghast","3.506","nervous","","","","","","","","","","","","","","","","","","","","","","","","","","","","","","","","","","","","","","",6,3,3,4,6,7,5,2,3,"","yes",27,"Male","Heterosexual or straight","","No","",", RMTE28, RMTE30, RMTE3, RMTE31, RMTE35, RMTE17, RMTE18, RMTE19, RMTE15, RMTE21, RMTE6, RMTE27, RMTE29, RMTE22, RMTE9, RMTE34, RMTE25","FL_124","RMTE28-female|RMTE30-female|RMTE3-female|RMTE31-female|RMTE35-female|RMTE17-female|RMTE18-female|RMTE19-female|RMTE15-female","","FL_106|FL_112|FL_103|FL_101|FL_105|FL_111|FL_98|FL_104","","vidInstructionSex|BedroomOral","vidInstructionNeut|MadMen","|bored_1st|sadness_1st|happy_1st|sex_arousal_1st","|sadness_2nd|bored_2nd|sex_arosal_2nd|happy_2nd",8.85,-0.447557536948737,"Neutral_clip_1st",NA,NA,NA,1,NA,NA,1,NA,NA,1,NA,NA,NA,NA,NA,1,NA,0,1,1,NA,1,1,NA,NA,0,NA,1,1,1,0,1,NA,NA,0,1,NA,0.764705882352941,3,11,15,9,6,7,8,10,14,17,12,1,13,2,4,16,5,NA,NA,NA,NA,NA,NA,NA,NA,NA,NA,NA,NA,NA,NA,NA,NA,NA,NA,NA,"BedroomOral","MadMen","Neutral_clip_1st",7,3,5,3,2,4,3,6,4,0.574186720222489,0.97221913308995,0.0205745757863738
"5b258c9ba7cee100011d8aad","females","Sex_clip","","100",453,"Yes","20","8.3","desire","4.128","fantasizing","2.042","preoccupied","1.866","contemplative","3.196","doubtful","3.313","decisive","3.716","tentative","3.352","fantasizing","4.27","preoccupied","2.814","interested","3.019","cautious","4.813","interested","2.919","reflective","1.695","flirtatious","2.864","confident","3.42","distrustful","3.257","nervous","","","","","","","","","","","","","","","","","","","","","","","","","","","","","","","","","","","","","","",7,7,6,1,1,2,4,2,5,"","yes",28,"Male","Heterosexual or straight","","No","",", RMTE15, RMTE18, RMTE25, RMTE3, RMTE30, RMTE22, RMTE6, RMTE19, RMTE31, RMTE17, RMTE9, RMTE35, RMTE29, RMTE34, RMTE21, RMTE28, RMTE27","FL_124","RMTE15-female|RMTE18-female|RMTE25-female|RMTE3-female|RMTE30-female|RMTE22-female|RMTE6-female|RMTE19-female|RMTE31-female","","FL_109|FL_111|FL_97|FL_101|FL_98|FL_106|FL_102|FL_103","","vidInstructionSex|BedroomOral","vidInstructionNeut|ModernFamily","|sadness_1st|happy_1st|bored_1st|sex_arousal_1st","|sex_arosal_2nd|sadness_2nd|bored_2nd|happy_2nd",7.55,-0.702019919067346,"Sex_clip_1st",NA,NA,NA,1,NA,NA,1,NA,NA,1,NA,NA,NA,NA,NA,1,NA,1,1,1,NA,1,1,NA,NA,1,NA,1,1,1,1,1,NA,NA,1,1,NA,1,4,7,11,1,10,2,8,15,6,3,17,16,13,5,9,14,12,NA,NA,NA,NA,NA,NA,NA,NA,NA,NA,NA,NA,NA,NA,NA,NA,NA,NA,NA,"BedroomOral","ModernFamily","Sex_clip_1st",7,2,6,4,1,2,1,5,5,0.574186720222489,0.183287213615318,0.449392050070796
"5b36a113fb22f300017f6373","females","Neutral_clip","","100",605,"Yes","20","17.14","convinced","6.1","fantasizing","26.032","horrified","10.846","contemplative","10.592","doubtful","5.771","decisive","8.055","tentative","5.326","fantasizing","6.553","preoccupied","5.537","interested","13.376","cautious","5.6","interested","3.6","reflective","9.488","flirtatious","6.73","dispirited","9.538","aghast","5.758","nervous","","","","","","","","","","","","","","","","","","","","","","","","","","","","","","","","","","","","","","",3,1,4,2,6,7,5,5,3,"","yes",38,"Male","Heterosexual or straight","","No","",", RMTE27, RMTE29, RMTE28, RMTE34, RMTE30, RMTE3, RMTE6, RMTE35, RMTE18, RMTE31, RMTE21, RMTE15, RMTE19, RMTE17, RMTE22, RMTE25, RMTE9","FL_124","RMTE27-female|RMTE29-female|RMTE28-female|RMTE34-female|RMTE30-female|RMTE3-female|RMTE6-female|RMTE35-female|RMTE18-female","","FL_99|FL_106|FL_110|FL_107|FL_109|FL_105|FL_104|FL_111","","vidInstructionSex|SamTaylor","vidInstructionNeut|ModernFamily","|happy_1st|sadness_1st|bored_1st|sex_arousal_1st","|sadness_2nd|sex_arosal_2nd|happy_2nd|bored_2nd",10.0833333333333,-0.206144507759288,"Neutral_clip_1st",NA,NA,NA,0,NA,NA,1,NA,NA,0,NA,NA,NA,NA,NA,1,NA,1,1,1,NA,1,1,NA,NA,1,NA,1,1,1,1,0,NA,NA,0,1,NA,0.764705882352941,6,7,17,12,14,9,13,11,15,16,1,3,2,5,10,4,8,NA,NA,NA,NA,NA,NA,NA,NA,NA,NA,NA,NA,NA,NA,NA,NA,NA,NA,NA,"SamTaylor","ModernFamily","Neutral_clip_1st",7,1,5,4,5,2,3,6,6,0.574186720222489,-0.605644705859313,0.878209524355217
"5b68c9eb87af310001584803","females","Neutral_clip","","100",594,"Yes","20","3.716","desire","2.118","alarmed","3.794","preoccupied","3.709","contemplative","3.098","doubtful","3.877","decisive","143.427","sarcastic","2.329","fantasizing","2.549","imploring","2.337","panicked","2.438","cautious","3.2","interested","3.542","reflective","1.847","flirtatious","3.009","dispirited","2.498","terrified","2.223","nervous","","","","","","","","","","","","","","","","","","","","","","","","","","","","","","","","","","","","","","",7,1,8,1,1,6,2,1,4,"","yes",25,"Male","Heterosexual or straight","","No","na",", RMTE28, RMTE30, RMTE35, RMTE29, RMTE15, RMTE22, RMTE17, RMTE3, RMTE27, RMTE21, RMTE34, RMTE18, RMTE6, RMTE31, RMTE19, RMTE25, RMTE9","FL_124","RMTE28-female|RMTE30-female|RMTE35-female|RMTE29-female|RMTE15-female|RMTE22-female|RMTE17-female|RMTE3-female|RMTE27-female","","FL_106|FL_98|FL_108|FL_112|FL_99|FL_107|FL_104|FL_111","","vidInstructionSex|SamTaylor","vidInstructionNeut|WallE","|happy_1st|sadness_1st|bored_1st|sex_arousal_1st","|sex_arosal_2nd|happy_2nd|sadness_2nd|bored_2nd",9.9,-0.242030228314477,"Neutral_clip_1st",NA,NA,NA,1,NA,NA,0,NA,NA,1,NA,NA,NA,NA,NA,1,NA,1,1,0,NA,1,0,NA,NA,0,NA,1,1,1,1,0,NA,NA,0,1,NA,0.647058823529412,8,13,17,5,7,12,15,10,6,16,9,1,4,2,14,11,3,NA,NA,NA,NA,NA,NA,NA,NA,NA,NA,NA,NA,NA,NA,NA,NA,NA,NA,NA,"SamTaylor","WallE","Neutral_clip_1st",6,1,2,8,1,1,4,1,5,0.125709518628592,-0.605644705859313,0.449392050070796
"5b74411d95d7040001fed474","females","Sex_clip","","100",589,"Yes","20","8.845","convinced","10.086","fantasizing","5.906","preoccupied","6.835","contemplative","6.961","doubtful","6.653","decisive","9.37","tentative","5.87","fantasizing","8.909","preoccupied","6.048","interested","4.744","cautious","5.656","interested","6.277","reflective","4.492","flirtatious","4.31","confident","10.938","baffled","7.008","contemplative","","","","","","","","","","","","","","","","","","","","","","","","","","","","","","","","","","","","","","",7,7,6,2,2,2,4,3,3,"","yes",49,"Male","Heterosexual or straight","","No","",", RMTE19, RMTE22, RMTE35, RMTE21, RMTE25, RMTE17, RMTE15, RMTE18, RMTE9, RMTE3, RMTE6, RMTE29, RMTE28, RMTE27, RMTE31, RMTE34, RMTE30","FL_124","RMTE19-female|RMTE22-female|RMTE35-female|RMTE21-female|RMTE25-female|RMTE17-female|RMTE15-female|RMTE18-female|RMTE9-female","","FL_95|FL_112|FL_101|FL_102|FL_103|FL_99|FL_98|FL_100","","vidInstructionSex|FloorSex","vidInstructionNeut|MadMen","|happy_1st|sadness_1st|sex_arousal_1st|bored_1st","|sadness_2nd|bored_2nd|sex_arosal_2nd|happy_2nd",9.81666666666667,-0.258341919475926,"Sex_clip_1st",NA,NA,NA,0,NA,NA,1,NA,NA,1,NA,NA,NA,NA,NA,1,NA,1,1,1,NA,1,1,NA,NA,1,NA,1,1,1,1,1,NA,NA,0,0,NA,0.823529411764706,10,11,9,7,6,8,1,4,2,5,14,13,12,17,15,16,3,NA,NA,NA,NA,NA,NA,NA,NA,NA,NA,NA,NA,NA,NA,NA,NA,NA,NA,NA,"FloorSex","MadMen","Sex_clip_1st",7,2,6,4,2,3,2,3,5,0.574186720222489,0.183287213615318,0.449392050070796
"5b798bd4ae3bc00001387d4c","females","Neutral_clip","","100",556,"Yes","20","4.198","desire","5.932","fantasizing","6.286","preoccupied","3.78","flustered","5.864","playful","3.846","decisive","4.641","tentative","3.759","fantasizing","7.671","preoccupied","3.78","interested","4.144","cautious","3.837","affectionate","5.219","reflective","3.183","flirtatious","3.5","confident","4.836","distrustful","3.11","contemplative","","","","","","","","","","","","","","","","","","","","","","","","","","","","","","","","","","","","","","",3,2,5,4,7,7,6,2,3,"","yes",46,"Male","Heterosexual or straight","","No","",", RMTE9, RMTE22, RMTE17, RMTE31, RMTE19, RMTE25, RMTE21, RMTE18, RMTE35, RMTE15, RMTE34, RMTE27, RMTE3, RMTE6, RMTE28, RMTE30, RMTE29","FL_124","RMTE9-female|RMTE22-female|RMTE17-female|RMTE31-female|RMTE19-female|RMTE25-female|RMTE21-female|RMTE18-female|RMTE35-female","","FL_110|FL_98|FL_103|FL_95|FL_112|FL_102|FL_100|FL_101","","vidInstructionSex|SamTaylor","vidInstructionNeut|WallE","|sex_arousal_1st|bored_1st|happy_1st|sadness_1st","|sex_arosal_2nd|bored_2nd|happy_2nd|sadness_2nd",9.26666666666667,-0.365999081141491,"Neutral_clip_1st",NA,NA,NA,1,NA,NA,1,NA,NA,1,NA,NA,NA,NA,NA,0,NA,0,1,1,NA,1,1,NA,NA,1,NA,1,0,1,1,1,NA,NA,1,0,NA,0.764705882352941,13,14,1,10,3,8,5,7,2,6,12,15,17,16,4,11,9,NA,NA,NA,NA,NA,NA,NA,NA,NA,NA,NA,NA,NA,NA,NA,NA,NA,NA,NA,"SamTaylor","WallE","Neutral_clip_1st",7,2,6,5,2,4,3,7,5,0.574186720222489,0.183287213615318,0.449392050070796
"5b8bfff214e8c60001052fbd","females","Sex_clip","","100",751,"Yes","20","10.416","desire","9.948","alarmed","6.57","preoccupied","17.121","amused","7.7","affectionate","7.32","decisive","7.908","grateful","34.333","fantasizing","7.075","preoccupied","8.652","interested","10.473","reassuring","8.787","interested","9.141","reflective","10.349","flirtatious","21.544","confident","11.467","distrustful","15.278","insisting","","","","","","","","","","","","","","","","","","","","","","","","","","","","","","","","","","","","","","",5,8,5,2,2,2,5,2,7,"","yes",33,"Male","Heterosexual or straight","","No","",", RMTE27, RMTE29, RMTE25, RMTE15, RMTE21, RMTE35, RMTE6, RMTE22, RMTE31, RMTE30, RMTE9, RMTE18, RMTE3, RMTE17, RMTE34, RMTE28, RMTE19","FL_124","RMTE27-female|RMTE29-female|RMTE25-female|RMTE15-female|RMTE21-female|RMTE35-female|RMTE6-female|RMTE22-female|RMTE31-female","","FL_100|FL_111|FL_108|FL_95|FL_109|FL_98|FL_102|FL_107","","vidInstructionSex|SamTaylor","vidInstructionNeut|MadMen","|sex_arousal_1st|sadness_1st|bored_1st|happy_1st","|happy_2nd|sex_arosal_2nd|sadness_2nd|bored_2nd",12.5166666666667,0.27015687415503,"Sex_clip_1st",NA,NA,NA,1,NA,NA,0,NA,NA,1,NA,NA,NA,NA,NA,0,NA,0,1,0,NA,1,1,NA,NA,1,NA,0,1,1,1,1,NA,NA,1,0,NA,0.647058823529412,13,7,11,4,14,12,17,5,8,3,1,16,2,10,9,15,6,NA,NA,NA,NA,NA,NA,NA,NA,NA,NA,NA,NA,NA,NA,NA,NA,NA,NA,NA,"SamTaylor","MadMen","Sex_clip_1st",8,2,5,5,2,2,2,7,6,1.02266392181639,0.183287213615318,0.878209524355217
"5b91b40257131100016a3b87","females","Neutral_clip","","100",707,"Yes","20","23.812","convinced","9.248","fantasizing","8.616","preoccupied","9.096","contemplative","16.806","affectionate","7.987","decisive","18.263","tentative","8.679","fantasizing","7.41","preoccupied","13.774","interested","9.346","cautious","11.079","affectionate","7.466","reflective","7.938","flirtatious","14.161","confident","9.195","distrustful","11.878","nervous","","","","","","","","","","","","","","","","","","","","","","","","","","","","","","","","","","","","","","",6,1,4,2,3,9,8,1,1,"","yes",35,"Male","Heterosexual or straight","","No","",", RMTE31, RMTE17, RMTE25, RMTE3, RMTE27, RMTE18, RMTE29, RMTE34, RMTE22, RMTE35, RMTE6, RMTE30, RMTE19, RMTE21, RMTE28, RMTE9, RMTE15","FL_124","RMTE31-female|RMTE17-female|RMTE25-female|RMTE3-female|RMTE27-female|RMTE18-female|RMTE29-female|RMTE34-female|RMTE22-female","","FL_97|FL_112|FL_100|FL_107|FL_106|FL_102|FL_111|FL_110","","vidInstructionSex|FloorSex","vidInstructionNeut|MadMen","|sex_arousal_1st|sadness_1st|happy_1st|bored_1st","|sadness_2nd|happy_2nd|bored_2nd|sex_arosal_2nd",11.7833333333333,0.126613991934276,"Neutral_clip_1st",NA,NA,NA,0,NA,NA,1,NA,NA,1,NA,NA,NA,NA,NA,1,NA,0,1,1,NA,1,1,NA,NA,1,NA,1,0,1,1,1,NA,NA,1,1,NA,0.823529411764706,4,11,16,17,2,6,13,14,9,3,5,15,7,12,1,8,10,NA,NA,NA,NA,NA,NA,NA,NA,NA,NA,NA,NA,NA,NA,NA,NA,NA,NA,NA,"FloorSex","MadMen","Neutral_clip_1st",9,1,8,4,1,2,1,3,8,1.47114112341028,-0.605644705859313,1.73584447292406
"5b9f891552b01e00010c0213","females","Sex_clip","","100",567,"Yes","20","5.098","desire","10.747","fantasizing","5.133","preoccupied","4.093","contemplative","5.711","doubtful","4.166","decisive","3.926","tentative","4.913","fantasizing","4.345","preoccupied","8.724","interested","8.64","cautious","9.826","interested","6.125","irritated","5.354","flirtatious","4.454","confident","7.785","baffled","6.085","nervous","","","","","","","","","","","","","","","","","","","","","","","","","","","","","","","","","","","","","","",6,2,4,2,4,1,4,1,2,"","yes",43,"Male","Heterosexual or straight","","No","",", RMTE6, RMTE9, RMTE17, RMTE15, RMTE34, RMTE22, RMTE31, RMTE3, RMTE28, RMTE30, RMTE29, RMTE18, RMTE21, RMTE19, RMTE35, RMTE25, RMTE27","FL_124","RMTE6-female|RMTE9-female|RMTE17-female|RMTE15-female|RMTE34-female|RMTE22-female|RMTE31-female|RMTE3-female|RMTE28-female","","FL_100|FL_101|FL_108|FL_106|FL_107|FL_97|FL_104|FL_103","","vidInstructionSex|FloorSex","vidInstructionNeut|WallE","|sex_arousal_1st|happy_1st|bored_1st|sadness_1st","|sex_arosal_2nd|sadness_2nd|bored_2nd|happy_2nd",9.45,-0.330113360586303,"Sex_clip_1st",NA,NA,NA,1,NA,NA,1,NA,NA,1,NA,NA,NA,NA,NA,1,NA,1,1,1,NA,1,1,NA,NA,1,NA,1,1,0,1,1,NA,NA,0,1,NA,0.882352941176471,8,1,2,4,3,12,14,13,6,16,17,9,11,10,7,5,15,NA,NA,NA,NA,NA,NA,NA,NA,NA,NA,NA,NA,NA,NA,NA,NA,NA,NA,NA,"FloorSex","WallE","Sex_clip_1st",2,1,4,4,2,1,4,2,1,-1.66819928774699,-0.605644705859313,-1.26587784706689
"5bb62f1a3e969700019bd44d","females","Neutral_clip","","100",655,"Yes","20","6.98","flustered","11.961","alarmed","11.729","preoccupied","6.342","flustered","6.282","doubtful","7.32","decisive","9.377","tentative","11.479","fantasizing","5.606","preoccupied","6.779","panicked","10.709","cautious","10.489","interested","6.545","reflective","6.22","flirtatious","5.323","confident","17.703","baffled","10.8","nervous","","","","","","","","","","","","","","","","","","","","","","","","","","","","","","","","","","","","","","",4,1,5,1,3,2,4,1,5,"","yes",41,"Male","Heterosexual or straight","","No","",", RMTE27, RMTE30, RMTE15, RMTE18, RMTE3, RMTE25, RMTE22, RMTE35, RMTE34, RMTE19, RMTE21, RMTE29, RMTE17, RMTE6, RMTE31, RMTE9, RMTE28","FL_124","RMTE27-female|RMTE30-female|RMTE15-female|RMTE18-female|RMTE3-female|RMTE25-female|RMTE22-female|RMTE35-female|RMTE34-female","","FL_107|FL_106|FL_101|FL_109|FL_112|FL_99|FL_111|FL_102","","vidInstructionSex|FloorSex","vidInstructionNeut|MadMen","|bored_1st|sex_arousal_1st|happy_1st|sadness_1st","|happy_2nd|sex_arosal_2nd|bored_2nd|sadness_2nd",10.9166666666667,-0.0430275961447958,"Neutral_clip_1st",NA,NA,NA,0,NA,NA,0,NA,NA,1,NA,NA,NA,NA,NA,0,NA,1,1,1,NA,1,1,NA,NA,0,NA,1,1,1,1,1,NA,NA,0,1,NA,0.705882352941177,5,14,16,3,13,4,10,11,7,6,1,17,12,2,15,9,8,NA,NA,NA,NA,NA,NA,NA,NA,NA,NA,NA,NA,NA,NA,NA,NA,NA,NA,NA,"FloorSex","MadMen","Neutral_clip_1st",2,1,4,5,1,1,5,3,1,-1.66819928774699,-0.605644705859313,-1.26587784706689
"5bb775b0f1f9ba000140e7b3","females","Neutral_clip","","100",426,"Yes","20","3.666","desire","3.066","fantasizing","2.991","preoccupied","4.629","encouraging","2.672","affectionate","4.796","bored","6.279","grateful","4.167","fantasizing","4.043","grateful","2.091","incredulous","2.846","cautious","3.691","interested","2.12","reflective","2.844","flirtatious","2.592","confident","4.133","distrustful","2.027","contemplative","","","","","","","","","","","","","","","","","","","","","","","","","","","","","","","","","","","","","","",4,1,9,1,1,1,1,1,9,"","yes",40,"Male","Heterosexual or straight","","No","",", RMTE30, RMTE9, RMTE15, RMTE3, RMTE21, RMTE31, RMTE18, RMTE28, RMTE19, RMTE6, RMTE29, RMTE34, RMTE25, RMTE35, RMTE17, RMTE22, RMTE27","FL_124","RMTE30-female|RMTE9-female|RMTE15-female|RMTE3-female|RMTE21-female|RMTE31-female|RMTE18-female|RMTE28-female|RMTE19-female","","FL_112|FL_101|FL_98|FL_104|FL_97|FL_109|FL_105|FL_103","","vidInstructionSex|FloorSex","vidInstructionNeut|ModernFamily","|sadness_1st|bored_1st|sex_arousal_1st|happy_1st","|sadness_2nd|sex_arosal_2nd|bored_2nd|happy_2nd",7.1,-0.790103051339172,"Neutral_clip_1st",NA,NA,NA,1,NA,NA,1,NA,NA,1,NA,NA,NA,NA,NA,0,NA,0,0,0,NA,1,0,NA,NA,0,NA,1,1,1,1,1,NA,NA,1,0,NA,0.588235294117647,4,10,2,3,15,7,9,5,16,13,17,8,11,1,6,12,14,NA,NA,NA,NA,NA,NA,NA,NA,NA,NA,NA,NA,NA,NA,NA,NA,NA,NA,NA,"FloorSex","ModernFamily","Neutral_clip_1st",1,1,1,9,1,1,9,1,0,-2.11667648934089,-0.605644705859313,-1.69469532135131
"5bbcc67dac45e6000131f9a7","females","Sex_clip","","100",581,"Yes","20","15.722","convinced","18.734","fantasizing","10.601","preoccupied","6.222","contemplative","8.779","doubtful","7.144","decisive","10.227","tentative","11.012","fantasizing","9.728","preoccupied","11.538","interested","10.601","cautious","13.42","interested","9.941","impatient","9.63","flirtatious","6.393","confident","10.499","baffled","11.623","nervous","","","","","","","","","","","","","","","","","","","","","","","","","","","","","","","","","","","","","","",6,5,4,1,1,1,2,5,3,"","yes",29,"Male","Heterosexual or straight","","No","",", RMTE30, RMTE19, RMTE25, RMTE15, RMTE22, RMTE29, RMTE3, RMTE35, RMTE27, RMTE9, RMTE31, RMTE18, RMTE28, RMTE6, RMTE21, RMTE17, RMTE34","FL_124","RMTE30-female|RMTE19-female|RMTE25-female|RMTE15-female|RMTE22-female|RMTE29-female|RMTE3-female|RMTE35-female|RMTE27-female","","FL_111|FL_99|FL_108|FL_102|FL_112|FL_106|FL_109|FL_98","","vidInstructionSex|SamTaylor","vidInstructionNeut|ModernFamily","|sadness_1st|bored_1st|happy_1st|sex_arousal_1st","|sadness_2nd|happy_2nd|sex_arosal_2nd|bored_2nd",9.68333333333333,-0.284440625334245,"Sex_clip_1st",NA,NA,NA,0,NA,NA,1,NA,NA,1,NA,NA,NA,NA,NA,1,NA,1,1,1,NA,1,1,NA,NA,1,NA,1,1,0,1,1,NA,NA,0,1,NA,0.823529411764706,7,14,10,4,16,12,2,15,5,3,9,13,6,1,11,17,8,NA,NA,NA,NA,NA,NA,NA,NA,NA,NA,NA,NA,NA,NA,NA,NA,NA,NA,NA,"SamTaylor","ModernFamily","Sex_clip_1st",5,1,4,2,1,5,1,3,4,-0.322767682965304,-0.605644705859313,0.0205745757863738
"5bc772a554b3bc0001a33bde","females","Neutral_clip","","100",458,"Yes","20","3.497","desire","5.435","fantasizing","3.437","preoccupied","2.456","contemplative","4.941","playful","4.164","decisive","5.298","tentative","4.489","fantasizing","5.166","preoccupied","2.516","interested","6.86","reassuring","4.41","interested","4.51","reflective","2.016","flirtatious","2.852","confident","3.741","distrustful","4.977","contemplative","","","","","","","","","","","","","","","","","","","","","","","","","","","","","","","","","","","","","","",7,1,5,5,8,9,7,1,1,"","yes",28,"Male","Heterosexual or straight","","No","",", RMTE27, RMTE17, RMTE22, RMTE34, RMTE35, RMTE21, RMTE29, RMTE28, RMTE18, RMTE6, RMTE25, RMTE15, RMTE9, RMTE3, RMTE30, RMTE19, RMTE31","FL_124","RMTE27-female|RMTE17-female|RMTE22-female|RMTE34-female|RMTE35-female|RMTE21-female|RMTE29-female|RMTE28-female|RMTE18-female","","FL_112|FL_104|FL_110|FL_111|FL_95|FL_100|FL_107|FL_99","","vidInstructionSex|SamTaylor","vidInstructionNeut|WallE","|bored_1st|sadness_1st|sex_arousal_1st|happy_1st","|bored_2nd|sadness_2nd|happy_2nd|sex_arosal_2nd",7.63333333333333,-0.685708227905896,"Neutral_clip_1st",NA,NA,NA,1,NA,NA,1,NA,NA,1,NA,NA,NA,NA,NA,1,NA,0,1,1,NA,1,1,NA,NA,1,NA,0,1,1,1,1,NA,NA,1,0,NA,0.823529411764706,14,10,13,12,2,9,16,6,3,11,1,8,7,15,17,4,5,NA,NA,NA,NA,NA,NA,NA,NA,NA,NA,NA,NA,NA,NA,NA,NA,NA,NA,NA,"SamTaylor","WallE","Neutral_clip_1st",9,1,7,5,1,5,1,8,8,1.47114112341028,-0.605644705859313,1.73584447292406
"5be742dd0e366e000175c8ba","females","Neutral_clip","","100",1205,"Yes","20","3.714","desire","3.643","impatient","3.321","annoyed","7.293","contemplative","16.43","affectionate","5.163","bored","15.662","grateful","4.38","fantasizing","3.857","preoccupied","2.565","interested","5.6","reassuring","4.582","interested","3.281","reflective","5.028","disappointed","5.912","confident","7.703","baffled","5.511","contemplative","","","","","","","","","","","","","","","","","","","","","","","","","","","","","","","","","","","","","","",5,1,6,6,6,5,3,3,2,"","yes",21,"Male","Heterosexual or straight","","No","",", RMTE21, RMTE35, RMTE22, RMTE31, RMTE17, RMTE27, RMTE34, RMTE3, RMTE19, RMTE29, RMTE9, RMTE28, RMTE6, RMTE15, RMTE18, RMTE25, RMTE30","FL_124","RMTE21-female|RMTE35-female|RMTE22-female|RMTE31-female|RMTE17-female|RMTE27-female|RMTE34-female|RMTE3-female|RMTE19-female","","FL_101|FL_111|FL_102|FL_112|FL_110|FL_108|FL_104|FL_100","","vidInstructionSex|BedroomOral","vidInstructionNeut|WallE","|happy_1st|sadness_1st|sex_arousal_1st|bored_1st","|happy_2nd|sex_arosal_2nd|sadness_2nd|bored_2nd",20.0833333333333,1.75125843161462,"Neutral_clip_1st",NA,NA,NA,1,NA,NA,0,NA,NA,0,NA,NA,NA,NA,NA,1,NA,0,0,0,NA,1,1,NA,NA,1,NA,0,1,1,0,1,NA,NA,0,0,NA,0.470588235294118,8,13,11,14,5,15,9,1,3,16,6,12,10,17,4,7,2,NA,NA,NA,NA,NA,NA,NA,NA,NA,NA,NA,NA,NA,NA,NA,NA,NA,NA,NA,"BedroomOral","WallE","Neutral_clip_1st",5,1,3,6,3,6,2,6,4,-0.322767682965304,-0.605644705859313,0.0205745757863738
"5bf571c7d944c300012629cf","females","Neutral_clip","","100",458,"Yes","20","5.402","desire","5.51","aghast","11.218","annoyed","5.367","amused","6.831","affectionate","9.118","decisive","7.641","tentative","7.906","fantasizing","8.735","imploring","3.064","interested","9.05","cautious","5.841","affectionate","6.609","reflective","5.863","flirtatious","5.348","confident","7.612","baffled","8.05","insisting","","","","","","","","","","","","","","","","","","","","","","","","","","","","","","","","","","","","","","",6,1,9,1,1,9,9,1,1,"","yes",41,"Male","Heterosexual or straight","","No","",", RMTE9, RMTE27, RMTE34, RMTE35, RMTE17, RMTE29, RMTE22, RMTE3, RMTE30, RMTE18, RMTE15, RMTE25, RMTE21, RMTE19, RMTE31, RMTE6, RMTE28","FL_124","RMTE9-female|RMTE27-female|RMTE34-female|RMTE35-female|RMTE17-female|RMTE29-female|RMTE22-female|RMTE3-female|RMTE30-female","","FL_108|FL_110|FL_104|FL_106|FL_107|FL_99|FL_112|FL_102","","vidInstructionSex|SamTaylor","vidInstructionNeut|ModernFamily","|sadness_1st|happy_1st|bored_1st|sex_arousal_1st","|sadness_2nd|sex_arosal_2nd|happy_2nd|bored_2nd",7.63333333333333,-0.685708227905896,"Neutral_clip_1st",NA,NA,NA,1,NA,NA,0,NA,NA,0,NA,NA,NA,NA,NA,0,NA,0,1,1,NA,1,0,NA,NA,1,NA,1,0,1,1,1,NA,NA,0,0,NA,0.529411764705882,8,16,1,11,5,10,14,13,7,12,2,17,6,9,15,3,4,NA,NA,NA,NA,NA,NA,NA,NA,NA,NA,NA,NA,NA,NA,NA,NA,NA,NA,NA,"SamTaylor","ModernFamily","Neutral_clip_1st",9,1,9,9,1,1,1,1,8,1.47114112341028,-0.605644705859313,1.73584447292406
"5bfd2d6b8acfed00011a5c89","females","Neutral_clip","","100",584,"Yes","20","10.385","convinced","7.917","impatient","10.145","preoccupied","6.594","contemplative","15.497","doubtful","7.172","decisive","13.885","tentative","7.557","fantasizing","6.788","preoccupied","12.277","interested","7.961","cautious","8.628","interested","6.933","reflective","10.795","flirtatious","8.333","confident","10.517","distrustful","11.254","nervous","","","","","","","","","","","","","","","","","","","","","","","","","","","","","","","","","","","","","","",2,1,1,7,3,7,7,1,1,"","yes",44,"Male","Heterosexual or straight","","No","",", RMTE19, RMTE9, RMTE17, RMTE25, RMTE15, RMTE31, RMTE30, RMTE6, RMTE27, RMTE35, RMTE29, RMTE3, RMTE22, RMTE28, RMTE21, RMTE18, RMTE34","FL_124","RMTE19-female|RMTE9-female|RMTE17-female|RMTE25-female|RMTE15-female|RMTE31-female|RMTE30-female|RMTE6-female|RMTE27-female","","FL_97|FL_101|FL_95|FL_105|FL_102|FL_106|FL_108|FL_98","","vidInstructionSex|SamTaylor","vidInstructionNeut|MadMen","|sadness_1st|bored_1st|sex_arousal_1st|happy_1st","|sadness_2nd|bored_2nd|sex_arosal_2nd|happy_2nd",9.73333333333333,-0.274653610637375,"Neutral_clip_1st",NA,NA,NA,0,NA,NA,0,NA,NA,1,NA,NA,NA,NA,NA,1,NA,1,1,1,NA,1,1,NA,NA,1,NA,1,1,1,1,1,NA,NA,1,1,NA,0.882352941176471,12,8,2,5,3,16,1,15,13,4,9,14,11,7,6,17,10,NA,NA,NA,NA,NA,NA,NA,NA,NA,NA,NA,NA,NA,NA,NA,NA,NA,NA,NA,"SamTaylor","MadMen","Neutral_clip_1st",7,1,7,1,1,7,1,3,6,0.574186720222489,-0.605644705859313,0.878209524355217
"5c096cc8b57e9500015a18c2","females","Neutral_clip","","100",555,"Yes","20","3.354","convinced","3.207","fantasizing","4.066","preoccupied","3.006","contemplative","6.549","doubtful","2.724","decisive","5.433","arrogant","4.044","fantasizing","5.115","preoccupied","3.178","interested","3.616","cautious","5.696","interested","3.791","reflective","3.662","flirtatious","2.513","confident","6.719","baffled","6.494","insisting","","","","","","","","","","","","","","","","","","","","","","","","","","","","","","","","","","","","","","",7,2,8,3,3,7,7,2,2,"","yes",42,"Male","Heterosexual or straight","","No","",", RMTE22, RMTE3, RMTE21, RMTE6, RMTE35, RMTE15, RMTE17, RMTE28, RMTE19, RMTE9, RMTE18, RMTE27, RMTE30, RMTE25, RMTE31, RMTE34, RMTE29","FL_124","RMTE22-female|RMTE3-female|RMTE21-female|RMTE6-female|RMTE35-female|RMTE15-female|RMTE17-female|RMTE28-female|RMTE19-female","","FL_111|FL_108|FL_103|FL_100|FL_104|FL_99|FL_98|FL_101","","vidInstructionSex|FloorSex","vidInstructionNeut|MadMen","|happy_1st|bored_1st|sex_arousal_1st|sadness_1st","|happy_2nd|bored_2nd|sex_arosal_2nd|sadness_2nd",9.25,-0.369261419373781,"Neutral_clip_1st",NA,NA,NA,0,NA,NA,1,NA,NA,1,NA,NA,NA,NA,NA,1,NA,1,1,0,NA,1,1,NA,NA,1,NA,1,1,1,1,1,NA,NA,0,0,NA,0.764705882352941,2,4,10,6,7,11,9,3,1,14,12,8,17,13,15,16,5,NA,NA,NA,NA,NA,NA,NA,NA,NA,NA,NA,NA,NA,NA,NA,NA,NA,NA,NA,"FloorSex","MadMen","Neutral_clip_1st",7,2,7,8,2,3,2,3,5,0.574186720222489,0.183287213615318,0.449392050070796
"5c180a3ac59c17000167491e","females","Neutral_clip","","100",634,"Yes","20","8.889","convinced","7.533","fantasizing","5.092","preoccupied","8.103","contemplative","6.27","doubtful","5.665","decisive","5.945","tentative","13.893","confused","5.697","imploring","6.665","interested","4.38","cautious","6.557","interested","6.672","irritated","16.839","grateful","13.121","dispirited","8.573","distrustful","6.477","nervous","","","","","","","","","","","","","","","","","","","","","","","","","","","","","","","","","","","","","","",5,1,3,3,6,2,1,6,6,"","yes",34,"Male","Heterosexual or straight","","No","",", RMTE25, RMTE29, RMTE31, RMTE18, RMTE6, RMTE35, RMTE21, RMTE9, RMTE30, RMTE34, RMTE22, RMTE28, RMTE17, RMTE15, RMTE3, RMTE27, RMTE19","FL_124","RMTE25-female|RMTE29-female|RMTE31-female|RMTE18-female|RMTE6-female|RMTE35-female|RMTE21-female|RMTE9-female|RMTE30-female","","FL_98|FL_105|FL_102|FL_109|FL_110|FL_95|FL_103|FL_107","","vidInstructionSex|BedroomOral","vidInstructionNeut|WallE","|sadness_1st|bored_1st|happy_1st|sex_arousal_1st","|sadness_2nd|sex_arosal_2nd|happy_2nd|bored_2nd",10.5666666666667,-0.111536699022883,"Neutral_clip_1st",NA,NA,NA,0,NA,NA,1,NA,NA,1,NA,NA,NA,NA,NA,1,NA,1,1,1,NA,0,0,NA,NA,1,NA,1,1,0,0,0,NA,NA,1,1,NA,0.647058823529412,15,5,8,14,13,4,17,7,11,1,16,12,2,9,3,10,6,NA,NA,NA,NA,NA,NA,NA,NA,NA,NA,NA,NA,NA,NA,NA,NA,NA,NA,NA,"BedroomOral","WallE","Neutral_clip_1st",2,1,1,3,6,3,6,6,1,-1.66819928774699,-0.605644705859313,-1.26587784706689
"5c486bcb8e527100017f8bb3","females","Neutral_clip","","100",985,"Yes","20","3.517","desire","3.416","impatient","4.79","preoccupied","6.216","contemplative","3.48","doubtful","7.247","bored","2.178","tentative","4.033","fantasizing","2.658","preoccupied","2.077","interested","3.58","cautious","2.448","interested","3.149","impatient","3.742","flirtatious","2.272","confident","2.45","baffled","2.212","nervous","","","","","","","","","","","","","","","","","","","","","","","","","","","","","","","","","","","","","","",3,2,5,3,7,6,5,1,3,"","yes",45,"Male","Heterosexual or straight","","No","",", RMTE18, RMTE27, RMTE30, RMTE31, RMTE15, RMTE6, RMTE34, RMTE25, RMTE17, RMTE9, RMTE21, RMTE28, RMTE3, RMTE19, RMTE29, RMTE22, RMTE35","FL_124","RMTE18-female|RMTE27-female|RMTE30-female|RMTE31-female|RMTE15-female|RMTE6-female|RMTE34-female|RMTE25-female|RMTE17-female","","FL_111|FL_106|FL_102|FL_95|FL_107|FL_101|FL_105|FL_97","","vidInstructionSex|BedroomOral","vidInstructionNeut|MadMen","|sex_arousal_1st|sadness_1st|happy_1st|bored_1st","|bored_2nd|sex_arosal_2nd|sadness_2nd|happy_2nd",16.4166666666667,1.03354402051086,"Neutral_clip_1st",NA,NA,NA,1,NA,NA,0,NA,NA,1,NA,NA,NA,NA,NA,1,NA,1,0,1,NA,1,1,NA,NA,1,NA,1,1,0,1,1,NA,NA,0,1,NA,0.764705882352941,13,6,10,5,9,1,14,11,16,8,2,12,15,3,4,7,17,NA,NA,NA,NA,NA,NA,NA,NA,NA,NA,NA,NA,NA,NA,NA,NA,NA,NA,NA,"BedroomOral","MadMen","Neutral_clip_1st",6,2,5,5,1,3,3,7,4,0.125709518628592,0.183287213615318,0.0205745757863738
"5c51d4dcfd18da00011ac45f","females","Sex_clip","","100",543,"Yes","20","4.634","desire","11.598","aghast","6.527","preoccupied","4.95","flustered","5.744","doubtful","17.671","decisive","11.898","tentative","7.186","fantasizing","7.176","imploring","13.486","interested","5.123","cautious","10.171","contented","6.573","reflective","5.477","flirtatious","5.066","confident","4.599","baffled","3.892","puzzled","","","","","","","","","","","","","","","","","","","","","","","","","","","","","","","","","","","","","","",6,6,6,2,4,1,8,1,1,"Very much","yes",25,"Male","Heterosexual or straight","","No","",", RMTE9, RMTE31, RMTE34, RMTE3, RMTE17, RMTE35, RMTE30, RMTE27, RMTE28, RMTE29, RMTE21, RMTE6, RMTE18, RMTE19, RMTE22, RMTE15, RMTE25","FL_124","RMTE9-female|RMTE31-female|RMTE34-female|RMTE3-female|RMTE17-female|RMTE35-female|RMTE30-female|RMTE27-female|RMTE28-female","","FL_101|FL_106|FL_112|FL_108|FL_107|FL_105|FL_110|FL_104","","vidInstructionSex|BedroomOral","vidInstructionNeut|ModernFamily","|sex_arousal_1st|sadness_1st|bored_1st|happy_1st","|sex_arosal_2nd|happy_2nd|bored_2nd|sadness_2nd",9.05,-0.408409478161259,"Sex_clip_1st",NA,NA,NA,1,NA,NA,0,NA,NA,1,NA,NA,NA,NA,NA,0,NA,1,1,1,NA,1,0,NA,NA,1,NA,1,0,1,1,1,NA,NA,0,0,NA,0.647058823529412,4,12,1,16,5,13,14,11,15,17,8,9,10,7,2,3,6,NA,NA,NA,NA,NA,NA,NA,NA,NA,NA,NA,NA,NA,NA,NA,NA,NA,NA,NA,"BedroomOral","ModernFamily","Sex_clip_1st",6,1,6,8,2,1,4,1,5,0.125709518628592,-0.605644705859313,0.449392050070796
"5c58bb2ce9813700018b0b88","females","Sex_clip","","100",530,"Yes","20","8.226","desire","9.899","impatient","8.492","hostile","4.974","contemplative","5.976","doubtful","12.646","decisive","9.302","tentative","5.232","fantasizing","3.588","preoccupied","6.901","despondent","4.909","cautious","9.288","joking","8.978","reflective","3.9","flirtatious","7.936","confident","13.469","distrustful","6.526","insisting","","","","","","","","","","","","","","","","","","","","","","","","","","","","","","","","","","","","","","",3,4,7,1,4,1,6,2,7,"","yes",32,"Male","Heterosexual or straight","","No","",", RMTE18, RMTE34, RMTE29, RMTE27, RMTE25, RMTE6, RMTE19, RMTE15, RMTE21, RMTE3, RMTE30, RMTE9, RMTE17, RMTE22, RMTE35, RMTE31, RMTE28","FL_124","RMTE18-female|RMTE34-female|RMTE29-female|RMTE27-female|RMTE25-female|RMTE6-female|RMTE19-female|RMTE15-female|RMTE21-female","","FL_95|FL_100|FL_111|FL_109|FL_105|FL_97|FL_99|FL_102","","vidInstructionSex|BedroomOral","vidInstructionNeut|MadMen","|happy_1st|sex_arousal_1st|bored_1st|sadness_1st","|bored_2nd|sadness_2nd|sex_arosal_2nd|happy_2nd",8.83333333333333,-0.450819875181027,"Sex_clip_1st",NA,NA,NA,1,NA,NA,0,NA,NA,0,NA,NA,NA,NA,NA,1,NA,1,1,1,NA,1,1,NA,NA,0,NA,1,0,1,1,1,NA,NA,1,0,NA,0.705882352941177,10,6,12,8,13,1,7,9,14,5,4,17,3,11,16,2,15,NA,NA,NA,NA,NA,NA,NA,NA,NA,NA,NA,NA,NA,NA,NA,NA,NA,NA,NA,"BedroomOral","MadMen","Sex_clip_1st",4,1,7,6,1,2,4,7,3,-0.771244884559201,-0.605644705859313,-0.408242898498048
"5c59d7eef685da000181d28c","females","Sex_clip","","100",580,"Yes","20","9.146","convinced","7.923","fantasizing","5.761","horrified","7.118","contemplative","11.861","playful","7.5","decisive","4.866","tentative","9.621","fantasizing","10.987","preoccupied","7.236","interested","7.875","cautious","8.33","interested","8.622","reflective","5.237","flirtatious","14.58","confident","8.935","terrified","9.627","nervous","","","","","","","","","","","","","","","","","","","","","","","","","","","","","","","","","","","","","","",2,1,3,1,8,1,8,3,2,"","yes",27,"Male","Heterosexual or straight","","No","",", RMTE22, RMTE17, RMTE6, RMTE9, RMTE21, RMTE28, RMTE18, RMTE19, RMTE35, RMTE15, RMTE29, RMTE27, RMTE30, RMTE31, RMTE34, RMTE25, RMTE3","FL_124","RMTE22-female|RMTE17-female|RMTE6-female|RMTE9-female|RMTE21-female|RMTE28-female|RMTE18-female|RMTE19-female|RMTE35-female","","FL_110|FL_101|FL_103|FL_100|FL_99|FL_98|FL_104|FL_95","","vidInstructionSex|FloorSex","vidInstructionNeut|WallE","|bored_1st|happy_1st|sex_arousal_1st|sadness_1st","|happy_2nd|sex_arosal_2nd|bored_2nd|sadness_2nd",9.66666666666667,-0.287702963566535,"Sex_clip_1st",NA,NA,NA,0,NA,NA,1,NA,NA,0,NA,NA,NA,NA,NA,1,NA,0,1,1,NA,1,1,NA,NA,1,NA,1,1,1,1,1,NA,NA,0,1,NA,0.764705882352941,17,3,4,10,2,7,8,5,1,16,12,6,11,13,14,15,9,NA,NA,NA,NA,NA,NA,NA,NA,NA,NA,NA,NA,NA,NA,NA,NA,NA,NA,NA,"FloorSex","WallE","Sex_clip_1st",1,1,3,8,1,3,8,2,0,-2.11667648934089,-0.605644705859313,-1.69469532135131
"5c5da3b159ec1d0001fe5606","females","Neutral_clip","","100",639,"Yes","20","15.979","desire","10.74","impatient","5.42","preoccupied","6.129","contemplative","11.399","doubtful","11.315","decisive","12.091","tentative","5.258","fantasizing","6.461","preoccupied","17.973","interested","10.21","cautious","23.748","affectionate","8.097","reflective","6.493","flirtatious","15.632","confident","22.543","distrustful","6.439","nervous","","","","","","","","","","","","","","","","","","","","","","","","","","","","","","","","","","","","","","",4,2,3,1,2,6,4,1,1,"","yes",30,"Male","Heterosexual or straight","","No","",", RMTE34, RMTE17, RMTE6, RMTE22, RMTE15, RMTE28, RMTE30, RMTE25, RMTE18, RMTE29, RMTE31, RMTE21, RMTE9, RMTE35, RMTE3, RMTE27, RMTE19","FL_124","RMTE34-female|RMTE17-female|RMTE6-female|RMTE22-female|RMTE15-female|RMTE28-female|RMTE30-female|RMTE25-female|RMTE18-female","","FL_101|FL_99|FL_106|FL_111|FL_97|FL_95|FL_103|FL_107","","vidInstructionSex|SamTaylor","vidInstructionNeut|MadMen","|bored_1st|sex_arousal_1st|sadness_1st|happy_1st","|happy_2nd|sex_arosal_2nd|sadness_2nd|bored_2nd",10.65,-0.0952250078614334,"Neutral_clip_1st",NA,NA,NA,1,NA,NA,0,NA,NA,1,NA,NA,NA,NA,NA,1,NA,1,1,1,NA,1,1,NA,NA,1,NA,1,0,1,1,1,NA,NA,1,1,NA,0.882352941176471,15,3,13,5,2,9,17,12,4,8,16,6,10,7,11,1,14,NA,NA,NA,NA,NA,NA,NA,NA,NA,NA,NA,NA,NA,NA,NA,NA,NA,NA,NA,"SamTaylor","MadMen","Neutral_clip_1st",6,2,4,3,1,1,1,2,4,0.125709518628592,0.183287213615318,0.0205745757863738
"5c61dc8d24035400014b63da","females","Neutral_clip","","100",756,"Yes","20","4.104","convinced","7.409","fantasizing","3.834","preoccupied","9.001","contemplative","11.086","doubtful","5.733","bored","7.052","tentative","6.029","confused","8.606","preoccupied","5.037","interested","4.867","cautious","3.94","contented","3.59","reflective","6.56","hostile","4.636","dispirited","6.503","distrustful","4.058","puzzled","","","","","","","","","","","","","","","","","","","","","","","","","","","","","","","","","","","","","","",5,1,7,3,3,6,5,3,5,"","yes",39,"Male","Heterosexual or straight","","No","",", RMTE17, RMTE19, RMTE18, RMTE34, RMTE22, RMTE9, RMTE15, RMTE25, RMTE28, RMTE31, RMTE21, RMTE35, RMTE27, RMTE30, RMTE29, RMTE3, RMTE6","FL_124","RMTE17-female|RMTE19-female|RMTE18-female|RMTE34-female|RMTE22-female|RMTE9-female|RMTE15-female|RMTE25-female|RMTE28-female","","FL_99|FL_106|FL_97|FL_103|FL_100|FL_101|FL_95|FL_112","","vidInstructionSex|BedroomOral","vidInstructionNeut|WallE","|happy_1st|bored_1st|sex_arousal_1st|sadness_1st","|bored_2nd|sadness_2nd|happy_2nd|sex_arosal_2nd",12.6,0.286468565316479,"Neutral_clip_1st",NA,NA,NA,0,NA,NA,1,NA,NA,1,NA,NA,NA,NA,NA,1,NA,1,0,1,NA,0,1,NA,NA,1,NA,1,0,1,0,0,NA,NA,1,0,NA,0.588235294117647,16,17,6,7,1,3,2,11,5,8,13,9,15,14,10,4,12,NA,NA,NA,NA,NA,NA,NA,NA,NA,NA,NA,NA,NA,NA,NA,NA,NA,NA,NA,"BedroomOral","WallE","Neutral_clip_1st",6,1,5,7,3,3,5,3,5,0.125709518628592,-0.605644705859313,0.449392050070796
"5c6d31b04e6ad40001f0b5c2","females","Neutral_clip","","100",508,"Yes","20","5.203","convinced","6.1","fantasizing","6.975","preoccupied","4.31","contemplative","3.641","doubtful","3.552","decisive","4.62","arrogant","6.466","fantasizing","3.814","imploring","7.384","despondent","5.936","cautious","8.448","interested","3.422","impatient","4.49","flirtatious","4.969","confident","10.811","terrified","7.884","nervous","","","","","","","","","","","","","","","","","","","","","","","","","","","","","","","","","","","","","","",5,1,1,1,6,7,2,1,1,"","yes",30,"Male","Heterosexual or straight","","No","",", RMTE35, RMTE30, RMTE17, RMTE31, RMTE27, RMTE21, RMTE6, RMTE25, RMTE9, RMTE15, RMTE22, RMTE28, RMTE19, RMTE18, RMTE29, RMTE3, RMTE34","FL_124","RMTE35-female|RMTE30-female|RMTE17-female|RMTE31-female|RMTE27-female|RMTE21-female|RMTE6-female|RMTE25-female|RMTE9-female","","FL_110|FL_105|FL_102|FL_107|FL_108|FL_101|FL_95|FL_98","","vidInstructionSex|BedroomOral","vidInstructionNeut|MadMen","|sex_arousal_1st|sadness_1st|bored_1st|happy_1st","|happy_2nd|sex_arosal_2nd|bored_2nd|sadness_2nd",8.46666666666667,-0.522591316291404,"Neutral_clip_1st",NA,NA,NA,0,NA,NA,1,NA,NA,1,NA,NA,NA,NA,NA,1,NA,1,1,0,NA,1,0,NA,NA,0,NA,1,1,0,1,1,NA,NA,0,1,NA,0.647058823529412,16,7,9,10,3,14,13,6,11,8,5,12,15,2,4,17,1,NA,NA,NA,NA,NA,NA,NA,NA,NA,NA,NA,NA,NA,NA,NA,NA,NA,NA,NA,"BedroomOral","MadMen","Neutral_clip_1st",7,1,2,1,1,1,1,6,6,0.574186720222489,-0.605644705859313,0.878209524355217
"5c8ba607c5366c0001d022cb","females","Sex_clip","","100",655,"Yes","20","11.711","desire","10.552","fantasizing","12.3","annoyed","10.437","contemplative","8.391","doubtful","12.389","bored","10.893","tentative","10.17","fantasizing","9.011","imploring","9.636","interested","9.075","cautious","10.568","interested","10.112","reflective","15.441","flirtatious","13.844","joking","17.798","distrustful","13.81","insisting","","","","","","","","","","","","","","","","","","","","","","","","","","","","","","","","","","","","","","",7,6,6,1,1,3,5,2,5,"","yes",36,"Male","Heterosexual or straight","","No","",", RMTE34, RMTE35, RMTE30, RMTE18, RMTE17, RMTE31, RMTE3, RMTE22, RMTE25, RMTE29, RMTE27, RMTE9, RMTE6, RMTE15, RMTE21, RMTE19, RMTE28","FL_124","RMTE34-female|RMTE35-female|RMTE30-female|RMTE18-female|RMTE17-female|RMTE31-female|RMTE3-female|RMTE22-female|RMTE25-female","","FL_101|FL_103|FL_111|FL_112|FL_110|FL_106|FL_107|FL_102","","vidInstructionSex|BedroomOral","vidInstructionNeut|ModernFamily","|bored_1st|sadness_1st|sex_arousal_1st|happy_1st","|happy_2nd|sex_arosal_2nd|bored_2nd|sadness_2nd",10.9166666666667,-0.0430275961447958,"Sex_clip_1st",NA,NA,NA,1,NA,NA,1,NA,NA,0,NA,NA,NA,NA,NA,1,NA,1,0,1,NA,1,0,NA,NA,1,NA,1,1,1,1,0,NA,NA,1,0,NA,0.705882352941177,7,13,12,14,5,4,16,15,8,9,11,17,10,3,6,1,2,NA,NA,NA,NA,NA,NA,NA,NA,NA,NA,NA,NA,NA,NA,NA,NA,NA,NA,NA,"BedroomOral","ModernFamily","Sex_clip_1st",6,3,6,5,1,2,1,5,3,0.125709518628592,0.97221913308995,-0.408242898498048
"5c8ec442bda58f00125002a3","females","Sex_clip","","100",513,"Yes","20","9.813","desire","6.465","fantasizing","5.217","preoccupied","3.903","contemplative","6.097","doubtful","4.942","decisive","8.642","tentative","4.777","fantasizing","4.033","preoccupied","4.518","interested","4.832","cautious","10.573","interested","8.642","reflective","3.899","flirtatious","9.862","confident","9.774","distrustful","5.821","nervous","","","","","","","","","","","","","","","","","","","","","","","","","","","","","","","","","","","","","","",6,3,4,1,7,2,5,1,4,"","yes",27,"Male","Heterosexual or straight","","No","",", RMTE19, RMTE17, RMTE18, RMTE31, RMTE15, RMTE9, RMTE35, RMTE25, RMTE28, RMTE29, RMTE3, RMTE22, RMTE34, RMTE30, RMTE27, RMTE6, RMTE21","FL_124","RMTE19-female|RMTE17-female|RMTE18-female|RMTE31-female|RMTE15-female|RMTE9-female|RMTE35-female|RMTE25-female|RMTE28-female","","FL_101|FL_95|FL_105|FL_98|FL_100|FL_103|FL_112|FL_106","","vidInstructionSex|FloorSex","vidInstructionNeut|MadMen","|happy_1st|bored_1st|sex_arousal_1st|sadness_1st","|happy_2nd|sadness_2nd|bored_2nd|sex_arosal_2nd",8.55,-0.506279625129955,"Sex_clip_1st",NA,NA,NA,1,NA,NA,1,NA,NA,1,NA,NA,NA,NA,NA,1,NA,1,1,1,NA,1,1,NA,NA,1,NA,1,1,1,1,1,NA,NA,1,1,NA,1,11,16,6,5,2,3,1,17,12,8,15,9,10,14,4,13,7,NA,NA,NA,NA,NA,NA,NA,NA,NA,NA,NA,NA,NA,NA,NA,NA,NA,NA,NA,"FloorSex","MadMen","Sex_clip_1st",3,2,4,5,1,1,7,4,1,-1.2197220861531,0.183287213615318,-1.26587784706689
"5cab5978b98ee20017d6f87c","females","Neutral_clip","","100",538,"Yes","20","4.445","desire","8.079","fantasizing","2.975","preoccupied","3.975","contemplative","19.424","doubtful","3.519","decisive","4.176","tentative","5.921","fantasizing","5.139","preoccupied","11.143","interested","14.278","cautious","8.455","interested","3.369","reflective","4.441","flirtatious","8.263","confident","6.242","baffled","4.957","nervous","","","","","","","","","","","","","","","","","","","","","","","","","","","","","","","","","","","","","","",7,5,5,1,1,6,6,1,1,"","Yes",34,"Male","Heterosexual or straight","","No","",", RMTE31, RMTE25, RMTE15, RMTE27, RMTE22, RMTE30, RMTE21, RMTE28, RMTE6, RMTE17, RMTE9, RMTE29, RMTE19, RMTE35, RMTE34, RMTE18, RMTE3","FL_124","RMTE31-female|RMTE25-female|RMTE15-female|RMTE27-female|RMTE22-female|RMTE30-female|RMTE21-female|RMTE28-female|RMTE6-female","","FL_109|FL_111|FL_101|FL_107|FL_97|FL_98|FL_108|FL_95","","vidInstructionSex|SamTaylor","vidInstructionNeut|MadMen","|sadness_1st|happy_1st|bored_1st|sex_arousal_1st","|sex_arosal_2nd|happy_2nd|sadness_2nd|bored_2nd",8.96666666666667,-0.424721169322708,"Neutral_clip_1st",NA,NA,NA,1,NA,NA,1,NA,NA,1,NA,NA,NA,NA,NA,1,NA,1,1,1,NA,1,1,NA,NA,1,NA,1,1,1,1,1,NA,NA,0,1,NA,0.941176470588235,17,9,11,3,10,16,13,7,5,2,4,8,12,6,1,15,14,NA,NA,NA,NA,NA,NA,NA,NA,NA,NA,NA,NA,NA,NA,NA,NA,NA,NA,NA,"SamTaylor","MadMen","Neutral_clip_1st",6,5,6,5,1,1,1,1,1,0.125709518628592,2.55008297203921,-1.26587784706689
"5cc199190ae804001524e97e","females","Neutral_clip","","100",502,"Yes","20","7.17","desire","5.268","alarmed","6.498","hostile","5.51","contemplative","4.821","aghast","5.537","decisive","5.257","tentative","8.68","fantasizing","3.626","preoccupied","6.891","interested","6.97","cautious","5.317","contented","6.727","irritated","7.353","hostile","5.57","ashamed","5.621","distrustful","4.726","nervous","","","","","","","","","","","","","","","","","","","","","","","","","","","","","","","","","","","","","","",7,1,3,1,5,3,3,2,6,"","yes",21,"Male","Heterosexual or straight","","No","",", RMTE3, RMTE18, RMTE22, RMTE15, RMTE9, RMTE27, RMTE19, RMTE35, RMTE21, RMTE31, RMTE25, RMTE30, RMTE34, RMTE29, RMTE17, RMTE28, RMTE6","FL_124","RMTE3-female|RMTE18-female|RMTE22-female|RMTE15-female|RMTE9-female|RMTE27-female|RMTE19-female|RMTE35-female|RMTE21-female","","FL_99|FL_104|FL_100|FL_98|FL_101|FL_109|FL_102|FL_112","","vidInstructionSex|FloorSex","vidInstructionNeut|MadMen","|sex_arousal_1st|sadness_1st|bored_1st|happy_1st","|sex_arosal_2nd|happy_2nd|sadness_2nd|bored_2nd",8.36666666666667,-0.542165345685143,"Neutral_clip_1st",NA,NA,NA,1,NA,NA,0,NA,NA,0,NA,NA,NA,NA,NA,1,NA,0,1,1,NA,1,1,NA,NA,1,NA,1,0,0,0,0,NA,NA,1,1,NA,0.588235294117647,1,17,5,4,15,2,7,9,3,11,6,16,14,12,10,13,8,NA,NA,NA,NA,NA,NA,NA,NA,NA,NA,NA,NA,NA,NA,NA,NA,NA,NA,NA,"FloorSex","MadMen","Neutral_clip_1st",3,1,3,3,2,1,6,5,2,-1.2197220861531,-0.605644705859313,-0.83706037278247
"5cc8460597eba7001990ead8","females","Neutral_clip","","100",384,"Yes","20","5.167","desire","5.326","fantasizing","6.196","preoccupied","4.213","contemplative","3.883","affectionate","6.814","decisive","5.967","grateful","8.043","fantasizing","7","preoccupied","4.409","interested","3.637","cautious","3.857","affectionate","6.21","reflective","5.794","flirtatious","3.029","confident","6.369","aghast","3.596","nervous","","","","","","","","","","","","","","","","","","","","","","","","","","","","","","","","","","","","","","",6,2,4,5,4,7,4,3,3,"","yes",28,"Male","Heterosexual or straight","","No","",", RMTE18, RMTE6, RMTE29, RMTE28, RMTE34, RMTE27, RMTE25, RMTE35, RMTE30, RMTE15, RMTE21, RMTE22, RMTE17, RMTE9, RMTE3, RMTE19, RMTE31","FL_124","RMTE18-female|RMTE6-female|RMTE29-female|RMTE28-female|RMTE34-female|RMTE27-female|RMTE25-female|RMTE35-female|RMTE30-female","","FL_110|FL_106|FL_105|FL_109|FL_111|FL_95|FL_107|FL_99","","vidInstructionSex|BedroomOral","vidInstructionNeut|MadMen","|bored_1st|sadness_1st|sex_arousal_1st|happy_1st","|sadness_2nd|sex_arosal_2nd|happy_2nd|bored_2nd",6.4,-0.927121257095345,"Neutral_clip_1st",NA,NA,NA,1,NA,NA,1,NA,NA,1,NA,NA,NA,NA,NA,1,NA,0,1,0,NA,1,1,NA,NA,1,NA,1,0,1,1,1,NA,NA,0,1,NA,0.764705882352941,15,2,14,10,13,1,16,11,12,7,6,4,3,9,17,5,8,NA,NA,NA,NA,NA,NA,NA,NA,NA,NA,NA,NA,NA,NA,NA,NA,NA,NA,NA,"BedroomOral","MadMen","Neutral_clip_1st",7,2,4,4,3,5,3,4,5,0.574186720222489,0.183287213615318,0.449392050070796
"5ce1a6648e3cae0001b853be","females","Sex_clip","","100",645,"Yes","20","8.202","desire","5.203","aghast","6.403","horrified","5.615","contemplative","4.994","doubtful","5.164","decisive","5.35","grateful","9.489","fantasizing","4.829","preoccupied","8.718","incredulous","2.605","cautious","7.277","interested","4.614","irritated","4.121","flirtatious","6.669","confident","5.13","distrustful","3.485","nervous","","","","","","","","","","","","","","","","","","","","","","","","","","","","","","","","","","","","","","",6,4,5,4,3,1,7,2,2,"","yes",36,"Male","Heterosexual or straight","","No","",", RMTE15, RMTE29, RMTE21, RMTE22, RMTE30, RMTE6, RMTE18, RMTE9, RMTE3, RMTE17, RMTE34, RMTE25, RMTE31, RMTE35, RMTE28, RMTE27, RMTE19","FL_124","RMTE15-female|RMTE29-female|RMTE21-female|RMTE22-female|RMTE30-female|RMTE6-female|RMTE18-female|RMTE9-female|RMTE3-female","","FL_109|FL_98|FL_104|FL_99|FL_97|FL_102|FL_103|FL_107","","vidInstructionSex|BedroomOral","vidInstructionNeut|WallE","|sadness_1st|sex_arousal_1st|happy_1st|bored_1st","|sex_arosal_2nd|bored_2nd|sadness_2nd|happy_2nd",10.75,-0.0756509784676943,"Sex_clip_1st",NA,NA,NA,1,NA,NA,0,NA,NA,0,NA,NA,NA,NA,NA,1,NA,1,1,0,NA,1,1,NA,NA,0,NA,1,1,0,1,1,NA,NA,1,1,NA,0.705882352941177,9,6,8,1,10,7,17,3,4,12,16,15,2,5,13,11,14,NA,NA,NA,NA,NA,NA,NA,NA,NA,NA,NA,NA,NA,NA,NA,NA,NA,NA,NA,"BedroomOral","WallE","Sex_clip_1st",4,1,5,7,4,2,3,2,3,-0.771244884559201,-0.605644705859313,-0.408242898498048
"5ce2cadbed552600199dc85c","females","Sex_clip","","100",535,"Yes","20","4.528","desire","11.081","impatient","5.151","preoccupied","5.426","contemplative","11.947","doubtful","3.65","decisive","4.236","tentative","4.279","fantasizing","3.739","preoccupied","3.225","interested","4.495","cautious","8.487","contented","3.075","reflective","3.169","flirtatious","3.69","confident","4.167","distrustful","3.551","nervous","","","","","","","","","","","","","","","","","","","","","","","","","","","","","","","","","","","","","","",5,5,6,1,3,1,5,1,3,"","yes",43,"Male","Heterosexual or straight","","No","",", RMTE17, RMTE15, RMTE27, RMTE6, RMTE19, RMTE28, RMTE18, RMTE21, RMTE9, RMTE30, RMTE31, RMTE29, RMTE25, RMTE22, RMTE34, RMTE35, RMTE3","FL_124","RMTE17-female|RMTE15-female|RMTE27-female|RMTE6-female|RMTE19-female|RMTE28-female|RMTE18-female|RMTE21-female|RMTE9-female","","FL_100|FL_99|FL_101|FL_104|FL_105|FL_98|FL_97|FL_95","","vidInstructionSex|SamTaylor","vidInstructionNeut|WallE","|happy_1st|sadness_1st|bored_1st|sex_arousal_1st","|sex_arosal_2nd|sadness_2nd|bored_2nd|happy_2nd",8.91666666666667,-0.434508184019578,"Sex_clip_1st",NA,NA,NA,1,NA,NA,0,NA,NA,1,NA,NA,NA,NA,NA,1,NA,1,1,1,NA,1,1,NA,NA,1,NA,1,0,1,1,1,NA,NA,1,1,NA,0.882352941176471,17,4,9,2,1,7,5,8,14,13,3,6,12,10,11,15,16,NA,NA,NA,NA,NA,NA,NA,NA,NA,NA,NA,NA,NA,NA,NA,NA,NA,NA,NA,"SamTaylor","WallE","Sex_clip_1st",5,1,6,5,1,1,3,3,4,-0.322767682965304,-0.605644705859313,0.0205745757863738
"5cf10c50968101001aee96c9","females","Neutral_clip","","100",523,"Yes","20","5.042","desire","3.553","fantasizing","3.82","preoccupied","5.374","contemplative","9.173","playful","4.354","decisive","3.915","grateful","3.825","fantasizing","2.306","preoccupied","3.717","interested","4.976","cautious","10.874","joking","3.259","reflective","2.941","flirtatious","2.302","ashamed","6.307","baffled","6.955","nervous","","","","","","","","","","","","","","","","","","","","","","","","","","","","","","","","","","","","","","",4,3,8,1,2,7,8,2,3,"","yes",36,"Male","Heterosexual or straight","","No","well.....I.....err......was not expecting the second video! I am the last person to have a problem with that sort of clip, but I have to be honest even I was unsure whether that was too much or not!",", RMTE28, RMTE19, RMTE30, RMTE18, RMTE35, RMTE25, RMTE27, RMTE21, RMTE29, RMTE3, RMTE6, RMTE17, RMTE9, RMTE15, RMTE22, RMTE31, RMTE34","FL_124","RMTE28-female|RMTE19-female|RMTE30-female|RMTE18-female|RMTE35-female|RMTE25-female|RMTE27-female|RMTE21-female|RMTE29-female","","FL_95|FL_112|FL_109|FL_111|FL_110|FL_105|FL_99|FL_98","","vidInstructionSex|BedroomOral","vidInstructionNeut|ModernFamily","|bored_1st|happy_1st|sex_arousal_1st|sadness_1st","|sex_arosal_2nd|bored_2nd|happy_2nd|sadness_2nd",8.71666666666667,-0.473656242807056,"Neutral_clip_1st",NA,NA,NA,1,NA,NA,1,NA,NA,1,NA,NA,NA,NA,NA,1,NA,0,1,0,NA,1,1,NA,NA,1,NA,1,0,1,1,0,NA,NA,0,1,NA,0.705882352941177,10,11,13,14,12,4,2,8,15,6,7,1,9,3,16,17,5,NA,NA,NA,NA,NA,NA,NA,NA,NA,NA,NA,NA,NA,NA,NA,NA,NA,NA,NA,"BedroomOral","ModernFamily","Neutral_clip_1st",7,3,8,8,2,1,3,2,4,0.574186720222489,0.97221913308995,0.0205745757863738
"5d0651c57c37bf001a987dc2","females","Neutral_clip","","100",513,"Yes","20","4.453","desire","3.608","fantasizing","3.636","preoccupied","4.13","amused","5.427","doubtful","4.724","amused","3.991","tentative","4.089","fantasizing","5.472","preoccupied","5.226","interested","5.435","arrogant","3.98","interested","3.198","reflective","3.202","flirtatious","3.964","confident","6.154","distrustful","4.167","nervous","","","","","","","","","","","","","","","","","","","","","","","","","","","","","","","","","","","","","","",7,3,7,1,1,9,9,1,1,"","yes",37,"Male","Heterosexual or straight","","No","",", RMTE17, RMTE18, RMTE31, RMTE34, RMTE25, RMTE3, RMTE21, RMTE22, RMTE29, RMTE27, RMTE35, RMTE30, RMTE6, RMTE28, RMTE19, RMTE15, RMTE9","FL_124","RMTE17-female|RMTE18-female|RMTE31-female|RMTE34-female|RMTE25-female|RMTE3-female|RMTE21-female|RMTE22-female|RMTE29-female","","FL_103|FL_97|FL_100|FL_112|FL_102|FL_107|FL_110|FL_111","","vidInstructionSex|FloorSex","vidInstructionNeut|ModernFamily","|sadness_1st|happy_1st|bored_1st|sex_arousal_1st","|sex_arosal_2nd|bored_2nd|happy_2nd|sadness_2nd",8.55,-0.506279625129955,"Neutral_clip_1st",NA,NA,NA,1,NA,NA,1,NA,NA,1,NA,NA,NA,NA,NA,0,NA,1,0,1,NA,1,1,NA,NA,1,NA,0,1,1,1,1,NA,NA,1,1,NA,0.823529411764706,6,13,17,16,1,2,15,7,8,5,10,14,9,12,3,4,11,NA,NA,NA,NA,NA,NA,NA,NA,NA,NA,NA,NA,NA,NA,NA,NA,NA,NA,NA,"FloorSex","ModernFamily","Neutral_clip_1st",9,3,9,7,1,1,1,1,6,1.47114112341028,0.97221913308995,0.878209524355217
"5d128b2090265e00159ba969","females","Neutral_clip","","100",602,"Yes","20","9.799","desire","6.378","fantasizing","9.092","preoccupied","11.128","amused","5.611","doubtful","6.667","decisive","6.88","tentative","6.416","fantasizing","12.274","imploring","10.763","incredulous","7.201","cautious","9.422","interested","6.848","irritated","8.626","flirtatious","14.304","joking","10.91","distrustful","5.173","nervous","","","","","","","","","","","","","","","","","","","","","","","","","","","","","","","","","","","","","","",4,1,8,1,1,7,4,1,4,"","yes",37,"Male","Heterosexual or straight","","No","",", RMTE31, RMTE22, RMTE28, RMTE18, RMTE17, RMTE6, RMTE19, RMTE3, RMTE29, RMTE25, RMTE21, RMTE27, RMTE34, RMTE9, RMTE35, RMTE15, RMTE30","FL_124","RMTE31-female|RMTE22-female|RMTE28-female|RMTE18-female|RMTE17-female|RMTE6-female|RMTE19-female|RMTE3-female|RMTE29-female","","FL_104|FL_106|FL_103|FL_98|FL_111|FL_97|FL_110|FL_100","","vidInstructionSex|BedroomOral","vidInstructionNeut|WallE","|happy_1st|bored_1st|sadness_1st|sex_arousal_1st","|happy_2nd|sex_arosal_2nd|bored_2nd|sadness_2nd",10.0333333333333,-0.215931522456158,"Neutral_clip_1st",NA,NA,NA,1,NA,NA,1,NA,NA,1,NA,NA,NA,NA,NA,0,NA,1,1,1,NA,1,0,NA,NA,0,NA,1,1,0,1,0,NA,NA,1,1,NA,0.705882352941177,8,6,14,16,5,4,7,11,2,10,12,3,9,17,1,13,15,NA,NA,NA,NA,NA,NA,NA,NA,NA,NA,NA,NA,NA,NA,NA,NA,NA,NA,NA,"BedroomOral","WallE","Neutral_clip_1st",7,1,4,8,1,1,4,1,6,0.574186720222489,-0.605644705859313,0.878209524355217
"5d2e5d1c649703001a9c920d","females","Neutral_clip","","100",731,"Yes","20","11.305","desire","17.307","fantasizing","13.426","preoccupied","5.367","contemplative","11.118","doubtful","7.799","decisive","6.412","tentative","13.136","fantasizing","9.32","preoccupied","12.002","interested","6.838","cautious","19.316","affectionate","11.285","irritated","6.948","flirtatious","10.765","confident","6.843","distrustful","8.316","nervous","","","","","","","","","","","","","","","","","","","","","","","","","","","","","","","","","","","","","","",6,1,5,3,5,8,6,1,4,"","yes",36,"Male","Heterosexual or straight","","No","",", RMTE9, RMTE30, RMTE21, RMTE34, RMTE29, RMTE3, RMTE22, RMTE6, RMTE27, RMTE25, RMTE19, RMTE35, RMTE17, RMTE31, RMTE28, RMTE18, RMTE15","FL_124","RMTE9-female|RMTE30-female|RMTE21-female|RMTE34-female|RMTE29-female|RMTE3-female|RMTE22-female|RMTE6-female|RMTE27-female","","FL_104|FL_107|FL_97|FL_109|FL_99|FL_102|FL_108|FL_110","","vidInstructionSex|BedroomOral","vidInstructionNeut|MadMen","|happy_1st|bored_1st|sadness_1st|sex_arousal_1st","|happy_2nd|sex_arosal_2nd|sadness_2nd|bored_2nd",12.1833333333333,0.204910109509233,"Neutral_clip_1st",NA,NA,NA,1,NA,NA,1,NA,NA,1,NA,NA,NA,NA,NA,1,NA,1,1,1,NA,1,1,NA,NA,1,NA,1,0,0,1,1,NA,NA,1,1,NA,0.882352941176471,6,8,1,17,13,16,11,3,7,10,9,15,5,2,14,4,12,NA,NA,NA,NA,NA,NA,NA,NA,NA,NA,NA,NA,NA,NA,NA,NA,NA,NA,NA,"BedroomOral","MadMen","Neutral_clip_1st",8,1,6,5,1,3,4,5,7,1.02266392181639,-0.605644705859313,1.30702699863964
"5d30559f95d88f0019378e9c","females","Sex_clip","","100",601,"Yes","20","11.051","desire","11.031","fantasizing","12.484","preoccupied","7.065","contemplative","6.694","doubtful","8.947","decisive","11.338","sarcastic","9.739","fantasizing","6.665","imploring","12.151","interested","5.211","cautious","11.053","affectionate","4.658","irritated","8.05","flirtatious","8.808","confident","16.094","distrustful","13.327","nervous","","","","","","","","","","","","","","","","","","","","","","","","","","","","","","","","","","","","","","",7,1,3,1,8,1,1,3,9,"","yes",38,"Male","Heterosexual or straight","","No","",", RMTE34, RMTE19, RMTE25, RMTE6, RMTE28, RMTE18, RMTE21, RMTE35, RMTE31, RMTE30, RMTE17, RMTE9, RMTE15, RMTE29, RMTE27, RMTE22, RMTE3","FL_124","RMTE34-female|RMTE19-female|RMTE25-female|RMTE6-female|RMTE28-female|RMTE18-female|RMTE21-female|RMTE35-female|RMTE31-female","","FL_100|FL_109|FL_111|FL_110|FL_101|FL_103|FL_105|FL_95","","vidInstructionSex|BedroomOral","vidInstructionNeut|MadMen","|happy_1st|bored_1st|sadness_1st|sex_arousal_1st","|sadness_2nd|sex_arosal_2nd|bored_2nd|happy_2nd",10.0166666666667,-0.219193860688448,"Sex_clip_1st",NA,NA,NA,1,NA,NA,1,NA,NA,1,NA,NA,NA,NA,NA,1,NA,1,1,0,NA,1,0,NA,NA,1,NA,1,0,0,1,1,NA,NA,1,1,NA,0.764705882352941,17,4,12,13,11,6,2,7,16,3,15,5,14,10,9,1,8,NA,NA,NA,NA,NA,NA,NA,NA,NA,NA,NA,NA,NA,NA,NA,NA,NA,NA,NA,"BedroomOral","MadMen","Sex_clip_1st",1,1,3,1,1,3,8,9,0,-2.11667648934089,-0.605644705859313,-1.69469532135131
"5d3cbfd33dcf870019c76677","females","Neutral_clip","","100",505,"Yes","20","3.581","convinced","3.074","fantasizing","6.815","horrified","5.138","amused","4.474","doubtful","10.978","amused","2.685","grateful","10.174","fantasizing","5.667","insisting","6.063","panicked","4.043","cautious","3.898","contented","8.28","reflective","2.656","grateful","2.187","confident","5.499","terrified","3.945","nervous","","","","","","","","","","","","","","","","","","","","","","","","","","","","","","","","","","","","","","",7,1,4,4,3,6,5,1,1,"","yes",30,"Male","Heterosexual or straight","","No","",", RMTE18, RMTE21, RMTE29, RMTE25, RMTE22, RMTE35, RMTE3, RMTE9, RMTE34, RMTE15, RMTE31, RMTE27, RMTE30, RMTE6, RMTE17, RMTE28, RMTE19","FL_124","RMTE18-female|RMTE21-female|RMTE29-female|RMTE25-female|RMTE22-female|RMTE35-female|RMTE3-female|RMTE9-female|RMTE34-female","","FL_110|FL_99|FL_103|FL_100|FL_112|FL_109|FL_102|FL_107","","vidInstructionSex|FloorSex","vidInstructionNeut|WallE","|bored_1st|sadness_1st|sex_arousal_1st|happy_1st","|happy_2nd|bored_2nd|sadness_2nd|sex_arosal_2nd",8.41666666666667,-0.532378330988273,"Neutral_clip_1st",NA,NA,NA,0,NA,NA,1,NA,NA,0,NA,NA,NA,NA,NA,0,NA,1,0,0,NA,1,0,NA,NA,0,NA,1,0,1,0,1,NA,NA,0,1,NA,0.411764705882353,7,14,8,10,15,1,17,2,5,4,12,16,3,13,11,9,6,NA,NA,NA,NA,NA,NA,NA,NA,NA,NA,NA,NA,NA,NA,NA,NA,NA,NA,NA,"FloorSex","WallE","Neutral_clip_1st",6,1,5,4,1,4,1,3,5,0.125709518628592,-0.605644705859313,0.449392050070796
"5d445f038dd58b001afdeb32","females","Neutral_clip","","100",766,"Yes","20","10.501","desire","7.586","fantasizing","5.283","preoccupied","6.511","contemplative","6.763","doubtful","11.341","amused","6.934","grateful","6.119","fantasizing","6.338","imploring","6.171","interested","6.35","reassuring","7.094","affectionate","6.556","reflective","5.759","flirtatious","5.858","confident","5.653","baffled","9.106","insisting","","","","","","","","","","","","","","","","","","","","","","","","","","","","","","","","","","","","","","",6,1,7,2,2,9,5,2,7,"","yes",48,"Male","Heterosexual or straight","","No","",", RMTE17, RMTE30, RMTE19, RMTE34, RMTE6, RMTE21, RMTE9, RMTE35, RMTE3, RMTE18, RMTE15, RMTE25, RMTE27, RMTE29, RMTE31, RMTE28, RMTE22","FL_124","RMTE17-female|RMTE30-female|RMTE19-female|RMTE34-female|RMTE6-female|RMTE21-female|RMTE9-female|RMTE35-female|RMTE3-female","","FL_108|FL_110|FL_104|FL_103|FL_101|FL_99|FL_102|FL_105","","vidInstructionSex|BedroomOral","vidInstructionNeut|WallE","|sex_arousal_1st|bored_1st|sadness_1st|happy_1st","|bored_2nd|sadness_2nd|sex_arosal_2nd|happy_2nd",12.7666666666667,0.319091947639378,"Neutral_clip_1st",NA,NA,NA,1,NA,NA,1,NA,NA,1,NA,NA,NA,NA,NA,1,NA,1,0,0,NA,1,0,NA,NA,1,NA,0,0,1,1,1,NA,NA,0,0,NA,0.588235294117647,9,5,7,11,1,10,3,6,17,12,13,16,14,2,15,4,8,NA,NA,NA,NA,NA,NA,NA,NA,NA,NA,NA,NA,NA,NA,NA,NA,NA,NA,NA,"BedroomOral","WallE","Neutral_clip_1st",9,1,5,7,2,2,7,2,8,1.47114112341028,-0.605644705859313,1.73584447292406
"5d4ad488dfd8230018fd0b45","females","Neutral_clip","","100",614,"Yes","20","8.995","desire","6.801","fantasizing","5.448","preoccupied","6.36","contemplative","4.373","doubtful","4.18","decisive","8.691","tentative","5.227","fantasizing","5.073","preoccupied","7.197","interested","3.544","cautious","8.74","interested","11.221","impatient","9.655","flirtatious","10.052","dispirited","7.429","distrustful","3.667","nervous","","","","","","","","","","","","","","","","","","","","","","","","","","","","","","","","","","","","","","",7,3,3,3,3,6,6,2,3,"","yes",33,"Male","Heterosexual or straight","","No","",", RMTE28, RMTE34, RMTE21, RMTE15, RMTE18, RMTE29, RMTE30, RMTE31, RMTE19, RMTE17, RMTE25, RMTE3, RMTE9, RMTE6, RMTE22, RMTE35, RMTE27","FL_124","RMTE28-female|RMTE34-female|RMTE21-female|RMTE15-female|RMTE18-female|RMTE29-female|RMTE30-female|RMTE31-female|RMTE19-female","","FL_109|FL_104|FL_95|FL_111|FL_112|FL_105|FL_97|FL_103","","vidInstructionSex|FloorSex","vidInstructionNeut|MadMen","|sadness_1st|happy_1st|bored_1st|sex_arousal_1st","|happy_2nd|sex_arosal_2nd|bored_2nd|sadness_2nd",10.2333333333333,-0.17678346366868,"Neutral_clip_1st",NA,NA,NA,1,NA,NA,1,NA,NA,1,NA,NA,NA,NA,NA,1,NA,1,1,1,NA,1,1,NA,NA,1,NA,1,1,0,1,0,NA,NA,1,1,NA,0.882352941176471,12,14,13,4,10,5,9,3,15,11,17,1,6,7,8,2,16,NA,NA,NA,NA,NA,NA,NA,NA,NA,NA,NA,NA,NA,NA,NA,NA,NA,NA,NA,"FloorSex","MadMen","Neutral_clip_1st",6,3,6,3,2,3,3,3,3,0.125709518628592,0.97221913308995,-0.408242898498048
"5d4aebdd54ad1e001abee843","females","Neutral_clip","","100",603,"Yes","20","3.55","desire","4.677","fantasizing","4.298","hostile","6.811","amused","7.412","affectionate","4.284","decisive","5.691","tentative","5.135","fantasizing","5.649","preoccupied","4.778","interested","8.231","cautious","3.925","affectionate","7.671","reflective","2.991","flirtatious","3.013","confident","9.014","distrustful","8.413","insisting","","","","","","","","","","","","","","","","","","","","","","","","","","","","","","","","","","","","","","",6,1,7,3,5,8,7,5,1,"","yes",25,"Male","Heterosexual or straight","","No","",", RMTE28, RMTE29, RMTE31, RMTE3, RMTE35, RMTE27, RMTE6, RMTE30, RMTE25, RMTE17, RMTE9, RMTE34, RMTE21, RMTE19, RMTE18, RMTE22, RMTE15","FL_124","RMTE28-female|RMTE29-female|RMTE31-female|RMTE3-female|RMTE35-female|RMTE27-female|RMTE6-female|RMTE30-female|RMTE25-female","","FL_109|FL_111|FL_98|FL_106|FL_107|FL_108|FL_105|FL_110","","vidInstructionSex|BedroomOral","vidInstructionNeut|WallE","|happy_1st|bored_1st|sadness_1st|sex_arousal_1st","|sadness_2nd|bored_2nd|sex_arosal_2nd|happy_2nd",10.05,-0.212669184223868,"Neutral_clip_1st",NA,NA,NA,1,NA,NA,1,NA,NA,0,NA,NA,NA,NA,NA,0,NA,0,1,1,NA,1,1,NA,NA,1,NA,1,0,1,1,1,NA,NA,1,0,NA,0.705882352941177,4,7,11,17,10,15,14,13,16,9,6,1,2,8,3,12,5,NA,NA,NA,NA,NA,NA,NA,NA,NA,NA,NA,NA,NA,NA,NA,NA,NA,NA,NA,"BedroomOral","WallE","Neutral_clip_1st",8,1,7,7,5,3,1,5,7,1.02266392181639,-0.605644705859313,1.30702699863964
"5d4c217a97d8a600013b46cf","females","Sex_clip","","100",645,"Yes","20","7.177","desire","7.97","fantasizing","5.15","preoccupied","5.831","contemplative","5.748","doubtful","7.198","bored","8.18","tentative","20.592","fantasizing","4.535","preoccupied","6.909","interested","14.436","cautious","11.124","interested","10.091","irritated","4.164","flirtatious","11.451","confident","6.432","distrustful","10.86","contemplative","","","","","","","","","","","","","","","","","","","","","","","","","","","","","","","","","","","","","","",7,7,7,1,1,3,6,1,1,"","yes",41,"Male","Heterosexual or straight","","No","Completed on laptop and encountered no technical issues.

Thank you.",", RMTE28, RMTE9, RMTE29, RMTE21, RMTE34, RMTE35, RMTE31, RMTE25, RMTE27, RMTE19, RMTE18, RMTE6, RMTE30, RMTE17, RMTE15, RMTE22, RMTE3","FL_124","RMTE28-female|RMTE9-female|RMTE29-female|RMTE21-female|RMTE34-female|RMTE35-female|RMTE31-female|RMTE25-female|RMTE27-female","","FL_107|FL_108|FL_112|FL_100|FL_109|FL_110|FL_105|FL_95","","vidInstructionSex|BedroomOral","vidInstructionNeut|ModernFamily","|sadness_1st|happy_1st|bored_1st|sex_arousal_1st","|sadness_2nd|bored_2nd|sex_arosal_2nd|happy_2nd",10.75,-0.0756509784676943,"Sex_clip_1st",NA,NA,NA,1,NA,NA,1,NA,NA,1,NA,NA,NA,NA,NA,1,NA,1,0,1,NA,1,1,NA,NA,1,NA,1,1,0,1,1,NA,NA,1,0,NA,0.823529411764706,17,12,2,15,14,11,10,4,16,8,9,1,3,13,7,5,6,NA,NA,NA,NA,NA,NA,NA,NA,NA,NA,NA,NA,NA,NA,NA,NA,NA,NA,NA,"BedroomOral","ModernFamily","Sex_clip_1st",7,3,7,6,1,1,1,1,4,0.574186720222489,0.97221913308995,0.0205745757863738
"5d5db7f7ca179000180b17cc","females","Sex_clip","","100",647,"Yes","20","5.285","desire","6.929","fantasizing","6.278","preoccupied","19.63","contemplative","28.146","aghast","4.227","decisive","6.918","tentative","4.241","fantasizing","7.713","imploring","6.64","panicked","4.805","cautious","5.767","contented","5.833","reflective","5.599","flirtatious","6.129","confident","9.813","distrustful","9.158","contemplative","","","","","","","","","","","","","","","","","","","","","","","","","","","","","","","","","","","","","","",6,7,7,1,1,1,5,1,1,"","yes",37,"Male","Heterosexual or straight","","No","",", RMTE35, RMTE34, RMTE22, RMTE31, RMTE18, RMTE30, RMTE28, RMTE9, RMTE27, RMTE21, RMTE29, RMTE19, RMTE17, RMTE6, RMTE15, RMTE25, RMTE3","FL_124","RMTE35-female|RMTE34-female|RMTE22-female|RMTE31-female|RMTE18-female|RMTE30-female|RMTE28-female|RMTE9-female|RMTE27-female","","FL_106|FL_101|FL_107|FL_109|FL_112|FL_110|FL_104|FL_95","","vidInstructionSex|FloorSex","vidInstructionNeut|MadMen","|happy_1st|bored_1st|sex_arousal_1st|sadness_1st","|happy_2nd|sadness_2nd|sex_arosal_2nd|bored_2nd",10.7833333333333,-0.0691263020031146,"Sex_clip_1st",NA,NA,NA,1,NA,NA,1,NA,NA,1,NA,NA,NA,NA,NA,1,NA,0,1,1,NA,1,0,NA,NA,0,NA,1,0,1,1,1,NA,NA,1,0,NA,0.705882352941177,17,14,8,15,13,5,12,10,3,16,9,7,11,6,4,2,1,NA,NA,NA,NA,NA,NA,NA,NA,NA,NA,NA,NA,NA,NA,NA,NA,NA,NA,NA,"FloorSex","MadMen","Sex_clip_1st",7,1,7,5,1,1,1,1,6,0.574186720222489,-0.605644705859313,0.878209524355217
"5d6ad36076cca6001a66d89e","females","Sex_clip","","100",750,"Yes","20","10.402","desire","8.569","impatient","4.767","preoccupied","6.319","contemplative","7.682","aghast","7.018","decisive","9.596","sarcastic","14.976","fantasizing","11.446","preoccupied","6.06","interested","6.79","cautious","5.743","interested","6.203","reflective","4.984","flirtatious","11.223","dispirited","7.178","distrustful","9.604","nervous","","","","","","","","","","","","","","","","","","","","","","","","","","","","","","","","","","","","","","",7,5,6,1,2,1,8,1,3,"","yes",41,"Male","Heterosexual or straight","","No","",", RMTE25, RMTE3, RMTE19, RMTE30, RMTE29, RMTE31, RMTE35, RMTE9, RMTE22, RMTE15, RMTE18, RMTE27, RMTE28, RMTE17, RMTE34, RMTE21, RMTE6","FL_124","RMTE25-female|RMTE3-female|RMTE19-female|RMTE30-female|RMTE29-female|RMTE31-female|RMTE35-female|RMTE9-female|RMTE22-female","","FL_110|FL_108|FL_103|FL_102|FL_109|FL_98|FL_106|FL_112","","vidInstructionSex|BedroomOral","vidInstructionNeut|WallE","|happy_1st|sadness_1st|bored_1st|sex_arousal_1st","|bored_2nd|happy_2nd|sex_arosal_2nd|sadness_2nd",12.5,0.26689453592274,"Sex_clip_1st",NA,NA,NA,1,NA,NA,0,NA,NA,1,NA,NA,NA,NA,NA,1,NA,0,1,0,NA,1,1,NA,NA,1,NA,1,1,1,1,0,NA,NA,1,1,NA,0.764705882352941,2,17,8,10,14,11,3,16,9,1,12,13,5,4,6,15,7,NA,NA,NA,NA,NA,NA,NA,NA,NA,NA,NA,NA,NA,NA,NA,NA,NA,NA,NA,"BedroomOral","WallE","Sex_clip_1st",5,1,6,8,1,1,2,3,4,-0.322767682965304,-0.605644705859313,0.0205745757863738
"5d6da6447ef31f001e90d985","females","Sex_clip","","100",538,"Yes","20","7.751","desire","6.285","impatient","5.632","preoccupied","3.257","amused","3.366","doubtful","7.957","decisive","6.132","tentative","5.257","embarrassed","6.394","preoccupied","4.474","interested","4.405","cautious","10.815","interested","5.773","irritated","4.002","flirtatious","8.828","dispirited","6.191","distrustful","9.786","nervous","","","","","","","","","","","","","","","","","","","","","","","","","","","","","","","","","","","","","","",7,6,6,3,1,5,7,1,2,"","yes",29,"Male","Heterosexual or straight","","No","N/A - Thank you.",", RMTE3, RMTE35, RMTE9, RMTE29, RMTE6, RMTE30, RMTE21, RMTE34, RMTE28, RMTE22, RMTE19, RMTE25, RMTE27, RMTE17, RMTE31, RMTE18, RMTE15","FL_124","RMTE3-female|RMTE35-female|RMTE9-female|RMTE29-female|RMTE6-female|RMTE30-female|RMTE21-female|RMTE34-female|RMTE28-female","","FL_105|FL_107|FL_104|FL_103|FL_109|FL_99|FL_108|FL_110","","vidInstructionSex|BedroomOral","vidInstructionNeut|ModernFamily","|sadness_1st|bored_1st|happy_1st|sex_arousal_1st","|sex_arosal_2nd|happy_2nd|bored_2nd|sadness_2nd",8.96666666666667,-0.424721169322708,"Sex_clip_1st",NA,NA,NA,1,NA,NA,0,NA,NA,1,NA,NA,NA,NA,NA,0,NA,1,1,1,NA,0,1,NA,NA,1,NA,1,1,0,1,0,NA,NA,1,1,NA,0.705882352941177,1,5,3,17,14,16,11,7,10,12,13,9,4,6,15,8,2,NA,NA,NA,NA,NA,NA,NA,NA,NA,NA,NA,NA,NA,NA,NA,NA,NA,NA,NA,"BedroomOral","ModernFamily","Sex_clip_1st",6,5,6,7,3,1,1,2,1,0.125709518628592,2.55008297203921,-1.26587784706689
"5d73d2735625b90016fa3655","females","Sex_clip","","100",937,"Yes","20","23.553","desire","24.39","impatient","6.603","preoccupied","15.263","contemplative","14.33","doubtful","17.4","decisive","13.85","tentative","27.008","fantasizing","8.141","preoccupied","16.968","interested","22.778","cautious","18.924","contented","17.608","reflective","12.661","flirtatious","11.19","confident","32.597","baffled","15.109","contemplative","","","","","","","","","","","","","","","","","","","","","","","","","","","","","","","","","","","","","","",6,5,6,2,3,1,6,5,3,"","yes",48,"Male","Heterosexual or straight","","No","",", RMTE35, RMTE21, RMTE15, RMTE28, RMTE19, RMTE29, RMTE27, RMTE31, RMTE17, RMTE34, RMTE25, RMTE22, RMTE30, RMTE9, RMTE3, RMTE18, RMTE6","FL_124","RMTE35-female|RMTE21-female|RMTE15-female|RMTE28-female|RMTE19-female|RMTE29-female|RMTE27-female|RMTE31-female|RMTE17-female","","FL_98|FL_104|FL_105|FL_100|FL_111|FL_95|FL_108|FL_112","","vidInstructionSex|BedroomOral","vidInstructionNeut|WallE","|bored_1st|happy_1st|sex_arousal_1st|sadness_1st","|happy_2nd|sex_arosal_2nd|sadness_2nd|bored_2nd",15.6166666666667,0.876951785360942,"Sex_clip_1st",NA,NA,NA,1,NA,NA,0,NA,NA,1,NA,NA,NA,NA,NA,1,NA,1,1,1,NA,1,1,NA,NA,1,NA,1,0,1,1,1,NA,NA,0,0,NA,0.764705882352941,15,17,14,3,9,16,5,2,12,11,7,4,6,13,8,10,1,NA,NA,NA,NA,NA,NA,NA,NA,NA,NA,NA,NA,NA,NA,NA,NA,NA,NA,NA,"BedroomOral","WallE","Sex_clip_1st",5,1,6,6,2,5,3,3,4,-0.322767682965304,-0.605644705859313,0.0205745757863738
"5d76ac914c93440001c03fd7","females","Neutral_clip","","100",508,"Yes","20","6.853","desire","4.834","impatient","5.09","preoccupied","3.985","contemplative","6.1","affectionate","3.227","decisive","7.448","sarcastic","3.693","fantasizing","2.973","preoccupied","3.999","interested","2.469","cautious","4.802","interested","4.831","reflective","2.564","flirtatious","4.287","joking","25.083","baffled","3.657","insisting","","","","","","","","","","","","","","","","","","","","","","","","","","","","","","","","","","","","","","",6,3,5,1,1,7,5,1,1,"","yes",34,"Male","Heterosexual or straight","","No","",", RMTE25, RMTE15, RMTE3, RMTE29, RMTE17, RMTE9, RMTE35, RMTE28, RMTE34, RMTE6, RMTE22, RMTE21, RMTE27, RMTE18, RMTE30, RMTE19, RMTE31","FL_124","RMTE25-female|RMTE15-female|RMTE3-female|RMTE29-female|RMTE17-female|RMTE9-female|RMTE35-female|RMTE28-female|RMTE34-female","","FL_112|FL_105|FL_106|FL_103|FL_108|FL_100|FL_107|FL_99","","vidInstructionSex|SamTaylor","vidInstructionNeut|ModernFamily","|sadness_1st|happy_1st|sex_arousal_1st|bored_1st","|happy_2nd|bored_2nd|sadness_2nd|sex_arosal_2nd",8.46666666666667,-0.522591316291404,"Neutral_clip_1st",NA,NA,NA,1,NA,NA,0,NA,NA,1,NA,NA,NA,NA,NA,1,NA,0,1,0,NA,1,1,NA,NA,1,NA,1,1,1,1,0,NA,NA,0,0,NA,0.647058823529412,3,10,6,2,5,14,16,12,11,1,13,8,4,15,17,9,7,NA,NA,NA,NA,NA,NA,NA,NA,NA,NA,NA,NA,NA,NA,NA,NA,NA,NA,NA,"SamTaylor","ModernFamily","Neutral_clip_1st",7,3,5,5,1,1,1,1,4,0.574186720222489,0.97221913308995,0.0205745757863738
"5d959fdf9cf6ab001982afee","females","Neutral_clip","","100",481,"Yes","20","4.826","joking","6.699","impatient","6.109","horrified","11.697","amused","5.548","playful","7.629","bored","4.455","tentative","4.824","embarrassed","5.353","imploring","5.444","despondent","3.479","cautious","7.252","contented","4.703","reflective","9.463","hostile","11.858","dispirited","3.508","baffled","4.08","nervous","","","","","","","","","","","","","","","","","","","","","","","","","","","","","","","","","","","","","","",5,4,6,1,1,7,4,1,1,"","yes",38,"Male","Heterosexual or straight","","No","",", RMTE17, RMTE30, RMTE18, RMTE29, RMTE6, RMTE28, RMTE3, RMTE31, RMTE9, RMTE22, RMTE19, RMTE35, RMTE21, RMTE25, RMTE34, RMTE27, RMTE15","FL_124","RMTE17-female|RMTE30-female|RMTE18-female|RMTE29-female|RMTE6-female|RMTE28-female|RMTE3-female|RMTE31-female|RMTE9-female","","FL_105|FL_107|FL_97|FL_106|FL_104|FL_98|FL_103|FL_110","","vidInstructionSex|FloorSex","vidInstructionNeut|ModernFamily","|bored_1st|sex_arousal_1st|happy_1st|sadness_1st","|happy_2nd|bored_2nd|sex_arosal_2nd|sadness_2nd",8.01666666666667,-0.61067444856323,"Neutral_clip_1st",NA,NA,NA,0,NA,NA,0,NA,NA,0,NA,NA,NA,NA,NA,0,NA,0,0,1,NA,0,0,NA,NA,0,NA,1,0,1,0,0,NA,NA,0,1,NA,0.235294117647059,7,5,9,17,1,3,11,13,10,14,16,6,4,2,8,15,12,NA,NA,NA,NA,NA,NA,NA,NA,NA,NA,NA,NA,NA,NA,NA,NA,NA,NA,NA,"FloorSex","ModernFamily","Neutral_clip_1st",7,4,4,6,1,1,1,1,3,0.574186720222489,1.76115105256458,-0.408242898498048
"5d96203c02814f00178bd14c","females","Neutral_clip","","100",487,"Yes","20","5.431","desire","6.444","fantasizing","10.972","preoccupied","3.812","contemplative","4.315","doubtful","3.41","decisive","4.013","tentative","6.199","fantasizing","2.913","preoccupied","4.813","interested","6.489","cautious","11.317","interested","9.102","impatient","3.971","flirtatious","7.025","joking","7.631","distrustful","4.673","contemplative","","","","","","","","","","","","","","","","","","","","","","","","","","","","","","","","","","","","","","",6,1,1,1,9,3,6,1,7,"","yes",30,"Male","Heterosexual or straight","","No","",", RMTE27, RMTE9, RMTE18, RMTE3, RMTE6, RMTE15, RMTE21, RMTE28, RMTE34, RMTE29, RMTE35, RMTE30, RMTE31, RMTE19, RMTE25, RMTE22, RMTE17","FL_124","RMTE27-female|RMTE9-female|RMTE18-female|RMTE3-female|RMTE6-female|RMTE15-female|RMTE21-female|RMTE28-female|RMTE34-female","","FL_101|FL_97|FL_100|FL_99|FL_107|FL_104|FL_105|FL_109","","vidInstructionSex|FloorSex","vidInstructionNeut|ModernFamily","|sex_arousal_1st|bored_1st|sadness_1st|happy_1st","|sadness_2nd|bored_2nd|sex_arosal_2nd|happy_2nd",8.11666666666667,-0.591100419169491,"Neutral_clip_1st",NA,NA,NA,1,NA,NA,1,NA,NA,1,NA,NA,NA,NA,NA,1,NA,1,1,1,NA,1,1,NA,NA,1,NA,1,1,0,1,0,NA,NA,1,0,NA,0.823529411764706,4,5,2,6,17,3,14,7,16,15,1,8,10,12,13,9,11,NA,NA,NA,NA,NA,NA,NA,NA,NA,NA,NA,NA,NA,NA,NA,NA,NA,NA,NA,"FloorSex","ModernFamily","Neutral_clip_1st",3,1,6,1,1,1,7,9,2,-1.2197220861531,-0.605644705859313,-0.83706037278247
"5deec65311b5c8000a26fad5","females","Neutral_clip","","100",658,"Yes","20","4.203","convinced","5.748","fantasizing","8.699","preoccupied","8.062","amused","9.93","doubtful","3.677","bored","7.417","tentative","11.597","fantasizing","9.497","preoccupied","12.989","interested","3.778","reassuring","5.558","contented","7.774","reflective","4.981","flirtatious","10.084","confident","7.091","distrustful","10.271","nervous","","","","","","","","","","","","","","","","","","","","","","","","","","","","","","","","","","","","","","",5,1,6,4,6,6,1,6,8,"","yes",34,"Male","Heterosexual or straight","","No","",", RMTE28, RMTE25, RMTE30, RMTE18, RMTE15, RMTE31, RMTE21, RMTE34, RMTE22, RMTE35, RMTE27, RMTE19, RMTE3, RMTE17, RMTE29, RMTE9, RMTE6","FL_124","RMTE28-female|RMTE25-female|RMTE30-female|RMTE18-female|RMTE15-female|RMTE31-female|RMTE21-female|RMTE34-female|RMTE22-female","","FL_97|FL_103|FL_107|FL_95|FL_109|FL_101|FL_111|FL_112","","vidInstructionSex|SamTaylor","vidInstructionNeut|WallE","|sex_arousal_1st|happy_1st|sadness_1st|bored_1st","|sadness_2nd|sex_arosal_2nd|happy_2nd|bored_2nd",10.9666666666667,-0.0332405814479262,"Neutral_clip_1st",NA,NA,NA,0,NA,NA,1,NA,NA,1,NA,NA,NA,NA,NA,0,NA,1,0,1,NA,1,1,NA,NA,1,NA,0,0,1,1,1,NA,NA,1,1,NA,0.705882352941177,13,17,16,5,14,4,12,7,9,2,11,1,15,3,6,8,10,NA,NA,NA,NA,NA,NA,NA,NA,NA,NA,NA,NA,NA,NA,NA,NA,NA,NA,NA,"SamTaylor","WallE","Neutral_clip_1st",6,1,1,6,6,4,8,6,5,0.125709518628592,-0.605644705859313,0.449392050070796
"5e1ccec8551fa0000cdc1f0b","females","Sex_clip","","100",745,"Yes","20","12.569","convinced","16.169","fantasizing","13.728","preoccupied","10.35","contemplative","8.114","doubtful","5.67","bored","15.257","arrogant","11.388","fantasizing","4.133","preoccupied","19.944","interested","6.817","cautious","9.338","interested","7.989","reflective","6.321","flirtatious","6.304","confident","14.625","distrustful","6.854","insisting","","","","","","","","","","","","","","","","","","","","","","","","","","","","","","","","","","","","","","",6,9,6,1,1,1,8,1,1,"","yes",38,"Male","Heterosexual or straight","","No","",", RMTE6, RMTE15, RMTE29, RMTE17, RMTE21, RMTE18, RMTE19, RMTE22, RMTE35, RMTE3, RMTE28, RMTE9, RMTE25, RMTE30, RMTE31, RMTE34, RMTE27","FL_124","RMTE6-female|RMTE15-female|RMTE29-female|RMTE17-female|RMTE21-female|RMTE18-female|RMTE19-female|RMTE22-female|RMTE35-female","","FL_95|FL_102|FL_111|FL_104|FL_100|FL_99|FL_98|FL_103","","vidInstructionSex|BedroomOral","vidInstructionNeut|ModernFamily","|sadness_1st|happy_1st|sex_arousal_1st|bored_1st","|sadness_2nd|bored_2nd|happy_2nd|sex_arosal_2nd",12.4166666666667,0.250582844761291,"Sex_clip_1st",NA,NA,NA,0,NA,NA,1,NA,NA,1,NA,NA,NA,NA,NA,1,NA,1,0,0,NA,1,1,NA,NA,1,NA,1,1,1,1,1,NA,NA,1,0,NA,0.764705882352941,10,1,12,2,4,6,7,5,8,13,17,11,3,14,15,16,9,NA,NA,NA,NA,NA,NA,NA,NA,NA,NA,NA,NA,NA,NA,NA,NA,NA,NA,NA,"BedroomOral","ModernFamily","Sex_clip_1st",9,1,6,8,1,1,1,1,8,1.47114112341028,-0.605644705859313,1.73584447292406
"5e2d94d8ed8c8a3887580acb","females","Neutral_clip","","100",549,"Yes","20","6.874","convinced","11.009","fantasizing","5.522","preoccupied","3.597","contemplative","7.672","doubtful","5.493","decisive","6.288","sarcastic","7.514","fantasizing","3.693","preoccupied","6.041","despondent","5.141","cautious","7.613","interested","3.65","reflective","9.635","hostile","5.27","confident","5.493","distrustful","5.249","contemplative","","","","","","","","","","","","","","","","","","","","","","","","","","","","","","","","","","","","","","",6,1,5,1,1,2,3,6,4,"","Yes",47,"Male","Heterosexual or straight","","No","Interesting survey. Thank you. ",", RMTE21, RMTE31, RMTE3, RMTE15, RMTE29, RMTE17, RMTE22, RMTE19, RMTE28, RMTE18, RMTE35, RMTE34, RMTE30, RMTE25, RMTE27, RMTE9, RMTE6","FL_124","RMTE21-female|RMTE31-female|RMTE3-female|RMTE15-female|RMTE29-female|RMTE17-female|RMTE22-female|RMTE19-female|RMTE28-female","","FL_108|FL_97|FL_98|FL_100|FL_104|FL_103|FL_111|FL_112","","vidInstructionSex|BedroomOral","vidInstructionNeut|MadMen","|sadness_1st|bored_1st|sex_arousal_1st|happy_1st","|happy_2nd|bored_2nd|sadness_2nd|sex_arosal_2nd",9.15,-0.38883544876752,"Neutral_clip_1st",NA,NA,NA,0,NA,NA,1,NA,NA,1,NA,NA,NA,NA,NA,1,NA,1,1,0,NA,1,1,NA,NA,0,NA,1,1,1,0,1,NA,NA,1,0,NA,0.705882352941177,3,17,16,4,6,10,8,1,7,14,15,9,5,13,2,12,11,NA,NA,NA,NA,NA,NA,NA,NA,NA,NA,NA,NA,NA,NA,NA,NA,NA,NA,NA,"BedroomOral","MadMen","Neutral_clip_1st",2,1,3,5,6,1,4,1,1,-1.66819928774699,-0.605644705859313,-1.26587784706689
"5e5cc815dafd984912002c50","females","Sex_clip","","100",583,"Yes","20","10.838","flustered","8.211","fantasizing","13.085","annoyed","9.047","contemplative","6.856","doubtful","5.372","decisive","10.877","grateful","5.54","fantasizing","8.738","preoccupied","16.434","interested","6.7","cautious","6.586","contented","10.513","impatient","7.257","flirtatious","7.138","joking","14.945","distrustful","8.375","puzzled","","","","","","","","","","","","","","","","","","","","","","","","","","","","","","","","","","","","","","",3,8,2,2,2,1,6,2,2,"","yes",37,"Male","Heterosexual or straight","","No","None",", RMTE30, RMTE22, RMTE27, RMTE19, RMTE21, RMTE9, RMTE6, RMTE35, RMTE15, RMTE17, RMTE29, RMTE3, RMTE25, RMTE28, RMTE31, RMTE18, RMTE34","FL_124","RMTE30-female|RMTE22-female|RMTE27-female|RMTE19-female|RMTE21-female|RMTE9-female|RMTE6-female|RMTE35-female|RMTE15-female","","FL_109|FL_101|FL_95|FL_104|FL_102|FL_99|FL_108|FL_98","","vidInstructionSex|BedroomOral","vidInstructionNeut|WallE","|happy_1st|sadness_1st|bored_1st|sex_arousal_1st","|happy_2nd|sex_arosal_2nd|bored_2nd|sadness_2nd",9.71666666666667,-0.277915948869665,"Sex_clip_1st",NA,NA,NA,0,NA,NA,1,NA,NA,0,NA,NA,NA,NA,NA,1,NA,1,1,0,NA,1,1,NA,NA,1,NA,1,0,0,1,0,NA,NA,1,0,NA,0.588235294117647,12,7,6,9,10,16,4,5,2,13,3,14,11,1,15,17,8,NA,NA,NA,NA,NA,NA,NA,NA,NA,NA,NA,NA,NA,NA,NA,NA,NA,NA,NA,"BedroomOral","WallE","Sex_clip_1st",8,1,2,6,2,2,2,2,7,1.02266392181639,-0.605644705859313,1.30702699863964
"5e63adfb9ab3e612a6913e14","females","Neutral_clip","","100",662,"Yes","20","8.39","convinced","13.487","impatient","19.499","preoccupied","6.492","contemplative","6.06","aghast","8.448","decisive","7.268","tentative","7.865","fantasizing","8.326","preoccupied","9.998","incredulous","6.802","cautious","13.582","interested","5.44","reflective","5.843","flirtatious","8.557","dispirited","8.575","terrified","7.719","insisting","","","","","","","","","","","","","","","","","","","","","","","","","","","","","","","","","","","","","","",5,2,8,1,1,4,3,1,3,"","yes",43,"Male","Heterosexual or straight","","No","",", RMTE22, RMTE28, RMTE18, RMTE9, RMTE6, RMTE15, RMTE19, RMTE34, RMTE25, RMTE29, RMTE35, RMTE31, RMTE27, RMTE17, RMTE3, RMTE21, RMTE30","FL_124","RMTE22-female|RMTE28-female|RMTE18-female|RMTE9-female|RMTE6-female|RMTE15-female|RMTE19-female|RMTE34-female|RMTE25-female","","FL_101|FL_97|FL_99|FL_103|FL_109|FL_95|FL_106|FL_100","","vidInstructionSex|SamTaylor","vidInstructionNeut|ModernFamily","|happy_1st|sadness_1st|sex_arousal_1st|bored_1st","|sex_arosal_2nd|happy_2nd|sadness_2nd|bored_2nd",11.0333333333333,-0.0201912285187668,"Neutral_clip_1st",NA,NA,NA,0,NA,NA,0,NA,NA,1,NA,NA,NA,NA,NA,1,NA,0,1,1,NA,1,1,NA,NA,0,NA,1,1,1,1,0,NA,NA,0,0,NA,0.588235294117647,15,5,4,6,14,3,7,16,1,9,13,2,10,17,12,8,11,NA,NA,NA,NA,NA,NA,NA,NA,NA,NA,NA,NA,NA,NA,NA,NA,NA,NA,NA,"SamTaylor","ModernFamily","Neutral_clip_1st",4,2,3,8,1,1,3,1,2,-0.771244884559201,0.183287213615318,-0.83706037278247
"5e7c89a515980f2c5cf93d5d","females","Sex_clip","","100",572,"Yes","20","3.594","desire","3.613","fantasizing","3.516","preoccupied","4.157","contemplative","4.839","playful","4.458","decisive","4.169","tentative","3.823","fantasizing","3.77","preoccupied","3.901","interested","4.556","reassuring","4.003","interested","6.126","reflective","2.934","flirtatious","7.623","confident","5.806","distrustful","3.733","insisting","","","","","","","","","","","","","","","","","","","","","","","","","","","","","","","","","","","","","","",7,5,2,1,5,1,2,1,7,"","yes",37,"Male","Heterosexual or straight","","No","",", RMTE31, RMTE35, RMTE6, RMTE22, RMTE21, RMTE25, RMTE9, RMTE27, RMTE3, RMTE19, RMTE28, RMTE29, RMTE18, RMTE15, RMTE34, RMTE17, RMTE30","FL_124","RMTE31-female|RMTE35-female|RMTE6-female|RMTE22-female|RMTE21-female|RMTE25-female|RMTE9-female|RMTE27-female|RMTE3-female","","FL_107|FL_102|FL_101|FL_108|FL_110|FL_98|FL_109|FL_100","","vidInstructionSex|SamTaylor","vidInstructionNeut|MadMen","|sadness_1st|bored_1st|sex_arousal_1st|happy_1st","|happy_2nd|sadness_2nd|sex_arosal_2nd|bored_2nd",9.53333333333333,-0.313801669424853,"Sex_clip_1st",NA,NA,NA,1,NA,NA,1,NA,NA,1,NA,NA,NA,NA,NA,1,NA,0,1,1,NA,1,1,NA,NA,1,NA,0,1,1,1,1,NA,NA,1,0,NA,0.823529411764706,9,3,7,14,16,13,10,5,4,6,8,11,12,17,1,15,2,NA,NA,NA,NA,NA,NA,NA,NA,NA,NA,NA,NA,NA,NA,NA,NA,NA,NA,NA,"SamTaylor","MadMen","Sex_clip_1st",5,1,2,2,1,1,5,7,4,-0.322767682965304,-0.605644705859313,0.0205745757863738
"5e7d790c0d34ae3fef75c74e","females","Neutral_clip","","100",588,"Yes","20","4.964","desire","13.556","impatient","7.365","annoyed","3.361","contemplative","9.75","affectionate","8.678","decisive","10.674","tentative","2.968","fantasizing","4.617","imploring","11.1","interested","6.567","arrogant","4.998","contented","3.702","reflective","2.678","flirtatious","9.753","confident","5.575","distrustful","4.26","nervous","","","","","","","","","","","","","","","","","","","","","","","","","","","","","","","","","","","","","","",7,1,7,1,1,9,6,1,1,"","yes",42,"Male","Heterosexual or straight","","No","",", RMTE31, RMTE17, RMTE19, RMTE6, RMTE27, RMTE15, RMTE28, RMTE25, RMTE18, RMTE9, RMTE34, RMTE3, RMTE21, RMTE35, RMTE29, RMTE30, RMTE22","FL_124","RMTE31-female|RMTE17-female|RMTE19-female|RMTE6-female|RMTE27-female|RMTE15-female|RMTE28-female|RMTE25-female|RMTE18-female","","FL_111|FL_98|FL_95|FL_106|FL_97|FL_101|FL_100|FL_105","","vidInstructionSex|FloorSex","vidInstructionNeut|WallE","|bored_1st|sadness_1st|sex_arousal_1st|happy_1st","|sadness_2nd|sex_arosal_2nd|bored_2nd|happy_2nd",9.8,-0.261604257708216,"Neutral_clip_1st",NA,NA,NA,1,NA,NA,0,NA,NA,0,NA,NA,NA,NA,NA,1,NA,0,1,1,NA,1,0,NA,NA,1,NA,0,0,1,1,1,NA,NA,1,1,NA,0.647058823529412,12,4,10,6,2,9,3,13,17,8,5,7,15,16,1,11,14,NA,NA,NA,NA,NA,NA,NA,NA,NA,NA,NA,NA,NA,NA,NA,NA,NA,NA,NA,"FloorSex","WallE","Neutral_clip_1st",9,1,6,7,1,1,1,1,8,1.47114112341028,-0.605644705859313,1.73584447292406
"5e865073d8b1b10c885fe98c","females","Sex_clip","","100",523,"Yes","20","6.932","desire","6.046","fantasizing","4.619","preoccupied","7.269","contemplative","11.353","doubtful","5.939","decisive","10.139","sarcastic","9.003","embarrassed","7.016","preoccupied","10.066","incredulous","5.948","cautious","8.942","joking","3.666","reflective","13.778","disappointed","10.643","dispirited","4.389","terrified","7.43","nervous","","","","","","","","","","","","","","","","","","","","","","","","","","","","","","","","","","","","","","",6,9,6,1,1,1,4,1,7,"","yes",47,"Male","Heterosexual or straight","","No","none",", RMTE6, RMTE29, RMTE9, RMTE27, RMTE18, RMTE28, RMTE35, RMTE3, RMTE17, RMTE31, RMTE30, RMTE22, RMTE19, RMTE34, RMTE21, RMTE25, RMTE15","FL_124","RMTE6-female|RMTE29-female|RMTE9-female|RMTE27-female|RMTE18-female|RMTE28-female|RMTE35-female|RMTE3-female|RMTE17-female","","FL_99|FL_100|FL_105|FL_107|FL_98|FL_106|FL_104|FL_110","","vidInstructionSex|BedroomOral","vidInstructionNeut|MadMen","|happy_1st|sadness_1st|bored_1st|sex_arousal_1st","|bored_2nd|sadness_2nd|sex_arosal_2nd|happy_2nd",8.71666666666667,-0.473656242807056,"Sex_clip_1st",NA,NA,NA,1,NA,NA,1,NA,NA,1,NA,NA,NA,NA,NA,1,NA,1,1,0,NA,0,1,NA,NA,0,NA,1,0,1,0,0,NA,NA,0,1,NA,0.588235294117647,8,1,3,17,9,5,13,15,12,16,4,6,2,11,10,14,7,NA,NA,NA,NA,NA,NA,NA,NA,NA,NA,NA,NA,NA,NA,NA,NA,NA,NA,NA,"BedroomOral","MadMen","Sex_clip_1st",9,1,6,4,1,1,1,7,8,1.47114112341028,-0.605644705859313,1.73584447292406
"5e8e5058e690d70ebefeb033","females","Sex_clip","","100",493,"Yes","20","5.88","convinced","12.255","fantasizing","4.098","preoccupied","4.709","contemplative","3.387","doubtful","5.312","decisive","9.488","grateful","4.793","fantasizing","5.081","preoccupied","5.609","interested","4.006","cautious","9.387","interested","6.82","impatient","9.721","flirtatious","7.888","confident","5.915","distrustful","5.289","nervous","","","","","","","","","","","","","","","","","","","","","","","","","","","","","","","","","","","","","","",4,7,7,1,3,1,7,1,1,"","yes",22,"Male","Heterosexual or straight","","No","",", RMTE25, RMTE30, RMTE3, RMTE35, RMTE9, RMTE18, RMTE34, RMTE19, RMTE21, RMTE15, RMTE31, RMTE22, RMTE29, RMTE6, RMTE28, RMTE17, RMTE27","FL_124","RMTE25-female|RMTE30-female|RMTE3-female|RMTE35-female|RMTE9-female|RMTE18-female|RMTE34-female|RMTE19-female|RMTE21-female","","FL_110|FL_99|FL_105|FL_101|FL_112|FL_102|FL_109|FL_103","","vidInstructionSex|SamTaylor","vidInstructionNeut|WallE","|sex_arousal_1st|happy_1st|sadness_1st|bored_1st","|happy_2nd|sex_arosal_2nd|sadness_2nd|bored_2nd",8.21666666666667,-0.571526389775752,"Sex_clip_1st",NA,NA,NA,0,NA,NA,1,NA,NA,1,NA,NA,NA,NA,NA,1,NA,1,1,0,NA,1,1,NA,NA,1,NA,1,1,0,1,1,NA,NA,1,1,NA,0.823529411764706,3,14,5,10,16,6,8,9,12,1,17,15,13,2,11,7,4,NA,NA,NA,NA,NA,NA,NA,NA,NA,NA,NA,NA,NA,NA,NA,NA,NA,NA,NA,"SamTaylor","WallE","Sex_clip_1st",7,1,7,7,1,1,3,1,6,0.574186720222489,-0.605644705859313,0.878209524355217
"5e92f37a81efdf000c813062","females","Sex_clip","","100",369,"Yes","20","3.741","flustered","2.359","alarmed","3.05","preoccupied","1.869","flustered","2.219","affectionate","2.793","amused","2.283","grateful","3.113","fantasizing","2.574","imploring","5.257","interested","1.602","reassuring","2.427","interested","3.119","reflective","3.514","flirtatious","2.333","confident","5.356","baffled","1.657","contemplative","","","","","","","","","","","","","","","","","","","","","","","","","","","","","","","","","","","","","","",4,6,5,1,4,4,4,1,7,"","yes",18,"Male","Heterosexual or straight","","No","",", RMTE25, RMTE9, RMTE3, RMTE6, RMTE17, RMTE35, RMTE27, RMTE19, RMTE34, RMTE31, RMTE21, RMTE15, RMTE22, RMTE18, RMTE30, RMTE28, RMTE29","FL_124","RMTE25-female|RMTE9-female|RMTE3-female|RMTE6-female|RMTE17-female|RMTE35-female|RMTE27-female|RMTE19-female|RMTE34-female","","FL_99|FL_106|FL_110|FL_105|FL_108|FL_100|FL_102|FL_101","","vidInstructionSex|BedroomOral","vidInstructionNeut|ModernFamily","|sex_arousal_1st|happy_1st|bored_1st|sadness_1st","|happy_2nd|sex_arosal_2nd|sadness_2nd|bored_2nd",6.15,-0.976056330579693,"Sex_clip_1st",NA,NA,NA,0,NA,NA,0,NA,NA,1,NA,NA,NA,NA,NA,0,NA,0,0,0,NA,1,0,NA,NA,1,NA,0,1,1,1,1,NA,NA,0,0,NA,0.411764705882353,3,4,2,12,5,14,8,11,13,1,7,16,17,15,10,9,6,NA,NA,NA,NA,NA,NA,NA,NA,NA,NA,NA,NA,NA,NA,NA,NA,NA,NA,NA,"BedroomOral","ModernFamily","Sex_clip_1st",6,4,5,4,1,1,4,7,2,0.125709518628592,1.76115105256458,-0.83706037278247
"5ea1dc176205ad0c7c941ca1","females","Neutral_clip","","100",654,"Yes","20","12.377","convinced","9.163","impatient","6.583","preoccupied","4.24","amused","4.892","doubtful","5.674","bored","7.714","sarcastic","4.357","fantasizing","6.861","preoccupied","5.218","interested","8.434","cautious","4.833","interested","7.33","reflective","9.291","flirtatious","5.864","confident","8.407","distrustful","10.062","puzzled","","","","","","","","","","","","","","","","","","","","","","","","","","","","","","","","","","","","","","",5,1,4,5,4,6,6,3,6,"","yes",47,"Male","Heterosexual or straight","","No","",", RMTE31, RMTE22, RMTE29, RMTE15, RMTE25, RMTE18, RMTE28, RMTE34, RMTE17, RMTE30, RMTE27, RMTE6, RMTE9, RMTE35, RMTE19, RMTE3, RMTE21","FL_124","RMTE31-female|RMTE22-female|RMTE29-female|RMTE15-female|RMTE25-female|RMTE18-female|RMTE28-female|RMTE34-female|RMTE17-female","","FL_100|FL_103|FL_112|FL_111|FL_97|FL_107|FL_95|FL_106","","vidInstructionSex|FloorSex","vidInstructionNeut|MadMen","|sadness_1st|happy_1st|bored_1st|sex_arousal_1st","|bored_2nd|sadness_2nd|sex_arosal_2nd|happy_2nd",10.9,-0.0462899343770856,"Neutral_clip_1st",NA,NA,NA,0,NA,NA,0,NA,NA,1,NA,NA,NA,NA,NA,0,NA,1,0,0,NA,1,1,NA,NA,1,NA,1,1,1,1,1,NA,NA,1,0,NA,0.647058823529412,16,12,13,4,9,6,15,17,2,5,11,7,3,10,1,8,14,NA,NA,NA,NA,NA,NA,NA,NA,NA,NA,NA,NA,NA,NA,NA,NA,NA,NA,NA,"FloorSex","MadMen","Neutral_clip_1st",6,1,6,4,3,5,6,4,5,0.125709518628592,-0.605644705859313,0.449392050070796
"5ea40ba76e05883a3353452d","females","Neutral_clip","","100",460,"Yes","20","4.254","desire","7.784","alarmed","4.915","hostile","3.777","contemplative","4.839","doubtful","3.957","decisive","5.089","arrogant","2.132","fantasizing","5.771","preoccupied","3.378","interested","1.342","reassuring","4.323","contented","4.615","aghast","3.72","flirtatious","5.578","confident","3.175","aghast","3.313","nervous","","","","","","","","","","","","","","","","","","","","","","","","","","","","","","","","","","","","","","",4,1,5,3,8,2,5,3,8,"","yes",30,"Male","Heterosexual or straight","","No","",", RMTE30, RMTE3, RMTE29, RMTE35, RMTE19, RMTE9, RMTE22, RMTE17, RMTE6, RMTE31, RMTE18, RMTE34, RMTE28, RMTE27, RMTE25, RMTE21, RMTE15","FL_124","RMTE30-female|RMTE3-female|RMTE29-female|RMTE35-female|RMTE19-female|RMTE9-female|RMTE22-female|RMTE17-female|RMTE6-female","","FL_99|FL_108|FL_98|FL_102|FL_103|FL_104|FL_106|FL_110","","vidInstructionSex|SamTaylor","vidInstructionNeut|MadMen","|sex_arousal_1st|sadness_1st|bored_1st|happy_1st","|sadness_2nd|bored_2nd|happy_2nd|sex_arosal_2nd",7.66666666666667,-0.679183551441317,"Neutral_clip_1st",NA,NA,NA,1,NA,NA,0,NA,NA,0,NA,NA,NA,NA,NA,1,NA,1,1,0,NA,1,1,NA,NA,1,NA,0,0,0,1,1,NA,NA,0,1,NA,0.588235294117647,2,9,6,17,8,11,5,16,7,15,14,13,3,1,10,12,4,NA,NA,NA,NA,NA,NA,NA,NA,NA,NA,NA,NA,NA,NA,NA,NA,NA,NA,NA,"SamTaylor","MadMen","Neutral_clip_1st",2,1,5,5,3,3,8,8,1,-1.66819928774699,-0.605644705859313,-1.26587784706689
"5ea93790c348bc0135530c17","females","Sex_clip","","100",466,"Yes","20","4.251","desire","5.025","fantasizing","3.232","preoccupied","3.641","contemplative","2.874","doubtful","3.164","decisive","4.413","tentative","3.561","fantasizing","3.257","preoccupied","6.667","interested","5.828","cautious","5.233","contented","3.513","impatient","2.573","flirtatious","6.508","joking","11.284","distrustful","3.159","nervous","","","","","","","","","","","","","","","","","","","","","","","","","","","","","","","","","","","","","","",6,7,6,1,3,3,5,3,5,"","yes",25,"Male","Heterosexual or straight","","No","",", RMTE6, RMTE34, RMTE30, RMTE31, RMTE21, RMTE15, RMTE9, RMTE3, RMTE22, RMTE28, RMTE25, RMTE27, RMTE17, RMTE29, RMTE18, RMTE35, RMTE19","FL_124","RMTE6-female|RMTE34-female|RMTE30-female|RMTE31-female|RMTE21-female|RMTE15-female|RMTE9-female|RMTE3-female|RMTE22-female","","FL_102|FL_104|FL_103|FL_109|FL_101|FL_108|FL_97|FL_107","","vidInstructionSex|SamTaylor","vidInstructionNeut|MadMen","|sex_arousal_1st|sadness_1st|happy_1st|bored_1st","|happy_2nd|sex_arosal_2nd|bored_2nd|sadness_2nd",7.76666666666667,-0.659609522047578,"Sex_clip_1st",NA,NA,NA,1,NA,NA,1,NA,NA,1,NA,NA,NA,NA,NA,1,NA,1,1,1,NA,1,1,NA,NA,1,NA,1,0,0,1,0,NA,NA,1,1,NA,0.823529411764706,8,1,7,6,13,15,17,5,9,11,12,10,14,3,4,2,16,NA,NA,NA,NA,NA,NA,NA,NA,NA,NA,NA,NA,NA,NA,NA,NA,NA,NA,NA,"SamTaylor","MadMen","Sex_clip_1st",7,3,6,5,1,3,3,5,4,0.574186720222489,0.97221913308995,0.0205745757863738
"5eb16ce8bf0ac5053bc4f098","females","Sex_clip","","100",489,"Yes","20","5.933","desire","5.807","impatient","5.853","preoccupied","3.129","contemplative","6.226","playful","4.411","decisive","9.206","tentative","6.582","fantasizing","6.817","preoccupied","6.688","despondent","6.548","reassuring","3.096","affectionate","5.056","reflective","3.652","flirtatious","5.967","confident","5.665","distrustful","6.748","nervous","","","","","","","","","","","","","","","","","","","","","","","","","","","","","","","","","","","","","","",5,9,8,1,1,2,5,5,3,"","yes",39,"Male","Heterosexual or straight","","No","",", RMTE21, RMTE3, RMTE6, RMTE29, RMTE19, RMTE31, RMTE28, RMTE22, RMTE17, RMTE35, RMTE15, RMTE30, RMTE27, RMTE18, RMTE25, RMTE34, RMTE9","FL_124","RMTE21-female|RMTE3-female|RMTE6-female|RMTE29-female|RMTE19-female|RMTE31-female|RMTE28-female|RMTE22-female|RMTE17-female","","FL_97|FL_110|FL_100|FL_103|FL_108|FL_104|FL_98|FL_111","","vidInstructionSex|FloorSex","vidInstructionNeut|ModernFamily","|bored_1st|sex_arousal_1st|sadness_1st|happy_1st","|sadness_2nd|sex_arosal_2nd|bored_2nd|happy_2nd",8.15,-0.584575742704911,"Sex_clip_1st",NA,NA,NA,1,NA,NA,0,NA,NA,1,NA,NA,NA,NA,NA,1,NA,0,1,1,NA,1,1,NA,NA,0,NA,0,0,1,1,1,NA,NA,1,1,NA,0.705882352941177,2,3,17,11,9,14,5,1,8,15,13,7,4,12,6,16,10,NA,NA,NA,NA,NA,NA,NA,NA,NA,NA,NA,NA,NA,NA,NA,NA,NA,NA,NA,"FloorSex","ModernFamily","Sex_clip_1st",9,2,8,5,1,5,1,3,7,1.47114112341028,0.183287213615318,1.30702699863964
"5eb3f62dd25b371e45e78adb","females","Neutral_clip","","100",635,"Yes","20","7.312","desire","6.853","impatient","4.54","annoyed","4.693","amused","5.492","doubtful","5.201","bored","88.418","grateful","5.108","fantasizing","6.406","preoccupied","4.979","interested","4.277","cautious","7.058","interested","5.012","impatient","3.67","flirtatious","4.245","confident","3.661","baffled","6.639","puzzled","","","","","","","","","","","","","","","","","","","","","","","","","","","","","","","","","","","","","","",5,1,2,2,2,7,7,1,1,"","yes",25,"Male","Heterosexual or straight","","No","",", RMTE19, RMTE28, RMTE3, RMTE29, RMTE30, RMTE15, RMTE34, RMTE21, RMTE6, RMTE22, RMTE18, RMTE31, RMTE25, RMTE35, RMTE9, RMTE27, RMTE17","FL_124","RMTE19-female|RMTE28-female|RMTE3-female|RMTE29-female|RMTE30-female|RMTE15-female|RMTE34-female|RMTE21-female|RMTE6-female","","FL_105|FL_108|FL_99|FL_104|FL_97|FL_111|FL_103|FL_109","","vidInstructionSex|BedroomOral","vidInstructionNeut|WallE","|bored_1st|sadness_1st|sex_arousal_1st|happy_1st","|sadness_2nd|bored_2nd|happy_2nd|sex_arosal_2nd",10.5833333333333,-0.108274360790593,"Neutral_clip_1st",NA,NA,NA,1,NA,NA,0,NA,NA,0,NA,NA,NA,NA,NA,0,NA,1,0,0,NA,1,1,NA,NA,1,NA,1,1,0,1,1,NA,NA,0,0,NA,0.529411764705882,3,9,15,6,17,11,1,8,10,13,16,2,4,5,12,7,14,NA,NA,NA,NA,NA,NA,NA,NA,NA,NA,NA,NA,NA,NA,NA,NA,NA,NA,NA,"BedroomOral","WallE","Neutral_clip_1st",7,1,7,2,1,2,1,2,6,0.574186720222489,-0.605644705859313,0.878209524355217
"5eb4909c2f46f82f9280a49b","females","Neutral_clip","","100",566,"Yes","20","4.94","desire","4.627","fantasizing","4.285","annoyed","46.151","amused","7.798","doubtful","10.006","amused","7.236","tentative","6.097","fantasizing","8.05","insisting","3.091","interested","3.615","cautious","7.181","joking","7.886","aghast","2.937","flirtatious","5.923","confident","5.601","terrified","4.296","nervous","","","","","","","","","","","","","","","","","","","","","","","","","","","","","","","","","","","","","","",7,3,4,4,4,7,7,3,3,"","yes",24,"Male","Heterosexual or straight","","No","",", RMTE3, RMTE29, RMTE35, RMTE19, RMTE28, RMTE34, RMTE21, RMTE22, RMTE17, RMTE31, RMTE27, RMTE30, RMTE9, RMTE25, RMTE6, RMTE18, RMTE15","FL_124","RMTE3-female|RMTE29-female|RMTE35-female|RMTE19-female|RMTE28-female|RMTE34-female|RMTE21-female|RMTE22-female|RMTE17-female","","FL_99|FL_103|FL_100|FL_111|FL_104|FL_112|FL_108|FL_110","","vidInstructionSex|FloorSex","vidInstructionNeut|MadMen","|sex_arousal_1st|sadness_1st|bored_1st|happy_1st","|sex_arosal_2nd|sadness_2nd|bored_2nd|happy_2nd",9.43333333333333,-0.333375698818593,"Neutral_clip_1st",NA,NA,NA,1,NA,NA,1,NA,NA,0,NA,NA,NA,NA,NA,0,NA,1,0,1,NA,1,0,NA,NA,1,NA,1,0,0,1,1,NA,NA,0,1,NA,0.588235294117647,1,15,13,17,9,16,4,7,8,14,11,5,2,12,10,6,3,NA,NA,NA,NA,NA,NA,NA,NA,NA,NA,NA,NA,NA,NA,NA,NA,NA,NA,NA,"FloorSex","MadMen","Neutral_clip_1st",7,3,7,4,3,4,3,4,4,0.574186720222489,0.97221913308995,0.0205745757863738
"5ec152936af680420e2f7084","females","Neutral_clip","","100",741,"Yes","20","9.524","desire","24.893","fantasizing","9.289","preoccupied","15.738","contemplative","8.165","doubtful","7.677","decisive","18.37","arrogant","16.433","fantasizing","15.373","preoccupied","21.364","incredulous","8.604","cautious","24.952","joking","11.778","reflective","10.311","flirtatious","10.877","confident","19.87","distrustful","12.794","contemplative","","","","","","","","","","","","","","","","","","","","","","","","","","","","","","","","","","","","","","",6,1,5,5,2,9,5,1,5,"","yes",49,"Male","Heterosexual or straight","","No","",", RMTE3, RMTE25, RMTE35, RMTE19, RMTE15, RMTE28, RMTE17, RMTE27, RMTE34, RMTE29, RMTE18, RMTE31, RMTE6, RMTE30, RMTE21, RMTE9, RMTE22","FL_124","RMTE3-female|RMTE25-female|RMTE35-female|RMTE19-female|RMTE15-female|RMTE28-female|RMTE17-female|RMTE27-female|RMTE34-female","","FL_101|FL_108|FL_99|FL_112|FL_100|FL_106|FL_111|FL_105","","vidInstructionSex|SamTaylor","vidInstructionNeut|WallE","|sadness_1st|happy_1st|sex_arousal_1st|bored_1st","|happy_2nd|bored_2nd|sadness_2nd|sex_arosal_2nd",12.35,0.237533491832131,"Neutral_clip_1st",NA,NA,NA,1,NA,NA,1,NA,NA,1,NA,NA,NA,NA,NA,1,NA,1,1,0,NA,1,1,NA,NA,0,NA,1,0,1,1,1,NA,NA,1,0,NA,0.764705882352941,1,13,16,5,7,11,4,15,17,2,8,6,10,14,12,9,3,NA,NA,NA,NA,NA,NA,NA,NA,NA,NA,NA,NA,NA,NA,NA,NA,NA,NA,NA,"SamTaylor","WallE","Neutral_clip_1st",9,1,5,5,1,5,5,2,8,1.47114112341028,-0.605644705859313,1.73584447292406
"5ecabef03e44f0247ee6147b","females","Sex_clip","","100",543,"Yes","20","3.49","desire","3.548","fantasizing","3.953","preoccupied","3.368","contemplative","5.101","aghast","8.988","decisive","26.444","grateful","2.815","fantasizing","3.958","preoccupied","3.747","interested","3.791","cautious","4.654","affectionate","5.849","impatient","2.531","flirtatious","2.871","confident","7.938","distrustful","3.49","nervous","","","","","","","","","","","","","","","","","","","","","","","","","","","","","","","","","","","","","","",3,8,5,1,2,1,6,1,3,"","yes",31,"Male","Heterosexual or straight","","No","",", RMTE18, RMTE15, RMTE17, RMTE9, RMTE6, RMTE31, RMTE34, RMTE19, RMTE28, RMTE29, RMTE35, RMTE21, RMTE30, RMTE27, RMTE22, RMTE25, RMTE3","FL_124","RMTE18-female|RMTE15-female|RMTE17-female|RMTE9-female|RMTE6-female|RMTE31-female|RMTE34-female|RMTE19-female|RMTE28-female","","FL_101|FL_97|FL_106|FL_100|FL_103|FL_105|FL_104|FL_95","","vidInstructionSex|FloorSex","vidInstructionNeut|WallE","|bored_1st|sadness_1st|happy_1st|sex_arousal_1st","|bored_2nd|happy_2nd|sex_arosal_2nd|sadness_2nd",9.05,-0.408409478161259,"Sex_clip_1st",NA,NA,NA,1,NA,NA,1,NA,NA,1,NA,NA,NA,NA,NA,1,NA,0,1,0,NA,1,1,NA,NA,1,NA,1,0,0,1,1,NA,NA,1,1,NA,0.764705882352941,17,5,4,2,3,1,8,12,15,16,14,9,10,13,6,7,11,NA,NA,NA,NA,NA,NA,NA,NA,NA,NA,NA,NA,NA,NA,NA,NA,NA,NA,NA,"FloorSex","WallE","Sex_clip_1st",8,1,5,6,1,1,2,3,7,1.02266392181639,-0.605644705859313,1.30702699863964
"5ed1566237d27008e6239275","females","Sex_clip","","100",387,"Yes","20","8.67","convinced","2.843","fantasizing","3.37","preoccupied","8.193","contemplative","18.146","doubtful","5.077","bored","2.46","tentative","4.565","fantasizing","2.774","preoccupied","2.777","interested","3.231","cautious","3.237","contented","2.483","reflective","8.241","disappointed","4.81","confident","4.516","baffled","3.877","contemplative","","","","","","","","","","","","","","","","","","","","","","","","","","","","","","","","","","","","","","",5,4,5,2,4,1,9,1,1,"","yes",35,"Male","Heterosexual or straight","","No","",", RMTE31, RMTE6, RMTE35, RMTE28, RMTE30, RMTE27, RMTE29, RMTE21, RMTE25, RMTE34, RMTE15, RMTE17, RMTE22, RMTE9, RMTE19, RMTE3, RMTE18","FL_124","RMTE31-female|RMTE6-female|RMTE35-female|RMTE28-female|RMTE30-female|RMTE27-female|RMTE29-female|RMTE21-female|RMTE25-female","","FL_98|FL_110|FL_109|FL_105|FL_111|FL_107|FL_95|FL_108","","vidInstructionSex|FloorSex","vidInstructionNeut|WallE","|sadness_1st|bored_1st|sex_arousal_1st|happy_1st","|bored_2nd|happy_2nd|sex_arosal_2nd|sadness_2nd",6.45,-0.917334242398476,"Sex_clip_1st",NA,NA,NA,0,NA,NA,1,NA,NA,1,NA,NA,NA,NA,NA,1,NA,1,0,1,NA,1,1,NA,NA,1,NA,1,0,1,0,1,NA,NA,0,0,NA,0.647058823529412,16,2,14,11,12,17,15,8,13,9,6,4,7,5,1,10,3,NA,NA,NA,NA,NA,NA,NA,NA,NA,NA,NA,NA,NA,NA,NA,NA,NA,NA,NA,"FloorSex","WallE","Sex_clip_1st",4,1,5,9,2,1,4,1,3,-0.771244884559201,-0.605644705859313,-0.408242898498048
"5eda4380f8482906740f166f","females","Sex_clip","","100",476,"Yes","20","3.86","desire","5.565","impatient","4.873","preoccupied","3.747","contemplative","5.679","aghast","4.945","decisive","9.512","tentative","4.509","fantasizing","3.289","preoccupied","5.266","incredulous","4.21","cautious","4.244","interested","4.191","reflective","4.045","flirtatious","3.477","confident","7.253","aghast","6.558","nervous","","","","","","","","","","","","","","","","","","","","","","","","","","","","","","","","","","","","","","",4,2,2,5,5,2,8,1,1,"","yes",49,"Male","Heterosexual or straight","","No","",", RMTE21, RMTE15, RMTE31, RMTE30, RMTE22, RMTE19, RMTE6, RMTE3, RMTE18, RMTE27, RMTE28, RMTE35, RMTE17, RMTE29, RMTE9, RMTE25, RMTE34","FL_124","RMTE21-female|RMTE15-female|RMTE31-female|RMTE30-female|RMTE22-female|RMTE19-female|RMTE6-female|RMTE3-female|RMTE18-female","","FL_103|FL_102|FL_97|FL_109|FL_101|FL_111|FL_104|FL_98","","vidInstructionSex|FloorSex","vidInstructionNeut|ModernFamily","|happy_1st|sadness_1st|sex_arousal_1st|bored_1st","|bored_2nd|sex_arosal_2nd|sadness_2nd|happy_2nd",7.93333333333333,-0.626986139724679,"Sex_clip_1st",NA,NA,NA,1,NA,NA,0,NA,NA,1,NA,NA,NA,NA,NA,1,NA,0,1,1,NA,1,1,NA,NA,0,NA,1,1,1,1,1,NA,NA,0,1,NA,0.764705882352941,8,7,15,2,13,9,6,1,5,16,10,11,14,4,3,17,12,NA,NA,NA,NA,NA,NA,NA,NA,NA,NA,NA,NA,NA,NA,NA,NA,NA,NA,NA,"FloorSex","ModernFamily","Sex_clip_1st",2,2,2,8,5,1,5,1,0,-1.66819928774699,0.183287213615318,-1.69469532135131
"5edec1fe543b8816c672b069","females","Sex_clip","","100",581,"Yes","20","4.772","desire","6.249","fantasizing","6.533","preoccupied","5.823","contemplative","4.971","doubtful","5.364","decisive","5.861","tentative","5.717","fantasizing","5.982","imploring","8.944","interested","8.184","cautious","9.696","interested","6.74","reflective","6.655","flirtatious","5.288","confident","8.032","distrustful","7.052","puzzled","","","","","","","","","","","","","","","","","","","","","","","","","","","","","","","","","","","","","","",7,7,5,2,4,3,5,1,8,"","yes",28,"Male","Heterosexual or straight","","No","",", RMTE29, RMTE19, RMTE31, RMTE25, RMTE15, RMTE35, RMTE30, RMTE27, RMTE22, RMTE21, RMTE17, RMTE34, RMTE3, RMTE9, RMTE28, RMTE18, RMTE6","FL_124","RMTE29-female|RMTE19-female|RMTE31-female|RMTE25-female|RMTE15-female|RMTE35-female|RMTE30-female|RMTE27-female|RMTE22-female","","FL_106|FL_109|FL_98|FL_95|FL_111|FL_102|FL_108|FL_112","","vidInstructionSex|SamTaylor","vidInstructionNeut|ModernFamily","|happy_1st|sex_arousal_1st|sadness_1st|bored_1st","|sex_arosal_2nd|sadness_2nd|happy_2nd|bored_2nd",9.68333333333333,-0.284440625334245,"Sex_clip_1st",NA,NA,NA,1,NA,NA,1,NA,NA,1,NA,NA,NA,NA,NA,1,NA,1,1,1,NA,1,0,NA,NA,1,NA,1,1,1,1,1,NA,NA,1,0,NA,0.882352941176471,13,17,14,5,11,16,2,10,9,4,8,15,1,7,3,12,6,NA,NA,NA,NA,NA,NA,NA,NA,NA,NA,NA,NA,NA,NA,NA,NA,NA,NA,NA,"SamTaylor","ModernFamily","Sex_clip_1st",7,3,5,5,2,1,4,8,4,0.574186720222489,0.97221913308995,0.0205745757863738
"5edeea354d54cb1a825aa8f9","females","Sex_clip","","100",789,"Yes","20","8.148","desire","6.48","fantasizing","9.81","preoccupied","10.164","contemplative","14.412","doubtful","15.033","bored","11.297","tentative","7.687","fantasizing","10.015","imploring","9.58","interested","14.963","cautious","21.211","interested","11.726","reflective","9.214","hostile","11.607","dispirited","10.68","distrustful","11.009","insisting","","","","","","","","","","","","","","","","","","","","","","","","","","","","","","","","","","","","","","",7,9,3,5,6,2,7,1,1,"","yes",44,"Male","Heterosexual or straight","","No","",", RMTE27, RMTE19, RMTE29, RMTE18, RMTE30, RMTE17, RMTE28, RMTE9, RMTE31, RMTE34, RMTE6, RMTE22, RMTE3, RMTE35, RMTE21, RMTE25, RMTE15","FL_124","RMTE27-female|RMTE19-female|RMTE29-female|RMTE18-female|RMTE30-female|RMTE17-female|RMTE28-female|RMTE9-female|RMTE31-female","","FL_98|FL_112|FL_105|FL_95|FL_97|FL_106|FL_104|FL_110","","vidInstructionSex|FloorSex","vidInstructionNeut|ModernFamily","|sadness_1st|sex_arousal_1st|happy_1st|bored_1st","|happy_2nd|sadness_2nd|bored_2nd|sex_arosal_2nd",13.15,0.394125726982044,"Sex_clip_1st",NA,NA,NA,1,NA,NA,1,NA,NA,1,NA,NA,NA,NA,NA,1,NA,1,0,1,NA,1,0,NA,NA,1,NA,1,1,1,0,0,NA,NA,1,0,NA,0.705882352941177,13,11,8,17,6,4,2,15,12,16,1,7,3,5,9,10,14,NA,NA,NA,NA,NA,NA,NA,NA,NA,NA,NA,NA,NA,NA,NA,NA,NA,NA,NA,"FloorSex","ModernFamily","Sex_clip_1st",9,2,3,7,5,1,6,1,7,1.47114112341028,0.183287213615318,1.30702699863964
"5edf94ca75bfd126354e13b9","females","Neutral_clip","","100",514,"Yes","20","4.214","desire","7.539","impatient","7.683","horrified","4.571","contemplative","4.44","doubtful","6.958","decisive","4.721","tentative","2.723","fantasizing","6.244","preoccupied","3.6","interested","8.061","cautious","5.916","affectionate","4.935","irritated","3.032","flirtatious","3.877","confident","8.487","distrustful","3.727","contemplative","","","","","","","","","","","","","","","","","","","","","","","","","","","","","","","","","","","","","","",4,2,5,2,3,3,3,2,4,"","yes",35,"Male","Heterosexual or straight","","No","",", RMTE28, RMTE30, RMTE6, RMTE35, RMTE29, RMTE3, RMTE31, RMTE34, RMTE27, RMTE18, RMTE9, RMTE25, RMTE15, RMTE17, RMTE21, RMTE22, RMTE19","FL_124","RMTE28-female|RMTE30-female|RMTE6-female|RMTE35-female|RMTE29-female|RMTE3-female|RMTE31-female|RMTE34-female|RMTE27-female","","FL_108|FL_111|FL_104|FL_110|FL_109|FL_106|FL_105|FL_107","","vidInstructionSex|FloorSex","vidInstructionNeut|ModernFamily","|happy_1st|sadness_1st|bored_1st|sex_arousal_1st","|sex_arosal_2nd|happy_2nd|bored_2nd|sadness_2nd",8.56666666666667,-0.503017286897665,"Neutral_clip_1st",NA,NA,NA,1,NA,NA,0,NA,NA,0,NA,NA,NA,NA,NA,1,NA,1,1,1,NA,1,1,NA,NA,1,NA,1,0,0,1,1,NA,NA,1,0,NA,0.705882352941177,6,3,11,13,14,10,17,15,16,12,9,1,5,2,7,8,4,NA,NA,NA,NA,NA,NA,NA,NA,NA,NA,NA,NA,NA,NA,NA,NA,NA,NA,NA,"FloorSex","ModernFamily","Neutral_clip_1st",3,2,3,5,2,2,4,3,1,-1.2197220861531,0.183287213615318,-1.26587784706689
"5eea5e9ee0d561140ff250a1","females","Neutral_clip","","100",772,"Yes","20","17.733","desire","8.092","fantasizing","7.948","preoccupied","10.547","encouraging","6.631","doubtful","8.553","decisive","9.998","tentative","7.12","confused","8.25","preoccupied","22.2","interested","12.548","cautious","19.033","contented","10.031","impatient","10.247","flirtatious","10.607","confident","7.442","terrified","7.57","nervous","","","","","","","","","","","","","","","","","","","","","","","","","","","","","","","","","","","","","","",7,1,6,1,1,7,5,1,1,"","yes",40,"Male","Heterosexual or straight","","No","",", RMTE30, RMTE31, RMTE18, RMTE34, RMTE35, RMTE27, RMTE29, RMTE6, RMTE15, RMTE22, RMTE21, RMTE28, RMTE25, RMTE3, RMTE19, RMTE9, RMTE17","FL_124","RMTE30-female|RMTE31-female|RMTE18-female|RMTE34-female|RMTE35-female|RMTE27-female|RMTE29-female|RMTE6-female|RMTE15-female","","FL_105|FL_106|FL_102|FL_104|FL_95|FL_107|FL_111|FL_109","","vidInstructionSex|BedroomOral","vidInstructionNeut|ModernFamily","|happy_1st|bored_1st|sex_arousal_1st|sadness_1st","|happy_2nd|sadness_2nd|bored_2nd|sex_arosal_2nd",12.8666666666667,0.338665977033117,"Neutral_clip_1st",NA,NA,NA,1,NA,NA,1,NA,NA,1,NA,NA,NA,NA,NA,0,NA,1,1,1,NA,0,1,NA,NA,1,NA,1,0,0,1,1,NA,NA,0,1,NA,0.705882352941177,14,8,16,9,17,3,15,11,10,13,6,12,7,1,2,4,5,NA,NA,NA,NA,NA,NA,NA,NA,NA,NA,NA,NA,NA,NA,NA,NA,NA,NA,NA,"BedroomOral","ModernFamily","Neutral_clip_1st",7,1,5,6,1,1,1,1,6,0.574186720222489,-0.605644705859313,0.878209524355217
"5eefae66afa4e549ac714f73","females","Sex_clip","","100",809,"Yes","20","9.258","joking","4.53","fantasizing","5.944","horrified","3.228","contemplative","4.322","doubtful","3.676","decisive","6.715","tentative","4.749","fantasizing","5.547","preoccupied","10.059","interested","7.433","cautious","5.224","interested","6.299","impatient","4.157","flirtatious","5.497","confident","7.258","distrustful","6.59","nervous","","","","","","","","","","","","","","","","","","","","","","","","","","","","","","","","","","","","","","",6,2,5,3,5,1,4,4,3,"Very much","Yes",26,"Male","Heterosexual or straight","","No","",", RMTE25, RMTE31, RMTE15, RMTE28, RMTE17, RMTE19, RMTE35, RMTE29, RMTE27, RMTE3, RMTE6, RMTE30, RMTE21, RMTE18, RMTE9, RMTE34, RMTE22","FL_124","RMTE25-female|RMTE31-female|RMTE15-female|RMTE28-female|RMTE17-female|RMTE19-female|RMTE35-female|RMTE29-female|RMTE27-female","","FL_95|FL_112|FL_100|FL_106|FL_108|FL_111|FL_98|FL_105","","vidInstructionSex|BedroomOral","vidInstructionNeut|WallE","|sex_arousal_1st|bored_1st|happy_1st|sadness_1st","|sadness_2nd|bored_2nd|sex_arosal_2nd|happy_2nd",13.4833333333333,0.459372491627841,"Sex_clip_1st",NA,NA,NA,0,NA,NA,1,NA,NA,0,NA,NA,NA,NA,NA,1,NA,1,1,1,NA,1,1,NA,NA,1,NA,1,1,0,1,1,NA,NA,1,1,NA,0.823529411764706,10,11,15,3,5,14,6,13,17,1,9,4,8,12,2,16,7,NA,NA,NA,NA,NA,NA,NA,NA,NA,NA,NA,NA,NA,NA,NA,NA,NA,NA,NA,"BedroomOral","WallE","Sex_clip_1st",2,1,5,4,3,4,5,3,1,-1.66819928774699,-0.605644705859313,-1.26587784706689
"5ef0c9b95817dc145532fcee","females","Sex_clip","","100",523,"Yes","20","5.557","desire","4.862","fantasizing","13.212","annoyed","8.174","contemplative","4.892","playful","6.044","decisive","4.167","sarcastic","5.118","fantasizing","3.559","preoccupied","5.499","interested","5.501","cautious","8.418","interested","7.115","impatient","4.555","flirtatious","3.234","confident","8.968","distrustful","10.235","nervous","","","","","","","","","","","","","","","","","","","","","","","","","","","","","","","","","","","","","","",7,4,5,1,2,1,4,6,2,"","yes",31,"Male","Heterosexual or straight","","No","",", RMTE17, RMTE30, RMTE29, RMTE27, RMTE19, RMTE25, RMTE15, RMTE6, RMTE21, RMTE34, RMTE28, RMTE18, RMTE9, RMTE35, RMTE31, RMTE3, RMTE22","FL_124","RMTE17-female|RMTE30-female|RMTE29-female|RMTE27-female|RMTE19-female|RMTE25-female|RMTE15-female|RMTE6-female|RMTE21-female","","FL_98|FL_102|FL_108|FL_111|FL_97|FL_99|FL_95|FL_105","","vidInstructionSex|BedroomOral","vidInstructionNeut|MadMen","|bored_1st|sex_arousal_1st|sadness_1st|happy_1st","|happy_2nd|sex_arosal_2nd|bored_2nd|sadness_2nd",8.71666666666667,-0.473656242807056,"Sex_clip_1st",NA,NA,NA,1,NA,NA,1,NA,NA,0,NA,NA,NA,NA,NA,1,NA,0,1,0,NA,1,1,NA,NA,1,NA,1,1,0,1,1,NA,NA,1,1,NA,0.764705882352941,16,8,13,7,1,12,5,9,17,6,4,11,3,2,15,10,14,NA,NA,NA,NA,NA,NA,NA,NA,NA,NA,NA,NA,NA,NA,NA,NA,NA,NA,NA,"BedroomOral","MadMen","Sex_clip_1st",4,1,5,4,1,6,2,2,3,-0.771244884559201,-0.605644705859313,-0.408242898498048
"5efa455b7a38f2145071c23e","females","Neutral_clip","","100",813,"Yes","20","17.94","desire","19.959","fantasizing","11.278","preoccupied","32.83","contemplative","16.564","doubtful","24.559","decisive","20.123","tentative","18.482","fantasizing","11.959","preoccupied","13.668","interested","19.985","cautious","13.51","interested","11.879","reflective","11.993","flirtatious","28.122","dispirited","22.756","distrustful","14.306","nervous","","","","","","","","","","","","","","","","","","","","","","","","","","","","","","","","","","","","","","",6,1,6,2,3,8,8,1,1,"","yes",43,"Male","Heterosexual or straight","","No","",", RMTE18, RMTE28, RMTE30, RMTE31, RMTE25, RMTE3, RMTE34, RMTE9, RMTE29, RMTE19, RMTE21, RMTE17, RMTE35, RMTE15, RMTE6, RMTE22, RMTE27","FL_124","RMTE18-female|RMTE28-female|RMTE30-female|RMTE31-female|RMTE25-female|RMTE3-female|RMTE34-female|RMTE9-female|RMTE29-female","","FL_107|FL_106|FL_109|FL_97|FL_110|FL_112|FL_105|FL_103","","vidInstructionSex|SamTaylor","vidInstructionNeut|ModernFamily","|happy_1st|bored_1st|sex_arousal_1st|sadness_1st","|sadness_2nd|happy_2nd|bored_2nd|sex_arosal_2nd",13.55,0.472421844557001,"Neutral_clip_1st",NA,NA,NA,1,NA,NA,1,NA,NA,1,NA,NA,NA,NA,NA,1,NA,1,1,1,NA,1,1,NA,NA,1,NA,1,1,1,1,0,NA,NA,1,1,NA,0.941176470588235,6,15,8,14,12,1,10,11,16,5,17,2,9,3,4,7,13,NA,NA,NA,NA,NA,NA,NA,NA,NA,NA,NA,NA,NA,NA,NA,NA,NA,NA,NA,"SamTaylor","ModernFamily","Neutral_clip_1st",8,1,8,6,1,2,1,3,7,1.02266392181639,-0.605644705859313,1.30702699863964
"5efcc3c415ba870c157d0072","females","Sex_clip","","100",642,"Yes","20","9.078","joking","12.423","fantasizing","8.751","preoccupied","3.468","contemplative","7.091","doubtful","3.842","decisive","6.643","tentative","16.531","fantasizing","10.495","preoccupied","8.099","interested","5.319","reassuring","10.394","interested","7.396","reflective","6.328","flirtatious","5.497","joking","8.743","baffled","8.539","insisting","","","","","","","","","","","","","","","","","","","","","","","","","","","","","","","","","","","","","","",4,4,5,2,4,1,6,4,5,"","yes",38,"Male","Heterosexual or straight","","No","",", RMTE21, RMTE9, RMTE3, RMTE17, RMTE35, RMTE6, RMTE29, RMTE27, RMTE34, RMTE28, RMTE31, RMTE30, RMTE15, RMTE25, RMTE22, RMTE18, RMTE19","FL_124","RMTE21-female|RMTE9-female|RMTE3-female|RMTE17-female|RMTE35-female|RMTE6-female|RMTE29-female|RMTE27-female|RMTE34-female","","FL_102|FL_99|FL_100|FL_110|FL_104|FL_105|FL_108|FL_107","","vidInstructionSex|FloorSex","vidInstructionNeut|WallE","|bored_1st|sex_arousal_1st|happy_1st|sadness_1st","|bored_2nd|sex_arosal_2nd|happy_2nd|sadness_2nd",10.7,-0.0854379931645639,"Sex_clip_1st",NA,NA,NA,0,NA,NA,1,NA,NA,1,NA,NA,NA,NA,NA,1,NA,1,1,1,NA,1,1,NA,NA,1,NA,0,1,1,1,0,NA,NA,0,0,NA,0.705882352941177,3,6,2,13,4,16,17,1,15,14,8,10,7,12,11,9,5,NA,NA,NA,NA,NA,NA,NA,NA,NA,NA,NA,NA,NA,NA,NA,NA,NA,NA,NA,"FloorSex","WallE","Sex_clip_1st",4,1,5,6,2,4,4,5,3,-0.771244884559201,-0.605644705859313,-0.408242898498048
"5f0dca1b95f13600097e1317","females","Neutral_clip","","100",545,"Yes","20","7.919","desire","7.653","fantasizing","4.699","annoyed","6.699","contemplative","6.087","doubtful","9.312","bored","5.312","sarcastic","7.871","embarrassed","5.5","preoccupied","10.707","interested","9.282","reassuring","12.266","interested","8.115","impatient","7.728","disappointed","5.717","confident","6.045","distrustful","9.503","nervous","","","","","","","","","","","","","","","","","","","","","","","","","","","","","","","","","","","","","","",4,1,6,4,3,7,5,1,3,"","yes",44,"Male","Heterosexual or straight","","No","",", RMTE28, RMTE18, RMTE6, RMTE21, RMTE34, RMTE15, RMTE22, RMTE30, RMTE3, RMTE35, RMTE27, RMTE9, RMTE29, RMTE31, RMTE17, RMTE25, RMTE19","FL_124","RMTE28-female|RMTE18-female|RMTE6-female|RMTE21-female|RMTE34-female|RMTE15-female|RMTE22-female|RMTE30-female|RMTE3-female","","FL_97|FL_103|FL_111|FL_101|FL_99|FL_109|FL_104|FL_107","","vidInstructionSex|FloorSex","vidInstructionNeut|WallE","|bored_1st|happy_1st|sadness_1st|sex_arousal_1st","|bored_2nd|sex_arosal_2nd|sadness_2nd|happy_2nd",9.08333333333333,-0.401884801696679,"Neutral_clip_1st",NA,NA,NA,1,NA,NA,1,NA,NA,0,NA,NA,NA,NA,NA,1,NA,1,0,0,NA,0,1,NA,NA,1,NA,0,1,0,0,1,NA,NA,1,1,NA,0.588235294117647,9,3,12,6,15,2,17,4,7,16,11,1,13,8,14,5,10,NA,NA,NA,NA,NA,NA,NA,NA,NA,NA,NA,NA,NA,NA,NA,NA,NA,NA,NA,"FloorSex","WallE","Neutral_clip_1st",7,1,5,6,1,4,3,3,6,0.574186720222489,-0.605644705859313,0.878209524355217
"5f0f17ed8c30af0581b9af35","females","Sex_clip","","100",593,"Yes","20","9.662","joking","7.656","fantasizing","5.887","preoccupied","8.165","contemplative","5.98","doubtful","6.45","decisive","12.967","grateful","16.234","fantasizing","5.676","preoccupied","7.901","interested","9.067","cautious","10.635","interested","10.415","irritated","5.615","flirtatious","13.058","dispirited","13.003","baffled","10.83","insisting","","","","","","","","","","","","","","","","","","","","","","","","","","","","","","","","","","","","","","",3,7,8,1,6,3,2,2,8,"","yes",41,"Male","Heterosexual or straight","","No","",", RMTE19, RMTE15, RMTE25, RMTE30, RMTE28, RMTE18, RMTE31, RMTE9, RMTE17, RMTE22, RMTE29, RMTE3, RMTE34, RMTE35, RMTE27, RMTE6, RMTE21","FL_124","RMTE19-female|RMTE15-female|RMTE25-female|RMTE30-female|RMTE28-female|RMTE18-female|RMTE31-female|RMTE9-female|RMTE17-female","","FL_105|FL_101|FL_95|FL_98|FL_97|FL_103|FL_112|FL_106","","vidInstructionSex|FloorSex","vidInstructionNeut|MadMen","|happy_1st|sadness_1st|sex_arousal_1st|bored_1st","|bored_2nd|sadness_2nd|sex_arosal_2nd|happy_2nd",9.88333333333333,-0.245292566546767,"Sex_clip_1st",NA,NA,NA,0,NA,NA,1,NA,NA,1,NA,NA,NA,NA,NA,1,NA,1,1,0,NA,1,1,NA,NA,1,NA,1,1,0,1,0,NA,NA,0,0,NA,0.647058823529412,12,16,8,2,9,6,1,17,10,3,15,5,11,4,7,13,14,NA,NA,NA,NA,NA,NA,NA,NA,NA,NA,NA,NA,NA,NA,NA,NA,NA,NA,NA,"FloorSex","MadMen","Sex_clip_1st",7,3,8,2,1,2,6,8,4,0.574186720222489,0.97221913308995,0.0205745757863738
"5f195c019ae403000828b46b","females","Neutral_clip","","100",852,"Yes","20","9.254","desire","9.087","fantasizing","19.222","preoccupied","11.674","contemplative","18.27","affectionate","14.339","decisive","40.351","tentative","15.179","fantasizing","12.594","preoccupied","33.932","interested","22.573","cautious","15.853","interested","9.561","reflective","12.638","flirtatious","22.892","ashamed","11.125","distrustful","16.81","nervous","","","","","","","","","","","","","","","","","","","","","","","","","","","","","","","","","","","","","","",6,1,7,6,1,8,7,1,1,"","Yes",48,"Male","Heterosexual or straight","","No","",", RMTE27, RMTE21, RMTE9, RMTE34, RMTE19, RMTE29, RMTE30, RMTE28, RMTE35, RMTE6, RMTE3, RMTE17, RMTE15, RMTE18, RMTE25, RMTE22, RMTE31","FL_124","RMTE27-female|RMTE21-female|RMTE9-female|RMTE34-female|RMTE19-female|RMTE29-female|RMTE30-female|RMTE28-female|RMTE35-female","","FL_112|FL_95|FL_109|FL_110|FL_108|FL_104|FL_105|FL_99","","vidInstructionSex|BedroomOral","vidInstructionNeut|WallE","|happy_1st|bored_1st|sadness_1st|sex_arousal_1st","|happy_2nd|sadness_2nd|bored_2nd|sex_arosal_2nd",14.2,0.599653035616305,"Neutral_clip_1st",NA,NA,NA,1,NA,NA,1,NA,NA,1,NA,NA,NA,NA,NA,1,NA,0,1,1,NA,1,1,NA,NA,1,NA,1,1,1,1,0,NA,NA,1,1,NA,0.882352941176471,11,10,3,13,12,14,5,2,16,15,1,8,6,7,17,4,9,NA,NA,NA,NA,NA,NA,NA,NA,NA,NA,NA,NA,NA,NA,NA,NA,NA,NA,NA,"BedroomOral","WallE","Neutral_clip_1st",8,1,7,7,1,6,1,1,7,1.02266392181639,-0.605644705859313,1.30702699863964
"5f1c29f047a90a049690ef7e","females","Sex_clip","","100",570,"Yes","20","5.94","desire","12.695","impatient","6.45","preoccupied","6.746","contemplative","8.381","doubtful","7.862","decisive","12.816","tentative","7.538","fantasizing","6.083","preoccupied","7.731","interested","7.166","cautious","8.244","interested","5.661","reflective","5.277","flirtatious","7.522","confident","8.184","distrustful","7.67","nervous","","","","","","","","","","","","","","","","","","","","","","","","","","","","","","","","","","","","","","",5,7,6,2,5,1,4,5,4,"","yes",50,"Male","Heterosexual or straight","","No","",", RMTE25, RMTE19, RMTE17, RMTE9, RMTE15, RMTE30, RMTE29, RMTE21, RMTE35, RMTE6, RMTE28, RMTE3, RMTE18, RMTE22, RMTE31, RMTE34, RMTE27","FL_124","RMTE25-female|RMTE19-female|RMTE17-female|RMTE9-female|RMTE15-female|RMTE30-female|RMTE29-female|RMTE21-female|RMTE35-female","","FL_112|FL_102|FL_95|FL_108|FL_105|FL_99|FL_98|FL_103","","vidInstructionSex|FloorSex","vidInstructionNeut|MadMen","|bored_1st|sex_arousal_1st|sadness_1st|happy_1st","|sex_arosal_2nd|bored_2nd|sadness_2nd|happy_2nd",9.5,-0.320326345889433,"Sex_clip_1st",NA,NA,NA,1,NA,NA,0,NA,NA,1,NA,NA,NA,NA,NA,1,NA,1,1,1,NA,1,1,NA,NA,1,NA,1,1,1,1,1,NA,NA,1,1,NA,0.941176470588235,12,10,4,5,3,13,2,8,14,1,17,11,7,6,15,16,9,NA,NA,NA,NA,NA,NA,NA,NA,NA,NA,NA,NA,NA,NA,NA,NA,NA,NA,NA,"FloorSex","MadMen","Sex_clip_1st",7,1,6,4,2,5,5,4,6,0.574186720222489,-0.605644705859313,0.878209524355217
"5f1ffcf7eed8dd01d7ac91e4","females","Neutral_clip","","100",509,"Yes","20","8.738","convinced","4.891","impatient","4.776","preoccupied","6.701","contemplative","5.638","doubtful","4.219","decisive","7.562","sarcastic","5.965","fantasizing","4.69","preoccupied","5.528","interested","8.223","cautious","6.475","interested","5.607","irritated","6.57","hostile","6.233","confident","8.653","distrustful","6.475","nervous","","","","","","","","","","","","","","","","","","","","","","","","","","","","","","","","","","","","","","",3,1,4,2,6,8,5,2,1,"","yes",25,"Male","Heterosexual or straight","","No","",", RMTE30, RMTE29, RMTE17, RMTE22, RMTE25, RMTE9, RMTE21, RMTE27, RMTE19, RMTE34, RMTE28, RMTE6, RMTE35, RMTE3, RMTE31, RMTE18, RMTE15","FL_124","RMTE30-female|RMTE29-female|RMTE17-female|RMTE22-female|RMTE25-female|RMTE9-female|RMTE21-female|RMTE27-female|RMTE19-female","","FL_98|FL_102|FL_112|FL_97|FL_95|FL_99|FL_108|FL_110","","vidInstructionSex|FloorSex","vidInstructionNeut|MadMen","|sex_arousal_1st|bored_1st|sadness_1st|happy_1st","|bored_2nd|sadness_2nd|sex_arosal_2nd|happy_2nd",8.48333333333333,-0.519328978059114,"Neutral_clip_1st",NA,NA,NA,0,NA,NA,0,NA,NA,1,NA,NA,NA,NA,NA,1,NA,1,1,0,NA,1,1,NA,NA,1,NA,1,1,0,0,1,NA,NA,1,1,NA,0.705882352941177,14,12,6,17,3,16,9,7,4,5,8,11,2,1,15,10,13,NA,NA,NA,NA,NA,NA,NA,NA,NA,NA,NA,NA,NA,NA,NA,NA,NA,NA,NA,"FloorSex","MadMen","Neutral_clip_1st",8,1,5,4,2,2,1,6,7,1.02266392181639,-0.605644705859313,1.30702699863964
"5f3bd56999a44d9324b76ddb","females","Sex_clip","","100",680,"Yes","20","8.553","flustered","9.223","impatient","9.64","preoccupied","9.006","contemplative","7.894","doubtful","8.362","decisive","6.902","tentative","8.054","fantasizing","9.271","preoccupied","10.038","interested","8.312","cautious","6.49","interested","11.329","impatient","6.269","flirtatious","7.233","dispirited","13.005","distrustful","10.464","insisting","","","","","","","","","","","","","","","","","","","","","","","","","","","","","","","","","","","","","","",6,5,3,2,5,1,2,3,2,"","yes",36,"Male","Heterosexual or straight","","No","",", RMTE28, RMTE35, RMTE25, RMTE27, RMTE9, RMTE17, RMTE34, RMTE3, RMTE29, RMTE22, RMTE30, RMTE19, RMTE15, RMTE21, RMTE31, RMTE6, RMTE18","FL_124","RMTE28-female|RMTE35-female|RMTE25-female|RMTE27-female|RMTE9-female|RMTE17-female|RMTE34-female|RMTE3-female|RMTE29-female","","FL_105|FL_100|FL_107|FL_110|FL_106|FL_99|FL_112|FL_108","","vidInstructionSex|FloorSex","vidInstructionNeut|MadMen","|sadness_1st|happy_1st|bored_1st|sex_arousal_1st","|sadness_2nd|sex_arosal_2nd|bored_2nd|happy_2nd",11.3333333333333,0.0385308596624505,"Sex_clip_1st",NA,NA,NA,0,NA,NA,0,NA,NA,1,NA,NA,NA,NA,NA,1,NA,1,1,1,NA,1,1,NA,NA,1,NA,1,1,0,1,0,NA,NA,1,0,NA,0.705882352941177,8,16,5,13,6,17,12,14,10,3,4,1,9,11,15,7,2,NA,NA,NA,NA,NA,NA,NA,NA,NA,NA,NA,NA,NA,NA,NA,NA,NA,NA,NA,"FloorSex","MadMen","Sex_clip_1st",5,1,3,2,2,3,5,2,4,-0.322767682965304,-0.605644705859313,0.0205745757863738
"5f4f5d2da7606a000ab233c9","females","Neutral_clip","","100",838,"Yes","20","3.488","convinced","6.425","fantasizing","5.871","preoccupied","3.501","amused","4.264","affectionate","3.4","decisive","7.274","grateful","5.473","fantasizing","4.792","preoccupied","6.4","incredulous","5.784","cautious","4.932","interested","3.261","reflective","4.49","flirtatious","3.895","confident","4.434","baffled","5.429","nervous","","","","","","","","","","","","","","","","","","","","","","","","","","","","","","","","","","","","","","",5,3,4,1,3,6,6,1,5,"","yes",33,"Male","Heterosexual or straight","","No","",", RMTE21, RMTE22, RMTE9, RMTE25, RMTE15, RMTE19, RMTE31, RMTE17, RMTE27, RMTE3, RMTE29, RMTE34, RMTE18, RMTE30, RMTE6, RMTE28, RMTE35","FL_124","RMTE21-female|RMTE22-female|RMTE9-female|RMTE25-female|RMTE15-female|RMTE19-female|RMTE31-female|RMTE17-female|RMTE27-female","","FL_95|FL_101|FL_98|FL_108|FL_100|FL_112|FL_102|FL_97","","vidInstructionSex|SamTaylor","vidInstructionNeut|ModernFamily","|bored_1st|happy_1st|sex_arousal_1st|sadness_1st","|bored_2nd|sadness_2nd|happy_2nd|sex_arosal_2nd",13.9666666666667,0.553980300364247,"Neutral_clip_1st",NA,NA,NA,0,NA,NA,1,NA,NA,1,NA,NA,NA,NA,NA,0,NA,0,1,0,NA,1,1,NA,NA,0,NA,1,1,1,1,1,NA,NA,0,1,NA,0.647058823529412,10,15,3,5,8,13,6,1,2,4,9,16,11,14,7,12,17,NA,NA,NA,NA,NA,NA,NA,NA,NA,NA,NA,NA,NA,NA,NA,NA,NA,NA,NA,"SamTaylor","ModernFamily","Neutral_clip_1st",6,3,6,4,1,1,5,3,3,0.125709518628592,0.97221913308995,-0.408242898498048
"5f5174760868af3ce9a5d9f7","females","Sex_clip","","100",1169,"Yes","20","4.584","desire","4.743","impatient","4.745","preoccupied","6.694","contemplative","14.415","aghast","6.204","decisive","11.689","tentative","8.539","fantasizing","7.843","preoccupied","8.941","incredulous","4.922","cautious","4.163","contented","8.181","impatient","4.442","flirtatious","5.983","dispirited","6.133","distrustful","3.786","nervous","","","","","","","","","","","","","","","","","","","","","","","","","","","","","","","","","","","","","","",6,6,5,2,3,1,4,2,6,"","yes",27,"Male","Heterosexual or straight","","No","",", RMTE19, RMTE30, RMTE25, RMTE9, RMTE29, RMTE31, RMTE17, RMTE6, RMTE28, RMTE22, RMTE35, RMTE3, RMTE34, RMTE18, RMTE15, RMTE27, RMTE21","FL_124","RMTE19-female|RMTE30-female|RMTE25-female|RMTE9-female|RMTE29-female|RMTE31-female|RMTE17-female|RMTE6-female|RMTE28-female","","FL_105|FL_97|FL_95|FL_98|FL_108|FL_110|FL_103|FL_106","","vidInstructionSex|BedroomOral","vidInstructionNeut|MadMen","|happy_1st|sadness_1st|bored_1st|sex_arousal_1st","|bored_2nd|happy_2nd|sex_arosal_2nd|sadness_2nd",19.4833333333333,1.63381425525219,"Sex_clip_1st",NA,NA,NA,1,NA,NA,0,NA,NA,1,NA,NA,NA,NA,NA,1,NA,0,1,1,NA,1,1,NA,NA,0,NA,1,0,0,1,0,NA,NA,1,1,NA,0.647058823529412,12,8,4,15,7,14,1,17,10,3,16,9,5,2,6,13,11,NA,NA,NA,NA,NA,NA,NA,NA,NA,NA,NA,NA,NA,NA,NA,NA,NA,NA,NA,"BedroomOral","MadMen","Sex_clip_1st",6,1,5,4,2,2,3,6,5,0.125709518628592,-0.605644705859313,0.449392050070796
"5f53b73f18bf9a6ed513ca61","females","Neutral_clip","","100",447,"Yes","20","5.116","flustered","4.215","fantasizing","6.318","horrified","3.324","amused","4.765","aghast","7.915","aghast","7.287","tentative","4.46","fantasizing","3.505","preoccupied","2.436","interested","2.66","cautious","3.878","affectionate","6.275","irritated","4.068","hostile","5.45","dispirited","4.748","distrustful","2.665","nervous","","","","","","","","","","","","","","","","","","","","","","","","","","","","","","","","","","","","","","",5,3,5,3,6,7,5,3,3,"","yes",23,"Male","Heterosexual or straight","","No","",", RMTE29, RMTE34, RMTE3, RMTE18, RMTE9, RMTE35, RMTE27, RMTE28, RMTE6, RMTE21, RMTE30, RMTE31, RMTE19, RMTE22, RMTE17, RMTE25, RMTE15","FL_124","RMTE29-female|RMTE34-female|RMTE3-female|RMTE18-female|RMTE9-female|RMTE35-female|RMTE27-female|RMTE28-female|RMTE6-female","","FL_106|FL_100|FL_99|FL_107|FL_105|FL_109|FL_104|FL_110","","vidInstructionSex|SamTaylor","vidInstructionNeut|ModernFamily","|sadness_1st|sex_arousal_1st|bored_1st|happy_1st","|bored_2nd|happy_2nd|sex_arosal_2nd|sadness_2nd",7.45,-0.721593948461085,"Neutral_clip_1st",NA,NA,NA,0,NA,NA,1,NA,NA,0,NA,NA,NA,NA,NA,0,NA,0,0,1,NA,1,1,NA,NA,1,NA,1,0,0,0,0,NA,NA,1,1,NA,0.470588235294118,3,9,5,17,15,4,13,10,14,16,7,8,1,11,12,2,6,NA,NA,NA,NA,NA,NA,NA,NA,NA,NA,NA,NA,NA,NA,NA,NA,NA,NA,NA,"SamTaylor","ModernFamily","Neutral_clip_1st",7,3,5,5,3,3,3,6,4,0.574186720222489,0.97221913308995,0.0205745757863738
"5f54b7bc649418811db24711","females","Neutral_clip","","100",636,"Yes","20","4.437","desire","6.438","fantasizing","5.317","preoccupied","7.666","contemplative","23.476","aghast","6.27","decisive","8.556","tentative","2.51","fantasizing","5.074","preoccupied","28.075","interested","8.053","cautious","5.625","contented","4.305","impatient","3.76","flirtatious","5.609","confident","5.465","baffled","3.305","puzzled","","","","","","","","","","","","","","","","","","","","","","","","","","","","","","","","","","","","","","",4,1,1,1,9,8,2,1,4,"","yes",25,"Male","Heterosexual or straight","","No","",", RMTE6, RMTE22, RMTE18, RMTE34, RMTE9, RMTE27, RMTE31, RMTE3, RMTE30, RMTE29, RMTE25, RMTE19, RMTE15, RMTE28, RMTE17, RMTE21, RMTE35","FL_124","RMTE6-female|RMTE22-female|RMTE18-female|RMTE34-female|RMTE9-female|RMTE27-female|RMTE31-female|RMTE3-female|RMTE30-female","","FL_101|FL_104|FL_107|FL_110|FL_102|FL_109|FL_106|FL_97","","vidInstructionSex|FloorSex","vidInstructionNeut|MadMen","|bored_1st|sadness_1st|happy_1st|sex_arousal_1st","|bored_2nd|happy_2nd|sadness_2nd|sex_arosal_2nd",10.6,-0.105012022558303,"Neutral_clip_1st",NA,NA,NA,1,NA,NA,1,NA,NA,1,NA,NA,NA,NA,NA,1,NA,0,1,1,NA,1,1,NA,NA,1,NA,1,0,0,1,1,NA,NA,0,0,NA,0.705882352941177,8,1,5,13,15,3,12,16,2,11,6,14,10,9,7,4,17,NA,NA,NA,NA,NA,NA,NA,NA,NA,NA,NA,NA,NA,NA,NA,NA,NA,NA,NA,"FloorSex","MadMen","Neutral_clip_1st",8,1,2,1,1,1,4,9,7,1.02266392181639,-0.605644705859313,1.30702699863964
"5f6fb649d4da20577e29c9fa","females","Neutral_clip","","100",521,"Yes","20","7.106","convinced","6.192","impatient","5.326","preoccupied","4.899","contemplative","5.597","doubtful","5.173","decisive","9.093","tentative","7.266","fantasizing","4.744","preoccupied","4.489","interested","6.824","cautious","4.589","interested","5.458","irritated","5.674","flirtatious","5.48","confident","6.116","distrustful","6.285","contemplative","","","","","","","","","","","","","","","","","","","","","","","","","","","","","","","","","","","","","","",4,2,7,1,2,7,8,1,1,"","yes",38,"Male","Heterosexual or straight","","No","",", RMTE30, RMTE3, RMTE22, RMTE25, RMTE31, RMTE35, RMTE34, RMTE29, RMTE9, RMTE27, RMTE15, RMTE28, RMTE19, RMTE18, RMTE17, RMTE21, RMTE6","FL_124","RMTE30-female|RMTE3-female|RMTE22-female|RMTE25-female|RMTE31-female|RMTE35-female|RMTE34-female|RMTE29-female|RMTE9-female","","FL_103|FL_110|FL_102|FL_107|FL_108|FL_109|FL_106|FL_112","","vidInstructionSex|FloorSex","vidInstructionNeut|ModernFamily","|happy_1st|sex_arousal_1st|sadness_1st|bored_1st","|sex_arosal_2nd|happy_2nd|sadness_2nd|bored_2nd",8.68333333333333,-0.480180919271636,"Neutral_clip_1st",NA,NA,NA,0,NA,NA,0,NA,NA,1,NA,NA,NA,NA,NA,1,NA,1,1,1,NA,1,1,NA,NA,1,NA,1,1,0,1,1,NA,NA,1,0,NA,0.764705882352941,2,17,9,11,15,14,13,16,3,4,10,12,8,1,5,7,6,NA,NA,NA,NA,NA,NA,NA,NA,NA,NA,NA,NA,NA,NA,NA,NA,NA,NA,NA,"FloorSex","ModernFamily","Neutral_clip_1st",7,2,8,7,1,1,1,2,5,0.574186720222489,0.183287213615318,0.449392050070796
"5fa0927b8ba2e0105fa331fb","females","Sex_clip","","100",744,"Yes","20","209.351","desire","5.069","impatient","6.924","preoccupied","26.143","contemplative","4.676","doubtful","6.283","decisive","7.05","tentative","9.108","fantasizing","8.282","imploring","4.977","interested","7.706","cautious","6.923","interested","7.972","impatient","5.053","flirtatious","6.224","confident","5.845","distrustful","4.261","nervous","","","","","","","","","","","","","","","","","","","","","","","","","","","","","","","","","","","","","","",4,3,3,1,8,1,3,1,6,"","yes",23,"Male","Heterosexual or straight","","No","",", RMTE29, RMTE15, RMTE3, RMTE34, RMTE21, RMTE31, RMTE9, RMTE30, RMTE6, RMTE35, RMTE17, RMTE22, RMTE28, RMTE27, RMTE19, RMTE25, RMTE18","FL_124","RMTE29-female|RMTE15-female|RMTE3-female|RMTE34-female|RMTE21-female|RMTE31-female|RMTE9-female|RMTE30-female|RMTE6-female","","FL_97|FL_109|FL_105|FL_102|FL_103|FL_107|FL_104|FL_108","","vidInstructionSex|BedroomOral","vidInstructionNeut|MadMen","|sex_arousal_1st|sadness_1st|bored_1st|happy_1st","|happy_2nd|sadness_2nd|sex_arosal_2nd|bored_2nd",12.4,0.247320506529001,"Sex_clip_1st",NA,NA,NA,1,NA,NA,0,NA,NA,1,NA,NA,NA,NA,NA,1,NA,1,1,1,NA,1,0,NA,NA,1,NA,1,1,0,1,1,NA,NA,1,1,NA,0.823529411764706,3,9,7,2,11,17,15,5,12,16,14,13,1,8,6,4,10,NA,NA,NA,NA,NA,NA,NA,NA,NA,NA,NA,NA,NA,NA,NA,NA,NA,NA,NA,"BedroomOral","MadMen","Sex_clip_1st",3,1,3,3,1,1,8,6,2,-1.2197220861531,-0.605644705859313,-0.83706037278247
"5fa41855ee9bc001b0d84810","females","Sex_clip","","100",654,"Yes","20","10.689","convinced","6.068","impatient","3.788","preoccupied","5.852","contemplative","4.69","doubtful","16.503","bored","18.96","tentative","3.314","fantasizing","17.54","preoccupied","18.891","interested","5.971","cautious","30.418","contented","7.469","irritated","3.987","flirtatious","4.868","confident","13.502","baffled","4.647","nervous","","","","","","","","","","","","","","","","","","","","","","","","","","","","","","","","","","","","","","",7,7,4,4,4,1,7,5,4,"","yes",21,"Male","Heterosexual or straight","","No","",", RMTE25, RMTE6, RMTE35, RMTE19, RMTE27, RMTE9, RMTE31, RMTE3, RMTE30, RMTE18, RMTE29, RMTE22, RMTE28, RMTE34, RMTE17, RMTE21, RMTE15","FL_124","RMTE25-female|RMTE6-female|RMTE35-female|RMTE19-female|RMTE27-female|RMTE9-female|RMTE31-female|RMTE3-female|RMTE30-female","","FL_108|FL_101|FL_105|FL_102|FL_98|FL_109|FL_106|FL_110","","vidInstructionSex|FloorSex","vidInstructionNeut|WallE","|bored_1st|sex_arousal_1st|sadness_1st|happy_1st","|happy_2nd|sadness_2nd|sex_arosal_2nd|bored_2nd",10.9,-0.0462899343770856,"Sex_clip_1st",NA,NA,NA,0,NA,NA,0,NA,NA,1,NA,NA,NA,NA,NA,1,NA,1,0,1,NA,1,1,NA,NA,1,NA,1,0,0,1,1,NA,NA,0,1,NA,0.647058823529412,8,2,6,17,15,10,4,16,12,1,5,13,11,9,7,14,3,NA,NA,NA,NA,NA,NA,NA,NA,NA,NA,NA,NA,NA,NA,NA,NA,NA,NA,NA,"FloorSex","WallE","Sex_clip_1st",7,1,4,7,4,5,4,4,6,0.574186720222489,-0.605644705859313,0.878209524355217
"5fa70cccd48dee41c52e937b","females","Sex_clip","","100",535,"Yes","20","7.258","convinced","3.84","impatient","3.039","preoccupied","4.379","contemplative","6.301","aghast","4.87","decisive","3.462","tentative","2.335","fantasizing","5.027","preoccupied","4.555","despondent","3.011","cautious","6.536","contented","2.452","impatient","5.545","flirtatious","2.861","confident","8.225","distrustful","4.162","insisting","","","","","","","","","","","","","","","","","","","","","","","","","","","","","","","","","","","","","","",7,3,4,5,6,1,3,5,7,"","yes",23,"Male","Heterosexual or straight","","No","",", RMTE15, RMTE19, RMTE34, RMTE27, RMTE28, RMTE31, RMTE30, RMTE17, RMTE21, RMTE18, RMTE3, RMTE6, RMTE9, RMTE29, RMTE25, RMTE22, RMTE35","FL_124","RMTE15-female|RMTE19-female|RMTE34-female|RMTE27-female|RMTE28-female|RMTE31-female|RMTE30-female|RMTE17-female|RMTE21-female","","FL_108|FL_95|FL_112|FL_111|FL_101|FL_104|FL_105|FL_97","","vidInstructionSex|FloorSex","vidInstructionNeut|ModernFamily","|sadness_1st|sex_arousal_1st|happy_1st|bored_1st","|sadness_2nd|bored_2nd|sex_arosal_2nd|happy_2nd",8.91666666666667,-0.434508184019578,"Sex_clip_1st",NA,NA,NA,0,NA,NA,0,NA,NA,1,NA,NA,NA,NA,NA,1,NA,0,1,1,NA,1,1,NA,NA,0,NA,1,0,0,1,1,NA,NA,1,0,NA,0.588235294117647,11,12,13,1,8,10,2,9,16,15,4,5,14,7,6,3,17,NA,NA,NA,NA,NA,NA,NA,NA,NA,NA,NA,NA,NA,NA,NA,NA,NA,NA,NA,"FloorSex","ModernFamily","Sex_clip_1st",3,1,4,3,5,5,6,7,2,-1.2197220861531,-0.605644705859313,-0.83706037278247
"5fb18e70c95e4c686752a4c6","females","Sex_clip","","100",505,"Yes","20","5.973","desire","22.844","fantasizing","5.007","horrified","5.076","encouraging","9.215","doubtful","7.722","decisive","8.317","tentative","4.819","fantasizing","5.938","preoccupied","5.311","interested","7.496","cautious","4.571","interested","6.274","irritated","4.943","hostile","6.788","confident","7.865","distrustful","6.376","contemplative","","","","","","","","","","","","","","","","","","","","","","","","","","","","","","","","","","","","","","",6,6,4,2,3,5,3,1,1,"","yes",26,"Male","Heterosexual or straight","","No","",", RMTE30, RMTE18, RMTE27, RMTE15, RMTE6, RMTE31, RMTE25, RMTE9, RMTE19, RMTE29, RMTE22, RMTE35, RMTE21, RMTE34, RMTE17, RMTE28, RMTE3","FL_124","RMTE30-female|RMTE18-female|RMTE27-female|RMTE15-female|RMTE6-female|RMTE31-female|RMTE25-female|RMTE9-female|RMTE19-female","","FL_101|FL_105|FL_97|FL_106|FL_98|FL_109|FL_102|FL_95","","vidInstructionSex|FloorSex","vidInstructionNeut|ModernFamily","|bored_1st|sadness_1st|sex_arousal_1st|happy_1st","|bored_2nd|sex_arosal_2nd|happy_2nd|sadness_2nd",8.41666666666667,-0.532378330988273,"Sex_clip_1st",NA,NA,NA,1,NA,NA,1,NA,NA,0,NA,NA,NA,NA,NA,0,NA,1,1,1,NA,1,1,NA,NA,1,NA,1,1,0,0,1,NA,NA,1,0,NA,0.705882352941177,17,5,8,4,15,2,9,13,11,7,3,16,10,1,6,14,12,NA,NA,NA,NA,NA,NA,NA,NA,NA,NA,NA,NA,NA,NA,NA,NA,NA,NA,NA,"FloorSex","ModernFamily","Sex_clip_1st",6,5,4,3,2,1,3,1,1,0.125709518628592,2.55008297203921,-1.26587784706689
"5fb257a5b6bed48048fbf009","females","Sex_clip","","100",654,"Yes","20","4.304","desire","4.753","fantasizing","4.368","preoccupied","6.27","contemplative","5.31","doubtful","4.44","decisive","8.112","tentative","3.71","fantasizing","6.429","preoccupied","4.982","interested","10.041","cautious","6.3","interested","4.606","reflective","4.369","flirtatious","8.653","confident","8.141","distrustful","7.6","nervous","","","","","","","","","","","","","","","","","","","","","","","","","","","","","","","","","","","","","","",6,9,9,1,1,1,2,7,8,"","yes",37,"Male","Heterosexual or straight","","No","",", RMTE30, RMTE28, RMTE15, RMTE35, RMTE27, RMTE19, RMTE34, RMTE17, RMTE6, RMTE22, RMTE3, RMTE18, RMTE29, RMTE21, RMTE25, RMTE9, RMTE31","FL_124","RMTE30-female|RMTE28-female|RMTE15-female|RMTE35-female|RMTE27-female|RMTE19-female|RMTE34-female|RMTE17-female|RMTE6-female","","FL_105|FL_95|FL_108|FL_101|FL_106|FL_104|FL_111|FL_99","","vidInstructionSex|FloorSex","vidInstructionNeut|WallE","|happy_1st|sadness_1st|bored_1st|sex_arousal_1st","|bored_2nd|sadness_2nd|sex_arosal_2nd|happy_2nd",10.9,-0.0462899343770856,"Sex_clip_1st",NA,NA,NA,1,NA,NA,1,NA,NA,1,NA,NA,NA,NA,NA,1,NA,1,1,1,NA,1,1,NA,NA,1,NA,1,1,1,1,1,NA,NA,1,1,NA,1,11,9,16,3,8,12,6,14,10,15,5,2,13,1,17,7,4,NA,NA,NA,NA,NA,NA,NA,NA,NA,NA,NA,NA,NA,NA,NA,NA,NA,NA,NA,"FloorSex","WallE","Sex_clip_1st",9,1,9,2,1,7,1,8,8,1.47114112341028,-0.605644705859313,1.73584447292406
"5fb290e481c5f08aa5edb30c","females","Sex_clip","","100",960,"Yes","20","16.864","desire","14.338","alarmed","18.91","preoccupied","10.34","contemplative","9.132","affectionate","8.649","decisive","20.453","tentative","21.747","fantasizing","94.376","insisting","8.844","despondent","14.73","arrogant","15.434","contented","69.789","reflective","20.423","hostile","21.781","confident","33.075","distrustful","8.392","nervous","","","","","","","","","","","","","","","","","","","","","","","","","","","","","","","","","","","","","","",5,6,7,1,1,3,6,5,1,"","yes",32,"Male","Heterosexual or straight","","No","",", RMTE22, RMTE34, RMTE29, RMTE19, RMTE3, RMTE31, RMTE6, RMTE21, RMTE9, RMTE27, RMTE30, RMTE15, RMTE18, RMTE17, RMTE25, RMTE35, RMTE28","FL_124","RMTE22-female|RMTE34-female|RMTE29-female|RMTE19-female|RMTE3-female|RMTE31-female|RMTE6-female|RMTE21-female|RMTE9-female","","FL_103|FL_100|FL_110|FL_108|FL_109|FL_104|FL_97|FL_102","","vidInstructionSex|SamTaylor","vidInstructionNeut|MadMen","|sex_arousal_1st|sadness_1st|bored_1st|happy_1st","|happy_2nd|bored_2nd|sex_arosal_2nd|sadness_2nd",16,0.951985564703609,"Sex_clip_1st",NA,NA,NA,1,NA,NA,0,NA,NA,1,NA,NA,NA,NA,NA,1,NA,0,1,1,NA,1,0,NA,NA,0,NA,0,0,1,0,1,NA,NA,1,1,NA,0.588235294117647,5,7,9,12,14,13,4,8,1,15,10,17,3,11,6,2,16,NA,NA,NA,NA,NA,NA,NA,NA,NA,NA,NA,NA,NA,NA,NA,NA,NA,NA,NA,"SamTaylor","MadMen","Sex_clip_1st",6,3,7,6,1,5,1,1,3,0.125709518628592,0.97221913308995,-0.408242898498048
"5fb3d0c3f2ff18016df4934d","females","Neutral_clip","","100",951,"Yes","20","8.075","desire","11.9","impatient","17.924","preoccupied","14.818","contemplative","12.615","doubtful","9.192","amused","14.354","tentative","11.753","fantasizing","13.91","preoccupied","6.613","interested","21.986","cautious","30.913","interested","18.809","irritated","3.996","flirtatious","16.058","confident","14.704","distrustful","29.393","nervous","","","","","","","","","","","","","","","","","","","","","","","","","","","","","","","","","","","","","","",3,2,4,5,5,9,9,1,1,"","yes",43,"Male","Heterosexual or straight","","No","",", RMTE35, RMTE29, RMTE31, RMTE34, RMTE9, RMTE28, RMTE15, RMTE27, RMTE17, RMTE18, RMTE19, RMTE25, RMTE21, RMTE22, RMTE6, RMTE3, RMTE30","FL_124","RMTE35-female|RMTE29-female|RMTE31-female|RMTE34-female|RMTE9-female|RMTE28-female|RMTE15-female|RMTE27-female|RMTE17-female","","FL_108|FL_107|FL_104|FL_106|FL_105|FL_112|FL_95|FL_100","","vidInstructionSex|SamTaylor","vidInstructionNeut|MadMen","|sadness_1st|sex_arousal_1st|bored_1st|happy_1st","|bored_2nd|happy_2nd|sex_arosal_2nd|sadness_2nd",15.85,0.922624520613,"Neutral_clip_1st",NA,NA,NA,1,NA,NA,0,NA,NA,1,NA,NA,NA,NA,NA,1,NA,1,0,1,NA,1,1,NA,NA,1,NA,1,1,0,1,1,NA,NA,1,1,NA,0.823529411764706,16,15,5,7,9,10,11,13,14,12,8,6,2,17,3,4,1,NA,NA,NA,NA,NA,NA,NA,NA,NA,NA,NA,NA,NA,NA,NA,NA,NA,NA,NA,"SamTaylor","MadMen","Neutral_clip_1st",9,2,9,4,1,5,1,5,7,1.47114112341028,0.183287213615318,1.30702699863964
"5fb4591af19816112a9ff130","females","Sex_clip","","100",482,"Yes","20","5.801","flustered","6.278","aghast","4.135","preoccupied","4.109","contemplative","5.546","doubtful","2.957","decisive","4.966","tentative","6.06","confused","6.156","preoccupied","10.275","despondent","6.526","cautious","4.59","interested","6.438","irritated","5.523","flirtatious","8.937","dispirited","5.242","distrustful","3.88","nervous","","","","","","","","","","","","","","","","","","","","","","","","","","","","","","","","","","","","","","",5,6,5,3,4,2,6,3,4,"","yes",35,"Male","Heterosexual or straight","","No","",", RMTE22, RMTE17, RMTE27, RMTE15, RMTE31, RMTE25, RMTE3, RMTE19, RMTE9, RMTE28, RMTE29, RMTE6, RMTE35, RMTE18, RMTE34, RMTE21, RMTE30","FL_124","RMTE22-female|RMTE17-female|RMTE27-female|RMTE15-female|RMTE31-female|RMTE25-female|RMTE3-female|RMTE19-female|RMTE9-female","","FL_102|FL_101|FL_112|FL_97|FL_108|FL_98|FL_106|FL_100","","vidInstructionSex|SamTaylor","vidInstructionNeut|WallE","|happy_1st|bored_1st|sex_arousal_1st|sadness_1st","|sadness_2nd|happy_2nd|sex_arosal_2nd|bored_2nd",8.03333333333333,-0.60741211033094,"Sex_clip_1st",NA,NA,NA,0,NA,NA,0,NA,NA,1,NA,NA,NA,NA,NA,1,NA,1,1,1,NA,0,1,NA,NA,0,NA,1,1,0,1,0,NA,NA,1,1,NA,0.647058823529412,7,12,9,4,2,14,8,16,1,6,3,10,11,17,5,15,13,NA,NA,NA,NA,NA,NA,NA,NA,NA,NA,NA,NA,NA,NA,NA,NA,NA,NA,NA,"SamTaylor","WallE","Sex_clip_1st",6,2,5,6,3,3,4,4,4,0.125709518628592,0.183287213615318,0.0205745757863738
"5fc00a11268eb941e7d8b066","females","Sex_clip","","100",811,"Yes","20","4.369","desire","4.923","fantasizing","6.235","preoccupied","4.025","contemplative","6.502","doubtful","4.458","decisive","3.989","tentative","4.732","fantasizing","4.138","preoccupied","8.062","interested","4.602","cautious","4.754","interested","5.906","reflective","5.037","flirtatious","5.11","confident","5.161","distrustful","4.145","nervous","","","","","","","","","","","","","","","","","","","","","","","","","","","","","","","","","","","","","","",7,7,6,3,3,3,5,7,6,"","yes",24,"Male","Heterosexual or straight","","No","",", RMTE29, RMTE28, RMTE31, RMTE6, RMTE22, RMTE25, RMTE21, RMTE34, RMTE27, RMTE3, RMTE18, RMTE15, RMTE19, RMTE9, RMTE17, RMTE30, RMTE35","FL_124","RMTE29-female|RMTE28-female|RMTE31-female|RMTE6-female|RMTE22-female|RMTE25-female|RMTE21-female|RMTE34-female|RMTE27-female","","FL_95|FL_108|FL_110|FL_107|FL_111|FL_109|FL_100|FL_97","","vidInstructionSex|SamTaylor","vidInstructionNeut|ModernFamily","|happy_1st|bored_1st|sex_arousal_1st|sadness_1st","|happy_2nd|bored_2nd|sex_arosal_2nd|sadness_2nd",13.5166666666667,0.465897168092421,"Sex_clip_1st",NA,NA,NA,1,NA,NA,1,NA,NA,1,NA,NA,NA,NA,NA,1,NA,1,1,1,NA,1,1,NA,NA,1,NA,1,1,1,1,1,NA,NA,1,1,NA,1,10,4,14,12,15,11,13,7,5,6,9,2,1,16,3,8,17,NA,NA,NA,NA,NA,NA,NA,NA,NA,NA,NA,NA,NA,NA,NA,NA,NA,NA,NA,"SamTaylor","ModernFamily","Sex_clip_1st",7,3,6,5,3,7,3,6,4,0.574186720222489,0.97221913308995,0.0205745757863738
"5fc45894c518494211619c7e","females","Sex_clip","","100",483,"Yes","20","6.868","convinced","6.694","impatient","7.109","preoccupied","5.345","contemplative","4.314","playful","6.43","decisive","4.656","sarcastic","6.071","fantasizing","4.92","preoccupied","6.2","interested","5.564","cautious","6.271","interested","5.503","impatient","4.317","flirtatious","4.624","confident","6.354","distrustful","5.788","nervous","","","","","","","","","","","","","","","","","","","","","","","","","","","","","","","","","","","","","","",4,4,4,4,5,1,6,3,4,"","yes",35,"Male","Heterosexual or straight","","No","none",", RMTE9, RMTE3, RMTE34, RMTE15, RMTE19, RMTE22, RMTE17, RMTE18, RMTE6, RMTE29, RMTE27, RMTE21, RMTE28, RMTE25, RMTE30, RMTE35, RMTE31","FL_124","RMTE9-female|RMTE3-female|RMTE34-female|RMTE15-female|RMTE19-female|RMTE22-female|RMTE17-female|RMTE18-female|RMTE6-female","","FL_101|FL_103|FL_106|FL_102|FL_104|FL_100|FL_97|FL_99","","vidInstructionSex|FloorSex","vidInstructionNeut|WallE","|bored_1st|sadness_1st|happy_1st|sex_arousal_1st","|happy_2nd|bored_2nd|sex_arosal_2nd|sadness_2nd",8.05,-0.60414977209865,"Sex_clip_1st",NA,NA,NA,0,NA,NA,0,NA,NA,1,NA,NA,NA,NA,NA,1,NA,0,1,0,NA,1,1,NA,NA,1,NA,1,1,0,1,1,NA,NA,1,1,NA,0.705882352941177,2,9,1,4,7,8,5,12,6,14,11,13,10,15,17,3,16,NA,NA,NA,NA,NA,NA,NA,NA,NA,NA,NA,NA,NA,NA,NA,NA,NA,NA,NA,"FloorSex","WallE","Sex_clip_1st",4,1,4,6,4,3,5,4,3,-0.771244884559201,-0.605644705859313,-0.408242898498048
"5ff5b711d1366505aa43b0a4","females","Neutral_clip","","100",539,"Yes","20","4.077","desire","6.485","fantasizing","5.632","preoccupied","4.359","contemplative","7.608","doubtful","4.659","decisive","4.864","grateful","5","fantasizing","4.721","preoccupied","6.453","interested","7.348","cautious","6.467","interested","4.038","reflective","3.463","flirtatious","12.635","dispirited","8.338","distrustful","8.55","nervous","","","","","","","","","","","","","","","","","","","","","","","","","","","","","","","","","","","","","","",6,3,7,2,2,6,5,2,3,"","yes",33,"Male","Heterosexual or straight","","No","The second clip - there should have been some warning that it was sexually explicit.",", RMTE17, RMTE6, RMTE25, RMTE35, RMTE3, RMTE22, RMTE15, RMTE9, RMTE18, RMTE31, RMTE28, RMTE27, RMTE30, RMTE34, RMTE19, RMTE29, RMTE21","FL_124","RMTE17-female|RMTE6-female|RMTE25-female|RMTE35-female|RMTE3-female|RMTE22-female|RMTE15-female|RMTE9-female|RMTE18-female","","FL_99|FL_102|FL_103|FL_100|FL_98|FL_107|FL_101|FL_106","","vidInstructionSex|BedroomOral","vidInstructionNeut|ModernFamily","|sadness_1st|sex_arousal_1st|bored_1st|happy_1st","|happy_2nd|bored_2nd|sex_arosal_2nd|sadness_2nd",8.98333333333333,-0.421458831090418,"Neutral_clip_1st",NA,NA,NA,1,NA,NA,1,NA,NA,1,NA,NA,NA,NA,NA,1,NA,1,1,0,NA,1,1,NA,NA,1,NA,1,1,1,1,0,NA,NA,1,1,NA,0.882352941176471,5,2,8,7,1,9,15,17,6,3,12,11,16,13,10,14,4,NA,NA,NA,NA,NA,NA,NA,NA,NA,NA,NA,NA,NA,NA,NA,NA,NA,NA,NA,"BedroomOral","ModernFamily","Neutral_clip_1st",6,3,5,7,2,2,3,2,3,0.125709518628592,0.97221913308995,-0.408242898498048
"5ffa2123b5a05a3b17839781","females","Sex_clip","","100",866,"Yes","20","9.458","desire","8.214","fantasizing","13.386","annoyed","40.723","contemplative","13.052","playful","48.944","bored","47.433","tentative","10.302","fantasizing","49.109","insisting","46.112","interested","6.737","cautious","15.099","interested","15.359","irritated","7.455","flirtatious","14.397","dispirited","8.564","distrustful","10.288","nervous","","","","","","","","","","","","","","","","","","","","","","","","","","","","","","","","","","","","","","",7,8,8,1,1,3,2,2,6,"","yes",30,"Male","Heterosexual or straight","","No","Thank you for allowing me to participate in your study! ",", RMTE17, RMTE15, RMTE9, RMTE29, RMTE19, RMTE27, RMTE18, RMTE35, RMTE6, RMTE34, RMTE28, RMTE31, RMTE22, RMTE30, RMTE21, RMTE25, RMTE3","FL_124","RMTE17-female|RMTE15-female|RMTE9-female|RMTE29-female|RMTE19-female|RMTE27-female|RMTE18-female|RMTE35-female|RMTE6-female","","FL_98|FL_102|FL_99|FL_105|FL_100|FL_106|FL_104|FL_95","","vidInstructionSex|BedroomOral","vidInstructionNeut|MadMen","|bored_1st|sex_arousal_1st|happy_1st|sadness_1st","|sadness_2nd|bored_2nd|sex_arosal_2nd|happy_2nd",14.4333333333333,0.645325770868363,"Sex_clip_1st",NA,NA,NA,1,NA,NA,1,NA,NA,0,NA,NA,NA,NA,NA,1,NA,0,0,1,NA,1,0,NA,NA,1,NA,1,1,0,1,0,NA,NA,1,1,NA,0.647058823529412,17,9,3,2,1,7,5,15,13,16,6,11,4,14,12,10,8,NA,NA,NA,NA,NA,NA,NA,NA,NA,NA,NA,NA,NA,NA,NA,NA,NA,NA,NA,"BedroomOral","MadMen","Sex_clip_1st",8,3,8,2,1,2,1,6,5,1.02266392181639,0.97221913308995,0.449392050070796
"600adfaa9b9554086000585b","females","Sex_clip","","100",731,"Yes","20","9.136","desire","10.449","impatient","8.244","annoyed","5.44","contemplative","7.385","doubtful","7.134","decisive","9.822","tentative","9.471","fantasizing","11.502","grateful","9.407","interested","13.796","arrogant","9.102","interested","8.831","impatient","5.688","flirtatious","6.819","confident","8.489","distrustful","9.977","insisting","","","","","","","","","","","","","","","","","","","","","","","","","","","","","","","","","","","","","","",9,8,7,1,2,1,5,1,7,"","yes",33,"Male","Heterosexual or straight","","No","",", RMTE3, RMTE35, RMTE28, RMTE30, RMTE21, RMTE27, RMTE29, RMTE6, RMTE31, RMTE19, RMTE22, RMTE17, RMTE18, RMTE25, RMTE15, RMTE34, RMTE9","FL_124","RMTE3-female|RMTE35-female|RMTE28-female|RMTE30-female|RMTE21-female|RMTE27-female|RMTE29-female|RMTE6-female|RMTE31-female","","FL_107|FL_105|FL_109|FL_108|FL_104|FL_110|FL_98|FL_111","","vidInstructionSex|FloorSex","vidInstructionNeut|MadMen","|bored_1st|sex_arousal_1st|happy_1st|sadness_1st","|happy_2nd|bored_2nd|sadness_2nd|sex_arosal_2nd",12.1833333333333,0.204910109509233,"Sex_clip_1st",NA,NA,NA,1,NA,NA,0,NA,NA,0,NA,NA,NA,NA,NA,1,NA,1,1,1,NA,1,0,NA,NA,1,NA,0,1,0,1,1,NA,NA,1,0,NA,0.647058823529412,1,8,17,15,12,13,10,5,11,14,6,3,7,4,9,16,2,NA,NA,NA,NA,NA,NA,NA,NA,NA,NA,NA,NA,NA,NA,NA,NA,NA,NA,NA,"FloorSex","MadMen","Sex_clip_1st",8,1,7,5,1,1,2,7,7,1.02266392181639,-0.605644705859313,1.30702699863964
"6026e1c91fcd140c25ec6076","females","Neutral_clip","","100",551,"Yes","20","6.339","joking","3.404","fantasizing","3.068","preoccupied","4.573","contemplative","5.032","doubtful","4.665","bored","5.807","sarcastic","3.441","fantasizing","3.626","preoccupied","4.038","interested","3.914","cautious","5.321","interested","2.732","irritated","2.997","flirtatious","5.145","joking","5.199","baffled","5.382","contemplative","","","","","","","","","","","","","","","","","","","","","","","","","","","","","","","","","","","","","","",6,1,1,1,5,7,4,1,4,"","yes",21,"Male","Heterosexual or straight","","No","",", RMTE21, RMTE19, RMTE17, RMTE34, RMTE3, RMTE30, RMTE29, RMTE22, RMTE27, RMTE18, RMTE35, RMTE28, RMTE25, RMTE9, RMTE31, RMTE6, RMTE15","FL_124","RMTE21-female|RMTE19-female|RMTE17-female|RMTE34-female|RMTE3-female|RMTE30-female|RMTE29-female|RMTE22-female|RMTE27-female","","FL_108|FL_97|FL_102|FL_104|FL_111|FL_99|FL_112|FL_110","","vidInstructionSex|BedroomOral","vidInstructionNeut|MadMen","|bored_1st|sex_arousal_1st|sadness_1st|happy_1st","|happy_2nd|bored_2nd|sex_arosal_2nd|sadness_2nd",9.18333333333333,-0.38231077230294,"Neutral_clip_1st",NA,NA,NA,0,NA,NA,1,NA,NA,1,NA,NA,NA,NA,NA,1,NA,1,0,0,NA,1,1,NA,NA,1,NA,1,1,0,1,0,NA,NA,0,0,NA,0.588235294117647,5,16,14,17,3,10,2,1,8,13,9,12,7,6,15,4,11,NA,NA,NA,NA,NA,NA,NA,NA,NA,NA,NA,NA,NA,NA,NA,NA,NA,NA,NA,"BedroomOral","MadMen","Neutral_clip_1st",7,1,4,1,1,1,4,5,6,0.574186720222489,-0.605644705859313,0.878209524355217
"60456bb6ce48666be08b4ffb","females","Neutral_clip","","100",728,"Yes","20","10.562","desire","5.02","impatient","4.2","preoccupied","4.164","contemplative","19.023","doubtful","4.008","decisive","8.105","tentative","5.902","fantasizing","3.434","preoccupied","12.044","interested","5.7","cautious","3.495","interested","15.353","reflective","4.383","flirtatious","3.481","confident","6.402","distrustful","6.213","insisting","","","","","","","","","","","","","","","","","","","","","","","","","","","","","","","","","","","","","","",5,1,6,1,4,7,7,1,1,"","yes",40,"Male","Heterosexual or straight","","No","",", RMTE25, RMTE19, RMTE3, RMTE15, RMTE17, RMTE21, RMTE35, RMTE6, RMTE34, RMTE29, RMTE27, RMTE30, RMTE31, RMTE22, RMTE9, RMTE18, RMTE28","FL_124","RMTE25-female|RMTE19-female|RMTE3-female|RMTE15-female|RMTE17-female|RMTE21-female|RMTE35-female|RMTE6-female|RMTE34-female","","FL_101|FL_103|FL_100|FL_99|FL_105|FL_111|FL_108|FL_102","","vidInstructionSex|SamTaylor","vidInstructionNeut|WallE","|bored_1st|sex_arousal_1st|happy_1st|sadness_1st","|sex_arosal_2nd|happy_2nd|bored_2nd|sadness_2nd",12.1333333333333,0.195123094812363,"Neutral_clip_1st",NA,NA,NA,1,NA,NA,0,NA,NA,1,NA,NA,NA,NA,NA,1,NA,1,1,1,NA,1,1,NA,NA,1,NA,1,1,1,1,1,NA,NA,1,0,NA,0.882352941176471,3,8,15,4,5,16,2,6,14,1,11,17,10,12,13,9,7,NA,NA,NA,NA,NA,NA,NA,NA,NA,NA,NA,NA,NA,NA,NA,NA,NA,NA,NA,"SamTaylor","WallE","Neutral_clip_1st",7,1,7,6,1,1,1,4,6,0.574186720222489,-0.605644705859313,0.878209524355217
"6048afad9aae3acb89a0082f","females","Neutral_clip","","100",571,"Yes","20","6.206","desire","6.449","fantasizing","4.288","preoccupied","6.044","contemplative","10.525","doubtful","6.434","amused","13.243","tentative","7.478","fantasizing","5.971","preoccupied","9.334","interested","7.6","cautious","10.251","interested","5.813","reflective","4.974","flirtatious","9.968","confident","9.008","baffled","6.714","insisting","","","","","","","","","","","","","","","","","","","","","","","","","","","","","","","","","","","","","","",6,1,4,6,5,7,6,1,3,"Very much","yes",41,"Male","Heterosexual or straight","","No","",", RMTE19, RMTE35, RMTE28, RMTE29, RMTE17, RMTE25, RMTE18, RMTE22, RMTE27, RMTE21, RMTE15, RMTE6, RMTE3, RMTE9, RMTE31, RMTE30, RMTE34","FL_124","RMTE19-female|RMTE35-female|RMTE28-female|RMTE29-female|RMTE17-female|RMTE25-female|RMTE18-female|RMTE22-female|RMTE27-female","","FL_106|FL_110|FL_112|FL_95|FL_111|FL_99|FL_100|FL_98","","vidInstructionSex|SamTaylor","vidInstructionNeut|WallE","|sex_arousal_1st|sadness_1st|happy_1st|bored_1st","|sadness_2nd|bored_2nd|sex_arosal_2nd|happy_2nd",9.51666666666667,-0.317064007657143,"Neutral_clip_1st",NA,NA,NA,1,NA,NA,1,NA,NA,1,NA,NA,NA,NA,NA,1,NA,1,0,1,NA,1,1,NA,NA,1,NA,1,1,1,1,1,NA,NA,0,0,NA,0.823529411764706,13,12,14,11,5,7,1,10,8,6,9,3,4,16,15,17,2,NA,NA,NA,NA,NA,NA,NA,NA,NA,NA,NA,NA,NA,NA,NA,NA,NA,NA,NA,"SamTaylor","WallE","Neutral_clip_1st",7,1,6,4,1,6,3,5,6,0.574186720222489,-0.605644705859313,0.878209524355217
"6048cd924e9f502c42d5faf5","females","Sex_clip","","100",550,"Yes","20","5.664","convinced","11.155","impatient","5.561","preoccupied","3.961","contemplative","3.349","doubtful","5.6","decisive","2.426","tentative","7.545","fantasizing","3.668","preoccupied","4.342","despondent","1.935","cautious","3.636","interested","5.742","irritated","6.318","flirtatious","3.846","confident","6.146","distrustful","8.112","nervous","","","","","","","","","","","","","","","","","","","","","","","","","","","","","","","","","","","","","","",7,7,6,3,4,1,7,3,4,"","yes",30,"Male","Heterosexual or straight","","No","",", RMTE9, RMTE35, RMTE28, RMTE31, RMTE27, RMTE25, RMTE30, RMTE29, RMTE34, RMTE6, RMTE15, RMTE21, RMTE3, RMTE22, RMTE17, RMTE18, RMTE19","FL_124","RMTE9-female|RMTE35-female|RMTE28-female|RMTE31-female|RMTE27-female|RMTE25-female|RMTE30-female|RMTE29-female|RMTE34-female","","FL_112|FL_110|FL_106|FL_95|FL_105|FL_109|FL_108|FL_107","","vidInstructionSex|SamTaylor","vidInstructionNeut|WallE","|sadness_1st|happy_1st|bored_1st|sex_arousal_1st","|happy_2nd|sadness_2nd|sex_arosal_2nd|bored_2nd",9.16666666666667,-0.38557311053523,"Sex_clip_1st",NA,NA,NA,0,NA,NA,0,NA,NA,1,NA,NA,NA,NA,NA,1,NA,1,1,1,NA,1,1,NA,NA,0,NA,1,1,0,1,1,NA,NA,1,1,NA,0.764705882352941,13,10,1,11,15,16,17,12,14,6,5,3,8,7,4,9,2,NA,NA,NA,NA,NA,NA,NA,NA,NA,NA,NA,NA,NA,NA,NA,NA,NA,NA,NA,"SamTaylor","WallE","Sex_clip_1st",7,1,6,7,3,3,4,4,6,0.574186720222489,-0.605644705859313,0.878209524355217
"604926aa691cfa8042296caf","females","Sex_clip","","100",678,"Yes","20","8.684","convinced","10.822","fantasizing","11.879","preoccupied","13.979","contemplative","9.321","doubtful","10.373","decisive","15.116","tentative","10.291","fantasizing","10.632","preoccupied","8.801","interested","9.449","cautious","14.562","interested","7.901","reflective","10.326","flirtatious","10.979","joking","14.363","distrustful","10.151","insisting","","","","","","","","","","","","","","","","","","","","","","","","","","","","","","","","","","","","","","",3,7,5,1,4,3,6,4,6,"","yes",30,"Male","Heterosexual or straight","","No","",", RMTE34, RMTE27, RMTE25, RMTE18, RMTE17, RMTE35, RMTE31, RMTE29, RMTE15, RMTE9, RMTE22, RMTE3, RMTE6, RMTE30, RMTE28, RMTE21, RMTE19","FL_124","RMTE34-female|RMTE27-female|RMTE25-female|RMTE18-female|RMTE17-female|RMTE35-female|RMTE31-female|RMTE29-female|RMTE15-female","","FL_111|FL_105|FL_95|FL_112|FL_100|FL_102|FL_106|FL_107","","vidInstructionSex|SamTaylor","vidInstructionNeut|ModernFamily","|sadness_1st|bored_1st|happy_1st|sex_arousal_1st","|sex_arosal_2nd|sadness_2nd|bored_2nd|happy_2nd",11.3,0.0320061831978708,"Sex_clip_1st",NA,NA,NA,0,NA,NA,1,NA,NA,1,NA,NA,NA,NA,NA,1,NA,1,1,1,NA,1,1,NA,NA,1,NA,1,1,1,1,0,NA,NA,1,0,NA,0.823529411764706,12,13,10,9,5,4,17,16,11,3,2,15,8,14,7,1,6,NA,NA,NA,NA,NA,NA,NA,NA,NA,NA,NA,NA,NA,NA,NA,NA,NA,NA,NA,"SamTaylor","ModernFamily","Sex_clip_1st",7,3,5,6,1,4,4,6,4,0.574186720222489,0.97221913308995,0.0205745757863738
"604a06acf362ce3bbf7b5106","females","Sex_clip","","100",760,"Yes","20","11.084","convinced","17.78","fantasizing","2.939","hostile","4.116","flustered","17.828","doubtful","6.742","decisive","21.798","tentative","15.631","fantasizing","16.343","preoccupied","53.587","interested","5.94","cautious","23.906","contented","3.477","aghast","3.341","flirtatious","4.429","confident","6.004","baffled","2.612","nervous","","","","","","","","","","","","","","","","","","","","","","","","","","","","","","","","","","","","","","",6,8,6,1,4,1,5,1,7,"","yes",30,"Male","Heterosexual or straight","","No","",", RMTE3, RMTE25, RMTE34, RMTE31, RMTE15, RMTE6, RMTE18, RMTE22, RMTE17, RMTE27, RMTE28, RMTE9, RMTE29, RMTE21, RMTE19, RMTE35, RMTE30","FL_124","RMTE3-female|RMTE25-female|RMTE34-female|RMTE31-female|RMTE15-female|RMTE6-female|RMTE18-female|RMTE22-female|RMTE17-female","","FL_103|FL_102|FL_111|FL_101|FL_106|FL_107|FL_97|FL_100","","vidInstructionSex|BedroomOral","vidInstructionNeut|WallE","|bored_1st|happy_1st|sadness_1st|sex_arousal_1st","|bored_2nd|sex_arosal_2nd|sadness_2nd|happy_2nd",12.6666666666667,0.299517918245639,"Sex_clip_1st",NA,NA,NA,0,NA,NA,1,NA,NA,0,NA,NA,NA,NA,NA,0,NA,1,1,1,NA,1,1,NA,NA,1,NA,1,0,0,1,1,NA,NA,0,1,NA,0.647058823529412,1,6,12,5,9,7,15,14,8,2,10,11,13,17,4,3,16,NA,NA,NA,NA,NA,NA,NA,NA,NA,NA,NA,NA,NA,NA,NA,NA,NA,NA,NA,"BedroomOral","WallE","Sex_clip_1st",8,1,6,5,1,1,4,7,7,1.02266392181639,-0.605644705859313,1.30702699863964
"604e5821f2b34fc568b4dca5","females","Neutral_clip","","100",394,"Yes","20","10.009","desire","4.044","fantasizing","4.403","preoccupied","4.041","contemplative","5.426","doubtful","5.272","decisive","5.465","grateful","5.764","fantasizing","11.479","imploring","11.875","interested","4.928","cautious","8.251","interested","4.856","irritated","5.119","hostile","4.639","confident","4.784","distrustful","5.933","insisting","","","","","","","","","","","","","","","","","","","","","","","","","","","","","","","","","","","","","","",3,3,6,3,3,7,5,2,3,"","yes",36,"Male","Heterosexual or straight","","No","",", RMTE22, RMTE21, RMTE17, RMTE19, RMTE15, RMTE34, RMTE27, RMTE9, RMTE29, RMTE18, RMTE3, RMTE25, RMTE35, RMTE6, RMTE31, RMTE28, RMTE30","FL_124","RMTE22-female|RMTE21-female|RMTE17-female|RMTE19-female|RMTE15-female|RMTE34-female|RMTE27-female|RMTE9-female|RMTE29-female","","FL_108|FL_95|FL_104|FL_97|FL_112|FL_99|FL_102|FL_100","","vidInstructionSex|FloorSex","vidInstructionNeut|ModernFamily","|sadness_1st|bored_1st|happy_1st|sex_arousal_1st","|sadness_2nd|happy_2nd|bored_2nd|sex_arosal_2nd",6.56666666666667,-0.894497874772447,"Neutral_clip_1st",NA,NA,NA,1,NA,NA,1,NA,NA,1,NA,NA,NA,NA,NA,1,NA,1,1,0,NA,1,0,NA,NA,1,NA,1,1,0,0,1,NA,NA,1,0,NA,0.705882352941177,11,14,8,5,3,10,4,2,1,12,7,16,9,17,15,6,13,NA,NA,NA,NA,NA,NA,NA,NA,NA,NA,NA,NA,NA,NA,NA,NA,NA,NA,NA,"FloorSex","ModernFamily","Neutral_clip_1st",7,3,5,6,2,3,3,3,4,0.574186720222489,0.97221913308995,0.0205745757863738
"605ca094af346bf00022a0c1","females","Neutral_clip","","100",494,"Yes","20","11.446","convinced","4.284","fantasizing","4.285","preoccupied","7.444","contemplative","5.908","aghast","3.421","decisive","14.866","grateful","5.129","fantasizing","3.607","preoccupied","4.644","interested","5.079","cautious","7.16","interested","5.255","reflective","3.57","flirtatious","4.547","confident","6.432","distrustful","6.307","nervous","","","","","","","","","","","","","","","","","","","","","","","","","","","","","","","","","","","","","","",6,1,7,1,6,2,1,3,4,"","yes",30,"Male","Heterosexual or straight","","No","",", RMTE15, RMTE17, RMTE3, RMTE30, RMTE35, RMTE21, RMTE22, RMTE29, RMTE25, RMTE27, RMTE28, RMTE31, RMTE9, RMTE18, RMTE6, RMTE19, RMTE34","FL_124","RMTE15-female|RMTE17-female|RMTE3-female|RMTE30-female|RMTE35-female|RMTE21-female|RMTE22-female|RMTE29-female|RMTE25-female","","FL_103|FL_102|FL_99|FL_111|FL_108|FL_112|FL_107|FL_98","","vidInstructionSex|FloorSex","vidInstructionNeut|WallE","|sex_arousal_1st|happy_1st|bored_1st|sadness_1st","|sadness_2nd|sex_arosal_2nd|bored_2nd|happy_2nd",8.23333333333333,-0.568264051543462,"Neutral_clip_1st",NA,NA,NA,0,NA,NA,1,NA,NA,1,NA,NA,NA,NA,NA,1,NA,0,1,0,NA,1,1,NA,NA,1,NA,1,1,1,1,1,NA,NA,1,1,NA,0.823529411764706,3,15,13,1,2,14,16,6,7,9,10,11,8,4,12,17,5,NA,NA,NA,NA,NA,NA,NA,NA,NA,NA,NA,NA,NA,NA,NA,NA,NA,NA,NA,"FloorSex","WallE","Neutral_clip_1st",2,1,1,7,3,1,4,6,1,-1.66819928774699,-0.605644705859313,-1.26587784706689
"605f9f51f084cc3859f063dc","females","Sex_clip","","100",624,"Yes","20","10.234","convinced","9.891","impatient","13.505","preoccupied","16.045","contemplative","11.112","doubtful","9.943","amused","10.078","arrogant","5.694","fantasizing","12.3","preoccupied","7.679","interested","5.603","cautious","11.64","interested","12.051","impatient","17.676","flirtatious","7.121","confident","5.3","distrustful","7.52","nervous","","","","","","","","","","","","","","","","","","","","","","","","","","","","","","","","","","","","","","",4,5,5,1,1,1,5,1,1,"","yes",32,"Male","Heterosexual or straight","","No","",", RMTE30, RMTE28, RMTE29, RMTE34, RMTE15, RMTE9, RMTE22, RMTE18, RMTE31, RMTE25, RMTE17, RMTE35, RMTE21, RMTE6, RMTE27, RMTE19, RMTE3","FL_124","RMTE30-female|RMTE28-female|RMTE29-female|RMTE34-female|RMTE15-female|RMTE9-female|RMTE22-female|RMTE18-female|RMTE31-female","","FL_104|FL_109|FL_97|FL_106|FL_112|FL_103|FL_107|FL_95","","vidInstructionSex|BedroomOral","vidInstructionNeut|WallE","|sadness_1st|bored_1st|happy_1st|sex_arousal_1st","|sex_arosal_2nd|happy_2nd|bored_2nd|sadness_2nd",10.4,-0.144160081345781,"Sex_clip_1st",NA,NA,NA,0,NA,NA,0,NA,NA,1,NA,NA,NA,NA,NA,1,NA,1,0,0,NA,1,1,NA,NA,1,NA,1,1,0,1,1,NA,NA,1,1,NA,0.705882352941177,17,14,6,5,11,8,16,13,7,10,15,2,3,1,9,4,12,NA,NA,NA,NA,NA,NA,NA,NA,NA,NA,NA,NA,NA,NA,NA,NA,NA,NA,NA,"BedroomOral","WallE","Sex_clip_1st",5,1,5,5,1,1,1,1,4,-0.322767682965304,-0.605644705859313,0.0205745757863738
"606b5d1f2fbe128c094ba7fc","females","Sex_clip","","100",1049,"Yes","20","10.74","desire","13.704","impatient","13.843","preoccupied","10.885","contemplative","7.6","doubtful","14.373","decisive","16.16","grateful","10.915","fantasizing","11.074","preoccupied","27.204","despondent","19.445","cautious","9.842","interested","6.272","reflective","5.821","flirtatious","8.061","confident","10.594","distrustful","7.899","nervous","","","","","","","","","","","","","","","","","","","","","","","","","","","","","","","","","","","","","","",5,4,7,1,4,1,7,2,1,"","yes",42,"Male","Heterosexual or straight","","No","",", RMTE28, RMTE15, RMTE30, RMTE21, RMTE29, RMTE34, RMTE6, RMTE31, RMTE35, RMTE22, RMTE3, RMTE17, RMTE18, RMTE25, RMTE9, RMTE27, RMTE19","FL_124","RMTE28-female|RMTE15-female|RMTE30-female|RMTE21-female|RMTE29-female|RMTE34-female|RMTE6-female|RMTE31-female|RMTE35-female","","FL_105|FL_95|FL_109|FL_108|FL_104|FL_111|FL_103|FL_107","","vidInstructionSex|FloorSex","vidInstructionNeut|WallE","|bored_1st|sex_arousal_1st|sadness_1st|happy_1st","|sex_arosal_2nd|happy_2nd|bored_2nd|sadness_2nd",17.4833333333333,1.24233366737741,"Sex_clip_1st",NA,NA,NA,1,NA,NA,0,NA,NA,1,NA,NA,NA,NA,NA,1,NA,1,1,0,NA,1,1,NA,NA,0,NA,1,1,1,1,1,NA,NA,1,1,NA,0.823529411764706,11,7,15,2,12,13,17,4,10,14,16,1,5,3,8,6,9,NA,NA,NA,NA,NA,NA,NA,NA,NA,NA,NA,NA,NA,NA,NA,NA,NA,NA,NA,"FloorSex","WallE","Sex_clip_1st",4,1,7,7,1,2,4,1,3,-0.771244884559201,-0.605644705859313,-0.408242898498048
"606c1ab70de488e81ce35ade","females","Sex_clip","","100",418,"Yes","20","5.182","desire","4.818","impatient","7.493","hostile","3.704","contemplative","7.572","affectionate","5.215","decisive","6.789","sarcastic","4.701","fantasizing","6.415","preoccupied","3.293","interested","2.159","reassuring","6.632","interested","5.038","reflective","3.117","flirtatious","5.007","confident","3.875","distrustful","5.191","insisting","","","","","","","","","","","","","","","","","","","","","","","","","","","","","","","","","","","","","","",6,8,5,1,3,1,7,3,3,"","yes",36,"Male","Heterosexual or straight","","No","",", RMTE9, RMTE21, RMTE30, RMTE17, RMTE18, RMTE25, RMTE27, RMTE31, RMTE29, RMTE19, RMTE28, RMTE22, RMTE6, RMTE35, RMTE34, RMTE3, RMTE15","FL_124","RMTE9-female|RMTE21-female|RMTE30-female|RMTE17-female|RMTE18-female|RMTE25-female|RMTE27-female|RMTE31-female|RMTE29-female","","FL_107|FL_102|FL_105|FL_112|FL_97|FL_98|FL_95|FL_110","","vidInstructionSex|FloorSex","vidInstructionNeut|WallE","|happy_1st|sex_arousal_1st|bored_1st|sadness_1st","|bored_2nd|happy_2nd|sadness_2nd|sex_arosal_2nd",6.96666666666667,-0.81620175719749,"Sex_clip_1st",NA,NA,NA,1,NA,NA,0,NA,NA,0,NA,NA,NA,NA,NA,1,NA,0,1,0,NA,1,1,NA,NA,1,NA,0,1,1,1,1,NA,NA,1,0,NA,0.647058823529412,16,13,1,17,4,5,10,2,12,6,7,11,9,3,8,15,14,NA,NA,NA,NA,NA,NA,NA,NA,NA,NA,NA,NA,NA,NA,NA,NA,NA,NA,NA,"FloorSex","WallE","Sex_clip_1st",8,1,5,7,1,3,3,3,7,1.02266392181639,-0.605644705859313,1.30702699863964
"608727ded1b6b85975bbf14d","females","Sex_clip","","100",599,"Yes","20","8.523","desire","3.764","impatient","10.131","hostile","5.597","contemplative","5.839","doubtful","7.578","decisive","8.372","grateful","4.838","fantasizing","6.359","preoccupied","4.454","interested","8.547","cautious","7.363","interested","4.455","reflective","2.896","flirtatious","4.182","confident","10.818","distrustful","6.331","contemplative","","","","","","","","","","","","","","","","","","","","","","","","","","","","","","","","","","","","","","",4,9,8,1,1,1,6,1,5,"","yes",34,"Male","Heterosexual or straight","","No","",", RMTE17, RMTE9, RMTE28, RMTE22, RMTE29, RMTE25, RMTE27, RMTE19, RMTE31, RMTE15, RMTE34, RMTE18, RMTE21, RMTE6, RMTE30, RMTE3, RMTE35","FL_124","RMTE17-female|RMTE9-female|RMTE28-female|RMTE22-female|RMTE29-female|RMTE25-female|RMTE27-female|RMTE19-female|RMTE31-female","","FL_110|FL_98|FL_108|FL_106|FL_112|FL_100|FL_95|FL_97","","vidInstructionSex|BedroomOral","vidInstructionNeut|ModernFamily","|bored_1st|happy_1st|sadness_1st|sex_arousal_1st","|sadness_2nd|bored_2nd|happy_2nd|sex_arosal_2nd",9.98333333333333,-0.225718537153027,"Sex_clip_1st",NA,NA,NA,1,NA,NA,0,NA,NA,0,NA,NA,NA,NA,NA,1,NA,1,1,0,NA,1,1,NA,NA,1,NA,1,1,1,1,1,NA,NA,1,0,NA,0.764705882352941,16,14,2,10,1,12,8,13,4,6,7,3,5,15,9,11,17,NA,NA,NA,NA,NA,NA,NA,NA,NA,NA,NA,NA,NA,NA,NA,NA,NA,NA,NA,"BedroomOral","ModernFamily","Sex_clip_1st",9,1,8,6,1,1,1,5,8,1.47114112341028,-0.605644705859313,1.73584447292406
"608aaa215108ac83fda285e9","females","Sex_clip","","100",442,"Yes","20","7.339","desire","3.79","fantasizing","4.054","preoccupied","2.931","contemplative","10.231","playful","8.481","amused","5.294","tentative","6.018","fantasizing","7.511","preoccupied","9.189","interested","5.489","cautious","6.27","interested","3.723","impatient","2.812","flirtatious","3.823","confident","9.376","distrustful","3.902","nervous","","","","","","","","","","","","","","","","","","","","","","","","","","","","","","","","","","","","","","",3,3,5,3,4,1,5,3,6,"","yes",32,"Male","Heterosexual or straight","","No","",", RMTE18, RMTE22, RMTE28, RMTE25, RMTE15, RMTE30, RMTE34, RMTE31, RMTE27, RMTE17, RMTE9, RMTE35, RMTE6, RMTE21, RMTE3, RMTE19, RMTE29","FL_124","RMTE18-female|RMTE22-female|RMTE28-female|RMTE25-female|RMTE15-female|RMTE30-female|RMTE34-female|RMTE31-female|RMTE27-female","","FL_109|FL_111|FL_97|FL_112|FL_106|FL_95|FL_107|FL_101","","vidInstructionSex|FloorSex","vidInstructionNeut|MadMen","|happy_1st|sadness_1st|sex_arousal_1st|bored_1st","|happy_2nd|bored_2nd|sex_arosal_2nd|sadness_2nd",7.36666666666667,-0.737905639622534,"Sex_clip_1st",NA,NA,NA,1,NA,NA,1,NA,NA,1,NA,NA,NA,NA,NA,1,NA,0,0,1,NA,1,1,NA,NA,1,NA,1,1,0,1,1,NA,NA,1,1,NA,0.823529411764706,15,13,11,5,10,1,16,14,2,4,9,3,17,6,8,7,12,NA,NA,NA,NA,NA,NA,NA,NA,NA,NA,NA,NA,NA,NA,NA,NA,NA,NA,NA,"FloorSex","MadMen","Sex_clip_1st",3,1,5,5,3,3,4,6,2,-1.2197220861531,-0.605644705859313,-0.83706037278247
"60910e7bfa31597cd4569ca2","females","Neutral_clip","","100",504,"Yes","20","5.231","desire","7.325","alarmed","7.378","preoccupied","4.427","contemplative","5.856","doubtful","5.922","decisive","5.913","tentative","6.222","fantasizing","9.806","preoccupied","7.46","interested","4.936","cautious","8.63","interested","6.289","reflective","5.463","flirtatious","10.715","ashamed","5.925","distrustful","3.413","nervous","","","","","","","","","","","","","","","","","","","","","","","","","","","","","","","","","","","","","","",3,1,2,3,6,2,2,2,9,"","Yes",42,"Male","Heterosexual or straight","","No","",", RMTE9, RMTE25, RMTE30, RMTE18, RMTE34, RMTE27, RMTE15, RMTE21, RMTE35, RMTE19, RMTE29, RMTE22, RMTE31, RMTE17, RMTE28, RMTE3, RMTE6","FL_124","RMTE9-female|RMTE25-female|RMTE30-female|RMTE18-female|RMTE34-female|RMTE27-female|RMTE15-female|RMTE21-female|RMTE35-female","","FL_107|FL_101|FL_105|FL_99|FL_109|FL_102|FL_95|FL_112","","vidInstructionSex|SamTaylor","vidInstructionNeut|MadMen","|bored_1st|sex_arousal_1st|sadness_1st|happy_1st","|sadness_2nd|happy_2nd|bored_2nd|sex_arosal_2nd",8.4,-0.535640669220563,"Neutral_clip_1st",NA,NA,NA,1,NA,NA,0,NA,NA,1,NA,NA,NA,NA,NA,1,NA,1,1,1,NA,1,1,NA,NA,1,NA,1,1,1,1,0,NA,NA,1,1,NA,0.882352941176471,16,17,1,7,14,4,10,8,12,2,6,15,11,3,13,5,9,NA,NA,NA,NA,NA,NA,NA,NA,NA,NA,NA,NA,NA,NA,NA,NA,NA,NA,NA,"SamTaylor","MadMen","Neutral_clip_1st",2,1,2,2,2,3,9,6,1,-1.66819928774699,-0.605644705859313,-1.26587784706689
"6091d4a2cc8467b8908fd1dc","females","Neutral_clip","","100",480,"Yes","20","5.274","desire","3.366","fantasizing","3.472","preoccupied","5.324","amused","4.947","doubtful","7.295","decisive","2.735","grateful","3.412","fantasizing","3.614","preoccupied","5.722","interested","5.817","cautious","3.853","interested","6.501","reflective","4.214","flirtatious","3.081","confident","6.385","baffled","3.431","nervous","","","","","","","","","","","","","","","","","","","","","","","","","","","","","","","","","","","","","","",6,1,9,2,1,7,4,2,4,"","yes",34,"Male","Heterosexual or straight","","No","",", RMTE18, RMTE29, RMTE30, RMTE22, RMTE27, RMTE9, RMTE28, RMTE25, RMTE31, RMTE17, RMTE19, RMTE34, RMTE21, RMTE35, RMTE6, RMTE15, RMTE3","FL_124","RMTE18-female|RMTE29-female|RMTE30-female|RMTE22-female|RMTE27-female|RMTE9-female|RMTE28-female|RMTE25-female|RMTE31-female","","FL_109|FL_107|FL_98|FL_106|FL_97|FL_112|FL_110|FL_95","","vidInstructionSex|BedroomOral","vidInstructionNeut|WallE","|sadness_1st|happy_1st|bored_1st|sex_arousal_1st","|happy_2nd|sex_arosal_2nd|bored_2nd|sadness_2nd",8,-0.61393678679552,"Neutral_clip_1st",NA,NA,NA,1,NA,NA,1,NA,NA,1,NA,NA,NA,NA,NA,0,NA,1,1,0,NA,1,1,NA,NA,1,NA,1,1,1,1,1,NA,NA,0,1,NA,0.823529411764706,17,15,6,16,10,1,11,13,4,8,5,7,2,3,9,12,14,NA,NA,NA,NA,NA,NA,NA,NA,NA,NA,NA,NA,NA,NA,NA,NA,NA,NA,NA,"BedroomOral","WallE","Neutral_clip_1st",7,1,4,9,2,2,4,1,6,0.574186720222489,-0.605644705859313,0.878209524355217
"609ac4e5f0b26244311ec729","females","Sex_clip","","100",825,"Yes","20","10.295","desire","6.799","fantasizing","12.071","preoccupied","14.033","flustered","8.901","doubtful","6.447","decisive","11.46","tentative","7.643","fantasizing","15.913","imploring","11.579","interested","6.029","cautious","12.53","interested","10.247","impatient","23.628","hostile","9.292","confident","7.808","distrustful","6.76","nervous","","","","","","","","","","","","","","","","","","","","","","","","","","","","","","","","","","","","","","",7,8,7,1,1,1,5,1,2,"","Yes",28,"Male","Heterosexual or straight","","No","",", RMTE22, RMTE15, RMTE25, RMTE27, RMTE17, RMTE35, RMTE18, RMTE21, RMTE28, RMTE9, RMTE6, RMTE31, RMTE3, RMTE30, RMTE34, RMTE29, RMTE19","FL_124","RMTE22-female|RMTE15-female|RMTE25-female|RMTE27-female|RMTE17-female|RMTE35-female|RMTE18-female|RMTE21-female|RMTE28-female","","FL_111|FL_112|FL_99|FL_95|FL_100|FL_98|FL_101|FL_107","","vidInstructionSex|BedroomOral","vidInstructionNeut|WallE","|bored_1st|sadness_1st|happy_1st|sex_arousal_1st","|sex_arosal_2nd|bored_2nd|sadness_2nd|happy_2nd",13.75,0.511569903344479,"Sex_clip_1st",NA,NA,NA,1,NA,NA,1,NA,NA,1,NA,NA,NA,NA,NA,0,NA,1,1,1,NA,1,0,NA,NA,1,NA,1,1,0,0,1,NA,NA,1,1,NA,0.764705882352941,13,11,10,2,5,7,17,8,1,3,4,9,16,14,12,15,6,NA,NA,NA,NA,NA,NA,NA,NA,NA,NA,NA,NA,NA,NA,NA,NA,NA,NA,NA,"BedroomOral","WallE","Sex_clip_1st",8,1,7,5,1,1,1,2,7,1.02266392181639,-0.605644705859313,1.30702699863964
"609d1ddf6aa3ba55f1bf4267","females","Sex_clip","","100",589,"Yes","20","3.647","joking","2.658","fantasizing","5.441","preoccupied","5.535","encouraging","8.197","aghast","4.532","bored","5.194","sarcastic","5.372","fantasizing","5.345","grateful","5.638","interested","4.176","cautious","2.254","contented","5.897","reflective","4.679","flirtatious","3.427","confident","6.381","aghast","9.35","insisting","","","","","","","","","","","","","","","","","","","","","","","","","","","","","","","","","","","","","","",9,7,9,1,1,1,4,1,6,"","yes",44,"Male","Heterosexual or straight","","No","",", RMTE34, RMTE25, RMTE9, RMTE19, RMTE27, RMTE35, RMTE21, RMTE22, RMTE18, RMTE29, RMTE15, RMTE31, RMTE3, RMTE30, RMTE17, RMTE6, RMTE28","FL_124","RMTE34-female|RMTE25-female|RMTE9-female|RMTE19-female|RMTE27-female|RMTE35-female|RMTE21-female|RMTE22-female|RMTE18-female","","FL_101|FL_110|FL_99|FL_95|FL_100|FL_109|FL_112|FL_102","","vidInstructionSex|BedroomOral","vidInstructionNeut|WallE","|sadness_1st|bored_1st|sex_arousal_1st|happy_1st","|sex_arosal_2nd|sadness_2nd|bored_2nd|happy_2nd",9.81666666666667,-0.258341919475926,"Sex_clip_1st",NA,NA,NA,0,NA,NA,1,NA,NA,1,NA,NA,NA,NA,NA,0,NA,0,0,0,NA,1,0,NA,NA,1,NA,1,0,1,1,1,NA,NA,0,0,NA,0.470588235294118,13,16,3,11,15,9,4,7,8,2,5,17,10,14,12,1,6,NA,NA,NA,NA,NA,NA,NA,NA,NA,NA,NA,NA,NA,NA,NA,NA,NA,NA,NA,"BedroomOral","WallE","Sex_clip_1st",7,1,9,4,1,1,1,6,6,0.574186720222489,-0.605644705859313,0.878209524355217
"60a51393b86b6c9753bb36da","females","Sex_clip","","100",821,"Yes","20","8.393","desire","10.497","impatient","12.224","horrified","8.903","contemplative","10.575","aghast","7.253","decisive","28.21","tentative","5.773","fantasizing","14.244","preoccupied","11.896","interested","11.688","arrogant","20.757","interested","12.184","impatient","3.709","flirtatious","8.469","confident","7.274","baffled","11.686","insisting","","","","","","","","","","","","","","","","","","","","","","","","","","","","","","","","","","","","","","",4,3,6,1,2,1,3,1,3,"","yes",34,"Male","Heterosexual or straight","","No","",", RMTE3, RMTE31, RMTE28, RMTE21, RMTE6, RMTE34, RMTE18, RMTE15, RMTE9, RMTE19, RMTE30, RMTE22, RMTE25, RMTE29, RMTE35, RMTE17, RMTE27","FL_124","RMTE3-female|RMTE31-female|RMTE28-female|RMTE21-female|RMTE6-female|RMTE34-female|RMTE18-female|RMTE15-female|RMTE9-female","","FL_107|FL_100|FL_105|FL_104|FL_101|FL_97|FL_109|FL_103","","vidInstructionSex|BedroomOral","vidInstructionNeut|WallE","|bored_1st|happy_1st|sadness_1st|sex_arousal_1st","|happy_2nd|sex_arosal_2nd|bored_2nd|sadness_2nd",13.6833333333333,0.498520550415319,"Sex_clip_1st",NA,NA,NA,1,NA,NA,0,NA,NA,0,NA,NA,NA,NA,NA,1,NA,0,1,1,NA,1,1,NA,NA,1,NA,0,1,0,1,1,NA,NA,0,0,NA,0.588235294117647,1,5,9,8,16,7,10,4,12,13,17,3,14,11,2,6,15,NA,NA,NA,NA,NA,NA,NA,NA,NA,NA,NA,NA,NA,NA,NA,NA,NA,NA,NA,"BedroomOral","WallE","Sex_clip_1st",3,1,6,3,1,1,2,3,2,-1.2197220861531,-0.605644705859313,-0.83706037278247
"60a82f4aa5a8824f46d74420","females","Sex_clip","","100",495,"Yes","20","3.875","desire","5.382","fantasizing","2.822","hostile","4.768","contemplative","8.244","affectionate","5.383","decisive","6.305","grateful","4.485","fantasizing","3.782","preoccupied","6.651","interested","5.958","cautious","5.826","interested","5.146","irritated","6.628","flirtatious","4.456","confident","8.468","distrustful","4.143","nervous","","","","","","","","","","","","","","","","","","","","","","","","","","","","","","","","","","","","","","",3,3,2,1,7,4,8,1,1,"","yes",31,"Male","Heterosexual or straight","","No","",", RMTE17, RMTE6, RMTE27, RMTE28, RMTE15, RMTE29, RMTE31, RMTE30, RMTE19, RMTE21, RMTE18, RMTE35, RMTE25, RMTE3, RMTE9, RMTE22, RMTE34","FL_124","RMTE17-female|RMTE6-female|RMTE27-female|RMTE28-female|RMTE15-female|RMTE29-female|RMTE31-female|RMTE30-female|RMTE19-female","","FL_106|FL_108|FL_97|FL_104|FL_95|FL_111|FL_105|FL_98","","vidInstructionSex|FloorSex","vidInstructionNeut|ModernFamily","|sex_arousal_1st|sadness_1st|happy_1st|bored_1st","|happy_2nd|sex_arosal_2nd|bored_2nd|sadness_2nd",8.25,-0.565001713311172,"Sex_clip_1st",NA,NA,NA,1,NA,NA,1,NA,NA,0,NA,NA,NA,NA,NA,1,NA,0,1,0,NA,1,1,NA,NA,1,NA,1,1,0,1,1,NA,NA,1,1,NA,0.764705882352941,14,2,15,5,1,11,9,10,16,13,3,4,6,8,7,17,12,NA,NA,NA,NA,NA,NA,NA,NA,NA,NA,NA,NA,NA,NA,NA,NA,NA,NA,NA,"FloorSex","ModernFamily","Sex_clip_1st",3,4,2,8,1,1,7,1,-1,-1.2197220861531,1.76115105256458,-2.12351279563574
"60a9664d0a98d50865bcf53f","females","Neutral_clip","","100",1181,"Yes","20","21.156","desire","14.959","impatient","9.109","preoccupied","31.709","contemplative","4.473","doubtful","7.435","bored","9.115","arrogant","10.138","embarrassed","24.781","preoccupied","61.225","incredulous","18.707","cautious","56.845","contented","19.877","irritated","13.187","hostile","13.552","dispirited","17.847","distrustful","15.141","nervous","","","","","","","","","","","","","","","","","","","","","","","","","","","","","","","","","","","","","","",5,1,5,3,1,8,8,2,1,"","yes",43,"Male","Heterosexual or straight","","No","",", RMTE3, RMTE6, RMTE34, RMTE31, RMTE27, RMTE25, RMTE29, RMTE30, RMTE35, RMTE28, RMTE18, RMTE21, RMTE9, RMTE19, RMTE17, RMTE22, RMTE15","FL_124","RMTE3-female|RMTE6-female|RMTE34-female|RMTE31-female|RMTE27-female|RMTE25-female|RMTE29-female|RMTE30-female|RMTE35-female","","FL_102|FL_108|FL_106|FL_111|FL_107|FL_109|FL_105|FL_110","","vidInstructionSex|BedroomOral","vidInstructionNeut|ModernFamily","|bored_1st|sex_arousal_1st|sadness_1st|happy_1st","|happy_2nd|sadness_2nd|bored_2nd|sex_arosal_2nd",19.6833333333333,1.67296231403967,"Neutral_clip_1st",NA,NA,NA,1,NA,NA,0,NA,NA,1,NA,NA,NA,NA,NA,1,NA,1,0,0,NA,0,1,NA,NA,0,NA,1,0,0,0,0,NA,NA,1,1,NA,0.470588235294118,1,2,13,17,15,11,14,12,16,6,5,10,7,8,4,3,9,NA,NA,NA,NA,NA,NA,NA,NA,NA,NA,NA,NA,NA,NA,NA,NA,NA,NA,NA,"BedroomOral","ModernFamily","Neutral_clip_1st",8,1,8,5,2,3,1,1,7,1.02266392181639,-0.605644705859313,1.30702699863964
"60ac08be37cd5e98ab2d0037","females","Neutral_clip","","100",695,"Yes","20","14.663","convinced","16.228","fantasizing","19.861","preoccupied","8.461","amused","5.742","doubtful","6.128","decisive","82.243","tentative","5.278","fantasizing","36.291","preoccupied","7.526","interested","12.541","cautious","6.741","interested","11.341","irritated","4.466","flirtatious","18.118","confident","10.835","distrustful","11.028","nervous","","","","","","","","","","","","","","","","","","","","","","","","","","","","","","","","","","","","","","",6,2,5,2,3,6,1,4,1,"","Yes",46,"Male","Heterosexual or straight","","No","",", RMTE30, RMTE3, RMTE34, RMTE9, RMTE31, RMTE29, RMTE6, RMTE17, RMTE18, RMTE19, RMTE35, RMTE22, RMTE25, RMTE27, RMTE21, RMTE28, RMTE15","FL_124","RMTE30-female|RMTE3-female|RMTE34-female|RMTE9-female|RMTE31-female|RMTE29-female|RMTE6-female|RMTE17-female|RMTE18-female","","FL_107|FL_97|FL_105|FL_104|FL_103|FL_106|FL_102|FL_110","","vidInstructionSex|BedroomOral","vidInstructionNeut|MadMen","|sadness_1st|bored_1st|happy_1st|sex_arousal_1st","|bored_2nd|sadness_2nd|sex_arosal_2nd|happy_2nd",11.5833333333333,0.0874659331467982,"Neutral_clip_1st",NA,NA,NA,0,NA,NA,1,NA,NA,1,NA,NA,NA,NA,NA,0,NA,1,1,1,NA,1,1,NA,NA,1,NA,1,1,0,1,1,NA,NA,1,1,NA,0.823529411764706,2,7,4,17,8,9,10,15,12,13,14,16,6,1,5,3,11,NA,NA,NA,NA,NA,NA,NA,NA,NA,NA,NA,NA,NA,NA,NA,NA,NA,NA,NA,"BedroomOral","MadMen","Neutral_clip_1st",6,2,1,5,4,2,1,3,4,0.125709518628592,0.183287213615318,0.0205745757863738
"60af75c97b9939e8757c37e7","females","Neutral_clip","","100",558,"Yes","20","7.857","desire","5.438","fantasizing","3.91","preoccupied","5.828","contemplative","12.715","doubtful","6.24","decisive","9.046","tentative","7.992","fantasizing","7.055","imploring","7.234","interested","13.868","cautious","5.507","interested","7.583","reflective","5.919","flirtatious","5.733","confident","13.329","distrustful","9.71","insisting","","","","","","","","","","","","","","","","","","","","","","","","","","","","","","","","","","","","","","",6,1,5,3,4,7,5,2,2,"","yes",20,"Male","Heterosexual or straight","","No","",", RMTE17, RMTE30, RMTE35, RMTE18, RMTE34, RMTE3, RMTE28, RMTE19, RMTE15, RMTE27, RMTE31, RMTE6, RMTE9, RMTE29, RMTE22, RMTE25, RMTE21","FL_124","RMTE17-female|RMTE30-female|RMTE35-female|RMTE18-female|RMTE34-female|RMTE3-female|RMTE28-female|RMTE19-female|RMTE15-female","","FL_103|FL_99|FL_112|FL_111|FL_101|FL_105|FL_104|FL_106","","vidInstructionSex|SamTaylor","vidInstructionNeut|MadMen","|happy_1st|sadness_1st|sex_arousal_1st|bored_1st","|sadness_2nd|bored_2nd|sex_arosal_2nd|happy_2nd",9.3,-0.359474404676911,"Neutral_clip_1st",NA,NA,NA,1,NA,NA,1,NA,NA,1,NA,NA,NA,NA,NA,1,NA,1,1,1,NA,1,0,NA,NA,1,NA,1,1,1,1,1,NA,NA,1,0,NA,0.882352941176471,6,12,13,9,1,4,8,17,15,16,10,7,14,2,11,5,3,NA,NA,NA,NA,NA,NA,NA,NA,NA,NA,NA,NA,NA,NA,NA,NA,NA,NA,NA,"SamTaylor","MadMen","Neutral_clip_1st",7,1,5,5,2,3,2,4,6,0.574186720222489,-0.605644705859313,0.878209524355217
"60b0f0950a4ec0e7d36c4229","females","Neutral_clip","","100",518,"Yes","20","5.714","desire","5.503","fantasizing","5.335","preoccupied","7.364","contemplative","7.487","doubtful","3.872","decisive","4.343","tentative","5.654","fantasizing","3.878","preoccupied","8.802","incredulous","6.202","cautious","5.831","interested","6.226","reflective","5.935","flirtatious","6.959","confident","5.009","terrified","7.455","nervous","","","","","","","","","","","","","","","","","","","","","","","","","","","","","","","","","","","","","","",7,1,5,6,5,8,5,1,1,"","yes",30,"Male","Heterosexual or straight","","No","",", RMTE30, RMTE31, RMTE27, RMTE25, RMTE9, RMTE21, RMTE19, RMTE6, RMTE22, RMTE17, RMTE3, RMTE29, RMTE35, RMTE18, RMTE28, RMTE15, RMTE34","FL_124","RMTE30-female|RMTE31-female|RMTE27-female|RMTE25-female|RMTE9-female|RMTE21-female|RMTE19-female|RMTE6-female|RMTE22-female","","FL_109|FL_95|FL_101|FL_97|FL_108|FL_102|FL_110|FL_98","","vidInstructionSex|FloorSex","vidInstructionNeut|MadMen","|sadness_1st|sex_arousal_1st|bored_1st|happy_1st","|sadness_2nd|sex_arosal_2nd|bored_2nd|happy_2nd",8.63333333333333,-0.489967933968505,"Neutral_clip_1st",NA,NA,NA,1,NA,NA,1,NA,NA,1,NA,NA,NA,NA,NA,1,NA,1,1,1,NA,1,1,NA,NA,0,NA,1,1,1,1,1,NA,NA,0,1,NA,0.882352941176471,11,8,5,16,10,14,7,6,9,4,3,15,12,1,2,17,13,NA,NA,NA,NA,NA,NA,NA,NA,NA,NA,NA,NA,NA,NA,NA,NA,NA,NA,NA,"FloorSex","MadMen","Neutral_clip_1st",8,1,5,5,1,6,1,5,7,1.02266392181639,-0.605644705859313,1.30702699863964
"60b36a96346dd63678e6cfe6","females","Sex_clip","","100",798,"Yes","20","24.888","desire","5.935","impatient","18.365","preoccupied","5.905","contemplative","5.952","doubtful","72.494","decisive","6.561","tentative","9.525","fantasizing","6.705","preoccupied","3.729","interested","4.18","cautious","6.383","interested","7.815","reflective","51.078","flirtatious","5.643","dispirited","8.35","distrustful","7.902","contemplative","","","","","","","","","","","","","","","","","","","","","","","","","","","","","","","","","","","","","","",3,4,5,1,4,1,5,1,6,"","yes",48,"Male","Heterosexual or straight","","No","",", RMTE22, RMTE35, RMTE17, RMTE28, RMTE34, RMTE6, RMTE27, RMTE21, RMTE30, RMTE15, RMTE9, RMTE18, RMTE29, RMTE19, RMTE31, RMTE3, RMTE25","FL_124","RMTE22-female|RMTE35-female|RMTE17-female|RMTE28-female|RMTE34-female|RMTE6-female|RMTE27-female|RMTE21-female|RMTE30-female","","FL_110|FL_111|FL_108|FL_101|FL_107|FL_99|FL_95|FL_104","","vidInstructionSex|SamTaylor","vidInstructionNeut|MadMen","|happy_1st|bored_1st|sadness_1st|sex_arousal_1st","|happy_2nd|bored_2nd|sex_arosal_2nd|sadness_2nd",13.3,0.423486771072653,"Sex_clip_1st",NA,NA,NA,1,NA,NA,0,NA,NA,1,NA,NA,NA,NA,NA,1,NA,1,1,1,NA,1,1,NA,NA,1,NA,1,1,1,1,0,NA,NA,1,0,NA,0.823529411764706,16,6,11,10,3,12,14,8,1,17,7,4,13,9,15,5,2,NA,NA,NA,NA,NA,NA,NA,NA,NA,NA,NA,NA,NA,NA,NA,NA,NA,NA,NA,"SamTaylor","MadMen","Sex_clip_1st",4,1,5,5,1,1,4,6,3,-0.771244884559201,-0.605644705859313,-0.408242898498048
"60b5f044624955596fa12121","females","Neutral_clip","","100",531,"Yes","20","9.712","flustered","6.958","fantasizing","7.441","annoyed","5.138","contemplative","7.048","doubtful","4.764","decisive","7.484","tentative","6.961","fantasizing","9.1","preoccupied","4.229","incredulous","7.57","cautious","5.824","interested","5.933","impatient","9.151","flirtatious","6.911","confident","7.561","distrustful","5.478","nervous","","","","","","","","","","","","","","","","","","","","","","","","","","","","","","","","","","","","","","",6,1,6,1,4,6,5,2,3,"","yes",36,"Male","Heterosexual or straight","","No","",", RMTE22, RMTE28, RMTE3, RMTE31, RMTE6, RMTE34, RMTE15, RMTE21, RMTE30, RMTE17, RMTE19, RMTE9, RMTE25, RMTE29, RMTE18, RMTE27, RMTE35","FL_124","RMTE22-female|RMTE28-female|RMTE3-female|RMTE31-female|RMTE6-female|RMTE34-female|RMTE15-female|RMTE21-female|RMTE30-female","","FL_109|FL_107|FL_111|FL_104|FL_101|FL_108|FL_103|FL_97","","vidInstructionSex|SamTaylor","vidInstructionNeut|MadMen","|happy_1st|sex_arousal_1st|bored_1st|sadness_1st","|happy_2nd|sadness_2nd|bored_2nd|sex_arosal_2nd",8.85,-0.447557536948737,"Neutral_clip_1st",NA,NA,NA,0,NA,NA,1,NA,NA,0,NA,NA,NA,NA,NA,1,NA,1,1,1,NA,1,1,NA,NA,0,NA,1,1,0,1,1,NA,NA,1,1,NA,0.764705882352941,3,5,12,7,10,15,11,8,1,13,16,2,14,9,4,6,17,NA,NA,NA,NA,NA,NA,NA,NA,NA,NA,NA,NA,NA,NA,NA,NA,NA,NA,NA,"SamTaylor","MadMen","Neutral_clip_1st",6,1,5,6,2,1,3,4,5,0.125709518628592,-0.605644705859313,0.449392050070796
"60bd350431ab0f24daafa597","females","Neutral_clip","","100",729,"Yes","20","3.4","desire","3.154","fantasizing","2.663","preoccupied","7.23","contemplative","4.541","doubtful","17.53","decisive","4.093","tentative","5.075","fantasizing","4.163","preoccupied","4.619","interested","3.959","cautious","4.468","affectionate","30.425","reflective","2.923","flirtatious","5.337","confident","5.87","distrustful","4.949","contemplative","","","","","","","","","","","","","","","","","","","","","","","","","","","","","","","","","","","","","","",6,1,2,2,6,4,4,2,2,"","yes",37,"Male","Heterosexual or straight","","No","",", RMTE15, RMTE31, RMTE28, RMTE30, RMTE21, RMTE17, RMTE29, RMTE3, RMTE22, RMTE19, RMTE25, RMTE6, RMTE35, RMTE34, RMTE18, RMTE9, RMTE27","FL_124","RMTE15-female|RMTE31-female|RMTE28-female|RMTE30-female|RMTE21-female|RMTE17-female|RMTE29-female|RMTE3-female|RMTE22-female","","FL_107|FL_104|FL_112|FL_97|FL_98|FL_108|FL_111|FL_103","","vidInstructionSex|BedroomOral","vidInstructionNeut|WallE","|bored_1st|happy_1st|sadness_1st|sex_arousal_1st","|sadness_2nd|sex_arosal_2nd|happy_2nd|bored_2nd",12.15,0.198385433044653,"Neutral_clip_1st",NA,NA,NA,1,NA,NA,1,NA,NA,1,NA,NA,NA,NA,NA,1,NA,1,1,1,NA,1,1,NA,NA,1,NA,1,0,1,1,1,NA,NA,1,0,NA,0.882352941176471,8,12,16,1,6,15,10,5,9,11,17,3,7,4,2,14,13,NA,NA,NA,NA,NA,NA,NA,NA,NA,NA,NA,NA,NA,NA,NA,NA,NA,NA,NA,"BedroomOral","WallE","Neutral_clip_1st",4,1,4,2,2,2,2,6,3,-0.771244884559201,-0.605644705859313,-0.408242898498048
"60c29201092d523e3b08a603","females","Neutral_clip","","100",643,"Yes","20","6.239","desire","5.349","fantasizing","4.758","preoccupied","41.252","contemplative","5.7","affectionate","11.971","decisive","7.518","tentative","6.389","fantasizing","9.089","imploring","4.35","interested","9.631","cautious","4.329","interested","82.8","reflective","3.166","flirtatious","5.536","confident","17.409","distrustful","10.337","insisting","","","","","","","","","","","","","","","","","","","","","","","","","","","","","","","","","","","","","","",5,1,1,1,9,7,5,5,1,"","yes",36,"Male","Heterosexual or straight","","No","You should have written a warning about the porn or a 18+ warning in the study description. I'm pretty sure some participants are not in SFW environments. ",", RMTE3, RMTE35, RMTE15, RMTE19, RMTE34, RMTE6, RMTE9, RMTE30, RMTE28, RMTE29, RMTE31, RMTE22, RMTE21, RMTE25, RMTE17, RMTE27, RMTE18","FL_124","RMTE3-female|RMTE35-female|RMTE15-female|RMTE19-female|RMTE34-female|RMTE6-female|RMTE9-female|RMTE30-female|RMTE28-female","","FL_101|FL_99|FL_105|FL_106|FL_104|FL_109|FL_103|FL_108","","vidInstructionSex|SamTaylor","vidInstructionNeut|ModernFamily","|sadness_1st|happy_1st|sex_arousal_1st|bored_1st","|bored_2nd|sex_arosal_2nd|happy_2nd|sadness_2nd",10.7166666666667,-0.082175654932274,"Neutral_clip_1st",NA,NA,NA,1,NA,NA,1,NA,NA,1,NA,NA,NA,NA,NA,1,NA,0,1,1,NA,1,0,NA,NA,1,NA,1,1,1,1,1,NA,NA,1,0,NA,0.823529411764706,1,6,7,3,15,17,4,13,12,14,16,9,10,8,11,5,2,NA,NA,NA,NA,NA,NA,NA,NA,NA,NA,NA,NA,NA,NA,NA,NA,NA,NA,NA,"SamTaylor","ModernFamily","Neutral_clip_1st",7,1,5,1,5,1,1,9,6,0.574186720222489,-0.605644705859313,0.878209524355217
"60c9abe32799d8a970e92799","females","Neutral_clip","","100",444,"Yes","20","4.657","desire","3.985","fantasizing","3.509","preoccupied","4.515","contemplative","3.125","affectionate","9.402","bored","4.785","sarcastic","3.278","fantasizing","3.191","preoccupied","3.387","interested","3.802","cautious","4.787","interested","4.532","impatient","3","flirtatious","3.11","confident","6.059","distrustful","3.576","contemplative","","","","","","","","","","","","","","","","","","","","","","","","","","","","","","","","","","","","","","",8,1,7,1,1,9,8,1,1,"","yes",37,"Male","Heterosexual or straight","","No","",", RMTE18, RMTE6, RMTE21, RMTE3, RMTE19, RMTE25, RMTE29, RMTE31, RMTE17, RMTE15, RMTE28, RMTE34, RMTE30, RMTE35, RMTE9, RMTE22, RMTE27","FL_124","RMTE18-female|RMTE6-female|RMTE21-female|RMTE3-female|RMTE19-female|RMTE25-female|RMTE29-female|RMTE31-female|RMTE17-female","","FL_110|FL_102|FL_98|FL_100|FL_97|FL_111|FL_105|FL_103","","vidInstructionSex|FloorSex","vidInstructionNeut|ModernFamily","|sex_arousal_1st|sadness_1st|bored_1st|happy_1st","|sadness_2nd|happy_2nd|bored_2nd|sex_arosal_2nd",7.4,-0.731380963157954,"Neutral_clip_1st",NA,NA,NA,1,NA,NA,1,NA,NA,1,NA,NA,NA,NA,NA,1,NA,0,0,0,NA,1,1,NA,NA,1,NA,1,1,0,1,1,NA,NA,1,0,NA,0.705882352941177,4,2,15,10,9,1,5,3,16,6,17,11,7,13,8,12,14,NA,NA,NA,NA,NA,NA,NA,NA,NA,NA,NA,NA,NA,NA,NA,NA,NA,NA,NA,"FloorSex","ModernFamily","Neutral_clip_1st",9,1,8,7,1,1,1,1,8,1.47114112341028,-0.605644705859313,1.73584447292406
"60cb0ce6c8de266cd160b31f","females","Neutral_clip","","100",531,"Yes","20","8.585","desire","7.688","fantasizing","5.815","preoccupied","8.047","contemplative","7.085","doubtful","12.451","bored","7.642","sarcastic","7.294","fantasizing","7.494","imploring","9.651","interested","8.675","cautious","6.775","affectionate","6.378","reflective","4.594","flirtatious","9.016","confident","6.473","baffled","6.755","nervous","","","","","","","","","","","","","","","","","","","","","","","","","","","","","","","","","","","","","","",6,1,6,2,5,8,6,2,5,"","Yes",40,"Male","Heterosexual or straight","","No","",", RMTE31, RMTE30, RMTE3, RMTE9, RMTE17, RMTE29, RMTE21, RMTE18, RMTE25, RMTE15, RMTE6, RMTE27, RMTE35, RMTE19, RMTE34, RMTE22, RMTE28","FL_124","RMTE31-female|RMTE30-female|RMTE3-female|RMTE9-female|RMTE17-female|RMTE29-female|RMTE21-female|RMTE18-female|RMTE25-female","","FL_110|FL_112|FL_103|FL_97|FL_107|FL_98|FL_105|FL_102","","vidInstructionSex|BedroomOral","vidInstructionNeut|WallE","|happy_1st|bored_1st|sadness_1st|sex_arousal_1st","|bored_2nd|happy_2nd|sex_arosal_2nd|sadness_2nd",8.85,-0.447557536948737,"Neutral_clip_1st",NA,NA,NA,1,NA,NA,1,NA,NA,1,NA,NA,NA,NA,NA,1,NA,1,0,0,NA,1,0,NA,NA,1,NA,1,0,1,1,1,NA,NA,0,1,NA,0.705882352941177,3,11,4,10,5,8,14,7,16,9,12,17,6,2,1,15,13,NA,NA,NA,NA,NA,NA,NA,NA,NA,NA,NA,NA,NA,NA,NA,NA,NA,NA,NA,"BedroomOral","WallE","Neutral_clip_1st",8,1,6,6,2,2,5,5,7,1.02266392181639,-0.605644705859313,1.30702699863964
"60d1cdb2d9a206a83b3a5833","females","Sex_clip","","100",582,"Yes","20","6.442","desire","10.623","fantasizing","8.47","annoyed","13.422","contemplative","8.668","affectionate","5.528","decisive","10.306","tentative","8.114","fantasizing","7.943","preoccupied","11.779","despondent","8.984","cautious","9.874","interested","4.147","reflective","10.101","flirtatious","9.492","confident","10.514","distrustful","10.285","nervous","","","","","","","","","","","","","","","","","","","","","","","","","","","","","","","","","","","","","","",6,7,5,3,5,2,5,6,6,"","yes",32,"Male","Heterosexual or straight","","No","",", RMTE15, RMTE30, RMTE22, RMTE9, RMTE25, RMTE21, RMTE17, RMTE6, RMTE3, RMTE31, RMTE35, RMTE28, RMTE34, RMTE19, RMTE29, RMTE18, RMTE27","FL_124","RMTE15-female|RMTE30-female|RMTE22-female|RMTE9-female|RMTE25-female|RMTE21-female|RMTE17-female|RMTE6-female|RMTE3-female","","FL_99|FL_97|FL_102|FL_98|FL_107|FL_101|FL_108|FL_103","","vidInstructionSex|SamTaylor","vidInstructionNeut|MadMen","|sadness_1st|bored_1st|sex_arousal_1st|happy_1st","|happy_2nd|sadness_2nd|sex_arosal_2nd|bored_2nd",9.7,-0.281178287101955,"Sex_clip_1st",NA,NA,NA,1,NA,NA,1,NA,NA,0,NA,NA,NA,NA,NA,1,NA,0,1,1,NA,1,1,NA,NA,0,NA,1,1,1,1,1,NA,NA,1,1,NA,0.823529411764706,9,8,4,1,7,16,14,6,3,5,17,12,15,2,10,13,11,NA,NA,NA,NA,NA,NA,NA,NA,NA,NA,NA,NA,NA,NA,NA,NA,NA,NA,NA,"SamTaylor","MadMen","Sex_clip_1st",7,2,5,5,3,6,5,6,5,0.574186720222489,0.183287213615318,0.449392050070796
"60dd27004a74c325f5b22e17","females","Neutral_clip","","100",592,"Yes","20","37.621","desire","3.324","alarmed","4.188","annoyed","4.854","flustered","10.199","doubtful","4.947","decisive","2.937","tentative","3.961","fantasizing","4.473","imploring","3.069","interested","6.665","cautious","5.219","interested","4.169","reflective","4.368","flirtatious","5.285","confident","6.593","distrustful","3.992","contemplative","","","","","","","","","","","","","","","","","","","","","","","","","","","","","","","","","","","","","","",6,3,4,5,7,8,7,2,1,"","yes",19,"Male","Heterosexual or straight","","No","",", RMTE34, RMTE21, RMTE28, RMTE15, RMTE6, RMTE17, RMTE19, RMTE18, RMTE31, RMTE3, RMTE9, RMTE35, RMTE29, RMTE27, RMTE30, RMTE22, RMTE25","FL_124","RMTE34-female|RMTE21-female|RMTE28-female|RMTE15-female|RMTE6-female|RMTE17-female|RMTE19-female|RMTE18-female|RMTE31-female","","FL_95|FL_111|FL_97|FL_101|FL_103|FL_100|FL_105|FL_104","","vidInstructionSex|FloorSex","vidInstructionNeut|MadMen","|sadness_1st|sex_arousal_1st|bored_1st|happy_1st","|sadness_2nd|sex_arosal_2nd|bored_2nd|happy_2nd",9.86666666666667,-0.248554904779056,"Neutral_clip_1st",NA,NA,NA,1,NA,NA,0,NA,NA,0,NA,NA,NA,NA,NA,0,NA,1,1,1,NA,1,0,NA,NA,1,NA,1,1,1,1,1,NA,NA,1,0,NA,0.705882352941177,10,5,11,4,6,8,7,2,16,17,14,3,13,15,9,1,12,NA,NA,NA,NA,NA,NA,NA,NA,NA,NA,NA,NA,NA,NA,NA,NA,NA,NA,NA,"FloorSex","MadMen","Neutral_clip_1st",8,3,7,4,2,5,1,7,5,1.02266392181639,0.97221913308995,0.449392050070796
"60e5e5b0ceabcb5d6c5f1dd0","females","Neutral_clip","","100",970,"Yes","20","10.669","desire","10.803","fantasizing","12.059","preoccupied","15.802","encouraging","9.439","doubtful","8.701","decisive","18.973","grateful","24.35","fantasizing","11.978","preoccupied","13.463","interested","17.03","cautious","34.946","interested","13.404","reflective","11.651","flirtatious","11.683","confident","10.766","distrustful","13.645","contemplative","","","","","","","","","","","","","","","","","","","","","","","","","","","","","","","","","","","","","","",6,1,6,1,1,1,4,1,1,"","yes",35,"Male","Heterosexual or straight","","No","",", RMTE21, RMTE25, RMTE3, RMTE19, RMTE17, RMTE27, RMTE22, RMTE9, RMTE18, RMTE15, RMTE30, RMTE35, RMTE29, RMTE28, RMTE31, RMTE6, RMTE34","FL_124","RMTE21-female|RMTE25-female|RMTE3-female|RMTE19-female|RMTE17-female|RMTE27-female|RMTE22-female|RMTE9-female|RMTE18-female","","FL_110|FL_100|FL_97|FL_101|FL_102|FL_99|FL_112|FL_98","","vidInstructionSex|FloorSex","vidInstructionNeut|WallE","|happy_1st|bored_1st|sadness_1st|sex_arousal_1st","|bored_2nd|happy_2nd|sex_arosal_2nd|sadness_2nd",16.1666666666667,0.984608947026507,"Neutral_clip_1st",NA,NA,NA,1,NA,NA,1,NA,NA,1,NA,NA,NA,NA,NA,0,NA,1,1,0,NA,1,1,NA,NA,1,NA,1,1,1,1,1,NA,NA,1,0,NA,0.823529411764706,3,16,8,10,5,9,4,1,7,2,6,14,13,11,15,17,12,NA,NA,NA,NA,NA,NA,NA,NA,NA,NA,NA,NA,NA,NA,NA,NA,NA,NA,NA,"FloorSex","WallE","Neutral_clip_1st",1,1,4,6,1,1,1,1,0,-2.11667648934089,-0.605644705859313,-1.69469532135131
"60f006a5558297e7dcfd5160","females","Neutral_clip","","100",574,"Yes","20","6.53","desire","7.169","fantasizing","11.669","preoccupied","6.73","contemplative","12.391","affectionate","9.847","decisive","12.828","grateful","7.081","fantasizing","8.932","insisting","7.176","interested","11.208","cautious","6.125","affectionate","12.419","reflective","5.679","flirtatious","7.379","confident","7.216","baffled","8.438","contemplative","","","","","","","","","","","","","","","","","","","","","","","","","","","","","","","","","","","","","","",6,1,6,1,3,4,6,1,2,"","yes",45,"Male","Heterosexual or straight","","No","",", RMTE35, RMTE22, RMTE21, RMTE25, RMTE15, RMTE30, RMTE27, RMTE3, RMTE19, RMTE9, RMTE34, RMTE31, RMTE28, RMTE6, RMTE17, RMTE29, RMTE18","FL_124","RMTE35-female|RMTE22-female|RMTE21-female|RMTE25-female|RMTE15-female|RMTE30-female|RMTE27-female|RMTE3-female|RMTE19-female","","FL_111|FL_98|FL_99|FL_102|FL_112|FL_109|FL_101|FL_108","","vidInstructionSex|SamTaylor","vidInstructionNeut|ModernFamily","|sex_arousal_1st|bored_1st|happy_1st|sadness_1st","|sex_arosal_2nd|sadness_2nd|happy_2nd|bored_2nd",9.56666666666667,-0.307276992960274,"Neutral_clip_1st",NA,NA,NA,1,NA,NA,1,NA,NA,1,NA,NA,NA,NA,NA,1,NA,0,1,0,NA,1,0,NA,NA,1,NA,1,0,1,1,1,NA,NA,0,0,NA,0.647058823529412,8,14,10,5,15,17,9,3,2,4,7,13,16,6,12,11,1,NA,NA,NA,NA,NA,NA,NA,NA,NA,NA,NA,NA,NA,NA,NA,NA,NA,NA,NA,"SamTaylor","ModernFamily","Neutral_clip_1st",4,1,6,6,1,1,2,3,3,-0.771244884559201,-0.605644705859313,-0.408242898498048
"60f999b16d047d80709a543c","females","Neutral_clip","","100",525,"Yes","20","6.964","desire","4.849","fantasizing","6.25","preoccupied","6.463","contemplative","7.208","playful","5.902","decisive","5","arrogant","7.169","fantasizing","7.514","preoccupied","7.67","panicked","4.404","cautious","5.447","interested","3.604","reflective","5.802","flirtatious","5.204","confident","5.604","distrustful","8.204","nervous","","","","","","","","","","","","","","","","","","","","","","","","","","","","","","","","","","","","","","",6,2,7,1,3,6,5,1,4,"","yes",20,"Male","Heterosexual or straight","","No","",", RMTE18, RMTE15, RMTE31, RMTE17, RMTE27, RMTE29, RMTE35, RMTE30, RMTE25, RMTE9, RMTE34, RMTE22, RMTE19, RMTE6, RMTE3, RMTE28, RMTE21","FL_124","RMTE18-female|RMTE15-female|RMTE31-female|RMTE17-female|RMTE27-female|RMTE29-female|RMTE35-female|RMTE30-female|RMTE25-female","","FL_111|FL_98|FL_105|FL_107|FL_112|FL_95|FL_102|FL_106","","vidInstructionSex|FloorSex","vidInstructionNeut|ModernFamily","|sadness_1st|sex_arousal_1st|happy_1st|bored_1st","|bored_2nd|sadness_2nd|sex_arosal_2nd|happy_2nd",8.75,-0.467131566342476,"Neutral_clip_1st",NA,NA,NA,1,NA,NA,1,NA,NA,1,NA,NA,NA,NA,NA,1,NA,0,1,0,NA,1,1,NA,NA,0,NA,1,1,1,1,1,NA,NA,1,1,NA,0.823529411764706,15,14,10,2,4,1,13,17,12,9,5,16,6,8,3,11,7,NA,NA,NA,NA,NA,NA,NA,NA,NA,NA,NA,NA,NA,NA,NA,NA,NA,NA,NA,"FloorSex","ModernFamily","Neutral_clip_1st",6,2,5,7,1,1,4,3,4,0.125709518628592,0.183287213615318,0.0205745757863738
"60fd3ce6f3f4fc43bc33674d","females","Neutral_clip","","100",447,"Yes","20","11.103","convinced","4.944","impatient","3.604","preoccupied","2.318","contemplative","5.175","doubtful","2.048","decisive","4.043","grateful","3.755","fantasizing","3.182","preoccupied","7.812","interested","3.829","cautious","5.445","interested","3.842","irritated","2.582","flirtatious","2.482","confident","3.897","baffled","3.142","nervous","","","","","","","","","","","","","","","","","","","","","","","","","","","","","","","","","","","","","","",4,2,4,6,6,6,7,2,3,"","yes",23,"Male","Heterosexual or straight","","No","",", RMTE25, RMTE3, RMTE17, RMTE22, RMTE21, RMTE6, RMTE27, RMTE30, RMTE19, RMTE28, RMTE29, RMTE15, RMTE34, RMTE9, RMTE31, RMTE35, RMTE18","FL_124","RMTE25-female|RMTE3-female|RMTE17-female|RMTE22-female|RMTE21-female|RMTE6-female|RMTE27-female|RMTE30-female|RMTE19-female","","FL_102|FL_101|FL_110|FL_98|FL_111|FL_99|FL_97|FL_108","","vidInstructionSex|SamTaylor","vidInstructionNeut|MadMen","|happy_1st|sex_arousal_1st|bored_1st|sadness_1st","|bored_2nd|sadness_2nd|sex_arosal_2nd|happy_2nd",7.45,-0.721593948461085,"Neutral_clip_1st",NA,NA,NA,0,NA,NA,0,NA,NA,1,NA,NA,NA,NA,NA,1,NA,1,1,0,NA,1,1,NA,NA,1,NA,1,1,0,1,1,NA,NA,0,1,NA,0.705882352941177,2,6,14,12,3,17,9,5,4,1,7,10,11,8,15,13,16,NA,NA,NA,NA,NA,NA,NA,NA,NA,NA,NA,NA,NA,NA,NA,NA,NA,NA,NA,"SamTaylor","MadMen","Neutral_clip_1st",6,2,7,4,2,6,3,6,4,0.125709518628592,0.183287213615318,0.0205745757863738
"60febbb38cf5c08591b55554","females","Neutral_clip","","100",658,"Yes","20","8.43","desire","7.23","impatient","6.043","preoccupied","7.416","contemplative","7.073","doubtful","6.995","decisive","7.7","tentative","6.746","fantasizing","5.548","preoccupied","5.53","interested","9.455","cautious","6.595","interested","11.695","reflective","4.251","flirtatious","24.002","confident","9.451","distrustful","3.51","nervous","","","","","","","","","","","","","","","","","","","","","","","","","","","","","","","","","","","","","","",6,1,5,1,4,5,5,1,3,"","yes",19,"Male","Heterosexual or straight","","No","I read the instructions carefully however for the question when it asked me to just type yes and not answer the scale I accidentally clicked on the scale and was unable to unselect it.",", RMTE21, RMTE9, RMTE28, RMTE17, RMTE3, RMTE22, RMTE29, RMTE19, RMTE25, RMTE18, RMTE27, RMTE34, RMTE31, RMTE6, RMTE35, RMTE15, RMTE30","FL_124","RMTE21-female|RMTE9-female|RMTE28-female|RMTE17-female|RMTE3-female|RMTE22-female|RMTE29-female|RMTE19-female|RMTE25-female","","FL_108|FL_103|FL_98|FL_99|FL_112|FL_97|FL_110|FL_100","","vidInstructionSex|FloorSex","vidInstructionNeut|MadMen","|happy_1st|sadness_1st|bored_1st|sex_arousal_1st","|sadness_2nd|sex_arosal_2nd|happy_2nd|bored_2nd",10.9666666666667,-0.0332405814479262,"Neutral_clip_1st",NA,NA,NA,1,NA,NA,0,NA,NA,1,NA,NA,NA,NA,NA,1,NA,1,1,1,NA,1,1,NA,NA,1,NA,1,1,1,1,1,NA,NA,1,1,NA,0.941176470588235,5,14,2,16,4,10,8,1,6,9,11,3,7,17,13,12,15,NA,NA,NA,NA,NA,NA,NA,NA,NA,NA,NA,NA,NA,NA,NA,NA,NA,NA,NA,"FloorSex","MadMen","Neutral_clip_1st",5,1,5,5,1,1,3,4,4,-0.322767682965304,-0.605644705859313,0.0205745757863738
"60fef1ffa5ae99797bc2e659","females","Neutral_clip","","100",529,"Yes","20","6.674","convinced","5.557","fantasizing","3.138","preoccupied","4.927","contemplative","5.171","doubtful","4.553","decisive","8.317","tentative","4.493","fantasizing","6.967","preoccupied","7.005","panicked","3.924","cautious","4.71","interested","3.759","reflective","2.582","flirtatious","4.055","confident","5.334","distrustful","5.09","nervous","","","","","","","","","","","","","","","","","","","","","","","","","","","","","","","","","","","","","","",6,1,4,2,7,6,3,9,2,"","yes",28,"Male","Heterosexual or straight","","No","",", RMTE21, RMTE28, RMTE25, RMTE35, RMTE9, RMTE3, RMTE22, RMTE19, RMTE6, RMTE17, RMTE15, RMTE34, RMTE29, RMTE30, RMTE27, RMTE18, RMTE31","FL_124","RMTE21-female|RMTE28-female|RMTE25-female|RMTE35-female|RMTE9-female|RMTE3-female|RMTE22-female|RMTE19-female|RMTE6-female","","FL_109|FL_110|FL_98|FL_101|FL_100|FL_103|FL_108|FL_99","","vidInstructionSex|FloorSex","vidInstructionNeut|WallE","|sex_arousal_1st|sadness_1st|bored_1st|happy_1st","|sex_arosal_2nd|bored_2nd|happy_2nd|sadness_2nd",8.81666666666667,-0.454082213413317,"Neutral_clip_1st",NA,NA,NA,0,NA,NA,1,NA,NA,1,NA,NA,NA,NA,NA,1,NA,1,1,1,NA,1,1,NA,NA,0,NA,1,1,1,1,1,NA,NA,1,1,NA,0.882352941176471,6,9,5,11,10,16,8,1,7,3,15,2,13,14,17,12,4,NA,NA,NA,NA,NA,NA,NA,NA,NA,NA,NA,NA,NA,NA,NA,NA,NA,NA,NA,"FloorSex","WallE","Neutral_clip_1st",6,1,3,4,9,2,2,7,5,0.125709518628592,-0.605644705859313,0.449392050070796
"6102bbdba4dd279363094fca","females","Neutral_clip","","100",1056,"Yes","20","18.119","desire","8.927","fantasizing","12.203","preoccupied","9.598","contemplative","6.84","doubtful","10.187","decisive","16.575","sarcastic","17.643","fantasizing","10.64","imploring","5.716","interested","7.768","arrogant","13.457","affectionate","7.68","reflective","7.566","flirtatious","8.538","confident","10.595","distrustful","8.529","nervous","","","","","","","","","","","","","","","","","","","","","","","","","","","","","","","","","","","","","","",5,1,6,2,4,8,7,1,2,"","yes",42,"Male","Heterosexual or straight","","No","",", RMTE15, RMTE19, RMTE28, RMTE18, RMTE9, RMTE3, RMTE21, RMTE6, RMTE30, RMTE27, RMTE17, RMTE22, RMTE35, RMTE34, RMTE29, RMTE25, RMTE31","FL_124","RMTE15-female|RMTE19-female|RMTE28-female|RMTE18-female|RMTE9-female|RMTE3-female|RMTE21-female|RMTE6-female|RMTE30-female","","FL_103|FL_109|FL_105|FL_97|FL_98|FL_101|FL_104|FL_99","","vidInstructionSex|SamTaylor","vidInstructionNeut|WallE","|bored_1st|happy_1st|sadness_1st|sex_arousal_1st","|happy_2nd|sadness_2nd|bored_2nd|sex_arosal_2nd",17.6,1.26517003500343,"Neutral_clip_1st",NA,NA,NA,1,NA,NA,1,NA,NA,1,NA,NA,NA,NA,NA,1,NA,1,1,0,NA,1,0,NA,NA,1,NA,0,0,1,1,1,NA,NA,1,1,NA,0.764705882352941,6,8,5,1,11,4,2,7,12,16,10,3,15,9,17,14,13,NA,NA,NA,NA,NA,NA,NA,NA,NA,NA,NA,NA,NA,NA,NA,NA,NA,NA,NA,"SamTaylor","WallE","Neutral_clip_1st",8,1,7,6,1,2,2,4,7,1.02266392181639,-0.605644705859313,1.30702699863964
"610bf1242e267ae048b94bc4","females","Neutral_clip","","100",656,"Yes","20","6.518","desire","11.439","fantasizing","6.067","preoccupied","5.942","contemplative","11.803","affectionate","9.803","decisive","6.577","tentative","7.456","fantasizing","7.222","preoccupied","14.201","incredulous","4.861","cautious","15.142","interested","16.97","irritated","8.062","flirtatious","6.302","confident","12.814","distrustful","5.116","nervous","","","","","","","","","","","","","","","","","","","","","","","","","","","","","","","","","","","","","","",6,1,8,1,1,7,5,1,1,"","yes",50,"Male","Heterosexual or straight","","No","",", RMTE22, RMTE28, RMTE25, RMTE29, RMTE30, RMTE34, RMTE15, RMTE3, RMTE18, RMTE17, RMTE19, RMTE9, RMTE27, RMTE35, RMTE31, RMTE21, RMTE6","FL_124","RMTE22-female|RMTE28-female|RMTE25-female|RMTE29-female|RMTE30-female|RMTE34-female|RMTE15-female|RMTE3-female|RMTE18-female","","FL_109|FL_107|FL_111|FL_103|FL_97|FL_99|FL_106|FL_112","","vidInstructionSex|SamTaylor","vidInstructionNeut|WallE","|happy_1st|sadness_1st|sex_arousal_1st|bored_1st","|bored_2nd|sadness_2nd|happy_2nd|sex_arosal_2nd",10.9333333333333,-0.0397652579125059,"Neutral_clip_1st",NA,NA,NA,1,NA,NA,1,NA,NA,1,NA,NA,NA,NA,NA,1,NA,0,1,1,NA,1,1,NA,NA,0,NA,1,1,0,1,1,NA,NA,1,1,NA,0.823529411764706,8,17,12,7,10,9,11,16,1,3,13,2,4,5,15,6,14,NA,NA,NA,NA,NA,NA,NA,NA,NA,NA,NA,NA,NA,NA,NA,NA,NA,NA,NA,"SamTaylor","WallE","Neutral_clip_1st",7,1,5,8,1,1,1,1,6,0.574186720222489,-0.605644705859313,0.878209524355217
"611641c6583d8bab5012dee0","females","Neutral_clip","","100",588,"Yes","20","11.92","convinced","11.712","impatient","6.511","preoccupied","5.579","contemplative","8.675","doubtful","8.598","decisive","12.638","tentative","5.754","fantasizing","8.671","preoccupied","10.632","interested","7.978","cautious","12.905","interested","10.176","irritated","9.866","hostile","6.837","confident","7.081","distrustful","9.164","nervous","","","","","","","","","","","","","","","","","","","","","","","","","","","","","","","","","","","","","","",6,1,5,1,5,7,7,1,1,"","Yes",44,"Male","Heterosexual or straight","","No","",", RMTE19, RMTE34, RMTE28, RMTE25, RMTE29, RMTE22, RMTE6, RMTE17, RMTE30, RMTE18, RMTE21, RMTE15, RMTE27, RMTE3, RMTE31, RMTE9, RMTE35","FL_124","RMTE19-female|RMTE34-female|RMTE28-female|RMTE25-female|RMTE29-female|RMTE22-female|RMTE6-female|RMTE17-female|RMTE30-female","","FL_108|FL_106|FL_110|FL_103|FL_95|FL_99|FL_111|FL_97","","vidInstructionSex|BedroomOral","vidInstructionNeut|MadMen","|bored_1st|happy_1st|sadness_1st|sex_arousal_1st","|bored_2nd|happy_2nd|sadness_2nd|sex_arosal_2nd",9.8,-0.261604257708216,"Neutral_clip_1st",NA,NA,NA,0,NA,NA,0,NA,NA,1,NA,NA,NA,NA,NA,1,NA,1,1,1,NA,1,1,NA,NA,1,NA,1,1,0,0,1,NA,NA,1,1,NA,0.764705882352941,14,7,16,12,8,10,1,11,6,4,13,3,5,9,15,2,17,NA,NA,NA,NA,NA,NA,NA,NA,NA,NA,NA,NA,NA,NA,NA,NA,NA,NA,NA,"BedroomOral","MadMen","Neutral_clip_1st",7,1,7,5,1,1,1,5,6,0.574186720222489,-0.605644705859313,0.878209524355217
"6116c7f0c5d868979f7f92f3","females","Sex_clip","","100",664,"Yes","20","7.356","desire","13.102","impatient","9.553","horrified","16.173","contemplative","7.178","doubtful","8.867","decisive","5.943","tentative","11.862","fantasizing","9.779","imploring","12.861","interested","6.22","cautious","11.396","interested","14.08","aghast","10.286","hostile","24.2","confident","9.902","distrustful","6.603","nervous","","","","","","","","","","","","","","","","","","","","","","","","","","","","","","","","","","","","","","",3,1,1,2,7,1,5,3,5,"","yes",31,"Male","Heterosexual or straight","","No","",", RMTE28, RMTE18, RMTE21, RMTE29, RMTE22, RMTE15, RMTE9, RMTE27, RMTE17, RMTE34, RMTE3, RMTE30, RMTE6, RMTE25, RMTE31, RMTE19, RMTE35","FL_124","RMTE28-female|RMTE18-female|RMTE21-female|RMTE29-female|RMTE22-female|RMTE15-female|RMTE9-female|RMTE27-female|RMTE17-female","","FL_98|FL_95|FL_100|FL_112|FL_104|FL_99|FL_107|FL_97","","vidInstructionSex|BedroomOral","vidInstructionNeut|WallE","|sex_arousal_1st|happy_1st|sadness_1st|bored_1st","|sex_arosal_2nd|happy_2nd|bored_2nd|sadness_2nd",11.0666666666667,-0.0136665520541871,"Sex_clip_1st",NA,NA,NA,1,NA,NA,0,NA,NA,0,NA,NA,NA,NA,NA,1,NA,1,1,1,NA,1,0,NA,NA,1,NA,1,1,0,0,1,NA,NA,1,1,NA,0.705882352941177,11,13,7,6,9,2,16,3,5,14,8,1,4,12,15,10,17,NA,NA,NA,NA,NA,NA,NA,NA,NA,NA,NA,NA,NA,NA,NA,NA,NA,NA,NA,"BedroomOral","WallE","Sex_clip_1st",1,1,1,5,2,3,7,5,0,-2.11667648934089,-0.605644705859313,-1.69469532135131
"6116f994419d66823ecd35b0","females","Sex_clip","","100",602,"Yes","20","9.693","desire","8.434","alarmed","10.184","annoyed","5.32","contemplative","7.593","doubtful","7.101","decisive","12.188","arrogant","10.603","fantasizing","6.106","preoccupied","4.694","interested","5.557","cautious","8.536","interested","5.649","reflective","4.997","flirtatious","10.489","confident","11.265","distrustful","8.095","nervous","","","","","","","","","","","","","","","","","","","","","","","","","","","","","","","","","","","","","","",2,4,3,2,5,1,7,1,2,"","yes",45,"Male","Heterosexual or straight","","No","",", RMTE35, RMTE17, RMTE25, RMTE21, RMTE27, RMTE19, RMTE22, RMTE29, RMTE9, RMTE34, RMTE15, RMTE6, RMTE3, RMTE31, RMTE30, RMTE28, RMTE18","FL_124","RMTE35-female|RMTE17-female|RMTE25-female|RMTE21-female|RMTE27-female|RMTE19-female|RMTE22-female|RMTE29-female|RMTE9-female","","FL_98|FL_110|FL_112|FL_95|FL_99|FL_100|FL_102|FL_108","","vidInstructionSex|FloorSex","vidInstructionNeut|WallE","|bored_1st|sex_arousal_1st|sadness_1st|happy_1st","|bored_2nd|sadness_2nd|happy_2nd|sex_arosal_2nd",10.0333333333333,-0.215931522456158,"Sex_clip_1st",NA,NA,NA,1,NA,NA,0,NA,NA,0,NA,NA,NA,NA,NA,1,NA,1,1,0,NA,1,1,NA,NA,1,NA,1,1,1,1,1,NA,NA,1,1,NA,0.823529411764706,13,12,9,11,2,17,6,4,7,3,5,16,8,15,14,10,1,NA,NA,NA,NA,NA,NA,NA,NA,NA,NA,NA,NA,NA,NA,NA,NA,NA,NA,NA,"FloorSex","WallE","Sex_clip_1st",4,1,3,7,2,1,5,2,3,-0.771244884559201,-0.605644705859313,-0.408242898498048
"611aa9eeaa36f51f00d5e8da","females","Neutral_clip","","100",553,"Yes","20","36.274","joking","6.564","impatient","3.765","preoccupied","11.005","contemplative","5.009","doubtful","6.858","amused","3.713","grateful","6.847","confused","7.073","preoccupied","3.69","interested","6.381","cautious","6.031","interested","6.842","irritated","7.04","grateful","5.092","joking","5.693","baffled","6.267","nervous","","","","","","","","","","","","","","","","","","","","","","","","","","","","","","","","","","","","","","",6,2,5,6,3,3,2,3,3,"","yes",30,"Male","Heterosexual or straight","","No","",", RMTE15, RMTE27, RMTE29, RMTE30, RMTE35, RMTE34, RMTE18, RMTE3, RMTE28, RMTE9, RMTE25, RMTE22, RMTE31, RMTE6, RMTE21, RMTE17, RMTE19","FL_124","RMTE15-female|RMTE27-female|RMTE29-female|RMTE30-female|RMTE35-female|RMTE34-female|RMTE18-female|RMTE3-female|RMTE28-female","","FL_111|FL_104|FL_105|FL_99|FL_112|FL_106|FL_109|FL_107","","vidInstructionSex|SamTaylor","vidInstructionNeut|MadMen","|sadness_1st|happy_1st|bored_1st|sex_arousal_1st","|bored_2nd|happy_2nd|sex_arosal_2nd|sadness_2nd",9.21666666666667,-0.375786095838361,"Neutral_clip_1st",NA,NA,NA,0,NA,NA,0,NA,NA,1,NA,NA,NA,NA,NA,1,NA,1,0,0,NA,0,1,NA,NA,1,NA,1,1,0,0,0,NA,NA,0,1,NA,0.470588235294118,8,14,10,1,16,7,17,15,12,11,2,9,3,4,13,6,5,NA,NA,NA,NA,NA,NA,NA,NA,NA,NA,NA,NA,NA,NA,NA,NA,NA,NA,NA,"SamTaylor","MadMen","Neutral_clip_1st",3,2,2,5,3,6,3,3,1,-1.2197220861531,0.183287213615318,-1.26587784706689
"6120fa93d33f4f6a42e6fcba","females","Neutral_clip","","100",659,"Yes","20","6.8","desire","6.642","fantasizing","25.062","preoccupied","10.095","contemplative","10.011","doubtful","6.346","decisive","7.203","tentative","17.976","fantasizing","10.722","preoccupied","9.243","panicked","6.779","cautious","9.368","interested","7.493","reflective","6.033","flirtatious","10.06","confident","8.583","distrustful","6.488","nervous","","","","","","","","","","","","","","","","","","","","","","","","","","","","","","","","","","","","","","",7,4,3,6,5,7,6,1,1,"","YES",31,"Male","Heterosexual or straight","","No","",", RMTE15, RMTE31, RMTE27, RMTE6, RMTE22, RMTE29, RMTE34, RMTE17, RMTE30, RMTE3, RMTE35, RMTE28, RMTE18, RMTE25, RMTE21, RMTE9, RMTE19","FL_124","RMTE15-female|RMTE31-female|RMTE27-female|RMTE6-female|RMTE22-female|RMTE29-female|RMTE34-female|RMTE17-female|RMTE30-female","","FL_95|FL_97|FL_102|FL_108|FL_104|FL_106|FL_111|FL_107","","vidInstructionSex|SamTaylor","vidInstructionNeut|ModernFamily","|happy_1st|sex_arousal_1st|bored_1st|sadness_1st","|sex_arosal_2nd|sadness_2nd|bored_2nd|happy_2nd",10.9833333333333,-0.0299782432156364,"Neutral_clip_1st",NA,NA,NA,1,NA,NA,1,NA,NA,1,NA,NA,NA,NA,NA,1,NA,1,1,1,NA,1,1,NA,NA,0,NA,1,1,1,1,1,NA,NA,1,1,NA,0.941176470588235,10,4,16,1,8,13,17,15,5,14,3,12,6,9,2,7,11,NA,NA,NA,NA,NA,NA,NA,NA,NA,NA,NA,NA,NA,NA,NA,NA,NA,NA,NA,"SamTaylor","ModernFamily","Neutral_clip_1st",7,4,6,3,1,6,1,5,3,0.574186720222489,1.76115105256458,-0.408242898498048
"6126cf8d9e5187763c6adb73","females","Sex_clip","","100",545,"Yes","20","5.847","flustered","4.872","fantasizing","11.815","preoccupied","6.896","encouraging","8.813","playful","8.465","decisive","5.695","tentative","5.426","fantasizing","7.827","preoccupied","5.587","interested","5.881","cautious","5.991","interested","7.155","impatient","4.362","flirtatious","9.156","confident","8.336","distrustful","5.047","nervous","","","","","","","","","","","","","","","","","","","","","","","","","","","","","","","","","","","","","","",7,8,7,2,2,1,6,2,5,"","Yes",36,"Male","Heterosexual or straight","","No","",", RMTE17, RMTE9, RMTE15, RMTE21, RMTE31, RMTE25, RMTE35, RMTE30, RMTE18, RMTE28, RMTE22, RMTE34, RMTE3, RMTE29, RMTE27, RMTE19, RMTE6","FL_124","RMTE17-female|RMTE9-female|RMTE15-female|RMTE21-female|RMTE31-female|RMTE25-female|RMTE35-female|RMTE30-female|RMTE18-female","","FL_102|FL_105|FL_98|FL_95|FL_101|FL_103|FL_107|FL_112","","vidInstructionSex|FloorSex","vidInstructionNeut|WallE","|happy_1st|sadness_1st|bored_1st|sex_arousal_1st","|sex_arosal_2nd|sadness_2nd|bored_2nd|happy_2nd",9.08333333333333,-0.401884801696679,"Sex_clip_1st",NA,NA,NA,0,NA,NA,1,NA,NA,1,NA,NA,NA,NA,NA,0,NA,0,1,1,NA,1,1,NA,NA,1,NA,1,1,0,1,1,NA,NA,1,1,NA,0.764705882352941,13,17,2,3,1,9,16,4,11,6,15,10,14,8,5,12,7,NA,NA,NA,NA,NA,NA,NA,NA,NA,NA,NA,NA,NA,NA,NA,NA,NA,NA,NA,"FloorSex","WallE","Sex_clip_1st",8,1,7,6,2,2,2,5,7,1.02266392181639,-0.605644705859313,1.30702699863964
"61277150a678b31870232705","females","Sex_clip","","100",566,"Yes","20","14.422","desire","7.3","fantasizing","6.076","preoccupied","6.367","encouraging","4.871","doubtful","9.085","bored","5.479","sarcastic","8.523","fantasizing","6.97","preoccupied","6.65","incredulous","15.277","arrogant","6.356","joking","5.364","irritated","14.379","hostile","8.269","confident","9.336","baffled","9.232","nervous","","","","","","","","","","","","","","","","","","","","","","","","","","","","","","","","","","","","","","",1,7,7,3,4,1,5,3,5,"","yes",32,"Male","Heterosexual or straight","","No","",", RMTE6, RMTE31, RMTE30, RMTE19, RMTE25, RMTE29, RMTE18, RMTE22, RMTE21, RMTE34, RMTE28, RMTE17, RMTE3, RMTE27, RMTE15, RMTE35, RMTE9","FL_124","RMTE6-female|RMTE31-female|RMTE30-female|RMTE19-female|RMTE25-female|RMTE29-female|RMTE18-female|RMTE22-female|RMTE21-female","","FL_98|FL_102|FL_109|FL_95|FL_103|FL_110|FL_97|FL_111","","vidInstructionSex|FloorSex","vidInstructionNeut|MadMen","|sadness_1st|bored_1st|happy_1st|sex_arousal_1st","|sex_arosal_2nd|sadness_2nd|bored_2nd|happy_2nd",9.43333333333333,-0.333375698818593,"Sex_clip_1st",NA,NA,NA,1,NA,NA,1,NA,NA,1,NA,NA,NA,NA,NA,0,NA,1,0,0,NA,1,1,NA,NA,0,NA,0,0,0,0,1,NA,NA,0,1,NA,0.470588235294118,13,1,17,15,12,7,4,9,8,5,14,11,6,3,2,10,16,NA,NA,NA,NA,NA,NA,NA,NA,NA,NA,NA,NA,NA,NA,NA,NA,NA,NA,NA,"FloorSex","MadMen","Sex_clip_1st",7,1,7,5,3,3,4,5,6,0.574186720222489,-0.605644705859313,0.878209524355217
"612ce7eba4d9286c3394d6ac","females","Neutral_clip","","100",527,"Yes","20","4.008","desire","5.629","fantasizing","2.462","preoccupied","2.614","contemplative","4.735","doubtful","3.228","bored","3.854","tentative","10.104","fantasizing","3.174","preoccupied","3.24","interested","5.392","cautious","13.378","interested","9.407","impatient","2.572","flirtatious","2.88","confident","8.945","distrustful","4.286","puzzled","","","","","","","","","","","","","","","","","","","","","","","","","","","","","","","","","","","","","","",6,1,3,1,3,6,3,1,3,"","yes",21,"Male","Heterosexual or straight","","No","Whilst I don't personally have an issue with the pornographic content, the warning for sexually explicit content feels slightly misleading. I was expecting it to be a sexual scene from TV not actual porn. As I say, I don't have an issue with this but others may. I'd suggest making the warning more accurate or informative",", RMTE6, RMTE22, RMTE31, RMTE27, RMTE30, RMTE29, RMTE17, RMTE25, RMTE34, RMTE15, RMTE18, RMTE35, RMTE28, RMTE9, RMTE19, RMTE3, RMTE21","FL_124","RMTE6-female|RMTE22-female|RMTE31-female|RMTE27-female|RMTE30-female|RMTE29-female|RMTE17-female|RMTE25-female|RMTE34-female","","FL_110|FL_108|FL_97|FL_102|FL_111|FL_107|FL_95|FL_106","","vidInstructionSex|BedroomOral","vidInstructionNeut|MadMen","|sadness_1st|sex_arousal_1st|happy_1st|bored_1st","|sex_arosal_2nd|happy_2nd|bored_2nd|sadness_2nd",8.78333333333333,-0.460606889877897,"Neutral_clip_1st",NA,NA,NA,1,NA,NA,1,NA,NA,1,NA,NA,NA,NA,NA,1,NA,1,0,1,NA,1,1,NA,NA,1,NA,1,1,0,1,1,NA,NA,1,0,NA,0.823529411764706,16,1,14,10,7,11,15,17,2,8,4,13,6,5,3,9,12,NA,NA,NA,NA,NA,NA,NA,NA,NA,NA,NA,NA,NA,NA,NA,NA,NA,NA,NA,"BedroomOral","MadMen","Neutral_clip_1st",6,1,3,3,1,1,3,3,5,0.125709518628592,-0.605644705859313,0.449392050070796
"613f5959f0423afd8f106312","females","Neutral_clip","","100",527,"Yes","20","5.995","desire","2.726","fantasizing","4.643","hostile","3.301","contemplative","2.989","affectionate","5.762","decisive","6.121","sarcastic","8.342","fantasizing","12.099","imploring","5.973","interested","6.06","cautious","5.214","interested","6.413","reflective","4.803","flirtatious","10.185","dispirited","6.392","aghast","4.589","nervous","","","","","","","","","","","","","","","","","","","","","","","","","","","","","","","","","","","","","","",5,2,6,3,6,6,7,2,2,"","Yes",33,"Male","Heterosexual or straight","","No","",", RMTE25, RMTE35, RMTE30, RMTE3, RMTE9, RMTE18, RMTE27, RMTE34, RMTE15, RMTE29, RMTE17, RMTE28, RMTE31, RMTE22, RMTE6, RMTE21, RMTE19","FL_124","RMTE25-female|RMTE35-female|RMTE30-female|RMTE3-female|RMTE9-female|RMTE18-female|RMTE27-female|RMTE34-female|RMTE15-female","","FL_101|FL_109|FL_102|FL_99|FL_105|FL_112|FL_106|FL_107","","vidInstructionSex|BedroomOral","vidInstructionNeut|ModernFamily","|sex_arousal_1st|sadness_1st|bored_1st|happy_1st","|happy_2nd|bored_2nd|sadness_2nd|sex_arosal_2nd",8.78333333333333,-0.460606889877897,"Neutral_clip_1st",NA,NA,NA,1,NA,NA,1,NA,NA,0,NA,NA,NA,NA,NA,1,NA,0,1,0,NA,1,0,NA,NA,1,NA,1,1,1,1,0,NA,NA,0,1,NA,0.647058823529412,4,15,5,9,11,6,17,16,14,1,7,12,10,3,13,8,2,NA,NA,NA,NA,NA,NA,NA,NA,NA,NA,NA,NA,NA,NA,NA,NA,NA,NA,NA,"BedroomOral","ModernFamily","Neutral_clip_1st",6,2,7,6,2,3,2,6,4,0.125709518628592,0.183287213615318,0.0205745757863738
"61413043c5615de9071af7c6","females","Neutral_clip","","100",673,"Yes","20","11.27","flustered","6.439","alarmed","25.273","preoccupied","5.642","contemplative","6.678","aghast","6.599","bored","6.384","tentative","6.921","fantasizing","5.824","imploring","8.688","incredulous","8.425","arrogant","59.796","interested","6.935","reflective","20.41","flirtatious","8.76","dispirited","7.665","distrustful","8.007","nervous","","","","","","","","","","","","","","","","","","","","","","","","","","","","","","","","","","","","","","",4,1,6,3,5,7,6,2,4,"","yes",32,"Male","Heterosexual or straight","","No","",", RMTE25, RMTE27, RMTE15, RMTE34, RMTE18, RMTE31, RMTE22, RMTE19, RMTE6, RMTE30, RMTE35, RMTE9, RMTE28, RMTE17, RMTE3, RMTE21, RMTE29","FL_124","RMTE25-female|RMTE27-female|RMTE15-female|RMTE34-female|RMTE18-female|RMTE31-female|RMTE22-female|RMTE19-female|RMTE6-female","","FL_100|FL_97|FL_111|FL_102|FL_109|FL_95|FL_106|FL_101","","vidInstructionSex|SamTaylor","vidInstructionNeut|WallE","|happy_1st|bored_1st|sadness_1st|sex_arousal_1st","|sadness_2nd|happy_2nd|sex_arosal_2nd|bored_2nd",11.2166666666667,0.0156944920364215,"Neutral_clip_1st",NA,NA,NA,0,NA,NA,0,NA,NA,1,NA,NA,NA,NA,NA,1,NA,0,0,1,NA,1,0,NA,NA,0,NA,0,1,1,1,0,NA,NA,1,1,NA,0.529411764705882,15,9,12,3,14,5,8,16,7,1,2,13,17,10,6,4,11,NA,NA,NA,NA,NA,NA,NA,NA,NA,NA,NA,NA,NA,NA,NA,NA,NA,NA,NA,"SamTaylor","WallE","Neutral_clip_1st",7,1,6,6,2,3,4,5,6,0.574186720222489,-0.605644705859313,0.878209524355217
"6150297c274f20634a922ea9","females","Sex_clip","","100",556,"Yes","20","4.386","desire","5.469","impatient","6.607","preoccupied","4.605","encouraging","3.428","doubtful","7.452","bored","11.553","tentative","5.961","fantasizing","5.456","preoccupied","4.369","interested","6.29","cautious","9.626","interested","5.397","irritated","14.736","disappointed","4.434","confident","4.765","distrustful","5.005","nervous","","","","","","","","","","","","","","","","","","","","","","","","","","","","","","","","","","","","","","",4,6,3,1,7,1,6,3,5,"","yes",27,"Male","Heterosexual or straight","","No","",", RMTE9, RMTE35, RMTE22, RMTE27, RMTE31, RMTE25, RMTE15, RMTE18, RMTE30, RMTE28, RMTE6, RMTE3, RMTE17, RMTE21, RMTE34, RMTE19, RMTE29","FL_124","RMTE9-female|RMTE35-female|RMTE22-female|RMTE27-female|RMTE31-female|RMTE25-female|RMTE15-female|RMTE18-female|RMTE30-female","","FL_102|FL_112|FL_95|FL_109|FL_106|FL_98|FL_107|FL_101","","vidInstructionSex|FloorSex","vidInstructionNeut|ModernFamily","|happy_1st|sex_arousal_1st|sadness_1st|bored_1st","|bored_2nd|happy_2nd|sex_arosal_2nd|sadness_2nd",9.26666666666667,-0.365999081141491,"Sex_clip_1st",NA,NA,NA,1,NA,NA,0,NA,NA,1,NA,NA,NA,NA,NA,0,NA,1,0,1,NA,1,1,NA,NA,1,NA,1,1,0,0,1,NA,NA,1,1,NA,0.705882352941177,12,11,1,7,13,8,16,14,3,6,4,10,17,9,5,15,2,NA,NA,NA,NA,NA,NA,NA,NA,NA,NA,NA,NA,NA,NA,NA,NA,NA,NA,NA,"FloorSex","ModernFamily","Sex_clip_1st",6,1,3,6,1,3,7,5,5,0.125709518628592,-0.605644705859313,0.449392050070796
"615b4a86d0dc2e9fb4a808cb","females","Sex_clip","","100",561,"Yes","20","10.084","desire","4.428","fantasizing","7.428","preoccupied","6.638","contemplative","5.75","doubtful","9.02","bored","11.136","tentative","5.718","fantasizing","4.248","preoccupied","5.046","interested","7.397","cautious","9","interested","7.682","reflective","8.324","flirtatious","7.263","confident","11.043","baffled","9.195","insisting","","","","","","","","","","","","","","","","","","","","","","","","","","","","","","","","","","","","","","",6,5,5,1,2,1,4,1,6,"","yes",32,"Male","Heterosexual or straight","","No","",", RMTE3, RMTE31, RMTE15, RMTE19, RMTE30, RMTE27, RMTE34, RMTE21, RMTE28, RMTE9, RMTE35, RMTE17, RMTE18, RMTE6, RMTE22, RMTE29, RMTE25","FL_124","RMTE3-female|RMTE31-female|RMTE15-female|RMTE19-female|RMTE30-female|RMTE27-female|RMTE34-female|RMTE21-female|RMTE28-female","","FL_111|FL_97|FL_109|FL_108|FL_112|FL_105|FL_101|FL_104","","vidInstructionSex|SamTaylor","vidInstructionNeut|MadMen","|sadness_1st|sex_arousal_1st|bored_1st|happy_1st","|sex_arosal_2nd|happy_2nd|sadness_2nd|bored_2nd",9.35,-0.349687389980042,"Sex_clip_1st",NA,NA,NA,1,NA,NA,1,NA,NA,1,NA,NA,NA,NA,NA,1,NA,1,0,1,NA,1,1,NA,NA,1,NA,1,1,1,1,1,NA,NA,0,0,NA,0.823529411764706,1,14,10,3,12,13,4,8,15,17,6,9,16,5,2,7,11,NA,NA,NA,NA,NA,NA,NA,NA,NA,NA,NA,NA,NA,NA,NA,NA,NA,NA,NA,"SamTaylor","MadMen","Sex_clip_1st",5,1,5,4,1,1,2,6,4,-0.322767682965304,-0.605644705859313,0.0205745757863738
"615e1508975ffa7e2878b05b","females","Sex_clip","","100",565,"Yes","20","11.095","convinced","15.573","fantasizing","6.111","preoccupied","9.171","contemplative","5.982","doubtful","4.315","bored","4.638","tentative","6.681","fantasizing","7.622","preoccupied","4.893","interested","10.807","cautious","8.31","interested","9.882","reflective","9.406","flirtatious","6.023","confident","10.084","distrustful","5.758","nervous","","","","","","","","","","","","","","","","","","","","","","","","","","","","","","","","","","","","","","",4,7,6,3,2,1,2,3,4,"","yes",40,"Male","Heterosexual or straight","","No","",", RMTE29, RMTE3, RMTE15, RMTE31, RMTE30, RMTE6, RMTE28, RMTE27, RMTE34, RMTE22, RMTE21, RMTE18, RMTE9, RMTE35, RMTE19, RMTE25, RMTE17","FL_124","RMTE29-female|RMTE3-female|RMTE15-female|RMTE31-female|RMTE30-female|RMTE6-female|RMTE28-female|RMTE27-female|RMTE34-female","","FL_105|FL_106|FL_108|FL_111|FL_97|FL_107|FL_104|FL_109","","vidInstructionSex|FloorSex","vidInstructionNeut|MadMen","|sadness_1st|sex_arousal_1st|bored_1st|happy_1st","|sadness_2nd|sex_arosal_2nd|bored_2nd|happy_2nd",9.41666666666667,-0.336638037050882,"Sex_clip_1st",NA,NA,NA,0,NA,NA,1,NA,NA,1,NA,NA,NA,NA,NA,1,NA,1,0,1,NA,1,1,NA,NA,1,NA,1,1,1,1,1,NA,NA,1,1,NA,0.882352941176471,2,6,13,3,17,12,15,11,10,16,8,7,1,5,4,9,14,NA,NA,NA,NA,NA,NA,NA,NA,NA,NA,NA,NA,NA,NA,NA,NA,NA,NA,NA,"FloorSex","MadMen","Sex_clip_1st",7,1,6,2,3,3,2,4,6,0.574186720222489,-0.605644705859313,0.878209524355217
"61f2ae2da09e72f23cbafa4f","females","Neutral_clip","","100",493,"Yes","20","6.129","flustered","8.973","fantasizing","5.24","horrified","2.893","contemplative","10.739","doubtful","5.556","decisive","4.882","tentative","7.822","confused","4.056","imploring","2.811","interested","4.918","cautious","10.323","contented","4.382","reflective","4.116","flirtatious","4.342","confident","7.925","aghast","4.48","contemplative","","","","","","","","","","","","","","","","","","","","","","","","","","","","","","","","","","","","","","",4,3,4,1,2,7,5,1,6,"","yes",24,"Male","Heterosexual or straight","","No","",", RMTE6, RMTE3, RMTE18, RMTE27, RMTE9, RMTE30, RMTE19, RMTE35, RMTE21, RMTE28, RMTE34, RMTE29, RMTE22, RMTE15, RMTE17, RMTE25, RMTE31","FL_124","RMTE6-female|RMTE3-female|RMTE18-female|RMTE27-female|RMTE9-female|RMTE30-female|RMTE19-female|RMTE35-female|RMTE21-female","","FL_102|FL_98|FL_101|FL_105|FL_110|FL_109|FL_104|FL_99","","vidInstructionSex|SamTaylor","vidInstructionNeut|MadMen","|bored_1st|sadness_1st|happy_1st|sex_arousal_1st","|sadness_2nd|bored_2nd|sex_arosal_2nd|happy_2nd",8.21666666666667,-0.571526389775752,"Neutral_clip_1st",NA,NA,NA,0,NA,NA,1,NA,NA,0,NA,NA,NA,NA,NA,1,NA,1,1,1,NA,0,0,NA,NA,1,NA,1,0,1,1,1,NA,NA,0,0,NA,0.588235294117647,2,1,5,14,15,3,7,9,13,16,4,10,12,6,17,11,8,NA,NA,NA,NA,NA,NA,NA,NA,NA,NA,NA,NA,NA,NA,NA,NA,NA,NA,NA,"SamTaylor","MadMen","Neutral_clip_1st",7,3,5,4,1,1,6,2,4,0.574186720222489,0.97221913308995,0.0205745757863738
"623483f163b3dd72303e2c7a","females","Sex_clip","","100",621,"Yes","20","12.436","convinced","9.059","impatient","4.763","preoccupied","10.647","contemplative","14.269","doubtful","11.867","decisive","13.101","grateful","8.229","fantasizing","8.169","preoccupied","18.205","despondent","12.505","cautious","8.518","interested","17.389","reflective","5.449","flirtatious","11.971","confident","16.195","distrustful","7.278","nervous","","","","","","","","","","","","","","","","","","","","","","","","","","","","","","","","","","","","","","",6,7,8,1,1,3,5,2,3,"","yes",37,"Male","Heterosexual or straight","","No","",", RMTE22, RMTE28, RMTE29, RMTE35, RMTE17, RMTE27, RMTE19, RMTE15, RMTE3, RMTE25, RMTE21, RMTE6, RMTE34, RMTE18, RMTE9, RMTE31, RMTE30","FL_124","RMTE22-female|RMTE28-female|RMTE29-female|RMTE35-female|RMTE17-female|RMTE27-female|RMTE19-female|RMTE15-female|RMTE3-female","","FL_104|FL_106|FL_112|FL_98|FL_108|FL_111|FL_99|FL_100","","vidInstructionSex|BedroomOral","vidInstructionNeut|ModernFamily","|sadness_1st|sex_arousal_1st|happy_1st|bored_1st","|bored_2nd|happy_2nd|sadness_2nd|sex_arosal_2nd",10.35,-0.153947096042651,"Sex_clip_1st",NA,NA,NA,0,NA,NA,0,NA,NA,1,NA,NA,NA,NA,NA,1,NA,1,1,0,NA,1,1,NA,NA,0,NA,1,1,1,1,1,NA,NA,1,1,NA,0.764705882352941,9,12,15,8,5,14,7,11,1,10,6,2,3,17,16,13,4,NA,NA,NA,NA,NA,NA,NA,NA,NA,NA,NA,NA,NA,NA,NA,NA,NA,NA,NA,"BedroomOral","ModernFamily","Sex_clip_1st",7,3,8,5,1,2,1,3,4,0.574186720222489,0.97221913308995,0.0205745757863738
"6234905bd877b34677aaa521","females","Sex_clip","","100",1161,"Yes","20","5.601","desire","6.557","fantasizing","7.525","preoccupied","5.998","contemplative","12.527","doubtful","48.163","decisive","4.409","tentative","4.714","fantasizing","4.28","preoccupied","7.881","interested","6.308","reassuring","10.03","interested","4.738","reflective","4.042","flirtatious","39.133","joking","9.911","baffled","11.854","insisting","","","","","","","","","","","","","","","","","","","","","","","","","","","","","","","","","","","","","","",6,3,5,3,2,1,7,1,1,"Very much","yes",50,"Male","Heterosexual or straight","","No","",", RMTE25, RMTE6, RMTE30, RMTE27, RMTE17, RMTE28, RMTE31, RMTE34, RMTE18, RMTE9, RMTE3, RMTE15, RMTE19, RMTE35, RMTE22, RMTE21, RMTE29","FL_124","RMTE25-female|RMTE6-female|RMTE30-female|RMTE27-female|RMTE17-female|RMTE28-female|RMTE31-female|RMTE34-female|RMTE18-female","","FL_111|FL_95|FL_110|FL_107|FL_97|FL_105|FL_106|FL_101","","vidInstructionSex|BedroomOral","vidInstructionNeut|WallE","|bored_1st|sadness_1st|happy_1st|sex_arousal_1st","|bored_2nd|sadness_2nd|happy_2nd|sex_arosal_2nd",19.35,1.60771554939387,"Sex_clip_1st",NA,NA,NA,1,NA,NA,1,NA,NA,1,NA,NA,NA,NA,NA,1,NA,1,1,1,NA,1,1,NA,NA,1,NA,0,1,1,1,0,NA,NA,0,0,NA,0.764705882352941,11,2,10,12,5,9,13,16,15,1,4,6,17,3,7,8,14,NA,NA,NA,NA,NA,NA,NA,NA,NA,NA,NA,NA,NA,NA,NA,NA,NA,NA,NA,"BedroomOral","WallE","Sex_clip_1st",3,1,5,7,3,1,2,1,2,-1.2197220861531,-0.605644705859313,-0.83706037278247
"62349099af33a7e0ca9357f5","females","Sex_clip","","100",646,"Yes","20","9.036","desire","10.819","fantasizing","13.104","horrified","4.949","contemplative","10.974","doubtful","7.206","decisive","16.535","tentative","4.618","fantasizing","4.366","preoccupied","9.185","interested","9.762","cautious","8.344","interested","8.892","reflective","3.106","flirtatious","5.238","confident","7.022","distrustful","10.727","nervous","","","","","","","","","","","","","","","","","","","","","","","","","","","","","","","","","","","","","","",3,9,9,1,1,4,5,2,3,"","yes",29,"Male","Heterosexual or straight","","No","",", RMTE31, RMTE18, RMTE6, RMTE19, RMTE27, RMTE34, RMTE3, RMTE25, RMTE17, RMTE21, RMTE29, RMTE9, RMTE28, RMTE30, RMTE15, RMTE35, RMTE22","FL_124","RMTE31-female|RMTE18-female|RMTE6-female|RMTE19-female|RMTE27-female|RMTE34-female|RMTE3-female|RMTE25-female|RMTE17-female","","FL_106|FL_101|FL_111|FL_102|FL_100|FL_110|FL_97|FL_105","","vidInstructionSex|SamTaylor","vidInstructionNeut|MadMen","|sadness_1st|bored_1st|sex_arousal_1st|happy_1st","|sex_arosal_2nd|happy_2nd|bored_2nd|sadness_2nd",10.7666666666667,-0.0723886402354045,"Sex_clip_1st",NA,NA,NA,1,NA,NA,1,NA,NA,0,NA,NA,NA,NA,NA,1,NA,1,1,1,NA,1,1,NA,NA,1,NA,1,1,1,1,1,NA,NA,1,1,NA,0.941176470588235,7,3,12,15,9,2,4,10,17,8,5,13,11,14,1,6,16,NA,NA,NA,NA,NA,NA,NA,NA,NA,NA,NA,NA,NA,NA,NA,NA,NA,NA,NA,"SamTaylor","MadMen","Sex_clip_1st",9,4,9,5,1,2,1,3,5,1.47114112341028,1.76115105256458,0.449392050070796
"6266abdbf94ff48cbab18aa0","females","Sex_clip","","100",577,"Yes","20","6.749","desire","8.345","fantasizing","5.306","preoccupied","5.661","amused","5.626","doubtful","7.99","decisive","10.226","tentative","4.972","fantasizing","6.594","preoccupied","6.32","interested","4.868","cautious","3.558","interested","4.113","reflective","8.939","flirtatious","8.809","ashamed","6.961","distrustful","6.832","insisting","","","","","","","","","","","","","","","","","","","","","","","","","","","","","","","","","","","","","","",7,3,7,1,4,1,7,1,3,"","yes",49,"Male","Heterosexual or straight","","No","I enjoyed this study",", RMTE18, RMTE27, RMTE25, RMTE6, RMTE17, RMTE35, RMTE22, RMTE21, RMTE28, RMTE19, RMTE15, RMTE34, RMTE9, RMTE3, RMTE30, RMTE31, RMTE29","FL_124","RMTE18-female|RMTE27-female|RMTE25-female|RMTE6-female|RMTE17-female|RMTE35-female|RMTE22-female|RMTE21-female|RMTE28-female","","FL_107|FL_110|FL_98|FL_111|FL_95|FL_100|FL_99|FL_101","","vidInstructionSex|BedroomOral","vidInstructionNeut|WallE","|sadness_1st|bored_1st|sex_arousal_1st|happy_1st","|sadness_2nd|sex_arosal_2nd|bored_2nd|happy_2nd",9.61666666666667,-0.297489978263404,"Sex_clip_1st",NA,NA,NA,1,NA,NA,1,NA,NA,1,NA,NA,NA,NA,NA,0,NA,1,1,1,NA,1,1,NA,NA,1,NA,1,1,1,1,0,NA,NA,1,0,NA,0.823529411764706,14,4,13,11,5,1,10,8,7,3,2,9,17,15,16,12,6,NA,NA,NA,NA,NA,NA,NA,NA,NA,NA,NA,NA,NA,NA,NA,NA,NA,NA,NA,"BedroomOral","WallE","Sex_clip_1st",3,1,7,7,1,1,4,3,2,-1.2197220861531,-0.605644705859313,-0.83706037278247
"6266b7c4afe8a0ff03ca1f53","females","Sex_clip","","100",788,"Yes","20","10.537","desire","9.371","fantasizing","19.861","preoccupied","6.761","contemplative","10.397","doubtful","13.77","decisive","9.074","tentative","20.748","confused","9.47","preoccupied","16.505","despondent","12.141","cautious","8.6","interested","9.092","irritated","10.588","hostile","10.478","confident","26.691","aghast","7.254","contemplative","","","","","","","","","","","","","","","","","","","","","","","","","","","","","","","","","","","","","","",3,6,7,1,2,1,5,1,4,"","yes",49,"Male","Heterosexual or straight","","No","",", RMTE28, RMTE6, RMTE22, RMTE18, RMTE34, RMTE9, RMTE3, RMTE31, RMTE35, RMTE29, RMTE21, RMTE17, RMTE27, RMTE25, RMTE30, RMTE19, RMTE15","FL_124","RMTE28-female|RMTE6-female|RMTE22-female|RMTE18-female|RMTE34-female|RMTE9-female|RMTE3-female|RMTE31-female|RMTE35-female","","FL_101|FL_106|FL_109|FL_103|FL_104|FL_100|FL_107|FL_110","","vidInstructionSex|SamTaylor","vidInstructionNeut|WallE","|happy_1st|sadness_1st|sex_arousal_1st|bored_1st","|bored_2nd|sadness_2nd|sex_arosal_2nd|happy_2nd",13.1333333333333,0.390863388749754,"Sex_clip_1st",NA,NA,NA,1,NA,NA,1,NA,NA,1,NA,NA,NA,NA,NA,1,NA,1,1,1,NA,0,1,NA,NA,0,NA,1,1,0,0,1,NA,NA,0,0,NA,0.647058823529412,7,2,6,17,12,4,16,11,3,14,13,1,10,15,8,5,9,NA,NA,NA,NA,NA,NA,NA,NA,NA,NA,NA,NA,NA,NA,NA,NA,NA,NA,NA,"SamTaylor","WallE","Sex_clip_1st",6,1,7,5,1,1,2,4,5,0.125709518628592,-0.605644705859313,0.449392050070796
"62695857d9babf27c53a277e","females","Neutral_clip","","100",596,"Yes","20","11.278","flustered","5.196","impatient","3.437","preoccupied","10.127","contemplative","2.806","doubtful","3.588","decisive","4.619","tentative","6.247","fantasizing","5.847","preoccupied","7.348","interested","2.739","cautious","4.23","interested","5.522","irritated","13.183","flirtatious","3.872","confident","7.249","baffled","7.202","contemplative","","","","","","","","","","","","","","","","","","","","","","","","","","","","","","","","","","","","","","",6,1,5,1,9,4,1,1,6,"","yes",21,"Male","Heterosexual or straight","","No","",", RMTE22, RMTE35, RMTE28, RMTE25, RMTE18, RMTE34, RMTE29, RMTE17, RMTE27, RMTE3, RMTE15, RMTE21, RMTE30, RMTE9, RMTE6, RMTE31, RMTE19","FL_124","RMTE22-female|RMTE35-female|RMTE28-female|RMTE25-female|RMTE18-female|RMTE34-female|RMTE29-female|RMTE17-female|RMTE27-female","","FL_95|FL_110|FL_106|FL_100|FL_111|FL_112|FL_99|FL_107","","vidInstructionSex|SamTaylor","vidInstructionNeut|ModernFamily","|sex_arousal_1st|bored_1st|happy_1st|sadness_1st","|sex_arosal_2nd|happy_2nd|sadness_2nd|bored_2nd",9.93333333333333,-0.235505551849897,"Neutral_clip_1st",NA,NA,NA,0,NA,NA,0,NA,NA,1,NA,NA,NA,NA,NA,1,NA,1,1,1,NA,1,1,NA,NA,1,NA,1,1,0,1,1,NA,NA,0,0,NA,0.705882352941177,10,15,14,11,8,5,17,12,1,4,9,3,7,13,16,6,2,NA,NA,NA,NA,NA,NA,NA,NA,NA,NA,NA,NA,NA,NA,NA,NA,NA,NA,NA,"SamTaylor","ModernFamily","Neutral_clip_1st",4,1,1,5,1,1,6,9,3,-0.771244884559201,-0.605644705859313,-0.408242898498048
"54ad30a4fdf99b6f3e1e2b6b","males","","Sex_clip","100",469,"Yes","20","","","","","","","","","","","","","","","","","","","","","","","","","","","","","","","","","","","3.272","playful","2.868","upset","2.735","insisting","4.321","worried","3.068","uneasy","6.835","despondent","5.847","cautious","9.012","regretful","4.707","sceptical","6.909","shy","5.046","irritated","2.534","sympathetic","4.664","friendly","3.295","curious","3.76","pensive","3.621","hostile","3.329","serious","2.889","guilty","4.512","suspicious",6,7,8,3,2,4,5,4,3,"","yes",25,"Male","Heterosexual or straight","","No","",", RMTE5, RMTE11, RMTE20, RMTE12, RMTE36, RMTE13, RMTE32, RMTE23, RMTE24, RMTE33, RMTE8, RMTE2, RMTE1, RMTE7, RMTE26, RMTE16, RMTE4, RMTE14, RMTE10","FL_125","","RMTE5_males|RMTE11_males|RMTE20_males|RMTE12_males|RMTE36-males|RMTE13_males|RMTE32_males|RMTE23_males|RMTE24_males|RMTE33_males","","FL_163|FL_155|FL_153|FL_161|FL_183|FL_175|FL_157|FL_173|FL_165","vidInstructionSex|BedroomOral","vidInstructionNeut|MadMen","|sex_arousal_1st|happy_1st|bored_1st|sadness_1st","|sex_arosal_2nd|sadness_2nd|bored_2nd|happy_2nd",7.81666666666667,-0.649822507350708,NA,"Sex_clip_1st",1,1,NA,1,1,NA,1,1,NA,1,1,1,0,0,NA,0,NA,NA,NA,1,NA,NA,0,1,NA,1,NA,NA,NA,NA,NA,1,0,NA,NA,1,0.736842105263158,NA,NA,NA,NA,NA,NA,NA,NA,NA,NA,NA,NA,NA,NA,NA,NA,NA,13,12,17,1,14,11,19,2,4,6,18,16,3,8,9,15,7,10,5,"BedroomOral","MadMen","Sex_clip_1st",7,4,8,5,3,4,2,3,3,0.574186720222489,1.76115105256458,-0.408242898498048
"5507738ffdf99b352b9fe4b3","males","","Neutral_clip","100",844,"Yes","20","","","","","","","","","","","","","","","","","","","","","","","","","","","","","","","","","","","4.749","playful","6.785","upset","7.993","insisting","6.034","worried","5.969","friendly","5.422","despondent","8.241","insisting","5.835","flirtatious","11.141","indifferent","11.45","anticipating","10.242","accusing","4.364","thoughtful","5.273","friendly","15.33","defiant","6.835","pensive","6.974","hostile","6.927","serious","6.761","fantasizing","8.079","suspicious",6,3,7,1,1,7,7,3,2,"","yes",28,"Male","Heterosexual or straight","","No","",", RMTE13, RMTE12, RMTE4, RMTE23, RMTE14, RMTE5, RMTE26, RMTE32, RMTE36, RMTE24, RMTE11, RMTE10, RMTE8, RMTE1, RMTE33, RMTE16, RMTE7, RMTE20, RMTE2","FL_125","","RMTE13_males|RMTE12_males|RMTE4_males|RMTE23_males|RMTE14_males|RMTE5_males|RMTE26_males|RMTE32_males|RMTE36-males|RMTE24_males","","FL_167|FL_165|FL_163|FL_153|FL_187|FL_175|FL_161|FL_177|FL_155","vidInstructionSex|FloorSex","vidInstructionNeut|ModernFamily","|sex_arousal_1st|sadness_1st|happy_1st|bored_1st","|sex_arosal_2nd|happy_2nd|sadness_2nd|bored_2nd",14.0666666666667,0.573554329757986,NA,"Neutral_clip_1st",1,1,NA,1,1,NA,0,1,NA,0,0,0,1,1,NA,1,NA,NA,NA,1,NA,NA,1,1,NA,1,NA,NA,NA,NA,NA,1,0,NA,NA,1,0.736842105263158,NA,NA,NA,NA,NA,NA,NA,NA,NA,NA,NA,NA,NA,NA,NA,NA,NA,14,19,3,6,17,13,12,11,2,1,5,16,18,4,10,7,8,15,9,"FloorSex","ModernFamily","Neutral_clip_1st",7,3,7,7,3,1,2,1,4,0.574186720222489,0.97221913308995,0.0205745757863738
"55881a68fdf99b1c9154fe4a","males","","Sex_clip","100",503,"Yes","20","","","","","","","","","","","","","","","","","","","","","","","","","","","","","","","","","","","2.3","playful","4.134","terrified","3.805","amused","8.655","worried","2.43","friendly","11.496","despondent","5.61","cautious","6.975","regretful","2.79","indifferent","4.494","anticipating","7.534","disappointed","2.634","thoughtful","5.639","friendly","2.22","curious","3.032","hostile","5.427","anxious","2.958","serious","4.402","concerned","3.289","indecisive",4,6,5,1,5,1,7,4,3,"","yes",43,"Male","Heterosexual or straight","","No","",", RMTE5, RMTE11, RMTE2, RMTE8, RMTE4, RMTE26, RMTE16, RMTE10, RMTE24, RMTE7, RMTE33, RMTE20, RMTE14, RMTE1, RMTE13, RMTE32, RMTE23, RMTE12, RMTE36","FL_125","","RMTE5_males|RMTE11_males|RMTE2_males|RMTE8_males|RMTE4_males|RMTE26_males|RMTE16_males|RMTE10_males|RMTE24_males|RMTE7_males","","FL_187|FL_177|FL_173|FL_153|FL_171|FL_185|FL_179|FL_169|FL_189","vidInstructionSex|BedroomOral","vidInstructionNeut|WallE","|sex_arousal_1st|sadness_1st|happy_1st|bored_1st","|bored_2nd|happy_2nd|sex_arosal_2nd|sadness_2nd",8.38333333333333,-0.538903007452853,NA,"Sex_clip_1st",1,0,NA,0,1,NA,0,1,NA,1,1,0,1,0,NA,1,NA,NA,NA,1,NA,NA,0,0,NA,0,NA,NA,NA,NA,NA,1,1,NA,NA,0,0.526315789473684,NA,NA,NA,NA,NA,NA,NA,NA,NA,NA,NA,NA,NA,NA,NA,NA,NA,14,3,5,1,10,4,8,2,18,15,13,7,12,17,9,6,16,11,19,"BedroomOral","WallE","Sex_clip_1st",6,1,5,7,1,4,5,3,5,0.125709518628592,-0.605644705859313,0.449392050070796
"57160a57cd6ea20011dae249","males","","Neutral_clip","100",554,"Yes","20","","","","","","","","","","","","","","","","","","","","","","","","","","","","","","","","","","","3.503","playful","5.296","upset","3.838","insisting","3.893","worried","3.932","uneasy","8.135","despondent","4.984","cautious","4.649","regretful","5.593","sceptical","5.203","shy","4.573","accusing","3.987","thoughtful","10.005","friendly","4.008","curious","3.963","pensive","3.526","hostile","3.392","serious","5.52","concerned","4.461","suspicious",6,2,3,7,6,5,3,7,5,"","yes",33,"Male","Heterosexual or straight","","No","",", RMTE8, RMTE36, RMTE2, RMTE16, RMTE1, RMTE10, RMTE5, RMTE26, RMTE12, RMTE33, RMTE20, RMTE7, RMTE4, RMTE23, RMTE13, RMTE11, RMTE14, RMTE24, RMTE32","FL_125","","RMTE8_males|RMTE36-males|RMTE2_males|RMTE16_males|RMTE1_males|RMTE10_males|RMTE5_males|RMTE26_males|RMTE12_males|RMTE33_males","","FL_177|FL_161|FL_157|FL_179|FL_171|FL_167|FL_173|FL_181|FL_185","vidInstructionSex|FloorSex","vidInstructionNeut|MadMen","|happy_1st|sex_arousal_1st|bored_1st|sadness_1st","|sadness_2nd|bored_2nd|sex_arosal_2nd|happy_2nd",9.23333333333333,-0.372523757606071,NA,"Neutral_clip_1st",1,1,NA,1,1,NA,1,1,NA,1,1,1,0,1,NA,1,NA,NA,NA,1,NA,NA,0,1,NA,1,NA,NA,NA,NA,NA,1,1,NA,NA,1,0.894736842105263,NA,NA,NA,NA,NA,NA,NA,NA,NA,NA,NA,NA,NA,NA,NA,NA,NA,5,3,13,7,12,1,6,16,9,15,17,4,11,14,18,8,19,10,2,"FloorSex","MadMen","Neutral_clip_1st",5,2,3,3,7,7,5,6,3,-0.322767682965304,0.183287213615318,-0.408242898498048
"571bd2006b0894000962ef14","males","","Sex_clip","100",634,"Yes","20","","","","","","","","","","","","","","","","","","","","","","","","","","","","","","","","","","","6.234","bored","8.961","upset","5.15","insisting","9.21","worried","4.356","uneasy","3.996","despondent","12.796","cautious","5.135","flirtatious","11.421","sceptical","5.729","decisive","4.678","accusing","4.413","encouraging","9.226","guilty","5.619","defiant","5.404","pensive","6.54","hostile","4.306","alarmed","8.665","concerned","7.323","suspicious",5,6,9,1,4,1,3,2,5,"","yes",43,"Male","Heterosexual or straight","","No","",", RMTE12, RMTE20, RMTE1, RMTE11, RMTE7, RMTE33, RMTE24, RMTE23, RMTE36, RMTE5, RMTE4, RMTE14, RMTE8, RMTE16, RMTE32, RMTE2, RMTE26, RMTE10, RMTE13","FL_125","","RMTE12_males|RMTE20_males|RMTE1_males|RMTE11_males|RMTE7_males|RMTE33_males|RMTE24_males|RMTE23_males|RMTE36-males|RMTE5_males","","FL_157|FL_173|FL_163|FL_175|FL_185|FL_155|FL_183|FL_165|FL_171","vidInstructionSex|BedroomOral","vidInstructionNeut|WallE","|bored_1st|sadness_1st|happy_1st|sex_arousal_1st","|sex_arosal_2nd|happy_2nd|bored_2nd|sadness_2nd",10.5666666666667,-0.111536699022883,NA,"Sex_clip_1st",0,1,NA,1,1,NA,1,1,NA,1,0,1,0,1,NA,0,NA,NA,NA,0,NA,NA,1,1,NA,1,NA,NA,NA,NA,NA,0,1,NA,NA,1,0.684210526315789,NA,NA,NA,NA,NA,NA,NA,NA,NA,NA,NA,NA,NA,NA,NA,NA,NA,3,16,11,10,5,13,18,4,1,19,12,14,2,8,7,17,15,6,9,"BedroomOral","WallE","Sex_clip_1st",6,1,9,3,1,2,4,5,5,0.125709518628592,-0.605644705859313,0.449392050070796
"5738b41e67421f000e18464c","males","","Neutral_clip","100",571,"Yes","20","","","","","","","","","","","","","","","","","","","","","","","","","","","","","","","","","","","4.611","playful","5.334","arrogant","6.674","insisting","7.016","worried","6.242","dispirited","4.351","shy","6.929","insisting","6.25","flirtatious","7.194","sceptical","5.333","anticipating","4.507","accusing","4.542","thoughtful","4.664","friendly","7.414","curious","9.215","hostile","5.138","hostile","8.524","serious","6.978","fantasizing","4.698","suspicious",4,1,9,5,1,5,5,1,2,"","yes",46,"Male","Heterosexual or straight","","No","",", RMTE10, RMTE33, RMTE12, RMTE24, RMTE26, RMTE23, RMTE8, RMTE13, RMTE20, RMTE32, RMTE11, RMTE1, RMTE14, RMTE2, RMTE7, RMTE16, RMTE4, RMTE36, RMTE5","FL_125","","RMTE10_males|RMTE33_males|RMTE12_males|RMTE24_males|RMTE26_males|RMTE23_males|RMTE8_males|RMTE13_males|RMTE20_males|RMTE32_males","","FL_167|FL_153|FL_173|FL_155|FL_161|FL_175|FL_157|FL_189|FL_159","vidInstructionSex|FloorSex","vidInstructionNeut|WallE","|sadness_1st|happy_1st|sex_arousal_1st|bored_1st","|sex_arosal_2nd|happy_2nd|bored_2nd|sadness_2nd",9.51666666666667,-0.317064007657143,NA,"Neutral_clip_1st",1,0,NA,1,1,NA,0,0,NA,0,0,1,1,1,NA,1,NA,NA,NA,1,NA,NA,0,0,NA,1,NA,NA,NA,NA,NA,1,0,NA,NA,1,0.578947368421053,NA,NA,NA,NA,NA,NA,NA,NA,NA,NA,NA,NA,NA,NA,NA,NA,NA,12,14,17,19,15,7,1,11,3,8,13,16,9,6,4,5,10,2,18,"FloorSex","WallE","Neutral_clip_1st",5,1,5,9,1,5,2,1,4,-0.322767682965304,-0.605644705859313,0.0205745757863738
"5739859f12d1d8000735c216","males","","Neutral_clip","100",610,"Yes","20","","","","","","","","","","","","","","","","","","","","","","","","","","","","","","","","","","","4.301","playful","4.716","upset","3.274","insisting","4.042","worried","3.818","friendly","2.94","despondent","4.256","insisting","4.093","flirtatious","8.447","sceptical","5.3","anticipating","4.149","accusing","3.125","thoughtful","3.069","friendly","3.886","defiant","3.959","pensive","4.559","alarmed","6.061","serious","3.357","concerned","3.134","suspicious",8,1,5,2,5,3,4,2,7,"","Yes",36,"Male","Heterosexual or straight","","No","No additional comments ",", RMTE1, RMTE5, RMTE24, RMTE12, RMTE23, RMTE32, RMTE14, RMTE2, RMTE11, RMTE10, RMTE4, RMTE16, RMTE8, RMTE7, RMTE36, RMTE13, RMTE33, RMTE20, RMTE26","FL_125","","RMTE1_males|RMTE5_males|RMTE24_males|RMTE12_males|RMTE23_males|RMTE32_males|RMTE14_males|RMTE2_males|RMTE11_males|RMTE10_males","","FL_157|FL_175|FL_163|FL_161|FL_189|FL_171|FL_187|FL_177|FL_183","vidInstructionSex|BedroomOral","vidInstructionNeut|MadMen","|bored_1st|sadness_1st|sex_arousal_1st|happy_1st","|happy_2nd|sadness_2nd|bored_2nd|sex_arosal_2nd",10.1666666666667,-0.189832816597839,NA,"Neutral_clip_1st",1,1,NA,1,1,NA,0,1,NA,0,0,1,1,1,NA,1,NA,NA,NA,1,NA,NA,1,1,NA,0,NA,NA,NA,NA,NA,1,1,NA,NA,1,0.789473684210526,NA,NA,NA,NA,NA,NA,NA,NA,NA,NA,NA,NA,NA,NA,NA,NA,NA,1,8,11,2,14,13,10,9,4,16,7,12,18,5,3,19,6,17,15,"BedroomOral","MadMen","Neutral_clip_1st",3,1,4,5,2,2,7,5,2,-1.2197220861531,-0.605644705859313,-0.83706037278247
"576020968ddaf40006ce9746","males","","Neutral_clip","100",494,"Yes","20","","","","","","","","","","","","","","","","","","","","","","","","","","","","","","","","","","","6.591","playful","7.01","upset","8.897","insisting","8.515","worried","5.21","uneasy","6.683","despondent","8.832","insisting","7.46","regretful","6.805","sceptical","5.525","shy","11.257","accusing","5.896","thoughtful","6.304","friendly","7.506","apologetic","5.582","pensive","5.138","hostile","7.061","serious","4.7","concerned","6.763","suspicious",5,1,4,1,6,7,5,2,3,"","yes",45,"Male","Heterosexual or straight","","No","",", RMTE14, RMTE20, RMTE23, RMTE16, RMTE7, RMTE8, RMTE13, RMTE32, RMTE33, RMTE24, RMTE10, RMTE11, RMTE36, RMTE2, RMTE12, RMTE4, RMTE1, RMTE26, RMTE5","FL_125","","RMTE14_males|RMTE20_males|RMTE23_males|RMTE16_males|RMTE7_males|RMTE8_males|RMTE13_males|RMTE32_males|RMTE33_males|RMTE24_males","","FL_165|FL_167|FL_189|FL_155|FL_169|FL_157|FL_153|FL_183|FL_159","vidInstructionSex|FloorSex","vidInstructionNeut|ModernFamily","|happy_1st|bored_1st|sex_arousal_1st|sadness_1st","|sadness_2nd|sex_arosal_2nd|happy_2nd|bored_2nd",8.23333333333333,-0.568264051543462,NA,"Neutral_clip_1st",1,1,NA,1,1,NA,1,1,NA,0,1,1,0,1,NA,1,NA,NA,NA,1,NA,NA,0,1,NA,1,NA,NA,NA,NA,NA,1,1,NA,NA,1,0.842105263157895,NA,NA,NA,NA,NA,NA,NA,NA,NA,NA,NA,NA,NA,NA,NA,NA,NA,17,14,16,19,5,6,11,12,15,7,1,4,2,3,10,18,8,9,13,"FloorSex","ModernFamily","Neutral_clip_1st",7,1,5,4,2,1,3,6,6,0.574186720222489,-0.605644705859313,0.878209524355217
"576a9595f48c3b00016738e4","males","","Sex_clip","100",618,"Yes","20","","","","","","","","","","","","","","","","","","","","","","","","","","","","","","","","","","","9.997","playful","5.766","arrogant","8.783","amused","7.721","sarcastic","7.249","uneasy","7.972","despondent","9.707","bored","10.095","regretful","8.528","indifferent","7.658","anticipating","10.865","depressed","6.213","thoughtful","5.129","friendly","8.018","defiant","7.37","pensive","11.41","hostile","9.411","serious","11.035","guilty","25.038","suspicious",6,7,6,3,3,1,7,3,5,"","yes",42,"Male","Heterosexual or straight","","No","",", RMTE26, RMTE4, RMTE23, RMTE11, RMTE5, RMTE14, RMTE36, RMTE12, RMTE2, RMTE32, RMTE1, RMTE16, RMTE33, RMTE13, RMTE10, RMTE8, RMTE24, RMTE20, RMTE7","FL_125","","RMTE26_males|RMTE4_males|RMTE23_males|RMTE11_males|RMTE5_males|RMTE14_males|RMTE36-males|RMTE12_males|RMTE2_males|RMTE32_males","","FL_153|FL_175|FL_187|FL_171|FL_165|FL_163|FL_181|FL_177|FL_161","vidInstructionSex|BedroomOral","vidInstructionNeut|WallE","|sex_arousal_1st|bored_1st|happy_1st|sadness_1st","|sadness_2nd|happy_2nd|sex_arosal_2nd|bored_2nd",10.3,-0.16373411073952,NA,"Sex_clip_1st",1,0,NA,0,0,NA,1,1,NA,0,1,0,1,0,NA,1,NA,NA,NA,1,NA,NA,1,1,NA,1,NA,NA,NA,NA,NA,1,0,NA,NA,1,0.631578947368421,NA,NA,NA,NA,NA,NA,NA,NA,NA,NA,NA,NA,NA,NA,NA,NA,NA,11,9,2,5,19,16,15,4,8,14,6,12,18,3,17,1,10,13,7,"BedroomOral","WallE","Sex_clip_1st",7,1,6,7,3,3,3,5,6,0.574186720222489,-0.605644705859313,0.878209524355217
"579664e470c76a0001245658","males","","Neutral_clip","100",599,"Yes","20","","","","","","","","","","","","","","","","","","","","","","","","","","","","","","","","","","","4.988","playful","5.218","upset","5.272","insisting","4.586","worried","5.183","uneasy","4.069","despondent","6.407","insisting","5.799","regretful","9.515","sceptical","5.474","anticipating","23.924","accusing","5.167","thoughtful","5.945","dominant","5.676","defiant","7.776","pensive","3.864","hostile","4.41","serious","3.753","guilty","3.91","suspicious",7,1,5,6,3,5,6,4,3,"","Yes",31,"Male","Heterosexual or straight","","No","",", RMTE11, RMTE23, RMTE16, RMTE5, RMTE24, RMTE36, RMTE12, RMTE13, RMTE20, RMTE1, RMTE10, RMTE8, RMTE26, RMTE14, RMTE32, RMTE4, RMTE33, RMTE2, RMTE7","FL_125","","RMTE11_males|RMTE23_males|RMTE16_males|RMTE5_males|RMTE24_males|RMTE36-males|RMTE12_males|RMTE13_males|RMTE20_males|RMTE1_males","","FL_165|FL_163|FL_183|FL_173|FL_185|FL_157|FL_187|FL_155|FL_161","vidInstructionSex|FloorSex","vidInstructionNeut|MadMen","|happy_1st|sex_arousal_1st|sadness_1st|bored_1st","|happy_2nd|sex_arosal_2nd|bored_2nd|sadness_2nd",9.98333333333333,-0.225718537153027,NA,"Neutral_clip_1st",1,1,NA,1,1,NA,1,1,NA,0,1,1,1,1,NA,1,NA,NA,NA,0,NA,NA,1,1,NA,1,NA,NA,NA,NA,NA,1,0,NA,NA,1,0.842105263157895,NA,NA,NA,NA,NA,NA,NA,NA,NA,NA,NA,NA,NA,NA,NA,NA,NA,10,18,16,4,19,12,11,1,7,8,14,3,9,2,5,13,15,17,6,"FloorSex","MadMen","Neutral_clip_1st",5,1,6,5,4,6,3,3,4,-0.322767682965304,-0.605644705859313,0.0205745757863738
"57f9238bc786ac00011ebc72","males","","Neutral_clip","100",533,"Yes","20","","","","","","","","","","","","","","","","","","","","","","","","","","","","","","","","","","","4.668","irritated","3.556","upset","4.963","insisting","5.29","worried","6.147","dispirited","4.956","despondent","6.202","bored","4.059","regretful","3.015","sceptical","10.922","shy","6.175","irritated","3.647","thoughtful","11.323","friendly","5.701","contented","4.976","pensive","5.522","anxious","13.873","serious","6.071","concerned","4.004","suspicious",4,2,5,1,6,6,5,1,4,"","yes",27,"Male","Heterosexual or straight","","No","",", RMTE23, RMTE12, RMTE11, RMTE36, RMTE8, RMTE1, RMTE26, RMTE24, RMTE16, RMTE7, RMTE2, RMTE20, RMTE5, RMTE10, RMTE13, RMTE32, RMTE14, RMTE33, RMTE4","FL_125","","RMTE23_males|RMTE12_males|RMTE11_males|RMTE36-males|RMTE8_males|RMTE1_males|RMTE26_males|RMTE24_males|RMTE16_males|RMTE7_males","","FL_155|FL_177|FL_159|FL_165|FL_171|FL_185|FL_173|FL_187|FL_157","vidInstructionSex|BedroomOral","vidInstructionNeut|ModernFamily","|sex_arousal_1st|sadness_1st|happy_1st|bored_1st","|happy_2nd|sex_arosal_2nd|sadness_2nd|bored_2nd",8.88333333333333,-0.441032860484158,NA,"Neutral_clip_1st",0,1,NA,1,1,NA,0,1,NA,0,1,1,0,0,NA,1,NA,NA,NA,1,NA,NA,0,1,NA,0,NA,NA,NA,NA,NA,1,1,NA,NA,1,0.631578947368421,NA,NA,NA,NA,NA,NA,NA,NA,NA,NA,NA,NA,NA,NA,NA,NA,NA,6,11,19,13,10,5,14,3,2,15,17,9,12,1,8,7,16,18,4,"BedroomOral","ModernFamily","Neutral_clip_1st",6,2,5,5,1,1,4,6,4,0.125709518628592,0.183287213615318,0.0205745757863738
"5889b8527f238e000133bacb","males","","Sex_clip","100",591,"Yes","20","","","","","","","","","","","","","","","","","","","","","","","","","","","","","","","","","","","3.631","playful","3.651","upset","4.098","insisting","3.709","worried","8.213","friendly","3.416","despondent","4.106","cautious","7.889","regretful","5.094","sceptical","15.305","anticipating","50.847","accusing","6.056","thoughtful","2.366","friendly","4.095","curious","3.272","excited","3.603","hostile","2.645","serious","57.69","fantasizing","7.513","suspicious",4,5,5,1,4,1,4,5,1,"","yes",28,"Male","Heterosexual or straight","","No","",", RMTE11, RMTE2, RMTE4, RMTE23, RMTE12, RMTE26, RMTE13, RMTE5, RMTE20, RMTE33, RMTE7, RMTE24, RMTE1, RMTE10, RMTE8, RMTE32, RMTE16, RMTE36, RMTE14","FL_125","","RMTE11_males|RMTE2_males|RMTE4_males|RMTE23_males|RMTE12_males|RMTE26_males|RMTE13_males|RMTE5_males|RMTE20_males|RMTE33_males","","FL_161|FL_181|FL_153|FL_165|FL_163|FL_185|FL_175|FL_189|FL_173","vidInstructionSex|SamTaylor","vidInstructionNeut|WallE","|sadness_1st|happy_1st|bored_1st|sex_arousal_1st","|sex_arosal_2nd|sadness_2nd|happy_2nd|bored_2nd",9.85,-0.251817243011346,NA,"Sex_clip_1st",1,1,NA,1,1,NA,0,1,NA,1,1,1,1,1,NA,1,NA,NA,NA,1,NA,NA,0,0,NA,1,NA,NA,NA,NA,NA,1,0,NA,NA,1,0.789473684210526,NA,NA,NA,NA,NA,NA,NA,NA,NA,NA,NA,NA,NA,NA,NA,NA,NA,13,2,3,8,11,15,14,1,5,7,19,17,9,4,12,6,16,10,18,"SamTaylor","WallE","Sex_clip_1st",5,1,5,4,1,5,4,1,4,-0.322767682965304,-0.605644705859313,0.0205745757863738
"592220f8fc043000016c5aeb","males","","Neutral_clip","100",602,"Yes","20","","","","","","","","","","","","","","","","","","","","","","","","","","","","","","","","","","","6.521","playful","4.051","upset","11.236","insisting","8.218","worried","11.412","friendly","9.126","despondent","12.677","insisting","8.429","regretful","5.399","sceptical","8.547","shy","9.145","disappointed","7.688","thoughtful","10.872","friendly","7.404","contented","8.153","pensive","7.868","hostile","5.926","serious","8.435","fantasizing","8.667","indecisive",7,1,4,1,4,5,5,1,3,"","yes",35,"Male","Heterosexual or straight","","No","",", RMTE7, RMTE8, RMTE16, RMTE13, RMTE4, RMTE33, RMTE1, RMTE36, RMTE24, RMTE5, RMTE20, RMTE14, RMTE11, RMTE10, RMTE26, RMTE32, RMTE23, RMTE12, RMTE2","FL_125","","RMTE7_males|RMTE8_males|RMTE16_males|RMTE13_males|RMTE4_males|RMTE33_males|RMTE1_males|RMTE36-males|RMTE24_males|RMTE5_males","","FL_177|FL_173|FL_167|FL_165|FL_183|FL_185|FL_179|FL_169|FL_155","vidInstructionSex|SamTaylor","vidInstructionNeut|WallE","|sex_arousal_1st|bored_1st|happy_1st|sadness_1st","|happy_2nd|sex_arosal_2nd|bored_2nd|sadness_2nd",10.0333333333333,-0.215931522456158,NA,"Neutral_clip_1st",1,1,NA,1,1,NA,0,1,NA,0,1,1,0,0,NA,1,NA,NA,NA,1,NA,NA,0,1,NA,1,NA,NA,NA,NA,NA,1,0,NA,NA,0,0.631578947368421,NA,NA,NA,NA,NA,NA,NA,NA,NA,NA,NA,NA,NA,NA,NA,NA,NA,7,19,5,10,1,2,14,13,18,4,12,3,11,17,9,15,16,6,8,"SamTaylor","WallE","Neutral_clip_1st",5,1,5,4,1,1,3,4,4,-0.322767682965304,-0.605644705859313,0.0205745757863738
"596155a998cf77000106f8d8","males","","Sex_clip","100",496,"Yes","20","","","","","","","","","","","","","","","","","","","","","","","","","","","","","","","","","","","3.315","playful","5.373","terrified","6.04","insisting","5.91","irritated","6.942","friendly","7.58","relieved","7.111","cautious","4.812","regretful","4.416","sceptical","4.19","shy","5.247","disappointed","2.707","thoughtful","5.249","dominant","4.654","defiant","5.736","pensive","5.075","hostile","4.256","serious","4.722","concerned","3.248","suspicious",5,6,6,2,4,1,6,3,6,"","yes",44,"Male","Heterosexual or straight","","No","",", RMTE7, RMTE11, RMTE8, RMTE5, RMTE26, RMTE24, RMTE32, RMTE20, RMTE14, RMTE1, RMTE23, RMTE13, RMTE16, RMTE36, RMTE12, RMTE2, RMTE33, RMTE10, RMTE4","FL_125","","RMTE7_males|RMTE11_males|RMTE8_males|RMTE5_males|RMTE26_males|RMTE24_males|RMTE32_males|RMTE20_males|RMTE14_males|RMTE1_males","","FL_179|FL_171|FL_175|FL_189|FL_169|FL_155|FL_187|FL_165|FL_157","vidInstructionSex|FloorSex","vidInstructionNeut|WallE","|sex_arousal_1st|bored_1st|happy_1st|sadness_1st","|sex_arosal_2nd|sadness_2nd|happy_2nd|bored_2nd",8.26666666666667,-0.561739375078882,NA,"Sex_clip_1st",1,0,NA,1,0,NA,0,0,NA,1,1,1,0,0,NA,1,NA,NA,NA,0,NA,NA,1,1,NA,1,NA,NA,NA,NA,NA,1,1,NA,NA,1,0.631578947368421,NA,NA,NA,NA,NA,NA,NA,NA,NA,NA,NA,NA,NA,NA,NA,NA,NA,10,16,19,4,1,3,18,2,15,12,9,13,8,11,6,5,7,17,14,"FloorSex","WallE","Sex_clip_1st",6,1,6,6,2,3,4,6,5,0.125709518628592,-0.605644705859313,0.449392050070796
"59655329a670a10001942540","males","","Sex_clip","100",1175,"Yes","20","","","","","","","","","","","","","","","","","","","","","","","","","","","","","","","","","","","13.911","playful","17.654","upset","35.916","joking","8.849","worried","10.611","uneasy","12.803","despondent","36.847","cautious","37.789","regretful","14.543","sceptical","9.251","anticipating","7.657","accusing","12.976","thoughtful","7.855","friendly","11.958","defiant","14.713","pensive","19.879","shy","10.363","serious","20.241","concerned","19.631","suspicious",3,6,3,6,6,2,5,3,5,"","yes",34,"Male","Heterosexual or straight","","No","",", RMTE36, RMTE8, RMTE1, RMTE2, RMTE24, RMTE23, RMTE11, RMTE26, RMTE4, RMTE10, RMTE33, RMTE32, RMTE13, RMTE20, RMTE16, RMTE12, RMTE7, RMTE14, RMTE5","FL_125","","RMTE36-males|RMTE8_males|RMTE1_males|RMTE2_males|RMTE24_males|RMTE23_males|RMTE11_males|RMTE26_males|RMTE4_males|RMTE10_males","","FL_187|FL_185|FL_171|FL_177|FL_175|FL_169|FL_161|FL_173|FL_159","vidInstructionSex|SamTaylor","vidInstructionNeut|MadMen","|bored_1st|sadness_1st|sex_arousal_1st|happy_1st","|sex_arosal_2nd|bored_2nd|sadness_2nd|happy_2nd",19.5833333333333,1.65338828464593,NA,"Sex_clip_1st",1,1,NA,0,1,NA,1,1,NA,1,1,1,1,1,NA,1,NA,NA,NA,1,NA,NA,1,1,NA,0,NA,NA,NA,NA,NA,1,1,NA,NA,1,0.894736842105263,NA,NA,NA,NA,NA,NA,NA,NA,NA,NA,NA,NA,NA,NA,NA,NA,NA,3,4,9,19,17,2,10,7,16,13,18,15,14,6,5,8,12,11,1,"SamTaylor","MadMen","Sex_clip_1st",6,2,3,5,6,3,6,5,4,0.125709518628592,0.183287213615318,0.0205745757863738
"596e1edd39e9d00001b7bb98","males","","Sex_clip","100",598,"Yes","20","","","","","","","","","","","","","","","","","","","","","","","","","","","","","","","","","","","8.931","playful","4.989","upset","5.287","insisting","3.884","worried","12.857","uneasy","7.099","despondent","9.074","cautious","4.375","regretful","4.712","sceptical","11.326","shy","8.774","accusing","3.928","thoughtful","21.779","friendly","6.182","defiant","4.189","pensive","4.015","hostile","5.369","serious","10.168","fantasizing","4.259","suspicious",5,3,5,1,1,1,5,1,1,"","yes",46,"Male","Heterosexual or straight","","No","",", RMTE33, RMTE7, RMTE12, RMTE32, RMTE2, RMTE16, RMTE20, RMTE23, RMTE10, RMTE11, RMTE8, RMTE24, RMTE36, RMTE14, RMTE1, RMTE5, RMTE26, RMTE4, RMTE13","FL_125","","RMTE33_males|RMTE7_males|RMTE12_males|RMTE32_males|RMTE2_males|RMTE16_males|RMTE20_males|RMTE23_males|RMTE10_males|RMTE11_males","","FL_163|FL_181|FL_189|FL_173|FL_153|FL_159|FL_183|FL_157|FL_171","vidInstructionSex|FloorSex","vidInstructionNeut|MadMen","|bored_1st|sex_arousal_1st|happy_1st|sadness_1st","|sadness_2nd|bored_2nd|sex_arosal_2nd|happy_2nd",9.96666666666667,-0.228980875385317,NA,"Sex_clip_1st",1,1,NA,1,1,NA,1,1,NA,1,1,1,0,1,NA,1,NA,NA,NA,1,NA,NA,1,1,NA,1,NA,NA,NA,NA,NA,1,0,NA,NA,1,0.894736842105263,NA,NA,NA,NA,NA,NA,NA,NA,NA,NA,NA,NA,NA,NA,NA,NA,NA,15,5,18,16,2,11,9,10,3,19,14,6,7,8,12,17,4,1,13,"FloorSex","MadMen","Sex_clip_1st",3,1,5,5,1,1,1,1,2,-1.2197220861531,-0.605644705859313,-0.83706037278247
"5988055f631d0c000149a5ac","males","","Neutral_clip","100",563,"Yes","20","","","","","","","","","","","","","","","","","","","","","","","","","","","","","","","","","","","9.149","playful","2.686","upset","4.606","relaxed","3.655","worried","12.373","uneasy","4.472","despondent","6.412","insisting","43.072","regretful","4.417","sceptical","8.14","decisive","6.88","disappointed","20.17","thoughtful","2.895","friendly","4.05","contented","8.32","excited","4.062","hostile","4.365","serious","4.228","fantasizing","4.016","suspicious",4,1,4,5,7,5,4,1,3,"","yes",37,"Male","Heterosexual or straight","","No","",", RMTE7, RMTE5, RMTE32, RMTE14, RMTE20, RMTE36, RMTE2, RMTE13, RMTE26, RMTE10, RMTE16, RMTE4, RMTE1, RMTE24, RMTE8, RMTE11, RMTE33, RMTE12, RMTE23","FL_125","","RMTE7_males|RMTE5_males|RMTE32_males|RMTE14_males|RMTE20_males|RMTE36-males|RMTE2_males|RMTE13_males|RMTE26_males|RMTE10_males","","FL_175|FL_157|FL_153|FL_181|FL_163|FL_167|FL_187|FL_169|FL_179","vidInstructionSex|SamTaylor","vidInstructionNeut|MadMen","|happy_1st|sadness_1st|bored_1st|sex_arousal_1st","|sex_arosal_2nd|happy_2nd|sadness_2nd|bored_2nd",9.38333333333333,-0.343162713515462,NA,"Neutral_clip_1st",1,1,NA,0,1,NA,1,1,NA,0,1,1,0,0,NA,1,NA,NA,NA,1,NA,NA,0,0,NA,1,NA,NA,NA,NA,NA,1,0,NA,NA,1,0.631578947368421,NA,NA,NA,NA,NA,NA,NA,NA,NA,NA,NA,NA,NA,NA,NA,NA,NA,13,7,12,2,1,15,10,16,18,8,4,11,5,19,14,9,3,17,6,"SamTaylor","MadMen","Neutral_clip_1st",5,1,4,4,1,5,3,7,4,-0.322767682965304,-0.605644705859313,0.0205745757863738
"598c4b28cceb0f0001b39675","males","","Sex_clip","100",570,"Yes","20","","","","","","","","","","","","","","","","","","","","","","","","","","","","","","","","","","","3.709","playful","3.566","terrified","4.303","relaxed","5.612","worried","21.838","friendly","8.592","despondent","6.485","insisting","5.477","regretful","5.195","indifferent","4.114","anticipating","9.615","disappointed","6.082","thoughtful","3.346","friendly","4.675","curious","25.743","pensive","20.156","anxious","3.531","serious","6.224","concerned","15.121","suspicious",6,6,7,2,2,3,7,2,3,"","yes",41,"Male","Heterosexual or straight","","No","",", RMTE14, RMTE10, RMTE12, RMTE16, RMTE8, RMTE36, RMTE7, RMTE32, RMTE23, RMTE26, RMTE20, RMTE33, RMTE24, RMTE4, RMTE1, RMTE5, RMTE11, RMTE13, RMTE2","FL_125","","RMTE14_males|RMTE10_males|RMTE12_males|RMTE16_males|RMTE8_males|RMTE36-males|RMTE7_males|RMTE32_males|RMTE23_males|RMTE26_males","","FL_177|FL_187|FL_181|FL_157|FL_153|FL_159|FL_167|FL_171|FL_155","vidInstructionSex|FloorSex","vidInstructionNeut|ModernFamily","|sadness_1st|bored_1st|sex_arousal_1st|happy_1st","|bored_2nd|sex_arosal_2nd|sadness_2nd|happy_2nd",9.5,-0.320326345889433,NA,"Sex_clip_1st",1,0,NA,0,1,NA,0,1,NA,0,1,0,1,0,NA,1,NA,NA,NA,1,NA,NA,0,1,NA,0,NA,NA,NA,NA,NA,1,1,NA,NA,1,0.578947368421053,NA,NA,NA,NA,NA,NA,NA,NA,NA,NA,NA,NA,NA,NA,NA,NA,NA,15,19,14,16,7,5,2,17,3,18,1,4,11,9,13,10,8,12,6,"FloorSex","ModernFamily","Sex_clip_1st",6,3,7,7,2,2,2,3,3,0.125709518628592,0.97221913308995,-0.408242898498048
"5995e3cf9845ef00014de380","males","","Neutral_clip","100",653,"Yes","20","","","","","","","","","","","","","","","","","","","","","","","","","","","","","","","","","","","6.065","playful","5.485","annoyed","7.78","insisting","5.713","sarcastic","6.767","dispirited","6.488","despondent","6.601","cautious","8.872","amused","5.79","sceptical","16.727","anticipating","17.643","depressed","6.994","thoughtful","8.767","friendly","14.027","defiant","11.581","pensive","5.201","anxious","5.85","alarmed","5.058","concerned","6.286","suspicious",1,1,7,1,1,3,3,1,6,"","yes",43,"Male","Heterosexual or straight","","No","",", RMTE20, RMTE24, RMTE4, RMTE14, RMTE13, RMTE12, RMTE16, RMTE33, RMTE1, RMTE8, RMTE36, RMTE32, RMTE23, RMTE11, RMTE2, RMTE7, RMTE10, RMTE5, RMTE26","FL_125","","RMTE20_males|RMTE24_males|RMTE4_males|RMTE14_males|RMTE13_males|RMTE12_males|RMTE16_males|RMTE33_males|RMTE1_males|RMTE8_males","","FL_189|FL_185|FL_179|FL_167|FL_155|FL_161|FL_165|FL_159|FL_183","vidInstructionSex|FloorSex","vidInstructionNeut|ModernFamily","|bored_1st|happy_1st|sadness_1st|sex_arousal_1st","|sadness_2nd|sex_arosal_2nd|happy_2nd|bored_2nd",10.8833333333333,-0.0495522726093755,NA,"Neutral_clip_1st",1,0,NA,1,0,NA,0,1,NA,1,0,1,1,0,NA,1,NA,NA,NA,1,NA,NA,1,1,NA,0,NA,NA,NA,NA,NA,0,1,NA,NA,1,0.631578947368421,NA,NA,NA,NA,NA,NA,NA,NA,NA,NA,NA,NA,NA,NA,NA,NA,NA,9,15,3,18,16,10,17,14,6,5,4,7,1,13,2,19,12,8,11,"FloorSex","ModernFamily","Neutral_clip_1st",3,1,3,7,1,1,6,1,2,-1.2197220861531,-0.605644705859313,-0.83706037278247
"599cfb00b5566b0001aa8b56","males","","Neutral_clip","100",469,"Yes","20","","","","","","","","","","","","","","","","","","","","","","","","","","","","","","","","","","","5.964","comforting","3.339","annoyed","9.512","insisting","4.165","irritated","5.458","apologetic","3.147","shy","6.208","bored","3.808","regretful","5.386","sceptical","4.325","anticipating","3.033","accusing","3.558","thoughtful","3.288","friendly","3.923","defiant","5.047","pensive","6.246","hostile","3.985","serious","4.947","fantasizing","4.249","suspicious",6,5,6,4,5,7,5,2,7,"","yes",41,"Male","Heterosexual or straight","","No","",", RMTE32, RMTE33, RMTE24, RMTE8, RMTE20, RMTE5, RMTE2, RMTE10, RMTE23, RMTE4, RMTE12, RMTE13, RMTE14, RMTE16, RMTE36, RMTE11, RMTE26, RMTE7, RMTE1","FL_125","","RMTE32_males|RMTE33_males|RMTE24_males|RMTE8_males|RMTE20_males|RMTE5_males|RMTE2_males|RMTE10_males|RMTE23_males|RMTE4_males","","FL_169|FL_171|FL_173|FL_175|FL_189|FL_167|FL_183|FL_161|FL_153","vidInstructionSex|SamTaylor","vidInstructionNeut|ModernFamily","|sadness_1st|bored_1st|sex_arousal_1st|happy_1st","|bored_2nd|sadness_2nd|sex_arosal_2nd|happy_2nd",7.81666666666667,-0.649822507350708,NA,"Neutral_clip_1st",0,0,NA,1,0,NA,0,0,NA,0,1,1,1,1,NA,1,NA,NA,NA,1,NA,NA,1,1,NA,1,NA,NA,NA,NA,NA,1,0,NA,NA,1,0.631578947368421,NA,NA,NA,NA,NA,NA,NA,NA,NA,NA,NA,NA,NA,NA,NA,NA,NA,19,7,10,6,18,4,8,16,11,12,13,14,5,9,3,17,1,2,15,"SamTaylor","ModernFamily","Neutral_clip_1st",7,5,5,6,2,4,7,5,2,0.574186720222489,2.55008297203921,-0.83706037278247
"59a1732bfc15d200014ba039","males","","Neutral_clip","100",640,"Yes","20","","","","","","","","","","","","","","","","","","","","","","","","","","","","","","","","","","","6.891","playful","5.604","arrogant","33.646","insisting","9.449","worried","7.011","friendly","10.903","despondent","12.07","insisting","9.043","regretful","16.467","indifferent","15.584","decisive","9.075","accusing","5.774","thoughtful","7.609","friendly","8.474","defiant","8.6","pensive","5.558","hostile","6.131","serious","4.759","concerned","7.858","suspicious",6,1,3,3,5,4,5,5,5,"","yes",45,"Male","Heterosexual or straight","","No","",", RMTE24, RMTE5, RMTE7, RMTE32, RMTE36, RMTE26, RMTE20, RMTE8, RMTE14, RMTE11, RMTE1, RMTE13, RMTE16, RMTE2, RMTE4, RMTE12, RMTE33, RMTE23, RMTE10","FL_125","","RMTE24_males|RMTE5_males|RMTE7_males|RMTE32_males|RMTE36-males|RMTE26_males|RMTE20_males|RMTE8_males|RMTE14_males|RMTE11_males","","FL_153|FL_171|FL_175|FL_155|FL_157|FL_169|FL_187|FL_179|FL_165","vidInstructionSex|FloorSex","vidInstructionNeut|MadMen","|bored_1st|sex_arousal_1st|happy_1st|sadness_1st","|sadness_2nd|bored_2nd|happy_2nd|sex_arosal_2nd",10.6666666666667,-0.0919626696291436,NA,"Neutral_clip_1st",1,0,NA,1,1,NA,0,1,NA,0,1,0,0,1,NA,1,NA,NA,NA,1,NA,NA,1,1,NA,1,NA,NA,NA,NA,NA,1,1,NA,NA,1,0.736842105263158,NA,NA,NA,NA,NA,NA,NA,NA,NA,NA,NA,NA,NA,NA,NA,NA,NA,11,14,15,2,3,8,19,10,16,12,9,13,7,18,1,6,4,17,5,"FloorSex","MadMen","Neutral_clip_1st",4,1,5,3,5,3,5,5,3,-0.771244884559201,-0.605644705859313,-0.408242898498048
"59c4f0a2916c4d000109428a","males","","Neutral_clip","100",575,"Yes","20","","","","","","","","","","","","","","","","","","","","","","","","","","","","","","","","","","","5.786","playful","12.198","arrogant","5.077","insisting","5.88","worried","8.419","uneasy","7.503","despondent","5.839","insisting","10.421","regretful","8.183","sceptical","4.941","anticipating","9.267","accusing","6.359","thoughtful","4.877","friendly","6.223","curious","11.164","pensive","4.619","hostile","6.401","serious","5.352","concerned","5.668","suspicious",9,1,7,1,1,9,9,1,1,"","Yes",39,"Male","Heterosexual or straight","","No","",", RMTE32, RMTE1, RMTE24, RMTE5, RMTE16, RMTE8, RMTE23, RMTE13, RMTE36, RMTE14, RMTE11, RMTE26, RMTE12, RMTE33, RMTE2, RMTE4, RMTE7, RMTE10, RMTE20","FL_125","","RMTE32_males|RMTE1_males|RMTE24_males|RMTE5_males|RMTE16_males|RMTE8_males|RMTE23_males|RMTE13_males|RMTE36-males|RMTE14_males","","FL_167|FL_183|FL_169|FL_187|FL_155|FL_157|FL_161|FL_165|FL_177","vidInstructionSex|BedroomOral","vidInstructionNeut|WallE","|happy_1st|bored_1st|sex_arousal_1st|sadness_1st","|sadness_2nd|happy_2nd|sex_arosal_2nd|bored_2nd",9.58333333333333,-0.304014654727984,NA,"Neutral_clip_1st",1,0,NA,1,1,NA,1,1,NA,0,1,1,1,1,NA,1,NA,NA,NA,1,NA,NA,0,1,NA,1,NA,NA,NA,NA,NA,1,1,NA,NA,1,0.842105263157895,NA,NA,NA,NA,NA,NA,NA,NA,NA,NA,NA,NA,NA,NA,NA,NA,NA,2,15,16,4,17,6,18,11,13,8,10,5,19,7,3,12,1,14,9,"BedroomOral","WallE","Neutral_clip_1st",9,1,9,7,1,1,1,1,8,1.47114112341028,-0.605644705859313,1.73584447292406
"59d3958ed552520001fe6dfc","males","","Neutral_clip","100",596,"Yes","20","","","","","","","","","","","","","","","","","","","","","","","","","","","","","","","","","","","6.412","playful","12.12","upset","6.97","insisting","8.595","worried","7.862","uneasy","10.495","despondent","12.522","cautious","8.403","amused","7.682","sceptical","10.295","anticipating","6.769","accusing","8.517","thoughtful","7.215","friendly","6.031","defiant","8.035","pensive","11.577","anxious","5.76","serious","5.538","concerned","6.718","suspicious",5,2,7,3,3,7,7,2,2,"","yes",41,"Male","Heterosexual or straight","","No","",", RMTE5, RMTE13, RMTE26, RMTE2, RMTE24, RMTE11, RMTE12, RMTE20, RMTE1, RMTE16, RMTE8, RMTE23, RMTE33, RMTE36, RMTE14, RMTE32, RMTE4, RMTE7, RMTE10","FL_125","","RMTE5_males|RMTE13_males|RMTE26_males|RMTE2_males|RMTE24_males|RMTE11_males|RMTE12_males|RMTE20_males|RMTE1_males|RMTE16_males","","FL_163|FL_179|FL_187|FL_189|FL_173|FL_185|FL_157|FL_161|FL_165","vidInstructionSex|SamTaylor","vidInstructionNeut|MadMen","|sadness_1st|happy_1st|bored_1st|sex_arousal_1st","|happy_2nd|bored_2nd|sadness_2nd|sex_arosal_2nd",9.93333333333333,-0.235505551849897,NA,"Neutral_clip_1st",1,1,NA,1,1,NA,1,1,NA,1,0,1,1,1,NA,1,NA,NA,NA,1,NA,NA,1,1,NA,0,NA,NA,NA,NA,NA,1,1,NA,NA,1,0.894736842105263,NA,NA,NA,NA,NA,NA,NA,NA,NA,NA,NA,NA,NA,NA,NA,NA,NA,9,4,17,1,18,11,19,6,7,2,15,10,8,12,5,3,16,13,14,"SamTaylor","MadMen","Neutral_clip_1st",7,2,7,7,2,3,2,3,5,0.574186720222489,0.183287213615318,0.449392050070796
"5a099c36df3fa800015c37b8","males","","Neutral_clip","100",557,"Yes","20","","","","","","","","","","","","","","","","","","","","","","","","","","","","","","","","","","","7.49","playful","11.54","terrified","5.874","relaxed","6.808","worried","5.467","uneasy","6.508","despondent","6.838","insisting","17.345","flirtatious","7.955","sceptical","4.047","anticipating","5.069","accusing","6.93","thoughtful","3.988","friendly","12.657","curious","5.333","excited","6.1","hostile","5.236","serious","6.077","fantasizing","5.242","suspicious",6,1,5,1,5,2,6,1,5,"","yes",42,"Male","Heterosexual or straight","","No","",", RMTE10, RMTE23, RMTE36, RMTE12, RMTE13, RMTE5, RMTE7, RMTE26, RMTE33, RMTE24, RMTE4, RMTE14, RMTE11, RMTE2, RMTE16, RMTE32, RMTE20, RMTE1, RMTE8","FL_125","","RMTE10_males|RMTE23_males|RMTE36-males|RMTE12_males|RMTE13_males|RMTE5_males|RMTE7_males|RMTE26_males|RMTE33_males|RMTE24_males","","FL_157|FL_173|FL_167|FL_155|FL_175|FL_185|FL_177|FL_153|FL_163","vidInstructionSex|FloorSex","vidInstructionNeut|ModernFamily","|sadness_1st|bored_1st|happy_1st|sex_arousal_1st","|sadness_2nd|happy_2nd|sex_arosal_2nd|bored_2nd",9.28333333333333,-0.362736742909201,NA,"Neutral_clip_1st",1,0,NA,0,1,NA,1,1,NA,0,0,1,1,1,NA,1,NA,NA,NA,1,NA,NA,0,0,NA,1,NA,NA,NA,NA,NA,1,0,NA,NA,1,0.631578947368421,NA,NA,NA,NA,NA,NA,NA,NA,NA,NA,NA,NA,NA,NA,NA,NA,NA,18,14,11,6,7,19,1,13,4,5,12,15,17,2,10,8,16,9,3,"FloorSex","ModernFamily","Neutral_clip_1st",2,1,6,5,1,1,5,5,1,-1.66819928774699,-0.605644705859313,-1.26587784706689
"5a102e9dfdf6fc0001279561","males","","Neutral_clip","100",584,"Yes","20","","","","","","","","","","","","","","","","","","","","","","","","","","","","","","","","","","","5.694","playful","9.317","upset","7.957","insisting","8.154","worried","8.916","uneasy","8.054","despondent","5.834","cautious","5.593","regretful","12.307","sceptical","8.335","anticipating","9.089","accusing","6.141","thoughtful","8.02","friendly","9.816","defiant","10.555","pensive","7.592","hostile","6.202","serious","5.593","concerned","7.331","suspicious",6,1,7,1,1,8,7,1,1,"","yes",37,"Male","Heterosexual or straight","","No","",", RMTE24, RMTE23, RMTE4, RMTE20, RMTE2, RMTE5, RMTE36, RMTE13, RMTE26, RMTE14, RMTE1, RMTE16, RMTE12, RMTE7, RMTE11, RMTE10, RMTE32, RMTE33, RMTE8","FL_125","","RMTE24_males|RMTE23_males|RMTE4_males|RMTE20_males|RMTE2_males|RMTE5_males|RMTE36-males|RMTE13_males|RMTE26_males|RMTE14_males","","FL_153|FL_175|FL_169|FL_161|FL_167|FL_165|FL_185|FL_187|FL_163","vidInstructionSex|SamTaylor","vidInstructionNeut|ModernFamily","|happy_1st|sadness_1st|sex_arousal_1st|bored_1st","|sex_arosal_2nd|happy_2nd|bored_2nd|sadness_2nd",9.73333333333333,-0.274653610637375,NA,"Neutral_clip_1st",1,1,NA,1,1,NA,1,1,NA,1,1,1,1,1,NA,1,NA,NA,NA,1,NA,NA,1,1,NA,1,NA,NA,NA,NA,NA,1,1,NA,NA,1,1,NA,NA,NA,NA,NA,NA,NA,NA,NA,NA,NA,NA,NA,NA,NA,NA,NA,11,5,3,6,14,19,16,15,13,8,10,12,4,2,1,9,17,18,7,"SamTaylor","ModernFamily","Neutral_clip_1st",8,1,7,7,1,1,1,1,7,1.02266392181639,-0.605644705859313,1.30702699863964
"5a9495371eda4100013624b4","males","","Sex_clip","100",674,"Yes","20","","","","","","","","","","","","","","","","","","","","","","","","","","","","","","","","","","","5.6","playful","19.106","arrogant","11.671","insisting","9.316","worried","7.335","friendly","8.604","despondent","12.467","insisting","11.58","regretful","5.328","sceptical","7.366","anticipating","6.437","accusing","6.423","thoughtful","8.977","friendly","7.575","defiant","5.412","pensive","6.008","hostile","5.406","serious","8.135","fantasizing","10.635","suspicious",6,6,6,1,2,1,5,3,2,"","yes",35,"Male","Heterosexual or straight","","No","",", RMTE5, RMTE20, RMTE8, RMTE33, RMTE12, RMTE11, RMTE10, RMTE1, RMTE13, RMTE24, RMTE32, RMTE36, RMTE2, RMTE26, RMTE16, RMTE4, RMTE7, RMTE23, RMTE14","FL_125","","RMTE5_males|RMTE20_males|RMTE8_males|RMTE33_males|RMTE12_males|RMTE11_males|RMTE10_males|RMTE1_males|RMTE13_males|RMTE24_males","","FL_185|FL_189|FL_155|FL_183|FL_175|FL_157|FL_161|FL_179|FL_173","vidInstructionSex|FloorSex","vidInstructionNeut|MadMen","|sex_arousal_1st|happy_1st|sadness_1st|bored_1st","|bored_2nd|happy_2nd|sex_arosal_2nd|sadness_2nd",11.2333333333333,0.0189568302687114,NA,"Sex_clip_1st",1,0,NA,1,1,NA,0,1,NA,0,1,1,1,1,NA,1,NA,NA,NA,1,NA,NA,1,1,NA,1,NA,NA,NA,NA,NA,1,0,NA,NA,1,0.789473684210526,NA,NA,NA,NA,NA,NA,NA,NA,NA,NA,NA,NA,NA,NA,NA,NA,NA,8,13,16,1,17,3,7,6,5,9,19,15,2,18,10,14,11,4,12,"FloorSex","MadMen","Sex_clip_1st",6,1,6,5,1,3,2,2,5,0.125709518628592,-0.605644705859313,0.449392050070796
"5af4cd9c20299700016d1245","males","","Sex_clip","100",569,"Yes","20","","","","","","","","","","","","","","","","","","","","","","","","","","","","","","","","","","","4.339","playful","5.195","upset","9.891","insisting","5.008","worried","7.195","friendly","12.61","shy","9.604","cautious","5.636","regretful","5.928","indifferent","6.811","anticipating","4.46","accusing","11.294","thoughtful","3.945","friendly","5.733","defiant","5.488","pensive","9.498","hostile","9.848","serious","5.945","concerned","5.49","suspicious",6,6,7,1,2,1,5,3,5,"","yes",37,"Male","Heterosexual or straight","","No","Thankyou for the interesting survey! :)",", RMTE26, RMTE1, RMTE13, RMTE23, RMTE5, RMTE8, RMTE32, RMTE7, RMTE12, RMTE4, RMTE2, RMTE24, RMTE10, RMTE33, RMTE16, RMTE36, RMTE20, RMTE11, RMTE14","FL_125","","RMTE26_males|RMTE1_males|RMTE13_males|RMTE23_males|RMTE5_males|RMTE8_males|RMTE32_males|RMTE7_males|RMTE12_males|RMTE4_males","","FL_155|FL_181|FL_165|FL_187|FL_175|FL_189|FL_177|FL_167|FL_173","vidInstructionSex|BedroomOral","vidInstructionNeut|MadMen","|sadness_1st|happy_1st|sex_arousal_1st|bored_1st","|sex_arosal_2nd|sadness_2nd|happy_2nd|bored_2nd",9.48333333333333,-0.323588684121723,NA,"Sex_clip_1st",1,1,NA,1,1,NA,0,0,NA,1,1,0,1,1,NA,1,NA,NA,NA,1,NA,NA,1,1,NA,1,NA,NA,NA,NA,NA,1,1,NA,NA,1,0.842105263157895,NA,NA,NA,NA,NA,NA,NA,NA,NA,NA,NA,NA,NA,NA,NA,NA,NA,2,11,10,5,8,6,13,18,9,3,19,15,17,4,12,1,7,14,16,"BedroomOral","MadMen","Sex_clip_1st",6,1,7,5,1,3,2,5,5,0.125709518628592,-0.605644705859313,0.449392050070796
"5af75481e066a40001135b18","males","","Sex_clip","100",929,"Yes","20","","","","","","","","","","","","","","","","","","","","","","","","","","","","","","","","","","","22.735","irritated","7.508","upset","4.783","insisting","4.434","worried","6.783","uneasy","21.163","despondent","9.832","cautious","5.153","terrified","5.597","sceptical","11.533","shy","18.269","accusing","7.669","sympathetic","10.785","guilty","19.495","curious","10.364","pensive","7.065","hostile","12.604","serious","7.934","concerned","10.667","suspicious",6,7,7,1,1,1,7,1,1,"","yes",35,"Male","Heterosexual or straight","","No","Going from a sex scene to a scene of WALL·E was certainly interesting.",", RMTE32, RMTE20, RMTE16, RMTE36, RMTE13, RMTE14, RMTE2, RMTE23, RMTE24, RMTE10, RMTE12, RMTE1, RMTE11, RMTE5, RMTE4, RMTE26, RMTE7, RMTE33, RMTE8","FL_125","","RMTE32_males|RMTE20_males|RMTE16_males|RMTE36-males|RMTE13_males|RMTE14_males|RMTE2_males|RMTE23_males|RMTE24_males|RMTE10_males","","FL_169|FL_153|FL_167|FL_159|FL_157|FL_183|FL_161|FL_187|FL_163","vidInstructionSex|FloorSex","vidInstructionNeut|WallE","|sex_arousal_1st|bored_1st|sadness_1st|happy_1st","|bored_2nd|happy_2nd|sex_arosal_2nd|sadness_2nd",15.4833333333333,0.850853079502623,NA,"Sex_clip_1st",0,1,NA,1,1,NA,1,1,NA,1,0,1,0,1,NA,0,NA,NA,NA,0,NA,NA,0,1,NA,1,NA,NA,NA,NA,NA,1,1,NA,NA,1,0.684210526315789,NA,NA,NA,NA,NA,NA,NA,NA,NA,NA,NA,NA,NA,NA,NA,NA,NA,12,7,15,14,17,19,10,13,11,5,6,3,2,8,9,16,1,18,4,"FloorSex","WallE","Sex_clip_1st",7,1,7,7,1,1,1,1,6,0.574186720222489,-0.605644705859313,0.878209524355217
"5b14532ce9270900013c5bf6","males","","Neutral_clip","100",670,"Yes","20","","","","","","","","","","","","","","","","","","","","","","","","","","","","","","","","","","","10.531","playful","5.331","upset","17.697","insisting","14.091","worried","10.746","friendly","9.595","despondent","10.327","cautious","7.393","regretful","9.275","indifferent","6.799","shy","5.187","accusing","76.13","thoughtful","5.314","friendly","13.277","contented","7.968","pensive","12.088","hostile","10.324","serious","14.7","guilty","5.838","suspicious",3,2,5,2,5,3,3,2,5,"","yes",36,"Male","Heterosexual or straight","","No","",", RMTE26, RMTE32, RMTE33, RMTE36, RMTE24, RMTE2, RMTE23, RMTE20, RMTE7, RMTE11, RMTE5, RMTE4, RMTE14, RMTE8, RMTE1, RMTE10, RMTE16, RMTE12, RMTE13","FL_125","","RMTE26_males|RMTE32_males|RMTE33_males|RMTE36-males|RMTE24_males|RMTE2_males|RMTE23_males|RMTE20_males|RMTE7_males|RMTE11_males","","FL_159|FL_157|FL_173|FL_163|FL_153|FL_165|FL_175|FL_169|FL_171","vidInstructionSex|SamTaylor","vidInstructionNeut|MadMen","|happy_1st|bored_1st|sex_arousal_1st|sadness_1st","|bored_2nd|sex_arosal_2nd|happy_2nd|sadness_2nd",11.1666666666667,0.00590747733955197,NA,"Neutral_clip_1st",1,1,NA,1,1,NA,0,1,NA,1,1,0,0,1,NA,1,NA,NA,NA,1,NA,NA,0,1,NA,1,NA,NA,NA,NA,NA,1,0,NA,NA,1,0.736842105263158,NA,NA,NA,NA,NA,NA,NA,NA,NA,NA,NA,NA,NA,NA,NA,NA,NA,15,6,12,11,9,14,16,10,18,19,13,17,8,7,5,1,2,3,4,"SamTaylor","MadMen","Neutral_clip_1st",3,2,3,5,2,2,5,5,1,-1.2197220861531,0.183287213615318,-1.26587784706689
"5b2240df023fe3000150533f","males","","Sex_clip","100",658,"Yes","20","","","","","","","","","","","","","","","","","","","","","","","","","","","","","","","","","","","10.526","playful","9.988","upset","12.084","relaxed","9.434","worried","13.012","friendly","14.602","shy","11.09","cautious","12.161","regretful","11.832","sceptical","12.531","anticipating","14.481","accusing","9.031","thoughtful","8.446","friendly","7.313","defiant","12.052","pensive","8.955","hostile","11.431","serious","10.923","concerned","6.887","suspicious",6,8,2,9,2,4,7,2,2,"","yes",46,"Male","Heterosexual or straight","","No","",", RMTE14, RMTE2, RMTE5, RMTE33, RMTE36, RMTE26, RMTE4, RMTE8, RMTE11, RMTE12, RMTE7, RMTE20, RMTE13, RMTE23, RMTE1, RMTE24, RMTE10, RMTE16, RMTE32","FL_125","","RMTE14_males|RMTE2_males|RMTE5_males|RMTE33_males|RMTE36-males|RMTE26_males|RMTE4_males|RMTE8_males|RMTE11_males|RMTE12_males","","FL_161|FL_177|FL_171|FL_179|FL_153|FL_181|FL_165|FL_175|FL_185","vidInstructionSex|SamTaylor","vidInstructionNeut|ModernFamily","|bored_1st|sex_arousal_1st|sadness_1st|happy_1st","|happy_2nd|sex_arosal_2nd|bored_2nd|sadness_2nd",10.9666666666667,-0.0332405814479262,NA,"Sex_clip_1st",1,1,NA,0,1,NA,0,0,NA,1,1,1,1,1,NA,1,NA,NA,NA,1,NA,NA,1,1,NA,1,NA,NA,NA,NA,NA,1,1,NA,NA,1,0.842105263157895,NA,NA,NA,NA,NA,NA,NA,NA,NA,NA,NA,NA,NA,NA,NA,NA,NA,15,2,7,3,11,8,17,9,10,13,1,18,12,14,16,6,19,4,5,"SamTaylor","ModernFamily","Sex_clip_1st",8,4,2,7,9,2,2,2,4,1.02266392181639,1.76115105256458,0.0205745757863738
"5b25740da7cee100011d884b","males","","Neutral_clip","100",587,"Yes","20","","","","","","","","","","","","","","","","","","","","","","","","","","","","","","","","","","","5.021","bored","4.19","upset","6.586","insisting","3.632","worried","4.953","uneasy","3.284","despondent","13.93","aghast","7.66","regretful","3.39","dispirited","6.758","decisive","6.723","irritated","7.109","thoughtful","6.028","friendly","10.137","defiant","2.716","pensive","4.094","hostile","1.983","serious","3.078","guilty","5.111","suspicious",4,1,6,4,5,3,6,1,3,"","yes",29,"Male","Heterosexual or straight","","No","",", RMTE23, RMTE26, RMTE4, RMTE10, RMTE1, RMTE16, RMTE2, RMTE7, RMTE13, RMTE8, RMTE36, RMTE33, RMTE32, RMTE5, RMTE20, RMTE12, RMTE11, RMTE14, RMTE24","FL_125","","RMTE23_males|RMTE26_males|RMTE4_males|RMTE10_males|RMTE1_males|RMTE16_males|RMTE2_males|RMTE7_males|RMTE13_males|RMTE8_males","","FL_189|FL_187|FL_185|FL_159|FL_177|FL_169|FL_167|FL_173|FL_181","vidInstructionSex|FloorSex","vidInstructionNeut|MadMen","|sadness_1st|bored_1st|sex_arousal_1st|happy_1st","|sex_arosal_2nd|bored_2nd|sadness_2nd|happy_2nd",9.78333333333333,-0.264866595940506,NA,"Neutral_clip_1st",0,1,NA,1,1,NA,1,1,NA,0,1,0,0,0,NA,1,NA,NA,NA,1,NA,NA,1,1,NA,1,NA,NA,NA,NA,NA,1,0,NA,NA,1,0.684210526315789,NA,NA,NA,NA,NA,NA,NA,NA,NA,NA,NA,NA,NA,NA,NA,NA,NA,5,7,3,14,8,10,4,17,16,9,18,6,15,1,19,2,13,12,11,"FloorSex","MadMen","Neutral_clip_1st",3,1,6,6,1,4,3,5,2,-1.2197220861531,-0.605644705859313,-0.83706037278247
"5b293dcbd5035800018d86c0","males","","Sex_clip","100",777,"Yes","20","","","","","","","","","","","","","","","","","","","","","","","","","","","","","","","","","","","5.464","playful","7.111","arrogant","4.434","insisting","41.754","worried","6.391","friendly","5.587","despondent","7","cautious","4.901","regretful","33.897","sceptical","4.61","anticipating","5.737","accusing","9.834","thoughtful","4.719","friendly","7.173","defiant","11.32","iIrritated","4.543","hostile","4.22","serious","4.665","concerned","10.069","suspicious",6,4,4,2,5,2,5,6,7,"","yes",29,"Male","Heterosexual or straight","","No","",", RMTE16, RMTE10, RMTE2, RMTE11, RMTE8, RMTE13, RMTE4, RMTE1, RMTE24, RMTE23, RMTE33, RMTE14, RMTE5, RMTE26, RMTE20, RMTE36, RMTE7, RMTE12, RMTE32","FL_125","","RMTE16_males|RMTE10_males|RMTE2_males|RMTE11_males|RMTE8_males|RMTE13_males|RMTE4_males|RMTE1_males|RMTE24_males|RMTE23_males","","FL_187|FL_173|FL_159|FL_183|FL_177|FL_189|FL_161|FL_169|FL_185","vidInstructionSex|SamTaylor","vidInstructionNeut|ModernFamily","|sadness_1st|bored_1st|sex_arousal_1st|happy_1st","|sadness_2nd|happy_2nd|sex_arosal_2nd|bored_2nd",12.95,0.354977668194566,NA,"Sex_clip_1st",1,0,NA,1,1,NA,0,1,NA,1,1,1,1,1,NA,1,NA,NA,NA,1,NA,NA,1,0,NA,1,NA,NA,NA,NA,NA,1,1,NA,NA,1,0.842105263157895,NA,NA,NA,NA,NA,NA,NA,NA,NA,NA,NA,NA,NA,NA,NA,NA,NA,8,3,7,13,17,5,2,4,18,6,12,1,15,10,9,14,19,11,16,"SamTaylor","ModernFamily","Sex_clip_1st",4,2,4,5,2,6,5,7,2,-0.771244884559201,0.183287213615318,-0.83706037278247
"5b5341ddd8348500012ca10d","males","","Neutral_clip","100",699,"Yes","20","","","","","","","","","","","","","","","","","","","","","","","","","","","","","","","","","","","20.478","irritated","9.295","upset","9.095","insisting","19.377","worried","11.247","uneasy","12.625","despondent","14.437","insisting","12.1","regretful","10.556","sceptical","16.946","anticipating","8.46","accusing","13.24","thoughtful","16.232","dominant","14.055","defiant","9.344","pensive","7.848","hostile","9.617","serious","14.865","guilty","10.393","suspicious",6,2,4,5,4,7,6,2,2,"","yes",44,"Male","Heterosexual or straight","","No","",", RMTE11, RMTE26, RMTE23, RMTE8, RMTE32, RMTE1, RMTE4, RMTE16, RMTE24, RMTE33, RMTE13, RMTE10, RMTE5, RMTE20, RMTE14, RMTE12, RMTE36, RMTE7, RMTE2","FL_125","","RMTE11_males|RMTE26_males|RMTE23_males|RMTE8_males|RMTE32_males|RMTE1_males|RMTE4_males|RMTE16_males|RMTE24_males|RMTE33_males","","FL_171|FL_165|FL_159|FL_177|FL_173|FL_169|FL_189|FL_161|FL_155","vidInstructionSex|BedroomOral","vidInstructionNeut|MadMen","|sadness_1st|bored_1st|happy_1st|sex_arousal_1st","|sadness_2nd|sex_arosal_2nd|bored_2nd|happy_2nd",11.65,0.100515286075958,NA,"Neutral_clip_1st",0,1,NA,1,1,NA,1,1,NA,0,1,1,1,1,NA,1,NA,NA,NA,0,NA,NA,1,1,NA,1,NA,NA,NA,NA,NA,1,0,NA,NA,1,0.789473684210526,NA,NA,NA,NA,NA,NA,NA,NA,NA,NA,NA,NA,NA,NA,NA,NA,NA,6,19,7,13,18,4,12,1,16,11,15,8,14,3,9,2,5,10,17,"BedroomOral","MadMen","Neutral_clip_1st",7,2,6,4,2,5,2,4,5,0.574186720222489,0.183287213615318,0.449392050070796
"5b5f35fe64516800018b8ed2","males","","Neutral_clip","100",797,"Yes","20","","","","","","","","","","","","","","","","","","","","","","","","","","","","","","","","","","","2.289","playful","2.813","upset","9.942","insisting","2.618","worried","3.457","uneasy","3.103","despondent","4.885","cautious","3.33","flirtatious","2.968","sceptical","5.449","anticipating","6.227","accusing","12.531","thoughtful","5.598","dominant","3.668","defiant","3.985","pensive","3.033","hostile","3.157","serious","4.976","fantasizing","4.158","suspicious",7,1,3,2,5,8,9,1,1,"","yes",36,"Male","Heterosexual or straight","","No","",", RMTE4, RMTE20, RMTE13, RMTE23, RMTE16, RMTE26, RMTE2, RMTE14, RMTE32, RMTE5, RMTE7, RMTE11, RMTE24, RMTE33, RMTE36, RMTE8, RMTE10, RMTE12, RMTE1","FL_125","","RMTE4_males|RMTE20_males|RMTE13_males|RMTE23_males|RMTE16_males|RMTE26_males|RMTE2_males|RMTE14_males|RMTE32_males|RMTE5_males","","FL_161|FL_167|FL_181|FL_187|FL_189|FL_163|FL_165|FL_169|FL_153","vidInstructionSex|SamTaylor","vidInstructionNeut|ModernFamily","|happy_1st|sex_arousal_1st|bored_1st|sadness_1st","|bored_2nd|happy_2nd|sex_arosal_2nd|sadness_2nd",13.2833333333333,0.420224432840363,NA,"Neutral_clip_1st",1,1,NA,1,1,NA,1,1,NA,1,0,1,1,1,NA,1,NA,NA,NA,0,NA,NA,1,1,NA,1,NA,NA,NA,NA,NA,1,0,NA,NA,1,0.842105263157895,NA,NA,NA,NA,NA,NA,NA,NA,NA,NA,NA,NA,NA,NA,NA,NA,NA,19,7,1,10,11,16,17,12,18,3,8,5,2,4,13,6,9,14,15,"SamTaylor","ModernFamily","Neutral_clip_1st",8,1,9,3,1,2,1,5,7,1.02266392181639,-0.605644705859313,1.30702699863964
"5b684ef482d9db000118fc0a","males","","Neutral_clip","100",634,"Yes","20","","","","","","","","","","","","","","","","","","","","","","","","","","","","","","","","","","","3.709","playful","6.05","upset","6.318","insisting","8.142","worried","8.279","friendly","6.496","despondent","7.909","cautious","8.114","amused","5.585","sceptical","4.594","anticipating","21.405","accusing","5.185","thoughtful","8.692","friendly","4.366","defiant","7.99","iIrritated","12.068","hostile","6.332","serious","7.905","fantasizing","10.989","suspicious",5,1,3,5,6,4,4,1,3,"","yes",39,"Male","Heterosexual or straight","","No","",", RMTE2, RMTE13, RMTE7, RMTE16, RMTE23, RMTE33, RMTE10, RMTE11, RMTE5, RMTE12, RMTE26, RMTE24, RMTE14, RMTE36, RMTE4, RMTE32, RMTE1, RMTE8, RMTE20","FL_125","","RMTE2_males|RMTE13_males|RMTE7_males|RMTE16_males|RMTE23_males|RMTE33_males|RMTE10_males|RMTE11_males|RMTE5_males|RMTE12_males","","FL_183|FL_181|FL_173|FL_189|FL_157|FL_185|FL_153|FL_163|FL_177","vidInstructionSex|FloorSex","vidInstructionNeut|ModernFamily","|sex_arousal_1st|happy_1st|bored_1st|sadness_1st","|sex_arosal_2nd|sadness_2nd|happy_2nd|bored_2nd",10.5666666666667,-0.111536699022883,NA,"Neutral_clip_1st",1,1,NA,1,1,NA,0,1,NA,1,0,1,1,1,NA,1,NA,NA,NA,1,NA,NA,1,0,NA,1,NA,NA,NA,NA,NA,1,0,NA,NA,1,0.789473684210526,NA,NA,NA,NA,NA,NA,NA,NA,NA,NA,NA,NA,NA,NA,NA,NA,NA,17,1,15,9,3,18,7,8,10,2,13,4,19,5,12,11,16,6,14,"FloorSex","ModernFamily","Neutral_clip_1st",4,1,4,3,1,5,3,6,3,-0.771244884559201,-0.605644705859313,-0.408242898498048
"5b8551bf8f9edf00013fce84","males","","Sex_clip","100",486,"Yes","20","","","","","","","","","","","","","","","","","","","","","","","","","","","","","","","","","","","4.309","playful","7.353","upset","4.1","insisting","5.959","worried","6.337","uneasy","5.701","despondent","8.064","cautious","7.707","regretful","6.241","sceptical","5.158","anticipating","4.847","accusing","5.038","thoughtful","2.885","friendly","4.331","curious","4.502","pensive","4.321","hostile","4.743","serious","4.919","concerned","4.425","suspicious",6,6,4,5,7,1,7,1,6,"","yes",32,"Male","Heterosexual or straight","","No","",", RMTE16, RMTE33, RMTE4, RMTE14, RMTE8, RMTE10, RMTE7, RMTE13, RMTE2, RMTE11, RMTE5, RMTE23, RMTE32, RMTE26, RMTE12, RMTE24, RMTE20, RMTE1, RMTE36","FL_125","","RMTE16_males|RMTE33_males|RMTE4_males|RMTE14_males|RMTE8_males|RMTE10_males|RMTE7_males|RMTE13_males|RMTE2_males|RMTE11_males","","FL_159|FL_179|FL_185|FL_183|FL_169|FL_181|FL_177|FL_153|FL_189","vidInstructionSex|FloorSex","vidInstructionNeut|WallE","|sadness_1st|sex_arousal_1st|happy_1st|bored_1st","|bored_2nd|sex_arosal_2nd|happy_2nd|sadness_2nd",8.1,-0.594362757401781,NA,"Sex_clip_1st",1,1,NA,1,1,NA,1,1,NA,1,1,1,1,1,NA,1,NA,NA,NA,1,NA,NA,0,1,NA,1,NA,NA,NA,NA,NA,1,1,NA,NA,1,0.947368421052632,NA,NA,NA,NA,NA,NA,NA,NA,NA,NA,NA,NA,NA,NA,NA,NA,NA,18,9,3,11,7,5,6,10,15,8,4,1,17,12,16,14,13,2,19,"FloorSex","WallE","Sex_clip_1st",6,1,4,7,5,1,7,6,5,0.125709518628592,-0.605644705859313,0.449392050070796
"5b92bd88f2ac7e0001d8a45f","males","","Sex_clip","100",436,"Yes","20","","","","","","","","","","","","","","","","","","","","","","","","","","","","","","","","","","","2.446","playful","5.727","upset","3.676","insisting","3.983","worried","3.11","uneasy","3.469","shy","3.3","insisting","3.887","regretful","3.984","sceptical","5","anticipating","3.394","accusing","2.128","thoughtful","2.316","friendly","3.547","defiant","3.63","pensive","3.23","alarmed","4.303","serious","3.333","concerned","2.783","suspicious",5,2,4,1,7,1,5,1,8,"","yes",23,"Male","Heterosexual or straight","","No","",", RMTE11, RMTE13, RMTE12, RMTE23, RMTE5, RMTE7, RMTE20, RMTE2, RMTE32, RMTE33, RMTE4, RMTE8, RMTE36, RMTE1, RMTE16, RMTE14, RMTE24, RMTE26, RMTE10","FL_125","","RMTE11_males|RMTE13_males|RMTE12_males|RMTE23_males|RMTE5_males|RMTE7_males|RMTE20_males|RMTE2_males|RMTE32_males|RMTE33_males","","FL_157|FL_163|FL_189|FL_153|FL_175|FL_173|FL_181|FL_183|FL_165","vidInstructionSex|BedroomOral","vidInstructionNeut|WallE","|sex_arousal_1st|bored_1st|sadness_1st|happy_1st","|happy_2nd|bored_2nd|sex_arosal_2nd|sadness_2nd",7.26666666666667,-0.757479669016273,NA,"Sex_clip_1st",1,1,NA,1,1,NA,1,0,NA,0,1,1,1,1,NA,1,NA,NA,NA,1,NA,NA,1,1,NA,0,NA,NA,NA,NA,NA,1,1,NA,NA,1,0.842105263157895,NA,NA,NA,NA,NA,NA,NA,NA,NA,NA,NA,NA,NA,NA,NA,NA,NA,14,8,11,5,6,12,19,1,3,2,16,15,7,4,17,18,9,10,13,"BedroomOral","WallE","Sex_clip_1st",2,1,4,5,1,1,7,8,1,-1.66819928774699,-0.605644705859313,-1.26587784706689
"5ba60abd9629a90001b36fdc","males","","Sex_clip","100",555,"Yes","20","","","","","","","","","","","","","","","","","","","","","","","","","","","","","","","","","","","5.488","playful","6.19","annoyed","4.392","insisting","8.109","irritated","4.626","uneasy","14.885","shy","6.3","insisting","2.481","amused","9.139","embarrassed","4.401","shy","5.255","accusing","4.786","sympathetic","5.372","friendly","7.689","defiant","5.665","iIrritated","2.972","alarmed","2.605","serious","4.379","guilty","3.209","nervous",1,9,9,1,1,1,9,1,1,"","yes",48,"Male","Heterosexual or straight","","No","",", RMTE12, RMTE14, RMTE10, RMTE16, RMTE5, RMTE8, RMTE4, RMTE23, RMTE2, RMTE20, RMTE33, RMTE13, RMTE24, RMTE11, RMTE7, RMTE32, RMTE1, RMTE26, RMTE36","FL_125","","RMTE12_males|RMTE14_males|RMTE10_males|RMTE16_males|RMTE5_males|RMTE8_males|RMTE4_males|RMTE23_males|RMTE2_males|RMTE20_males","","FL_187|FL_171|FL_181|FL_167|FL_161|FL_185|FL_153|FL_183|FL_189","vidInstructionSex|BedroomOral","vidInstructionNeut|WallE","|happy_1st|sex_arousal_1st|bored_1st|sadness_1st","|sex_arosal_2nd|bored_2nd|sadness_2nd|happy_2nd",9.25,-0.369261419373781,NA,"Sex_clip_1st",1,0,NA,1,0,NA,1,0,NA,0,0,0,0,1,NA,0,NA,NA,NA,1,NA,NA,1,0,NA,0,NA,NA,NA,NA,NA,1,0,NA,NA,0,0.368421052631579,NA,NA,NA,NA,NA,NA,NA,NA,NA,NA,NA,NA,NA,NA,NA,NA,NA,17,9,7,5,15,6,3,14,1,12,2,4,10,8,13,18,16,11,19,"BedroomOral","WallE","Sex_clip_1st",9,1,9,9,1,1,1,1,8,1.47114112341028,-0.605644705859313,1.73584447292406
"5badf5bd0a2d4400010c683e","males","","Neutral_clip","100",830,"Yes","20","","","","","","","","","","","","","","","","","","","","","","","","","","","","","","","","","","","8.082","comforting","60.013","upset","10.097","insisting","13.285","worried","8.992","friendly","12.686","excited","11.979","cautious","8.373","regretful","11.632","indifferent","12.63","decisive","14.174","disappointed","7.394","sympathetic","9.122","friendly","11.538","defiant","20.402","pensive","12.494","alarmed","44.645","serious","8.04","fantasizing","8.902","suspicious",4,1,4,3,6,2,1,1,5,"","yes",28,"Male","Heterosexual or straight","","No","",", RMTE14, RMTE7, RMTE23, RMTE26, RMTE4, RMTE8, RMTE1, RMTE11, RMTE33, RMTE36, RMTE10, RMTE2, RMTE12, RMTE24, RMTE13, RMTE16, RMTE32, RMTE5, RMTE20","FL_125","","RMTE14_males|RMTE7_males|RMTE23_males|RMTE26_males|RMTE4_males|RMTE8_males|RMTE1_males|RMTE11_males|RMTE33_males|RMTE36-males","","FL_165|FL_155|FL_169|FL_181|FL_171|FL_175|FL_185|FL_159|FL_177","vidInstructionSex|BedroomOral","vidInstructionNeut|WallE","|sadness_1st|sex_arousal_1st|bored_1st|happy_1st","|sex_arosal_2nd|bored_2nd|happy_2nd|sadness_2nd",13.8333333333333,0.527881594505928,NA,"Neutral_clip_1st",0,1,NA,1,1,NA,0,0,NA,1,1,0,0,0,NA,0,NA,NA,NA,1,NA,NA,1,1,NA,0,NA,NA,NA,NA,NA,1,0,NA,NA,1,0.526315789473684,NA,NA,NA,NA,NA,NA,NA,NA,NA,NA,NA,NA,NA,NA,NA,NA,NA,7,12,5,18,2,6,11,8,13,15,1,16,19,3,14,4,17,9,10,"BedroomOral","WallE","Neutral_clip_1st",2,1,1,4,1,3,5,6,1,-1.66819928774699,-0.605644705859313,-1.26587784706689
"5bdf03a7484288000130acf8","males","","Neutral_clip","100",667,"Yes","20","","","","","","","","","","","","","","","","","","","","","","","","","","","","","","","","","","","4.849","playful","6.485","upset","4.352","insisting","5.73","sarcastic","6.66","friendly","4.531","despondent","5.212","insisting","9.402","regretful","10.864","indifferent","8.01","anticipating","11.202","disappointed","9.557","thoughtful","4.531","friendly","7.505","curious","4.17","pensive","8.257","anxious","8.516","serious","6.865","concerned","17.263","suspicious",1,1,9,1,1,9,9,1,1,"","yes",36,"Male","Heterosexual or straight","","No","",", RMTE16, RMTE11, RMTE13, RMTE32, RMTE12, RMTE36, RMTE20, RMTE1, RMTE24, RMTE8, RMTE10, RMTE23, RMTE26, RMTE4, RMTE33, RMTE14, RMTE5, RMTE7, RMTE2","FL_125","","RMTE16_males|RMTE11_males|RMTE13_males|RMTE32_males|RMTE12_males|RMTE36-males|RMTE20_males|RMTE1_males|RMTE24_males|RMTE8_males","","FL_165|FL_179|FL_183|FL_157|FL_187|FL_173|FL_159|FL_161|FL_155","vidInstructionSex|FloorSex","vidInstructionNeut|ModernFamily","|happy_1st|bored_1st|sex_arousal_1st|sadness_1st","|happy_2nd|sex_arosal_2nd|sadness_2nd|bored_2nd",11.1166666666667,-0.00387953735731758,NA,"Neutral_clip_1st",1,1,NA,1,0,NA,0,1,NA,0,1,0,1,0,NA,1,NA,NA,NA,1,NA,NA,0,1,NA,0,NA,NA,NA,NA,NA,1,1,NA,NA,1,0.631578947368421,NA,NA,NA,NA,NA,NA,NA,NA,NA,NA,NA,NA,NA,NA,NA,NA,NA,8,19,14,17,18,10,11,2,5,3,16,1,7,12,9,13,4,15,6,"FloorSex","ModernFamily","Neutral_clip_1st",9,1,9,9,1,1,1,1,8,1.47114112341028,-0.605644705859313,1.73584447292406
"5bf50c187ea49f0001ba734a","males","","Neutral_clip","100",941,"Yes","20","","","","","","","","","","","","","","","","","","","","","","","","","","","","","","","","","","","4.035","playful","6.248","upset","4.675","relaxed","4.464","worried","5.396","friendly","7.431","despondent","5.081","bored","4.909","flirtatious","5.512","sceptical","4.74","anticipating","7.997","accusing","4.053","thoughtful","5.511","friendly","4.514","curious","6.861","pensive","4.442","anxious","5.485","serious","4.249","guilty","4.488","suspicious",4,1,6,1,3,7,5,1,4,"","yes",39,"Male","Heterosexual or straight","","No","",", RMTE5, RMTE13, RMTE1, RMTE23, RMTE12, RMTE4, RMTE16, RMTE2, RMTE14, RMTE32, RMTE7, RMTE26, RMTE20, RMTE33, RMTE36, RMTE11, RMTE8, RMTE24, RMTE10","FL_125","","RMTE5_males|RMTE13_males|RMTE1_males|RMTE23_males|RMTE12_males|RMTE4_males|RMTE16_males|RMTE2_males|RMTE14_males|RMTE32_males","","FL_161|FL_183|FL_177|FL_187|FL_189|FL_167|FL_163|FL_181|FL_165","vidInstructionSex|FloorSex","vidInstructionNeut|WallE","|happy_1st|sex_arousal_1st|bored_1st|sadness_1st","|bored_2nd|sex_arosal_2nd|happy_2nd|sadness_2nd",15.6833333333333,0.890001138290102,NA,"Neutral_clip_1st",1,1,NA,0,1,NA,0,1,NA,0,0,1,1,1,NA,1,NA,NA,NA,1,NA,NA,0,1,NA,0,NA,NA,NA,NA,NA,1,0,NA,NA,1,0.631578947368421,NA,NA,NA,NA,NA,NA,NA,NA,NA,NA,NA,NA,NA,NA,NA,NA,NA,3,8,6,1,11,17,19,16,5,2,9,7,13,4,18,12,10,14,15,"FloorSex","WallE","Neutral_clip_1st",7,1,5,6,1,1,4,3,6,0.574186720222489,-0.605644705859313,0.878209524355217
"5c1575e62a407b0001ff2a4c","males","","Sex_clip","100",981,"Yes","20","","","","","","","","","","","","","","","","","","","","","","","","","","","","","","","","","","","3.437","playful","5.621","upset","6.672","insisting","3.054","worried","7.563","friendly","7.199","despondent","5.229","insisting","5.424","amused","6.451","indifferent","2.876","anticipating","3.964","accusing","4.342","thoughtful","2.276","friendly","4.367","defiant","3.232","pensive","4.929","hostile","4.181","serious","2.417","concerned","3.205","suspicious",7,6,8,1,1,1,6,1,1,"","yes",34,"Male","Heterosexual or straight","","No","",", RMTE10, RMTE4, RMTE12, RMTE24, RMTE2, RMTE7, RMTE11, RMTE14, RMTE36, RMTE23, RMTE26, RMTE16, RMTE5, RMTE1, RMTE32, RMTE20, RMTE8, RMTE13, RMTE33","FL_125","","RMTE10_males|RMTE4_males|RMTE12_males|RMTE24_males|RMTE2_males|RMTE7_males|RMTE11_males|RMTE14_males|RMTE36-males|RMTE23_males","","FL_183|FL_175|FL_159|FL_153|FL_185|FL_177|FL_163|FL_171|FL_187","vidInstructionSex|SamTaylor","vidInstructionNeut|ModernFamily","|sex_arousal_1st|bored_1st|happy_1st|sadness_1st","|sadness_2nd|bored_2nd|happy_2nd|sex_arosal_2nd",16.35,1.0204946675817,NA,"Sex_clip_1st",1,1,NA,1,1,NA,0,1,NA,0,0,0,1,1,NA,1,NA,NA,NA,1,NA,NA,1,1,NA,1,NA,NA,NA,NA,NA,1,1,NA,NA,1,0.789473684210526,NA,NA,NA,NA,NA,NA,NA,NA,NA,NA,NA,NA,NA,NA,NA,NA,NA,14,5,2,13,6,17,1,7,3,18,8,12,16,10,4,11,15,19,9,"SamTaylor","ModernFamily","Sex_clip_1st",6,1,8,6,1,1,1,1,5,0.125709518628592,-0.605644705859313,0.449392050070796
"5c3e56303178f800010aadf4","males","","Neutral_clip","100",458,"Yes","20","","","","","","","","","","","","","","","","","","","","","","","","","","","","","","","","","","","11.449","comforting","4.125","annoyed","10.032","insisting","4.544","worried","5.659","uneasy","5.511","despondent","4.621","aghast","13.4","terrified","8.218","sceptical","10.051","decisive","4.81","irritated","12.928","thoughtful","9.351","guilty","3.436","defiant","4.557","pensive","6.672","hostile","5.034","alarmed","3.837","guilty","5.32","suspicious",7,1,6,4,5,5,5,5,5,"","yes",23,"Male","Heterosexual or straight","","No","",", RMTE13, RMTE26, RMTE1, RMTE2, RMTE24, RMTE14, RMTE8, RMTE5, RMTE20, RMTE16, RMTE11, RMTE12, RMTE32, RMTE7, RMTE10, RMTE33, RMTE36, RMTE23, RMTE4","FL_125","","RMTE13_males|RMTE26_males|RMTE1_males|RMTE2_males|RMTE24_males|RMTE14_males|RMTE8_males|RMTE5_males|RMTE20_males|RMTE16_males","","FL_167|FL_169|FL_185|FL_161|FL_165|FL_187|FL_189|FL_179|FL_157","vidInstructionSex|BedroomOral","vidInstructionNeut|WallE","|sadness_1st|happy_1st|sex_arousal_1st|bored_1st","|sex_arosal_2nd|bored_2nd|sadness_2nd|happy_2nd",7.63333333333333,-0.685708227905896,NA,"Neutral_clip_1st",0,0,NA,1,1,NA,1,1,NA,0,0,1,0,0,NA,1,NA,NA,NA,0,NA,NA,1,1,NA,1,NA,NA,NA,NA,NA,0,0,NA,NA,1,0.526315789473684,NA,NA,NA,NA,NA,NA,NA,NA,NA,NA,NA,NA,NA,NA,NA,NA,NA,3,4,19,8,14,7,15,11,12,1,6,10,9,18,5,2,13,16,17,"BedroomOral","WallE","Neutral_clip_1st",5,1,5,6,5,4,5,5,4,-0.322767682965304,-0.605644705859313,0.0205745757863738
"5c3e9912a301700001b71a35","males","","Neutral_clip","100",582,"Yes","20","","","","","","","","","","","","","","","","","","","","","","","","","","","","","","","","","","","8.078","playful","6.101","upset","11.515","insisting","3.507","irritated","11.102","uneasy","6.047","despondent","6.469","cautious","5.972","regretful","4.827","sceptical","5.469","anticipating","3.331","accusing","5.082","irritated","4.792","guilty","5.908","curious","4.767","pensive","6.722","hostile","7.106","serious","5.065","concerned","4.453","suspicious",8,1,5,6,6,8,6,2,3,"","yes",24,"Male","Heterosexual or straight","","No","",", RMTE4, RMTE1, RMTE7, RMTE2, RMTE24, RMTE5, RMTE14, RMTE10, RMTE8, RMTE20, RMTE13, RMTE36, RMTE32, RMTE11, RMTE16, RMTE26, RMTE33, RMTE23, RMTE12","FL_125","","RMTE4_males|RMTE1_males|RMTE7_males|RMTE2_males|RMTE24_males|RMTE5_males|RMTE14_males|RMTE10_males|RMTE8_males|RMTE20_males","","FL_171|FL_189|FL_185|FL_167|FL_175|FL_183|FL_187|FL_179|FL_169","vidInstructionSex|SamTaylor","vidInstructionNeut|MadMen","|sex_arousal_1st|happy_1st|bored_1st|sadness_1st","|sadness_2nd|happy_2nd|bored_2nd|sex_arosal_2nd",9.7,-0.281178287101955,NA,"Neutral_clip_1st",1,1,NA,1,0,NA,1,1,NA,1,1,1,1,1,NA,0,NA,NA,NA,0,NA,NA,0,1,NA,1,NA,NA,NA,NA,NA,1,1,NA,NA,1,0.789473684210526,NA,NA,NA,NA,NA,NA,NA,NA,NA,NA,NA,NA,NA,NA,NA,NA,NA,2,4,1,6,3,9,8,14,19,11,7,15,10,18,5,16,13,17,12,"SamTaylor","MadMen","Neutral_clip_1st",8,1,6,5,2,6,3,6,7,1.02266392181639,-0.605644705859313,1.30702699863964
"5c3ef42b82596200019d75c0","males","","Neutral_clip","100",607,"Yes","20","","","","","","","","","","","","","","","","","","","","","","","","","","","","","","","","","","","7.9","playful","4.245","upset","6.338","insisting","5.683","worried","6.697","uneasy","8.413","despondent","7.86","aghast","5.199","amused","6.25","sceptical","6.678","decisive","8.17","irritated","5.84","thoughtful","11.539","dominant","5.525","defiant","7.814","hostile","4.114","shy","5.878","serious","4.547","concerned","7.376","suspicious",6,1,6,1,1,9,8,1,1,"","yes",29,"Male","Heterosexual or straight","","No","",", RMTE10, RMTE13, RMTE4, RMTE12, RMTE23, RMTE32, RMTE11, RMTE16, RMTE1, RMTE7, RMTE24, RMTE2, RMTE33, RMTE20, RMTE5, RMTE8, RMTE14, RMTE36, RMTE26","FL_125","","RMTE10_males|RMTE13_males|RMTE4_males|RMTE12_males|RMTE23_males|RMTE32_males|RMTE11_males|RMTE16_males|RMTE1_males|RMTE7_males","","FL_181|FL_155|FL_187|FL_177|FL_159|FL_163|FL_173|FL_189|FL_183","vidInstructionSex|SamTaylor","vidInstructionNeut|WallE","|sex_arousal_1st|sadness_1st|happy_1st|bored_1st","|sadness_2nd|sex_arosal_2nd|happy_2nd|bored_2nd",10.1166666666667,-0.199619831294709,NA,"Neutral_clip_1st",1,1,NA,1,1,NA,1,1,NA,0,0,1,0,0,NA,1,NA,NA,NA,0,NA,NA,1,0,NA,0,NA,NA,NA,NA,NA,1,1,NA,NA,1,0.631578947368421,NA,NA,NA,NA,NA,NA,NA,NA,NA,NA,NA,NA,NA,NA,NA,NA,NA,9,12,3,15,10,16,1,7,4,2,17,8,14,5,11,19,6,13,18,"SamTaylor","WallE","Neutral_clip_1st",9,1,8,6,1,1,1,1,8,1.47114112341028,-0.605644705859313,1.73584447292406
"5c478dae685da800014c8119","males","","Sex_clip","100",570,"Yes","20","","","","","","","","","","","","","","","","","","","","","","","","","","","","","","","","","","","5.39","playful","5.122","upset","6.543","insisting","8.305","irritated","6.289","friendly","6.709","despondent","7.537","insisting","9.068","terrified","7.048","sceptical","7.1","shy","8.485","irritated","6.366","thoughtful","7.701","dominant","6.512","curious","8.977","hostile","5.559","hostile","6.464","serious","4.035","fantasizing","7.779","suspicious",3,6,5,1,3,1,5,1,6,"","yes",25,"Male","Heterosexual or straight","","No","",", RMTE24, RMTE13, RMTE11, RMTE7, RMTE32, RMTE10, RMTE8, RMTE4, RMTE20, RMTE36, RMTE14, RMTE1, RMTE23, RMTE5, RMTE16, RMTE33, RMTE2, RMTE12, RMTE26","FL_125","","RMTE24_males|RMTE13_males|RMTE11_males|RMTE7_males|RMTE32_males|RMTE10_males|RMTE8_males|RMTE4_males|RMTE20_males|RMTE36-males","","FL_173|FL_153|FL_179|FL_159|FL_175|FL_187|FL_155|FL_169|FL_183","vidInstructionSex|FloorSex","vidInstructionNeut|WallE","|sadness_1st|bored_1st|happy_1st|sex_arousal_1st","|happy_2nd|sex_arosal_2nd|bored_2nd|sadness_2nd",9.5,-0.320326345889433,NA,"Sex_clip_1st",1,1,NA,1,0,NA,0,1,NA,0,0,1,0,0,NA,1,NA,NA,NA,0,NA,NA,0,0,NA,1,NA,NA,NA,NA,NA,1,0,NA,NA,1,0.473684210526316,NA,NA,NA,NA,NA,NA,NA,NA,NA,NA,NA,NA,NA,NA,NA,NA,NA,12,17,8,14,4,7,6,3,18,2,11,15,9,13,1,19,5,16,10,"FloorSex","WallE","Sex_clip_1st",6,1,5,5,1,1,3,6,5,0.125709518628592,-0.605644705859313,0.449392050070796
"5c49e29651c26300012d34be","males","","Sex_clip","100",496,"Yes","20","","","","","","","","","","","","","","","","","","","","","","","","","","","","","","","","","","","4.629","playful","5.08","upset","3.84","insisting","4.198","worried","5.077","uneasy","6.337","despondent","5.928","cautious","5.79","regretful","4.718","sceptical","5.234","anticipating","5.916","accusing","6.164","sympathetic","5.524","friendly","5.291","defiant","7.1","hostile","4.196","hostile","6.632","serious","4.888","concerned","4.801","suspicious",7,4,5,6,4,2,8,3,2,"","yes",37,"Male","Heterosexual or straight","","No","",", RMTE36, RMTE23, RMTE33, RMTE10, RMTE11, RMTE7, RMTE20, RMTE8, RMTE24, RMTE26, RMTE2, RMTE5, RMTE32, RMTE12, RMTE4, RMTE14, RMTE13, RMTE16, RMTE1","FL_125","","RMTE36-males|RMTE23_males|RMTE33_males|RMTE10_males|RMTE11_males|RMTE7_males|RMTE20_males|RMTE8_males|RMTE24_males|RMTE26_males","","FL_155|FL_159|FL_185|FL_169|FL_157|FL_173|FL_171|FL_175|FL_153","vidInstructionSex|FloorSex","vidInstructionNeut|WallE","|sex_arousal_1st|happy_1st|bored_1st|sadness_1st","|happy_2nd|sadness_2nd|bored_2nd|sex_arosal_2nd",8.26666666666667,-0.561739375078882,NA,"Sex_clip_1st",1,1,NA,1,1,NA,1,1,NA,1,1,1,1,1,NA,0,NA,NA,NA,1,NA,NA,1,0,NA,1,NA,NA,NA,NA,NA,1,1,NA,NA,1,0.894736842105263,NA,NA,NA,NA,NA,NA,NA,NA,NA,NA,NA,NA,NA,NA,NA,NA,NA,19,11,15,12,6,8,4,5,14,17,16,18,7,2,9,10,13,3,1,"FloorSex","WallE","Sex_clip_1st",4,2,5,8,6,3,4,2,2,-0.771244884559201,0.183287213615318,-0.83706037278247
"5c534b3807c57c00012d9686","males","","Sex_clip","100",593,"Yes","20","","","","","","","","","","","","","","","","","","","","","","","","","","","","","","","","","","","6.897","playful","6.747","annoyed","6.985","insisting","6.981","worried","15.671","uneasy","8.325","despondent","7.312","insisting","12.515","regretful","12.392","sceptical","8.206","anticipating","7.142","accusing","7.03","thoughtful","4.659","friendly","10.123","curious","7.751","pensive","7.9","hostile","8.688","serious","7.459","fantasizing","10.698","suspicious",4,6,4,5,3,5,7,3,2,"","yes",33,"Male","Heterosexual or straight","","No","",", RMTE7, RMTE26, RMTE8, RMTE10, RMTE32, RMTE11, RMTE36, RMTE16, RMTE33, RMTE13, RMTE12, RMTE5, RMTE2, RMTE1, RMTE14, RMTE24, RMTE23, RMTE20, RMTE4","FL_125","","RMTE7_males|RMTE26_males|RMTE8_males|RMTE10_males|RMTE32_males|RMTE11_males|RMTE36-males|RMTE16_males|RMTE33_males|RMTE13_males","","FL_169|FL_159|FL_155|FL_153|FL_173|FL_181|FL_179|FL_177|FL_157","vidInstructionSex|BedroomOral","vidInstructionNeut|ModernFamily","|sadness_1st|happy_1st|bored_1st|sex_arousal_1st","|bored_2nd|sex_arosal_2nd|happy_2nd|sadness_2nd",9.88333333333333,-0.245292566546767,NA,"Sex_clip_1st",1,0,NA,1,1,NA,1,1,NA,0,1,1,1,1,NA,1,NA,NA,NA,1,NA,NA,0,1,NA,1,NA,NA,NA,NA,NA,1,0,NA,NA,1,0.789473684210526,NA,NA,NA,NA,NA,NA,NA,NA,NA,NA,NA,NA,NA,NA,NA,NA,NA,14,13,19,12,1,3,4,6,11,10,15,8,18,17,16,2,5,9,7,"BedroomOral","ModernFamily","Sex_clip_1st",6,5,4,7,5,3,3,2,1,0.125709518628592,2.55008297203921,-1.26587784706689
"5c5a00f19dd64d00018adbbf","males","","Neutral_clip","100",614,"Yes","20","","","","","","","","","","","","","","","","","","","","","","","","","","","","","","","","","","","4.226","playful","6.508","terrified","5.676","insisting","3.888","sarcastic","5.332","friendly","12.7","despondent","5.736","insisting","4.69","amused","5.145","sceptical","8.076","anticipating","10.452","accusing","7.61","thoughtful","5.134","friendly","6.179","defiant","5.207","excited","9.441","anxious","5.842","serious","3.209","guilty","6.376","suspicious",4,2,3,5,4,7,6,2,2,"","yes",24,"Male","Heterosexual or straight","","No","",", RMTE23, RMTE8, RMTE10, RMTE12, RMTE20, RMTE14, RMTE13, RMTE16, RMTE11, RMTE33, RMTE4, RMTE2, RMTE32, RMTE24, RMTE26, RMTE5, RMTE36, RMTE1, RMTE7","FL_125","","RMTE23_males|RMTE8_males|RMTE10_males|RMTE12_males|RMTE20_males|RMTE14_males|RMTE13_males|RMTE16_males|RMTE11_males|RMTE33_males","","FL_157|FL_155|FL_185|FL_181|FL_183|FL_159|FL_189|FL_153|FL_161","vidInstructionSex|FloorSex","vidInstructionNeut|MadMen","|sex_arousal_1st|happy_1st|sadness_1st|bored_1st","|happy_2nd|sex_arosal_2nd|sadness_2nd|bored_2nd",10.2333333333333,-0.17678346366868,NA,"Neutral_clip_1st",1,0,NA,1,0,NA,0,1,NA,0,0,1,1,1,NA,1,NA,NA,NA,1,NA,NA,1,0,NA,0,NA,NA,NA,NA,NA,1,0,NA,NA,1,0.578947368421053,NA,NA,NA,NA,NA,NA,NA,NA,NA,NA,NA,NA,NA,NA,NA,NA,NA,18,12,11,16,19,2,3,9,4,7,6,8,5,1,14,15,13,10,17,"FloorSex","MadMen","Neutral_clip_1st",7,2,6,3,2,5,2,4,5,0.574186720222489,0.183287213615318,0.449392050070796
"5c5eb5f38f58370001393878","males","","Neutral_clip","100",604,"Yes","20","","","","","","","","","","","","","","","","","","","","","","","","","","","","","","","","","","","6.002","playful","4.935","upset","6.54","insisting","8.127","irritated","8.272","apologetic","7.403","despondent","12.959","cautious","9.744","regretful","6.922","sceptical","7.395","anticipating","6.202","accusing","5.516","thoughtful","9.622","friendly","6.888","defiant","10.246","pensive","15.007","hostile","6.948","serious","6.95","concerned","8.54","indecisive",7,1,5,1,1,1,4,1,8,"","yes",43,"Male","Heterosexual or straight","","No","",", RMTE14, RMTE36, RMTE13, RMTE12, RMTE20, RMTE33, RMTE11, RMTE24, RMTE4, RMTE26, RMTE16, RMTE2, RMTE1, RMTE23, RMTE8, RMTE5, RMTE7, RMTE32, RMTE10","FL_125","","RMTE14_males|RMTE36-males|RMTE13_males|RMTE12_males|RMTE20_males|RMTE33_males|RMTE11_males|RMTE24_males|RMTE4_males|RMTE26_males","","FL_175|FL_155|FL_153|FL_179|FL_163|FL_159|FL_161|FL_185|FL_165","vidInstructionSex|BedroomOral","vidInstructionNeut|ModernFamily","|sadness_1st|sex_arousal_1st|bored_1st|happy_1st","|happy_2nd|bored_2nd|sadness_2nd|sex_arosal_2nd",10.0666666666667,-0.209406845991578,NA,"Neutral_clip_1st",1,1,NA,1,0,NA,0,1,NA,1,1,1,1,1,NA,1,NA,NA,NA,1,NA,NA,1,1,NA,1,NA,NA,NA,NA,NA,1,1,NA,NA,0,0.842105263157895,NA,NA,NA,NA,NA,NA,NA,NA,NA,NA,NA,NA,NA,NA,NA,NA,NA,13,12,9,16,17,15,19,7,4,3,1,11,5,14,8,10,18,6,2,"BedroomOral","ModernFamily","Neutral_clip_1st",1,1,4,5,1,1,8,1,0,-2.11667648934089,-0.605644705859313,-1.69469532135131
"5c6838ea5f8d580001e8a8ab","males","","Neutral_clip","100",477,"Yes","20","","","","","","","","","","","","","","","","","","","","","","","","","","","","","","","","","","","5.172","playful","3.568","terrified","3.623","insisting","4.798","worried","4.73","friendly","5.04","despondent","4.683","insisting","4.691","regretful","5.123","sceptical","8.179","shy","7.061","accusing","6.359","thoughtful","5.337","friendly","10.314","defiant","9.192","hostile","3.838","hostile","4.012","serious","6.98","fantasizing","4.552","suspicious",7,3,4,7,3,6,6,2,2,"","yes",32,"Male","Heterosexual or straight","","No","",", RMTE36, RMTE13, RMTE32, RMTE24, RMTE7, RMTE10, RMTE26, RMTE14, RMTE8, RMTE20, RMTE1, RMTE23, RMTE5, RMTE2, RMTE4, RMTE12, RMTE33, RMTE16, RMTE11","FL_125","","RMTE36-males|RMTE13_males|RMTE32_males|RMTE24_males|RMTE7_males|RMTE10_males|RMTE26_males|RMTE14_males|RMTE8_males|RMTE20_males","","FL_153|FL_179|FL_159|FL_155|FL_157|FL_169|FL_187|FL_175|FL_167","vidInstructionSex|BedroomOral","vidInstructionNeut|ModernFamily","|happy_1st|sadness_1st|sex_arousal_1st|bored_1st","|sex_arosal_2nd|happy_2nd|bored_2nd|sadness_2nd",7.95,-0.623723801492389,NA,"Neutral_clip_1st",1,0,NA,1,1,NA,0,1,NA,0,1,1,0,1,NA,1,NA,NA,NA,1,NA,NA,1,0,NA,1,NA,NA,NA,NA,NA,1,0,NA,NA,1,0.684210526315789,NA,NA,NA,NA,NA,NA,NA,NA,NA,NA,NA,NA,NA,NA,NA,NA,NA,11,14,15,13,5,9,6,19,16,2,8,18,10,12,4,7,3,17,1,"BedroomOral","ModernFamily","Neutral_clip_1st",6,3,6,4,2,7,2,3,3,0.125709518628592,0.97221913308995,-0.408242898498048
"5c6d881fd7f314000192cc6f","males","","Neutral_clip","100",522,"Yes","20","","","","","","","","","","","","","","","","","","","","","","","","","","","","","","","","","","","5.307","bored","3.016","upset","4.714","insisting","2.76","worried","4.416","uneasy","9.561","shy","6.292","aghast","4.111","amused","3.014","sceptical","5.416","anticipating","15.395","depressed","3.539","thoughtful","3.14","friendly","5.778","contented","3.629","pensive","5.385","shy","2.535","serious","7.14","concerned","3.444","suspicious",7,1,9,5,1,1,1,1,6,"","yes",23,"Male","Heterosexual or straight","","No","I think there should be some kind of indication that hardcore pornography will be played as part of this study. ",", RMTE26, RMTE13, RMTE24, RMTE16, RMTE8, RMTE1, RMTE7, RMTE20, RMTE36, RMTE23, RMTE10, RMTE33, RMTE14, RMTE32, RMTE11, RMTE2, RMTE12, RMTE4, RMTE5","FL_125","","RMTE26_males|RMTE13_males|RMTE24_males|RMTE16_males|RMTE8_males|RMTE1_males|RMTE7_males|RMTE20_males|RMTE36-males|RMTE23_males","","FL_165|FL_187|FL_173|FL_185|FL_167|FL_155|FL_169|FL_157|FL_159","vidInstructionSex|SamTaylor","vidInstructionNeut|WallE","|sex_arousal_1st|happy_1st|sadness_1st|bored_1st","|happy_2nd|sex_arosal_2nd|sadness_2nd|bored_2nd",8.7,-0.476918581039346,NA,"Neutral_clip_1st",0,1,NA,1,1,NA,1,0,NA,0,0,1,1,0,NA,1,NA,NA,NA,1,NA,NA,0,1,NA,0,NA,NA,NA,NA,NA,1,1,NA,NA,1,0.631578947368421,NA,NA,NA,NA,NA,NA,NA,NA,NA,NA,NA,NA,NA,NA,NA,NA,NA,6,16,18,19,7,5,11,15,17,2,13,4,8,10,3,1,14,12,9,"SamTaylor","WallE","Neutral_clip_1st",1,1,1,9,1,5,6,1,0,-2.11667648934089,-0.605644705859313,-1.69469532135131
"5c84ed0cbda42300152f5952","males","","Sex_clip","100",550,"Yes","20","","","","","","","","","","","","","","","","","","","","","","","","","","","","","","","","","","","4.659","playful","4.307","upset","3.951","relaxed","5.538","worried","5.716","apologetic","5.813","despondent","5.098","cautious","4.267","regretful","6.525","sceptical","5.964","threatening","8.471","irritated","3.796","thoughtful","3.276","friendly","6.758","contented","3.613","pensive","6.847","anxious","5.284","bewildered","5.201","concerned","5.048","suspicious",6,1,3,1,1,1,3,1,5,"","yes",50,"Male","Heterosexual or straight","","No","",", RMTE26, RMTE23, RMTE4, RMTE14, RMTE36, RMTE12, RMTE2, RMTE32, RMTE1, RMTE5, RMTE10, RMTE33, RMTE20, RMTE13, RMTE16, RMTE24, RMTE7, RMTE8, RMTE11","FL_125","","RMTE26_males|RMTE23_males|RMTE4_males|RMTE14_males|RMTE36-males|RMTE12_males|RMTE2_males|RMTE32_males|RMTE1_males|RMTE5_males","","FL_165|FL_187|FL_177|FL_171|FL_175|FL_181|FL_161|FL_163|FL_167","vidInstructionSex|SamTaylor","vidInstructionNeut|ModernFamily","|sadness_1st|sex_arousal_1st|happy_1st|bored_1st","|bored_2nd|sadness_2nd|happy_2nd|sex_arosal_2nd",9.16666666666667,-0.38557311053523,NA,"Sex_clip_1st",1,1,NA,0,1,NA,0,1,NA,1,1,1,0,0,NA,1,NA,NA,NA,1,NA,NA,0,1,NA,0,NA,NA,NA,NA,NA,0,1,NA,NA,1,0.631578947368421,NA,NA,NA,NA,NA,NA,NA,NA,NA,NA,NA,NA,NA,NA,NA,NA,NA,9,7,3,10,17,18,11,19,6,14,4,15,13,2,16,1,8,12,5,"SamTaylor","ModernFamily","Sex_clip_1st",1,1,3,3,1,1,1,5,0,-2.11667648934089,-0.605644705859313,-1.69469532135131
"5c898374146e370019e07722","males","","Neutral_clip","100",607,"Yes","20","","","","","","","","","","","","","","","","","","","","","","","","","","","","","","","","","","","3.029","playful","4.1","upset","4.59","insisting","6.937","irritated","4.297","friendly","12.441","despondent","6.066","insisting","6.806","regretful","6.134","sceptical","6.64","anticipating","7.911","irritated","4.249","thoughtful","3.871","friendly","7.486","defiant","3.851","pensive","4.312","hostile","3.045","serious","7.794","concerned","6.208","suspicious",6,1,7,2,3,8,8,1,1,"","Yes",36,"Male","Heterosexual or straight","","No","",", RMTE8, RMTE20, RMTE13, RMTE23, RMTE5, RMTE12, RMTE26, RMTE16, RMTE33, RMTE32, RMTE7, RMTE24, RMTE11, RMTE2, RMTE1, RMTE10, RMTE4, RMTE36, RMTE14","FL_125","","RMTE8_males|RMTE20_males|RMTE13_males|RMTE23_males|RMTE5_males|RMTE12_males|RMTE26_males|RMTE16_males|RMTE33_males|RMTE32_males","","FL_161|FL_181|FL_167|FL_155|FL_153|FL_165|FL_157|FL_189|FL_173","vidInstructionSex|FloorSex","vidInstructionNeut|WallE","|happy_1st|sex_arousal_1st|bored_1st|sadness_1st","|sadness_2nd|bored_2nd|sex_arosal_2nd|happy_2nd",10.1166666666667,-0.199619831294709,NA,"Neutral_clip_1st",1,1,NA,1,0,NA,0,1,NA,0,1,1,1,0,NA,1,NA,NA,NA,1,NA,NA,1,1,NA,1,NA,NA,NA,NA,NA,1,1,NA,NA,1,0.789473684210526,NA,NA,NA,NA,NA,NA,NA,NA,NA,NA,NA,NA,NA,NA,NA,NA,NA,15,14,17,5,11,1,16,13,6,3,19,8,2,4,12,7,10,9,18,"FloorSex","WallE","Neutral_clip_1st",8,1,8,7,1,2,1,3,7,1.02266392181639,-0.605644705859313,1.30702699863964
"5c9298201bc01a001614b1b0","males","","Neutral_clip","100",634,"Yes","20","","","","","","","","","","","","","","","","","","","","","","","","","","","","","","","","","","","9.856","playful","8.148","upset","7.739","insisting","6.273","worried","13.623","uneasy","9.643","shy","9.624","insisting","6.608","regretful","5.533","sceptical","8.612","anticipating","7.7","accusing","6.54","thoughtful","14.853","dominant","9.755","defiant","8.784","hostile","8.168","anxious","8.401","serious","6.075","concerned","7.501","suspicious",6,4,6,1,2,8,9,1,1,"","yes",37,"Male","Heterosexual or straight","","No","",", RMTE20, RMTE33, RMTE23, RMTE10, RMTE24, RMTE8, RMTE2, RMTE7, RMTE13, RMTE11, RMTE16, RMTE14, RMTE4, RMTE12, RMTE36, RMTE26, RMTE5, RMTE32, RMTE1","FL_125","","RMTE20_males|RMTE33_males|RMTE23_males|RMTE10_males|RMTE24_males|RMTE8_males|RMTE2_males|RMTE7_males|RMTE13_males|RMTE11_males","","FL_175|FL_173|FL_157|FL_169|FL_189|FL_183|FL_159|FL_185|FL_153","vidInstructionSex|FloorSex","vidInstructionNeut|MadMen","|happy_1st|sadness_1st|bored_1st|sex_arousal_1st","|bored_2nd|sex_arosal_2nd|happy_2nd|sadness_2nd",10.5666666666667,-0.111536699022883,NA,"Neutral_clip_1st",1,1,NA,1,1,NA,1,0,NA,0,1,1,1,1,NA,1,NA,NA,NA,0,NA,NA,1,0,NA,0,NA,NA,NA,NA,NA,1,1,NA,NA,1,0.736842105263158,NA,NA,NA,NA,NA,NA,NA,NA,NA,NA,NA,NA,NA,NA,NA,NA,NA,19,7,13,17,8,6,4,10,14,9,12,11,1,3,5,16,18,2,15,"FloorSex","MadMen","Neutral_clip_1st",8,4,9,6,1,1,1,2,4,1.02266392181639,1.76115105256458,0.0205745757863738
"5c92f797803bff0017fef8dd","males","","Neutral_clip","100",484,"Yes","20","","","","","","","","","","","","","","","","","","","","","","","","","","","","","","","","","","","3.261","playful","5.659","upset","3.111","insisting","3.857","worried","6.508","dispirited","3.809","despondent","5.166","insisting","4.071","regretful","3.317","sceptical","4.961","anticipating","3.966","accusing","5.203","thoughtful","4.465","friendly","5.567","defiant","5.02","pensive","5.351","hostile","3.186","serious","2.905","concerned","4.229","suspicious",7,1,3,3,6,6,5,1,2,"","yes",27,"Male","Heterosexual or straight","","No","",", RMTE2, RMTE13, RMTE14, RMTE16, RMTE4, RMTE7, RMTE32, RMTE11, RMTE1, RMTE5, RMTE23, RMTE12, RMTE26, RMTE33, RMTE20, RMTE8, RMTE36, RMTE10, RMTE24","FL_125","","RMTE2_males|RMTE13_males|RMTE14_males|RMTE16_males|RMTE4_males|RMTE7_males|RMTE32_males|RMTE11_males|RMTE1_males|RMTE5_males","","FL_179|FL_169|FL_183|FL_187|FL_177|FL_163|FL_189|FL_165|FL_181","vidInstructionSex|FloorSex","vidInstructionNeut|MadMen","|bored_1st|happy_1st|sadness_1st|sex_arousal_1st","|sadness_2nd|happy_2nd|sex_arosal_2nd|bored_2nd",8.06666666666667,-0.60088743386636,NA,"Neutral_clip_1st",1,1,NA,1,1,NA,0,1,NA,0,1,1,1,1,NA,1,NA,NA,NA,1,NA,NA,1,1,NA,1,NA,NA,NA,NA,NA,1,1,NA,NA,1,0.894736842105263,NA,NA,NA,NA,NA,NA,NA,NA,NA,NA,NA,NA,NA,NA,NA,NA,NA,9,1,5,10,6,16,18,8,12,2,3,4,15,11,19,13,7,14,17,"FloorSex","MadMen","Neutral_clip_1st",6,1,5,3,1,3,2,6,5,0.125709518628592,-0.605644705859313,0.449392050070796
"5ca9ea8aa3478d0001a47bd5","males","","Neutral_clip","100",445,"Yes","20","","","","","","","","","","","","","","","","","","","","","","","","","","","","","","","","","","","3.4","comforting","3.733","upset","2.911","joking","2.488","sarcastic","2.442","friendly","1.822","relieved","2.028","cautious","2.469","amused","1.751","embarrassed","1.706","shy","1.988","irritated","7.414","thoughtful","3.248","friendly","6.596","curious","2.67","excited","6.043","alarmed","5.284","serious","1.815","guilty","1.795","ashamed",6,3,6,5,2,9,9,1,1,"","yes",41,"Male","Heterosexual or straight","","No","",", RMTE16, RMTE32, RMTE1, RMTE20, RMTE4, RMTE2, RMTE5, RMTE26, RMTE23, RMTE7, RMTE11, RMTE8, RMTE36, RMTE24, RMTE10, RMTE14, RMTE33, RMTE13, RMTE12","FL_125","","RMTE16_males|RMTE32_males|RMTE1_males|RMTE20_males|RMTE4_males|RMTE2_males|RMTE5_males|RMTE26_males|RMTE23_males|RMTE7_males","","FL_167|FL_163|FL_189|FL_181|FL_165|FL_173|FL_187|FL_171|FL_169","vidInstructionSex|BedroomOral","vidInstructionNeut|ModernFamily","|sadness_1st|sex_arousal_1st|happy_1st|bored_1st","|sadness_2nd|happy_2nd|bored_2nd|sex_arosal_2nd",7.41666666666667,-0.728118624925664,NA,"Neutral_clip_1st",0,1,NA,0,0,NA,0,0,NA,1,0,0,0,0,NA,1,NA,NA,NA,1,NA,NA,0,0,NA,0,NA,NA,NA,NA,NA,1,0,NA,NA,0,0.263157894736842,NA,NA,NA,NA,NA,NA,NA,NA,NA,NA,NA,NA,NA,NA,NA,NA,NA,3,6,5,7,10,12,15,11,19,18,16,1,4,9,14,8,2,17,13,"BedroomOral","ModernFamily","Neutral_clip_1st",9,3,9,6,1,5,1,2,6,1.47114112341028,0.97221913308995,0.878209524355217
"5cae5f9c48514600183d8fac","males","","Sex_clip","100",643,"Yes","20","","","","","","","","","","","","","","","","","","","","","","","","","","","","","","","","","","","15.465","irritated","6.901","upset","7.798","insisting","6.727","worried","6.691","uneasy","9.264","despondent","8.311","cautious","5.638","regretful","10.128","indifferent","8.664","anticipating","9.162","accusing","7.388","thoughtful","9.225","friendly","8.495","defiant","7.578","pensive","5.705","hostile","6.417","serious","7.015","guilty","7.132","suspicious",7,2,2,6,8,3,4,4,3,"","yes",40,"Male","Heterosexual or straight","","No","",", RMTE8, RMTE12, RMTE20, RMTE4, RMTE13, RMTE7, RMTE10, RMTE33, RMTE24, RMTE2, RMTE16, RMTE5, RMTE32, RMTE23, RMTE14, RMTE36, RMTE1, RMTE26, RMTE11","FL_125","","RMTE8_males|RMTE12_males|RMTE20_males|RMTE4_males|RMTE13_males|RMTE7_males|RMTE10_males|RMTE33_males|RMTE24_males|RMTE2_males","","FL_175|FL_159|FL_185|FL_179|FL_173|FL_189|FL_153|FL_183|FL_167","vidInstructionSex|SamTaylor","vidInstructionNeut|MadMen","|bored_1st|sex_arousal_1st|happy_1st|sadness_1st","|happy_2nd|sadness_2nd|sex_arosal_2nd|bored_2nd",10.7166666666667,-0.082175654932274,NA,"Sex_clip_1st",0,1,NA,1,1,NA,1,1,NA,1,1,0,1,1,NA,1,NA,NA,NA,1,NA,NA,1,1,NA,1,NA,NA,NA,NA,NA,1,0,NA,NA,1,0.842105263157895,NA,NA,NA,NA,NA,NA,NA,NA,NA,NA,NA,NA,NA,NA,NA,NA,NA,17,10,4,12,6,1,7,19,2,5,15,11,3,14,9,18,13,8,16,"SamTaylor","MadMen","Sex_clip_1st",2,3,2,4,6,4,8,3,-1,-1.66819928774699,0.97221913308995,-2.12351279563574
"5cb20f2d7c917b00172dfef5","males","","Sex_clip","100",542,"Yes","20","","","","","","","","","","","","","","","","","","","","","","","","","","","","","","","","","","","6.305","playful","8.454","upset","8.464","amused","7.512","worried","5.498","friendly","4.42","despondent","15.095","insisting","10.226","regretful","6.797","sceptical","3.837","anticipating","4.206","accusing","3.685","thoughtful","3.32","friendly","7.408","contented","4.542","pensive","5.699","shy","7.808","serious","5.099","concerned","3.741","suspicious",6,1,1,1,9,1,5,5,5,"","yes",46,"Male","Heterosexual or straight","","No","",", RMTE11, RMTE12, RMTE5, RMTE14, RMTE4, RMTE32, RMTE23, RMTE7, RMTE2, RMTE10, RMTE1, RMTE16, RMTE24, RMTE26, RMTE8, RMTE33, RMTE13, RMTE20, RMTE36","FL_125","","RMTE11_males|RMTE12_males|RMTE5_males|RMTE14_males|RMTE4_males|RMTE32_males|RMTE23_males|RMTE7_males|RMTE2_males|RMTE10_males","","FL_153|FL_175|FL_181|FL_183|FL_163|FL_187|FL_171|FL_177|FL_189","vidInstructionSex|SamTaylor","vidInstructionNeut|MadMen","|happy_1st|bored_1st|sex_arousal_1st|sadness_1st","|sadness_2nd|happy_2nd|sex_arosal_2nd|bored_2nd",9.03333333333333,-0.411671816393549,NA,"Sex_clip_1st",1,1,NA,0,1,NA,0,1,NA,0,1,1,1,1,NA,1,NA,NA,NA,1,NA,NA,0,1,NA,0,NA,NA,NA,NA,NA,1,1,NA,NA,1,0.736842105263158,NA,NA,NA,NA,NA,NA,NA,NA,NA,NA,NA,NA,NA,NA,NA,NA,NA,11,9,5,3,8,15,10,1,2,17,4,12,18,7,13,14,6,16,19,"SamTaylor","MadMen","Sex_clip_1st",1,1,1,5,1,5,9,5,0,-2.11667648934089,-0.605644705859313,-1.69469532135131
"5ccdb020ed1c4f001649810e","males","","Neutral_clip","100",571,"Yes","20","","","","","","","","","","","","","","","","","","","","","","","","","","","","","","","","","","","3.36","comforting","4.218","upset","5.307","relaxed","5.378","worried","5.752","uneasy","7.319","despondent","6.039","cautious","7.33","regretful","6.466","sceptical","8.323","anticipating","6.227","disappointed","3.441","thoughtful","3.774","friendly","5.021","contented","7.494","excited","4.878","hostile","6.052","serious","4.798","concerned","5.248","suspicious",5,1,4,5,6,9,7,1,1,"","yes",33,"Male","Heterosexual or straight","","No","Where was the second video clip from/who was the actress :-) ",", RMTE8, RMTE2, RMTE13, RMTE23, RMTE5, RMTE26, RMTE11, RMTE24, RMTE4, RMTE7, RMTE32, RMTE10, RMTE1, RMTE36, RMTE16, RMTE33, RMTE14, RMTE20, RMTE12","FL_125","","RMTE8_males|RMTE2_males|RMTE13_males|RMTE23_males|RMTE5_males|RMTE26_males|RMTE11_males|RMTE24_males|RMTE4_males|RMTE7_males","","FL_185|FL_165|FL_153|FL_189|FL_175|FL_187|FL_173|FL_177|FL_169","vidInstructionSex|BedroomOral","vidInstructionNeut|WallE","|bored_1st|happy_1st|sadness_1st|sex_arousal_1st","|sadness_2nd|happy_2nd|sex_arosal_2nd|bored_2nd",9.51666666666667,-0.317064007657143,NA,"Neutral_clip_1st",0,1,NA,0,1,NA,1,1,NA,1,1,1,1,0,NA,1,NA,NA,NA,1,NA,NA,0,0,NA,1,NA,NA,NA,NA,NA,1,1,NA,NA,1,0.736842105263158,NA,NA,NA,NA,NA,NA,NA,NA,NA,NA,NA,NA,NA,NA,NA,NA,NA,13,2,9,5,10,1,12,7,19,3,17,15,18,4,8,6,11,16,14,"BedroomOral","WallE","Neutral_clip_1st",9,1,7,4,1,5,1,6,8,1.47114112341028,-0.605644705859313,1.73584447292406
"5cec46d8bc1ea400184030fb","males","","Sex_clip","100",1141,"Yes","20","","","","","","","","","","","","","","","","","","","","","","","","","","","","","","","","","","","7.258","playful","6.581","upset","9.407","relaxed","6.376","worried","8.885","friendly","12.981","despondent","7.604","insisting","10.777","regretful","13.388","sceptical","16.549","anticipating","6.491","accusing","7.915","thoughtful","13.494","friendly","6.774","defiant","8.511","pensive","8.204","hostile","12.932","serious","5.508","fantasizing","5.169","suspicious",6,9,9,1,1,5,6,5,7,"","yes",35,"Male","Heterosexual or straight","","No","This was a very interesting study. I've watched lots of pornography but have been trying to restrict the amount I watch. Even though told of the sexually explicit content, I didn't think it would be as hardcore as that, perhaps a picture of a  topless woman or a  flaccid penis. The rush that the unexpected porn gave me was quite scary. I really for the first time was able to notice the effect that porn has on my brain. I found it incredibility hard to concentrate on the rest of the study.  ",", RMTE24, RMTE12, RMTE26, RMTE16, RMTE2, RMTE11, RMTE5, RMTE36, RMTE4, RMTE32, RMTE8, RMTE1, RMTE13, RMTE10, RMTE14, RMTE33, RMTE7, RMTE23, RMTE20","FL_125","","RMTE24_males|RMTE12_males|RMTE26_males|RMTE16_males|RMTE2_males|RMTE11_males|RMTE5_males|RMTE36-males|RMTE4_males|RMTE32_males","","FL_163|FL_153|FL_171|FL_165|FL_173|FL_187|FL_161|FL_179|FL_177","vidInstructionSex|BedroomOral","vidInstructionNeut|MadMen","|happy_1st|sadness_1st|bored_1st|sex_arousal_1st","|happy_2nd|sadness_2nd|sex_arosal_2nd|bored_2nd",19.0166666666667,1.54246878474807,NA,"Sex_clip_1st",1,1,NA,0,1,NA,0,1,NA,0,1,1,1,1,NA,1,NA,NA,NA,1,NA,NA,1,1,NA,1,NA,NA,NA,NA,NA,1,0,NA,NA,1,0.789473684210526,NA,NA,NA,NA,NA,NA,NA,NA,NA,NA,NA,NA,NA,NA,NA,NA,NA,12,5,9,7,17,11,14,6,2,13,15,4,19,18,1,3,10,16,8,"BedroomOral","MadMen","Sex_clip_1st",9,5,9,6,1,5,1,7,4,1.47114112341028,2.55008297203921,0.0205745757863738
"5d02c54c24dcfd00165f7012","males","","Sex_clip","100",475,"Yes","20","","","","","","","","","","","","","","","","","","","","","","","","","","","","","","","","","","","3.983","playful","6.054","annoyed","4.913","insisting","4.109","irritated","3.944","friendly","4.835","despondent","6.343","insisting","4.495","terrified","3.909","sceptical","4.366","decisive","5.546","accusing","9.486","thoughtful","5.123","friendly","3.387","defiant","5.46","excited","4.108","hostile","4.358","serious","4.383","concerned","4.541","suspicious",4,3,5,1,3,1,3,3,4,"","Yes",22,"Male","Heterosexual or straight","","No","",", RMTE12, RMTE8, RMTE24, RMTE32, RMTE10, RMTE16, RMTE13, RMTE20, RMTE36, RMTE2, RMTE4, RMTE26, RMTE5, RMTE33, RMTE23, RMTE7, RMTE14, RMTE11, RMTE1","FL_125","","RMTE12_males|RMTE8_males|RMTE24_males|RMTE32_males|RMTE10_males|RMTE16_males|RMTE13_males|RMTE20_males|RMTE36-males|RMTE2_males","","FL_157|FL_183|FL_159|FL_187|FL_179|FL_161|FL_173|FL_167|FL_153","vidInstructionSex|SamTaylor","vidInstructionNeut|MadMen","|sex_arousal_1st|sadness_1st|happy_1st|bored_1st","|bored_2nd|sex_arosal_2nd|happy_2nd|sadness_2nd",7.91666666666667,-0.630248477956969,NA,"Sex_clip_1st",1,0,NA,1,0,NA,0,1,NA,0,0,1,0,1,NA,1,NA,NA,NA,1,NA,NA,1,0,NA,1,NA,NA,NA,NA,NA,1,1,NA,NA,1,0.631578947368421,NA,NA,NA,NA,NA,NA,NA,NA,NA,NA,NA,NA,NA,NA,NA,NA,NA,19,10,11,13,16,2,5,18,1,7,17,6,8,15,3,12,4,14,9,"SamTaylor","MadMen","Sex_clip_1st",3,1,5,3,1,3,3,4,2,-1.2197220861531,-0.605644705859313,-0.83706037278247
"5d1226291a6cf50001cbde23","males","","Neutral_clip","100",646,"Yes","20","","","","","","","","","","","","","","","","","","","","","","","","","","","","","","","","","","","6.208","comforting","5.37","upset","11.966","relaxed","5.412","worried","6.926","uneasy","8.519","despondent","6.518","cautious","6.022","regretful","6.858","indifferent","7.346","anticipating","9.55","accusing","4.766","thoughtful","3.494","friendly","7.937","curious","8.012","iIrritated","6.9","anxious","3.936","serious","7.146","fantasizing","11.529","suspicious",3,3,6,1,2,6,7,1,1,"","yes",31,"Male","Heterosexual or straight","","No","",", RMTE2, RMTE13, RMTE12, RMTE33, RMTE36, RMTE1, RMTE5, RMTE32, RMTE20, RMTE7, RMTE16, RMTE26, RMTE14, RMTE8, RMTE23, RMTE4, RMTE24, RMTE10, RMTE11","FL_125","","RMTE2_males|RMTE13_males|RMTE12_males|RMTE33_males|RMTE36-males|RMTE1_males|RMTE5_males|RMTE32_males|RMTE20_males|RMTE7_males","","FL_175|FL_183|FL_173|FL_163|FL_179|FL_157|FL_181|FL_165|FL_167","vidInstructionSex|FloorSex","vidInstructionNeut|ModernFamily","|bored_1st|sex_arousal_1st|sadness_1st|happy_1st","|happy_2nd|sadness_2nd|sex_arosal_2nd|bored_2nd",10.7666666666667,-0.0723886402354045,NA,"Neutral_clip_1st",0,1,NA,0,1,NA,1,1,NA,1,1,0,1,1,NA,1,NA,NA,NA,1,NA,NA,0,0,NA,0,NA,NA,NA,NA,NA,1,0,NA,NA,1,0.631578947368421,NA,NA,NA,NA,NA,NA,NA,NA,NA,NA,NA,NA,NA,NA,NA,NA,NA,6,1,16,7,10,14,18,19,3,2,13,11,9,15,17,12,8,4,5,"FloorSex","ModernFamily","Neutral_clip_1st",6,3,7,6,1,1,1,2,3,0.125709518628592,0.97221913308995,-0.408242898498048
"5d24b405e6537c0001e131ee","males","","Neutral_clip","100",764,"Yes","20","","","","","","","","","","","","","","","","","","","","","","","","","","","","","","","","","","","7.9","comforting","9.209","upset","7.288","amused","4.253","worried","15.217","uneasy","6.305","despondent","23.484","cautious","12.32","flirtatious","7.225","indifferent","7.521","anticipating","8.874","accusing","10.324","thoughtful","4.795","friendly","5.579","curious","6.081","pensive","4.915","hostile","7.793","serious","3.74","concerned","6.764","suspicious",7,1,7,1,4,7,6,1,2,"","yes",27,"Male","Heterosexual or straight","","No","",", RMTE11, RMTE7, RMTE4, RMTE36, RMTE13, RMTE16, RMTE32, RMTE1, RMTE26, RMTE8, RMTE10, RMTE24, RMTE23, RMTE5, RMTE14, RMTE33, RMTE20, RMTE2, RMTE12","FL_125","","RMTE11_males|RMTE7_males|RMTE4_males|RMTE36-males|RMTE13_males|RMTE16_males|RMTE32_males|RMTE1_males|RMTE26_males|RMTE8_males","","FL_165|FL_181|FL_179|FL_159|FL_173|FL_187|FL_177|FL_155|FL_169","vidInstructionSex|FloorSex","vidInstructionNeut|WallE","|bored_1st|happy_1st|sadness_1st|sex_arousal_1st","|happy_2nd|bored_2nd|sex_arosal_2nd|sadness_2nd",12.7333333333333,0.312567271174798,NA,"Neutral_clip_1st",0,1,NA,0,1,NA,1,1,NA,1,0,0,1,1,NA,1,NA,NA,NA,1,NA,NA,0,1,NA,1,NA,NA,NA,NA,NA,1,1,NA,NA,1,0.736842105263158,NA,NA,NA,NA,NA,NA,NA,NA,NA,NA,NA,NA,NA,NA,NA,NA,NA,8,18,3,14,2,10,11,1,19,5,15,6,17,13,12,9,7,16,4,"FloorSex","WallE","Neutral_clip_1st",7,1,6,7,1,1,2,4,6,0.574186720222489,-0.605644705859313,0.878209524355217
"5d29941a20c98f0017b6b85e","males","","Neutral_clip","100",483,"Yes","20","","","","","","","","","","","","","","","","","","","","","","","","","","","","","","","","","","","3.786","playful","8.08","upset","5.119","insisting","4.416","worried","3.748","uneasy","7.483","despondent","3.666","insisting","10.187","regretful","4.402","indifferent","6.729","decisive","4.644","accusing","4.749","thoughtful","5.425","dominant","9.58","contented","7.308","pensive","5.105","hostile","7.127","serious","5.61","fantasizing","3.183","suspicious",7,4,7,1,1,9,8,1,1,"","Yes",24,"Male","Heterosexual or straight","","No","",", RMTE13, RMTE26, RMTE8, RMTE16, RMTE20, RMTE23, RMTE11, RMTE10, RMTE2, RMTE1, RMTE14, RMTE5, RMTE7, RMTE12, RMTE33, RMTE24, RMTE4, RMTE32, RMTE36","FL_125","","RMTE13_males|RMTE26_males|RMTE8_males|RMTE16_males|RMTE20_males|RMTE23_males|RMTE11_males|RMTE10_males|RMTE2_males|RMTE1_males","","FL_173|FL_159|FL_161|FL_169|FL_187|FL_181|FL_157|FL_185|FL_189","vidInstructionSex|SamTaylor","vidInstructionNeut|ModernFamily","|sadness_1st|sex_arousal_1st|bored_1st|happy_1st","|bored_2nd|sex_arosal_2nd|happy_2nd|sadness_2nd",8.05,-0.60414977209865,NA,"Neutral_clip_1st",1,1,NA,1,1,NA,1,1,NA,0,1,0,0,1,NA,1,NA,NA,NA,0,NA,NA,0,1,NA,1,NA,NA,NA,NA,NA,1,0,NA,NA,1,0.684210526315789,NA,NA,NA,NA,NA,NA,NA,NA,NA,NA,NA,NA,NA,NA,NA,NA,NA,10,9,17,12,13,3,8,7,14,1,11,4,5,6,16,2,18,15,19,"SamTaylor","ModernFamily","Neutral_clip_1st",9,4,8,7,1,1,1,1,5,1.47114112341028,1.76115105256458,0.449392050070796
"5d2a370ec0898e0018b08e66","males","","Neutral_clip","100",531,"Yes","20","","","","","","","","","","","","","","","","","","","","","","","","","","","","","","","","","","","2.497","playful","4.134","upset","3.642","amused","9.744","worried","3.468","uneasy","4.407","despondent","4.75","insisting","6.579","regretful","5.247","sceptical","4.447","anticipating","5.441","irritated","4.009","thoughtful","5.346","friendly","3.629","defiant","5.422","iIrritated","3.257","hostile","137.978","alarmed","6.552","concerned","38.488","suspicious",5,1,9,5,1,6,7,1,2,"","yes",35,"Male","Heterosexual or straight","","No","",", RMTE5, RMTE36, RMTE23, RMTE33, RMTE7, RMTE2, RMTE13, RMTE12, RMTE8, RMTE4, RMTE10, RMTE16, RMTE26, RMTE1, RMTE11, RMTE24, RMTE32, RMTE20, RMTE14","FL_125","","RMTE5_males|RMTE36-males|RMTE23_males|RMTE33_males|RMTE7_males|RMTE2_males|RMTE13_males|RMTE12_males|RMTE8_males|RMTE4_males","","FL_165|FL_175|FL_183|FL_153|FL_167|FL_181|FL_185|FL_177|FL_173","vidInstructionSex|FloorSex","vidInstructionNeut|WallE","|bored_1st|happy_1st|sex_arousal_1st|sadness_1st","|happy_2nd|sadness_2nd|bored_2nd|sex_arosal_2nd",8.85,-0.447557536948737,NA,"Neutral_clip_1st",1,1,NA,0,1,NA,1,1,NA,0,1,1,1,0,NA,1,NA,NA,NA,1,NA,NA,1,0,NA,1,NA,NA,NA,NA,NA,0,1,NA,NA,1,0.736842105263158,NA,NA,NA,NA,NA,NA,NA,NA,NA,NA,NA,NA,NA,NA,NA,NA,NA,14,6,10,1,5,9,11,15,8,7,19,12,18,3,16,13,17,4,2,"FloorSex","WallE","Neutral_clip_1st",6,1,7,9,1,5,2,1,5,0.125709518628592,-0.605644705859313,0.449392050070796
"5d3ef33e8da0790017c90e08","males","","Sex_clip","100",514,"Yes","20","","","","","","","","","","","","","","","","","","","","","","","","","","","","","","","","","","","6.514","comforting","9.389","upset","4.833","insisting","3.962","worried","5.476","friendly","5.31","despondent","8.238","cautious","4.739","amused","5.044","sceptical","9.647","decisive","7.987","accusing","3.986","thoughtful","4.486","friendly","7.241","defiant","5.916","pensive","4.166","hostile","4.925","serious","4.771","fantasizing","5.217","suspicious",4,4,5,4,6,3,6,4,3,"","yes",31,"Male","Heterosexual or straight","","No","",", RMTE2, RMTE13, RMTE14, RMTE36, RMTE33, RMTE32, RMTE1, RMTE12, RMTE23, RMTE20, RMTE7, RMTE8, RMTE24, RMTE26, RMTE11, RMTE4, RMTE16, RMTE5, RMTE10","FL_125","","RMTE2_males|RMTE13_males|RMTE14_males|RMTE36-males|RMTE33_males|RMTE32_males|RMTE1_males|RMTE12_males|RMTE23_males|RMTE20_males","","FL_161|FL_163|FL_181|FL_183|FL_167|FL_157|FL_175|FL_159|FL_165","vidInstructionSex|BedroomOral","vidInstructionNeut|MadMen","|happy_1st|sex_arousal_1st|bored_1st|sadness_1st","|bored_2nd|sex_arosal_2nd|sadness_2nd|happy_2nd",8.56666666666667,-0.503017286897665,NA,"Sex_clip_1st",0,1,NA,1,1,NA,0,1,NA,1,0,1,0,1,NA,1,NA,NA,NA,1,NA,NA,1,1,NA,1,NA,NA,NA,NA,NA,1,0,NA,NA,1,0.736842105263158,NA,NA,NA,NA,NA,NA,NA,NA,NA,NA,NA,NA,NA,NA,NA,NA,NA,7,1,16,18,11,12,19,15,8,2,3,17,10,9,13,14,6,5,4,"BedroomOral","MadMen","Sex_clip_1st",4,3,5,6,4,4,6,3,1,-0.771244884559201,0.97221913308995,-1.26587784706689
"5d408d23192f3200197cb6b7","males","","Neutral_clip","100",611,"Yes","20","","","","","","","","","","","","","","","","","","","","","","","","","","","","","","","","","","","4.684","playful","6.302","upset","5.684","insisting","7.672","sarcastic","5.352","friendly","16.442","despondent","4.709","insisting","5.945","regretful","7.352","sceptical","3.607","anticipating","6.458","accusing","3.562","thoughtful","5.644","friendly","5.833","curious","8.527","excited","3.705","hostile","5.994","serious","14.61","concerned","5.286","suspicious",4,1,7,4,6,3,2,1,3,"","yes",35,"Male","Heterosexual or straight","","No","",", RMTE14, RMTE8, RMTE13, RMTE23, RMTE2, RMTE33, RMTE24, RMTE10, RMTE20, RMTE4, RMTE12, RMTE36, RMTE5, RMTE16, RMTE1, RMTE26, RMTE7, RMTE32, RMTE11","FL_125","","RMTE14_males|RMTE8_males|RMTE13_males|RMTE23_males|RMTE2_males|RMTE33_males|RMTE24_males|RMTE10_males|RMTE20_males|RMTE4_males","","FL_169|FL_189|FL_159|FL_175|FL_153|FL_183|FL_161|FL_185|FL_167","vidInstructionSex|SamTaylor","vidInstructionNeut|WallE","|bored_1st|sex_arousal_1st|sadness_1st|happy_1st","|happy_2nd|bored_2nd|sadness_2nd|sex_arosal_2nd",10.1833333333333,-0.186570478365549,NA,"Neutral_clip_1st",1,1,NA,1,0,NA,0,1,NA,0,1,1,1,1,NA,1,NA,NA,NA,1,NA,NA,0,0,NA,1,NA,NA,NA,NA,NA,1,1,NA,NA,1,0.736842105263158,NA,NA,NA,NA,NA,NA,NA,NA,NA,NA,NA,NA,NA,NA,NA,NA,NA,15,5,10,13,17,2,8,19,11,3,1,14,9,4,7,16,18,6,12,"SamTaylor","WallE","Neutral_clip_1st",3,1,2,7,1,4,3,6,2,-1.2197220861531,-0.605644705859313,-0.83706037278247
"5d50692435e3af0001f05a15","males","","Sex_clip","100",701,"Yes","20","","","","","","","","","","","","","","","","","","","","","","","","","","","","","","","","","","","7.653","playful","12.845","upset","11.188","insisting","7.65","worried","8.587","uneasy","10.875","despondent","22.036","cautious","9.971","regretful","8.93","sceptical","6.285","anticipating","4.977","accusing","16.281","sympathetic","6.901","friendly","14.72","defiant","16.863","pensive","6.429","anxious","3.038","serious","6.796","concerned","9.043","suspicious",6,6,6,3,3,2,3,5,7,"","yes",49,"Male","Heterosexual or straight","","No","",", RMTE2, RMTE1, RMTE24, RMTE10, RMTE4, RMTE26, RMTE20, RMTE36, RMTE11, RMTE5, RMTE8, RMTE7, RMTE14, RMTE13, RMTE16, RMTE32, RMTE33, RMTE23, RMTE12","FL_125","","RMTE2_males|RMTE1_males|RMTE24_males|RMTE10_males|RMTE4_males|RMTE26_males|RMTE20_males|RMTE36-males|RMTE11_males|RMTE5_males","","FL_163|FL_161|FL_173|FL_171|FL_175|FL_185|FL_187|FL_179|FL_169","vidInstructionSex|BedroomOral","vidInstructionNeut|ModernFamily","|sex_arousal_1st|happy_1st|sadness_1st|bored_1st","|sadness_2nd|sex_arosal_2nd|happy_2nd|bored_2nd",11.6833333333333,0.107039962540537,NA,"Sex_clip_1st",1,1,NA,1,1,NA,1,1,NA,1,1,1,1,1,NA,0,NA,NA,NA,1,NA,NA,1,1,NA,0,NA,NA,NA,NA,NA,1,1,NA,NA,1,0.894736842105263,NA,NA,NA,NA,NA,NA,NA,NA,NA,NA,NA,NA,NA,NA,NA,NA,NA,2,1,5,10,12,11,4,9,19,14,13,15,7,18,3,6,16,17,8,"BedroomOral","ModernFamily","Sex_clip_1st",6,2,6,3,3,5,3,7,4,0.125709518628592,0.183287213615318,0.0205745757863738
"5d53a5e5a8b69800169db103","males","","Sex_clip","100",517,"Yes","20","","","","","","","","","","","","","","","","","","","","","","","","","","","","","","","","","","","4.759","playful","3.935","upset","6.797","insisting","3.219","worried","7.798","friendly","6.87","despondent","12.009","insisting","5.019","regretful","3.597","sceptical","4.843","anticipating","4.802","accusing","4.575","thoughtful","5.618","friendly","6.614","defiant","6.626","pensive","4.042","hostile","11.043","serious","3.897","concerned","3.548","suspicious",7,7,8,1,1,1,6,2,4,"","yes",36,"Male","Heterosexual or straight","","No","",", RMTE24, RMTE36, RMTE4, RMTE8, RMTE10, RMTE26, RMTE14, RMTE32, RMTE11, RMTE2, RMTE1, RMTE20, RMTE23, RMTE5, RMTE12, RMTE7, RMTE33, RMTE16, RMTE13","FL_125","","RMTE24_males|RMTE36-males|RMTE4_males|RMTE8_males|RMTE10_males|RMTE26_males|RMTE14_males|RMTE32_males|RMTE11_males|RMTE2_males","","FL_153|FL_177|FL_179|FL_159|FL_169|FL_161|FL_187|FL_175|FL_171","vidInstructionSex|FloorSex","vidInstructionNeut|WallE","|bored_1st|sex_arousal_1st|sadness_1st|happy_1st","|sadness_2nd|happy_2nd|sex_arosal_2nd|bored_2nd",8.61666666666667,-0.493230272200795,NA,"Sex_clip_1st",1,1,NA,1,1,NA,0,1,NA,0,1,1,1,1,NA,1,NA,NA,NA,1,NA,NA,1,1,NA,1,NA,NA,NA,NA,NA,1,1,NA,NA,1,0.894736842105263,NA,NA,NA,NA,NA,NA,NA,NA,NA,NA,NA,NA,NA,NA,NA,NA,NA,11,10,3,14,16,4,5,9,15,19,7,18,12,13,1,6,8,17,2,"FloorSex","WallE","Sex_clip_1st",7,1,8,6,1,2,1,4,6,0.574186720222489,-0.605644705859313,0.878209524355217
"5d64426653ba680017d9f63a","males","","Sex_clip","100",479,"Yes","20","","","","","","","","","","","","","","","","","","","","","","","","","","","","","","","","","","","3.314","playful","3.527","upset","10.279","amused","6.588","sarcastic","8.381","friendly","6.414","despondent","7.156","insisting","8.659","flirtatious","5.77","indifferent","8.415","anticipating","9.012","accusing","10.134","thoughtful","6.25","friendly","8.919","defiant","9.119","pensive","6.279","hostile","7.457","bewildered","7.785","concerned","23.548","suspicious",7,6,6,2,4,1,8,1,2,"","yes",31,"Male","Heterosexual or straight","","No","No, good study. Cheers.",", RMTE36, RMTE24, RMTE4, RMTE11, RMTE5, RMTE8, RMTE20, RMTE16, RMTE14, RMTE23, RMTE33, RMTE32, RMTE13, RMTE12, RMTE7, RMTE10, RMTE26, RMTE2, RMTE1","FL_125","","RMTE36-males|RMTE24_males|RMTE4_males|RMTE11_males|RMTE5_males|RMTE8_males|RMTE20_males|RMTE16_males|RMTE14_males|RMTE23_males","","FL_187|FL_185|FL_171|FL_169|FL_161|FL_165|FL_183|FL_155|FL_153","vidInstructionSex|BedroomOral","vidInstructionNeut|WallE","|bored_1st|sex_arousal_1st|sadness_1st|happy_1st","|bored_2nd|sex_arosal_2nd|sadness_2nd|happy_2nd",7.98333333333333,-0.617199125027809,NA,"Sex_clip_1st",1,1,NA,0,0,NA,0,1,NA,0,0,0,1,1,NA,1,NA,NA,NA,1,NA,NA,1,1,NA,1,NA,NA,NA,NA,NA,0,1,NA,NA,1,0.631578947368421,NA,NA,NA,NA,NA,NA,NA,NA,NA,NA,NA,NA,NA,NA,NA,NA,NA,19,18,3,5,15,6,16,4,14,13,9,8,7,10,2,17,12,11,1,"BedroomOral","WallE","Sex_clip_1st",6,1,6,8,2,1,4,2,5,0.125709518628592,-0.605644705859313,0.449392050070796
"5d6d94cb05e6930001a1464d","males","","Neutral_clip","100",605,"Yes","20","","","","","","","","","","","","","","","","","","","","","","","","","","","","","","","","","","","6.266","playful","4.418","upset","4.864","insisting","5.699","worried","3.281","friendly","3.867","despondent","6.221","insisting","5.878","regretful","8.058","indifferent","5.413","threatening","5.59","disappointed","8.174","thoughtful","4.657","friendly","5.211","curious","3.694","pensive","5.247","alarmed","5.268","serious","5.39","fantasizing","8.605","suspicious",2,1,5,5,8,6,1,7,9,"","yes",31,"Male","Heterosexual or straight","","No","Was it really necessary to show a full on porn clip without any warning? I think it was highly inappropriate. ",", RMTE16, RMTE2, RMTE32, RMTE23, RMTE4, RMTE33, RMTE12, RMTE36, RMTE20, RMTE1, RMTE10, RMTE14, RMTE13, RMTE26, RMTE11, RMTE8, RMTE5, RMTE7, RMTE24","FL_125","","RMTE16_males|RMTE2_males|RMTE32_males|RMTE23_males|RMTE4_males|RMTE33_males|RMTE12_males|RMTE36-males|RMTE20_males|RMTE1_males","","FL_165|FL_173|FL_171|FL_183|FL_167|FL_163|FL_159|FL_161|FL_181","vidInstructionSex|FloorSex","vidInstructionNeut|MadMen","|bored_1st|sex_arousal_1st|happy_1st|sadness_1st","|sadness_2nd|happy_2nd|bored_2nd|sex_arosal_2nd",10.0833333333333,-0.206144507759288,NA,"Neutral_clip_1st",1,1,NA,1,1,NA,0,1,NA,0,1,0,0,0,NA,1,NA,NA,NA,1,NA,NA,0,1,NA,0,NA,NA,NA,NA,NA,1,0,NA,NA,1,0.578947368421053,NA,NA,NA,NA,NA,NA,NA,NA,NA,NA,NA,NA,NA,NA,NA,NA,NA,10,2,5,17,18,16,11,15,7,13,12,1,9,4,19,14,3,6,8,"FloorSex","MadMen","Neutral_clip_1st",6,1,1,5,7,5,9,8,5,0.125709518628592,-0.605644705859313,0.449392050070796
"5d71640e8a1bff0001d88e70","males","","Neutral_clip","100",601,"Yes","20","","","","","","","","","","","","","","","","","","","","","","","","","","","","","","","","","","","8.455","playful","6.075","upset","6.937","insisting","5.858","worried","6.665","uneasy","6.256","despondent","8.11","insisting","5.755","regretful","4.271","sceptical","5.113","anticipating","6.131","accusing","5.376","thoughtful","4.165","friendly","3.459","curious","7.82","pensive","6.015","hostile","4.525","serious","6.048","fantasizing","7.085","suspicious",6,3,7,2,2,9,9,1,1,"","yes",35,"Male","Heterosexual or straight","","No","",", RMTE1, RMTE5, RMTE14, RMTE32, RMTE24, RMTE13, RMTE8, RMTE16, RMTE12, RMTE20, RMTE36, RMTE7, RMTE33, RMTE4, RMTE23, RMTE2, RMTE10, RMTE26, RMTE11","FL_125","","RMTE1_males|RMTE5_males|RMTE14_males|RMTE32_males|RMTE24_males|RMTE13_males|RMTE8_males|RMTE16_males|RMTE12_males|RMTE20_males","","FL_189|FL_161|FL_187|FL_157|FL_179|FL_155|FL_165|FL_183|FL_167","vidInstructionSex|SamTaylor","vidInstructionNeut|ModernFamily","|bored_1st|sadness_1st|happy_1st|sex_arousal_1st","|sex_arosal_2nd|bored_2nd|happy_2nd|sadness_2nd",10.0166666666667,-0.219193860688448,NA,"Neutral_clip_1st",1,1,NA,1,1,NA,1,1,NA,0,1,1,1,1,NA,1,NA,NA,NA,1,NA,NA,0,1,NA,1,NA,NA,NA,NA,NA,1,0,NA,NA,1,0.842105263157895,NA,NA,NA,NA,NA,NA,NA,NA,NA,NA,NA,NA,NA,NA,NA,NA,NA,1,16,14,2,12,7,17,19,9,6,3,8,10,15,5,18,4,13,11,"SamTaylor","ModernFamily","Neutral_clip_1st",9,3,9,7,1,2,1,2,6,1.47114112341028,0.97221913308995,0.878209524355217
"5d7fec07b85198001a357ac6","males","","Neutral_clip","100",537,"Yes","20","","","","","","","","","","","","","","","","","","","","","","","","","","","","","","","","","","","4.939","playful","10.752","upset","4.85","insisting","4.042","worried","6.829","uneasy","7.677","excited","7.018","cautious","7.792","regretful","4.461","sceptical","26.217","anticipating","4.787","accusing","3.902","thoughtful","5.078","friendly","8.321","curious","6.407","pensive","6.43","anxious","5.822","serious","3.56","fantasizing","3.449","suspicious",6,2,4,3,5,8,5,3,2,"","yes",22,"Male","Heterosexual or straight","","No","",", RMTE14, RMTE10, RMTE24, RMTE32, RMTE36, RMTE33, RMTE11, RMTE20, RMTE1, RMTE16, RMTE2, RMTE12, RMTE26, RMTE4, RMTE23, RMTE13, RMTE5, RMTE8, RMTE7","FL_125","","RMTE14_males|RMTE10_males|RMTE24_males|RMTE32_males|RMTE36-males|RMTE33_males|RMTE11_males|RMTE20_males|RMTE1_males|RMTE16_males","","FL_155|FL_169|FL_183|FL_157|FL_179|FL_171|FL_159|FL_163|FL_161","vidInstructionSex|BedroomOral","vidInstructionNeut|MadMen","|sex_arousal_1st|sadness_1st|bored_1st|happy_1st","|happy_2nd|sadness_2nd|bored_2nd|sex_arosal_2nd",8.95,-0.427983507554998,NA,"Neutral_clip_1st",1,1,NA,1,1,NA,1,0,NA,1,1,1,1,1,NA,1,NA,NA,NA,1,NA,NA,0,1,NA,0,NA,NA,NA,NA,NA,1,0,NA,NA,1,0.789473684210526,NA,NA,NA,NA,NA,NA,NA,NA,NA,NA,NA,NA,NA,NA,NA,NA,NA,9,11,14,17,19,18,2,7,12,16,1,10,8,15,3,13,4,6,5,"BedroomOral","MadMen","Neutral_clip_1st",8,2,5,4,3,3,2,5,6,1.02266392181639,0.183287213615318,0.878209524355217
"5d9db80fad89d50017a880e6","males","","Neutral_clip","100",582,"Yes","20","","","","","","","","","","","","","","","","","","","","","","","","","","","","","","","","","","","4.333","playful","8.801","upset","4.471","insisting","7.354","worried","7.137","friendly","8.038","despondent","6.634","insisting","6.859","regretful","7.276","sceptical","9.405","anticipating","6.529","accusing","4.327","thoughtful","5.688","dominant","7.925","defiant","6.2","pensive","3.628","hostile","4.473","serious","5.137","guilty","4.623","suspicious",9,1,2,1,3,9,9,1,1,"","yes",42,"Male","Heterosexual or straight","","No","",", RMTE5, RMTE24, RMTE20, RMTE32, RMTE16, RMTE33, RMTE12, RMTE26, RMTE1, RMTE11, RMTE2, RMTE10, RMTE23, RMTE36, RMTE7, RMTE8, RMTE13, RMTE14, RMTE4","FL_125","","RMTE5_males|RMTE24_males|RMTE20_males|RMTE32_males|RMTE16_males|RMTE33_males|RMTE12_males|RMTE26_males|RMTE1_males|RMTE11_males","","FL_155|FL_165|FL_179|FL_189|FL_161|FL_163|FL_171|FL_173|FL_157","vidInstructionSex|BedroomOral","vidInstructionNeut|MadMen","|sex_arousal_1st|sadness_1st|bored_1st|happy_1st","|happy_2nd|sadness_2nd|bored_2nd|sex_arosal_2nd",9.7,-0.281178287101955,NA,"Neutral_clip_1st",1,1,NA,1,1,NA,0,1,NA,0,1,1,1,1,NA,1,NA,NA,NA,0,NA,NA,1,1,NA,1,NA,NA,NA,NA,NA,1,0,NA,NA,1,0.789473684210526,NA,NA,NA,NA,NA,NA,NA,NA,NA,NA,NA,NA,NA,NA,NA,NA,NA,9,11,19,1,15,16,12,10,7,17,18,5,3,13,2,8,4,6,14,"BedroomOral","MadMen","Neutral_clip_1st",9,1,9,2,1,1,1,3,8,1.47114112341028,-0.605644705859313,1.73584447292406
"5da760eae8174b001640d369","males","","Neutral_clip","100",501,"Yes","20","","","","","","","","","","","","","","","","","","","","","","","","","","","","","","","","","","","6.479","playful","4.455","upset","5.376","insisting","4.029","worried","4.655","apologetic","4.244","despondent","6.076","cautious","4.372","regretful","6.161","sceptical","3.006","anticipating","2.825","accusing","2.89","thoughtful","3.13","friendly","7.937","curious","3.858","pensive","3.711","hostile","5.159","serious","2.624","concerned","3.652","suspicious",6,1,2,1,3,7,6,1,1,"","YES",45,"Male","Heterosexual or straight","","No","",", RMTE12, RMTE23, RMTE32, RMTE4, RMTE16, RMTE33, RMTE11, RMTE14, RMTE20, RMTE36, RMTE10, RMTE7, RMTE24, RMTE26, RMTE5, RMTE13, RMTE2, RMTE8, RMTE1","FL_125","","RMTE12_males|RMTE23_males|RMTE32_males|RMTE4_males|RMTE16_males|RMTE33_males|RMTE11_males|RMTE14_males|RMTE20_males|RMTE36-males","","FL_165|FL_161|FL_181|FL_183|FL_159|FL_171|FL_155|FL_163|FL_153","vidInstructionSex|SamTaylor","vidInstructionNeut|WallE","|sadness_1st|sex_arousal_1st|bored_1st|happy_1st","|bored_2nd|sex_arosal_2nd|happy_2nd|sadness_2nd",8.35,-0.545427683917433,NA,"Neutral_clip_1st",1,1,NA,1,1,NA,0,1,NA,1,1,1,1,1,NA,1,NA,NA,NA,1,NA,NA,0,1,NA,1,NA,NA,NA,NA,NA,1,1,NA,NA,1,0.894736842105263,NA,NA,NA,NA,NA,NA,NA,NA,NA,NA,NA,NA,NA,NA,NA,NA,NA,19,17,4,15,12,18,11,7,1,16,8,5,9,2,13,14,3,6,10,"SamTaylor","WallE","Neutral_clip_1st",7,1,6,2,1,1,1,3,6,0.574186720222489,-0.605644705859313,0.878209524355217
"5dc0d311e5dc4108137d7c10","males","","Neutral_clip","100",596,"Yes","20","","","","","","","","","","","","","","","","","","","","","","","","","","","","","","","","","","","7.054","playful","6.046","upset","7.197","insisting","7.466","worried","8.855","uneasy","12.839","despondent","8.15","cautious","7.352","terrified","8.819","sceptical","9.314","anticipating","9.505","accusing","7.466","thoughtful","7.455","friendly","13.809","defiant","7.323","pensive","17.449","shy","6.782","serious","9.744","guilty","6.893","suspicious",5,1,6,3,3,9,7,2,1,"","yes",36,"Male","Heterosexual or straight","","No","",", RMTE23, RMTE10, RMTE26, RMTE12, RMTE14, RMTE5, RMTE32, RMTE8, RMTE16, RMTE1, RMTE20, RMTE36, RMTE33, RMTE11, RMTE2, RMTE24, RMTE13, RMTE4, RMTE7","FL_125","","RMTE23_males|RMTE10_males|RMTE26_males|RMTE12_males|RMTE14_males|RMTE5_males|RMTE32_males|RMTE8_males|RMTE16_males|RMTE1_males","","FL_177|FL_189|FL_187|FL_167|FL_155|FL_181|FL_171|FL_157|FL_161","vidInstructionSex|FloorSex","vidInstructionNeut|MadMen","|sadness_1st|sex_arousal_1st|happy_1st|bored_1st","|sex_arosal_2nd|bored_2nd|sadness_2nd|happy_2nd",9.93333333333333,-0.235505551849897,NA,"Neutral_clip_1st",1,1,NA,1,1,NA,1,1,NA,1,0,1,1,1,NA,1,NA,NA,NA,1,NA,NA,1,1,NA,0,NA,NA,NA,NA,NA,1,0,NA,NA,1,0.842105263157895,NA,NA,NA,NA,NA,NA,NA,NA,NA,NA,NA,NA,NA,NA,NA,NA,NA,10,15,18,6,19,8,2,14,4,17,5,9,11,1,16,3,7,13,12,"FloorSex","MadMen","Neutral_clip_1st",9,1,7,6,2,3,1,3,8,1.47114112341028,-0.605644705859313,1.73584447292406
"5dc97b86f375a969573c2c7a","males","","Neutral_clip","100",739,"Yes","20","","","","","","","","","","","","","","","","","","","","","","","","","","","","","","","","","","","3.939","comforting","3.231","upset","5.927","amused","15.464","irritated","4.696","uneasy","11.562","despondent","15.371","cautious","5.247","terrified","4.543","sceptical","6.731","shy","9.059","irritated","9.361","thoughtful","4.571","friendly","10.718","apologetic","5.854","hostile","8.127","shy","9.929","alarmed","5.776","concerned","5.037","suspicious",5,1,5,4,6,9,6,5,1,"","Yes",22,"Male","Heterosexual or straight","","No","It was a really interesting study! I really felt the change in my state whilst answering the questions after viewing the sexual video.",", RMTE10, RMTE24, RMTE7, RMTE36, RMTE20, RMTE26, RMTE1, RMTE4, RMTE2, RMTE23, RMTE14, RMTE8, RMTE5, RMTE32, RMTE13, RMTE11, RMTE12, RMTE16, RMTE33","FL_125","","RMTE10_males|RMTE24_males|RMTE7_males|RMTE36-males|RMTE20_males|RMTE26_males|RMTE1_males|RMTE4_males|RMTE2_males|RMTE23_males","","FL_173|FL_163|FL_159|FL_185|FL_171|FL_167|FL_169|FL_175|FL_187","vidInstructionSex|FloorSex","vidInstructionNeut|WallE","|bored_1st|happy_1st|sex_arousal_1st|sadness_1st","|sadness_2nd|bored_2nd|happy_2nd|sex_arosal_2nd",12.3166666666667,0.231008815367552,NA,"Neutral_clip_1st",0,1,NA,0,0,NA,1,1,NA,1,0,1,0,0,NA,1,NA,NA,NA,1,NA,NA,0,0,NA,0,NA,NA,NA,NA,NA,0,1,NA,NA,1,0.473684210526316,NA,NA,NA,NA,NA,NA,NA,NA,NA,NA,NA,NA,NA,NA,NA,NA,NA,7,9,8,13,3,12,1,16,17,15,11,18,5,10,2,6,14,19,4,"FloorSex","WallE","Neutral_clip_1st",9,1,6,5,5,4,1,6,8,1.47114112341028,-0.605644705859313,1.73584447292406
"5dd05d80b2204f1487f7812c","males","","Neutral_clip","100",556,"Yes","20","","","","","","","","","","","","","","","","","","","","","","","","","","","","","","","","","","","7.325","comforting","5.281","upset","7.972","insisting","3.11","sarcastic","7.732","friendly","8","despondent","7.398","insisting","7.02","flirtatious","4.735","sceptical","9.021","anticipating","6.528","accusing","15.338","thoughtful","5.414","friendly","12.281","defiant","7.558","excited","3.673","hostile","3.674","serious","9.399","fantasizing","4.651","suspicious",6,1,4,2,1,7,5,1,1,"","yes",38,"Male","Heterosexual or straight","","No","Thanks for the opportunity",", RMTE7, RMTE13, RMTE36, RMTE8, RMTE4, RMTE14, RMTE24, RMTE33, RMTE23, RMTE16, RMTE11, RMTE5, RMTE32, RMTE12, RMTE26, RMTE2, RMTE10, RMTE1, RMTE20","FL_125","","RMTE7_males|RMTE13_males|RMTE36-males|RMTE8_males|RMTE4_males|RMTE14_males|RMTE24_males|RMTE33_males|RMTE23_males|RMTE16_males","","FL_167|FL_159|FL_185|FL_169|FL_183|FL_155|FL_165|FL_153|FL_177","vidInstructionSex|SamTaylor","vidInstructionNeut|MadMen","|sex_arousal_1st|sadness_1st|happy_1st|bored_1st","|bored_2nd|sadness_2nd|happy_2nd|sex_arosal_2nd",9.26666666666667,-0.365999081141491,NA,"Neutral_clip_1st",0,1,NA,1,0,NA,0,1,NA,0,0,1,1,1,NA,1,NA,NA,NA,1,NA,NA,1,0,NA,1,NA,NA,NA,NA,NA,1,0,NA,NA,1,0.631578947368421,NA,NA,NA,NA,NA,NA,NA,NA,NA,NA,NA,NA,NA,NA,NA,NA,NA,18,16,5,12,1,4,17,11,14,2,6,10,19,9,7,15,13,8,3,"SamTaylor","MadMen","Neutral_clip_1st",7,1,5,4,1,2,1,1,6,0.574186720222489,-0.605644705859313,0.878209524355217
"5deb9c5a4de9422935efe5e7","males","","Sex_clip","100",517,"Yes","20","","","","","","","","","","","","","","","","","","","","","","","","","","","","","","","","","","","5.608","playful","2.262","upset","32.539","insisting","3.844","worried","4.829","friendly","8.666","despondent","5.273","cautious","4.404","regretful","5.045","sceptical","4.971","anticipating","5.867","accusing","5.061","thoughtful","6.179","friendly","4.646","defiant","5.004","pensive","1.958","anxious","5.522","serious","4.846","concerned","5.457","suspicious",7,6,5,2,1,1,4,1,4,"","yes",37,"Male","Heterosexual or straight","","No","",", RMTE4, RMTE7, RMTE1, RMTE20, RMTE36, RMTE16, RMTE10, RMTE13, RMTE14, RMTE33, RMTE23, RMTE32, RMTE11, RMTE5, RMTE12, RMTE2, RMTE24, RMTE8, RMTE26","FL_125","","RMTE4_males|RMTE7_males|RMTE1_males|RMTE20_males|RMTE36-males|RMTE16_males|RMTE10_males|RMTE13_males|RMTE14_males|RMTE33_males","","FL_179|FL_185|FL_167|FL_159|FL_169|FL_155|FL_181|FL_163|FL_183","vidInstructionSex|SamTaylor","vidInstructionNeut|MadMen","|sex_arousal_1st|happy_1st|sadness_1st|bored_1st","|bored_2nd|happy_2nd|sex_arosal_2nd|sadness_2nd",8.61666666666667,-0.493230272200795,NA,"Sex_clip_1st",1,1,NA,1,1,NA,0,1,NA,1,1,1,1,1,NA,1,NA,NA,NA,1,NA,NA,1,1,NA,0,NA,NA,NA,NA,NA,1,1,NA,NA,1,0.894736842105263,NA,NA,NA,NA,NA,NA,NA,NA,NA,NA,NA,NA,NA,NA,NA,NA,NA,3,16,1,14,2,18,7,13,15,8,9,6,4,11,17,19,12,10,5,"SamTaylor","MadMen","Sex_clip_1st",6,1,5,4,2,1,1,4,5,0.125709518628592,-0.605644705859313,0.449392050070796
"5e01d2b1ff28a8d80931dc53","males","","Sex_clip","100",722,"Yes","20","","","","","","","","","","","","","","","","","","","","","","","","","","","","","","","","","","","6.099","playful","8.044","upset","5.497","insisting","6.765","irritated","4.807","uneasy","8.149","despondent","9.029","insisting","13.328","regretful","8.398","sceptical","6.88","shy","5.017","accusing","5.538","thoughtful","12.585","guilty","5.699","defiant","22.833","iIrritated","9.011","anxious","7.354","serious","6.703","concerned","7.6","suspicious",6,3,2,5,6,1,6,3,6,"","yes",27,"Male","Heterosexual or straight","","No","I accidentally clicked on the multi-choice on the attention check at the end, but couldn't deselect it, I still typed 'yes' into the box,",", RMTE10, RMTE36, RMTE12, RMTE32, RMTE5, RMTE13, RMTE20, RMTE23, RMTE24, RMTE2, RMTE8, RMTE7, RMTE4, RMTE16, RMTE11, RMTE33, RMTE1, RMTE14, RMTE26","FL_125","","RMTE10_males|RMTE36-males|RMTE12_males|RMTE32_males|RMTE5_males|RMTE13_males|RMTE20_males|RMTE23_males|RMTE24_males|RMTE2_males","","FL_163|FL_161|FL_157|FL_175|FL_167|FL_187|FL_153|FL_173|FL_183","vidInstructionSex|BedroomOral","vidInstructionNeut|WallE","|sex_arousal_1st|bored_1st|sadness_1st|happy_1st","|sadness_2nd|sex_arosal_2nd|happy_2nd|bored_2nd",12.0333333333333,0.175549065418624,NA,"Sex_clip_1st",1,1,NA,1,0,NA,1,1,NA,0,1,1,0,1,NA,1,NA,NA,NA,0,NA,NA,1,0,NA,0,NA,NA,NA,NA,NA,1,1,NA,NA,1,0.684210526315789,NA,NA,NA,NA,NA,NA,NA,NA,NA,NA,NA,NA,NA,NA,NA,NA,NA,17,10,13,5,12,11,1,15,3,6,18,14,7,8,9,19,4,16,2,"BedroomOral","WallE","Sex_clip_1st",3,1,2,6,5,3,6,6,2,-1.2197220861531,-0.605644705859313,-0.83706037278247
"5e04b2156f6c63f3737380c6","males","","Neutral_clip","100",623,"Yes","20","","","","","","","","","","","","","","","","","","","","","","","","","","","","","","","","","","","15.679","playful","9.559","terrified","11.506","insisting","6.255","worried","7.462","uneasy","9.338","despondent","8.238","cautious","9.24","regretful","8.476","sceptical","14.236","anticipating","14.474","accusing","8.954","thoughtful","6.357","friendly","17.25","defiant","7.885","pensive","6.568","hostile","6.927","serious","6.285","concerned","6.105","suspicious",1,1,3,1,6,7,1,1,1,"","yes",44,"Male","Heterosexual or straight","","No","",", RMTE16, RMTE32, RMTE12, RMTE23, RMTE36, RMTE5, RMTE20, RMTE33, RMTE14, RMTE26, RMTE2, RMTE11, RMTE4, RMTE13, RMTE1, RMTE8, RMTE10, RMTE7, RMTE24","FL_125","","RMTE16_males|RMTE32_males|RMTE12_males|RMTE23_males|RMTE36-males|RMTE5_males|RMTE20_males|RMTE33_males|RMTE14_males|RMTE26_males","","FL_155|FL_167|FL_157|FL_171|FL_153|FL_163|FL_165|FL_161|FL_181","vidInstructionSex|FloorSex","vidInstructionNeut|WallE","|sex_arousal_1st|happy_1st|bored_1st|sadness_1st","|sadness_2nd|happy_2nd|bored_2nd|sex_arosal_2nd",10.3833333333333,-0.147422419578071,NA,"Neutral_clip_1st",1,0,NA,1,1,NA,1,1,NA,1,1,1,1,1,NA,1,NA,NA,NA,1,NA,NA,1,1,NA,1,NA,NA,NA,NA,NA,1,1,NA,NA,1,0.947368421052632,NA,NA,NA,NA,NA,NA,NA,NA,NA,NA,NA,NA,NA,NA,NA,NA,NA,15,11,13,6,18,16,17,12,3,14,9,1,7,4,19,10,2,8,5,"FloorSex","WallE","Neutral_clip_1st",7,1,1,3,1,1,1,6,6,0.574186720222489,-0.605644705859313,0.878209524355217
"5e1b4375cd15fa36d5f2c3bd","males","","Sex_clip","100",543,"Yes","20","","","","","","","","","","","","","","","","","","","","","","","","","","","","","","","","","","","6.337","playful","3.971","upset","5.137","insisting","3.055","worried","3.496","uneasy","2.562","despondent","7.637","cautious","7.694","flirtatious","8.183","sceptical","12.753","anticipating","10.601","depressed","6.649","sympathetic","4.292","friendly","9.115","defiant","8.748","pensive","3.094","hostile","3.347","serious","5.291","concerned","3.836","suspicious",4,6,7,1,1,1,3,6,8,"","yes",32,"Male","Heterosexual or straight","","No","",", RMTE33, RMTE36, RMTE23, RMTE2, RMTE24, RMTE20, RMTE12, RMTE5, RMTE10, RMTE14, RMTE8, RMTE26, RMTE32, RMTE7, RMTE4, RMTE1, RMTE13, RMTE16, RMTE11","FL_125","","RMTE33_males|RMTE36-males|RMTE23_males|RMTE2_males|RMTE24_males|RMTE20_males|RMTE12_males|RMTE5_males|RMTE10_males|RMTE14_males","","FL_163|FL_183|FL_185|FL_161|FL_157|FL_153|FL_171|FL_175|FL_167","vidInstructionSex|BedroomOral","vidInstructionNeut|WallE","|sex_arousal_1st|sadness_1st|bored_1st|happy_1st","|bored_2nd|happy_2nd|sadness_2nd|sex_arosal_2nd",9.05,-0.408409478161259,NA,"Sex_clip_1st",1,1,NA,1,1,NA,1,1,NA,1,0,1,1,0,NA,0,NA,NA,NA,1,NA,NA,1,1,NA,1,NA,NA,NA,NA,NA,1,1,NA,NA,1,0.842105263157895,NA,NA,NA,NA,NA,NA,NA,NA,NA,NA,NA,NA,NA,NA,NA,NA,NA,16,4,15,8,14,11,9,19,7,17,10,18,6,3,5,12,13,1,2,"BedroomOral","WallE","Sex_clip_1st",6,1,7,3,1,6,1,8,5,0.125709518628592,-0.605644705859313,0.449392050070796
"5e1e6eccd727e91c36a943fd","males","","Sex_clip","100",954,"Yes","20","","","","","","","","","","","","","","","","","","","","","","","","","","","","","","","","","","","7.7","playful","8.407","upset","9.662","insisting","7.371","worried","13.917","uneasy","44.908","despondent","15.221","insisting","14.219","regretful","16.046","indifferent","9.222","anticipating","45.54","accusing","8.62","thoughtful","10.018","friendly","12.541","apologetic","7.735","pensive","7.385","hostile","8.22","serious","11.032","concerned","12.361","suspicious",6,3,6,1,4,1,4,2,3,"","yes",46,"Male","Heterosexual or straight","","No","",", RMTE10, RMTE16, RMTE36, RMTE14, RMTE23, RMTE33, RMTE2, RMTE1, RMTE32, RMTE5, RMTE20, RMTE4, RMTE8, RMTE7, RMTE13, RMTE12, RMTE11, RMTE26, RMTE24","FL_125","","RMTE10_males|RMTE16_males|RMTE36-males|RMTE14_males|RMTE23_males|RMTE33_males|RMTE2_males|RMTE1_males|RMTE32_males|RMTE5_males","","FL_177|FL_157|FL_163|FL_161|FL_171|FL_169|FL_167|FL_183|FL_181","vidInstructionSex|FloorSex","vidInstructionNeut|MadMen","|happy_1st|bored_1st|sex_arousal_1st|sadness_1st","|happy_2nd|bored_2nd|sadness_2nd|sex_arosal_2nd",15.9,0.93241153530987,NA,"Sex_clip_1st",1,1,NA,1,1,NA,1,1,NA,0,1,0,1,1,NA,1,NA,NA,NA,1,NA,NA,0,1,NA,1,NA,NA,NA,NA,NA,1,1,NA,NA,1,0.842105263157895,NA,NA,NA,NA,NA,NA,NA,NA,NA,NA,NA,NA,NA,NA,NA,NA,NA,8,7,12,10,14,13,1,17,16,15,4,2,11,5,19,18,9,6,3,"FloorSex","MadMen","Sex_clip_1st",3,1,6,4,1,2,4,3,2,-1.2197220861531,-0.605644705859313,-0.83706037278247
"5e1f075fdbc6702388d86951","males","","Neutral_clip","100",486,"Yes","20","","","","","","","","","","","","","","","","","","","","","","","","","","","","","","","","","","","6.047","playful","3.363","upset","3.726","insisting","3.051","worried","8.826","friendly","7.117","despondent","3.472","cautious","7.745","regretful","5.044","sceptical","6.038","anticipating","4.283","accusing","4.076","thoughtful","3.036","friendly","5.395","defiant","4.37","pensive","3.554","hostile","3.104","serious","4.717","guilty","3.561","suspicious",4,1,3,3,3,8,7,2,1,"","yes",24,"Male","Heterosexual or straight","","No","You should really put a disclaimer that there's going to be a porn video on the study notes. This could be bad if people are taking studies around kids or their family. :D",", RMTE1, RMTE11, RMTE8, RMTE4, RMTE36, RMTE24, RMTE2, RMTE20, RMTE26, RMTE23, RMTE12, RMTE5, RMTE33, RMTE13, RMTE14, RMTE7, RMTE32, RMTE10, RMTE16","FL_125","","RMTE1_males|RMTE11_males|RMTE8_males|RMTE4_males|RMTE36-males|RMTE24_males|RMTE2_males|RMTE20_males|RMTE26_males|RMTE23_males","","FL_169|FL_159|FL_187|FL_171|FL_173|FL_161|FL_185|FL_165|FL_175","vidInstructionSex|BedroomOral","vidInstructionNeut|MadMen","|bored_1st|sex_arousal_1st|happy_1st|sadness_1st","|bored_2nd|happy_2nd|sadness_2nd|sex_arosal_2nd",8.1,-0.594362757401781,NA,"Neutral_clip_1st",1,1,NA,1,1,NA,0,1,NA,1,1,1,1,1,NA,1,NA,NA,NA,1,NA,NA,1,1,NA,1,NA,NA,NA,NA,NA,1,0,NA,NA,1,0.894736842105263,NA,NA,NA,NA,NA,NA,NA,NA,NA,NA,NA,NA,NA,NA,NA,NA,NA,1,7,4,12,16,3,18,2,11,14,15,19,8,10,6,9,17,13,5,"BedroomOral","MadMen","Neutral_clip_1st",8,1,7,3,2,3,1,3,7,1.02266392181639,-0.605644705859313,1.30702699863964
"5e2a2b0f3d25b70994890969","males","","Sex_clip","100",560,"Yes","20","","","","","","","","","","","","","","","","","","","","","","","","","","","","","","","","","","","5.33","playful","7.466","upset","10.375","insisting","2.77","worried","11.797","dispirited","10.541","despondent","7.483","cautious","13.4","regretful","8.928","indifferent","8.104","anticipating","7.167","accusing","7.205","thoughtful","3.66","friendly","6.359","contented","10.641","pensive","18.461","shy","4.202","serious","4.413","concerned","4.059","suspicious",6,4,4,1,3,1,5,3,2,"","yes",28,"Male","Heterosexual or straight","","No","",", RMTE36, RMTE7, RMTE33, RMTE24, RMTE20, RMTE5, RMTE32, RMTE4, RMTE2, RMTE23, RMTE8, RMTE1, RMTE10, RMTE12, RMTE16, RMTE11, RMTE14, RMTE26, RMTE13","FL_125","","RMTE36-males|RMTE7_males|RMTE33_males|RMTE24_males|RMTE20_males|RMTE5_males|RMTE32_males|RMTE4_males|RMTE2_males|RMTE23_males","","FL_163|FL_153|FL_165|FL_169|FL_175|FL_167|FL_173|FL_183|FL_171","vidInstructionSex|BedroomOral","vidInstructionNeut|ModernFamily","|happy_1st|bored_1st|sex_arousal_1st|sadness_1st","|sex_arosal_2nd|sadness_2nd|happy_2nd|bored_2nd",9.33333333333333,-0.352949728212332,NA,"Sex_clip_1st",1,1,NA,1,1,NA,0,1,NA,1,1,0,1,1,NA,1,NA,NA,NA,1,NA,NA,0,1,NA,0,NA,NA,NA,NA,NA,1,1,NA,NA,1,0.789473684210526,NA,NA,NA,NA,NA,NA,NA,NA,NA,NA,NA,NA,NA,NA,NA,NA,NA,12,9,8,6,2,11,13,16,14,19,17,15,5,10,4,18,7,3,1,"BedroomOral","ModernFamily","Sex_clip_1st",4,1,4,5,1,3,3,2,3,-0.771244884559201,-0.605644705859313,-0.408242898498048
"5e42eae0c9987606308d6f0c","males","","Sex_clip","100",581,"Yes","20","","","","","","","","","","","","","","","","","","","","","","","","","","","","","","","","","","","4.396","playful","4.4","upset","6.022","amused","3.557","worried","5.002","uneasy","10.831","despondent","6.228","insisting","4.726","regretful","4.156","sceptical","5.003","anticipating","6.259","accusing","5.801","thoughtful","6.314","friendly","5.621","defiant","6.15","pensive","5.185","hostile","4.479","serious","3.515","concerned","4.389","suspicious",9,6,9,1,1,1,4,1,1,"","yes",35,"Male","Heterosexual or straight","","No","",", RMTE20, RMTE26, RMTE36, RMTE7, RMTE16, RMTE8, RMTE33, RMTE13, RMTE10, RMTE4, RMTE32, RMTE2, RMTE14, RMTE12, RMTE24, RMTE11, RMTE5, RMTE1, RMTE23","FL_125","","RMTE20_males|RMTE26_males|RMTE36-males|RMTE7_males|RMTE16_males|RMTE8_males|RMTE33_males|RMTE13_males|RMTE10_males|RMTE4_males","","FL_185|FL_155|FL_173|FL_169|FL_181|FL_167|FL_159|FL_153|FL_179","vidInstructionSex|SamTaylor","vidInstructionNeut|MadMen","|happy_1st|bored_1st|sadness_1st|sex_arousal_1st","|bored_2nd|sadness_2nd|happy_2nd|sex_arosal_2nd",9.68333333333333,-0.284440625334245,NA,"Sex_clip_1st",1,1,NA,0,1,NA,1,1,NA,0,1,1,1,1,NA,1,NA,NA,NA,1,NA,NA,1,1,NA,1,NA,NA,NA,NA,NA,1,1,NA,NA,1,0.894736842105263,NA,NA,NA,NA,NA,NA,NA,NA,NA,NA,NA,NA,NA,NA,NA,NA,NA,18,12,10,17,4,6,9,16,14,8,13,5,1,19,15,2,11,7,3,"SamTaylor","MadMen","Sex_clip_1st",6,1,9,4,1,1,1,1,5,0.125709518628592,-0.605644705859313,0.449392050070796
"5e6003da868950348ea8cdec","males","","Sex_clip","100",734,"Yes","20","","","","","","","","","","","","","","","","","","","","","","","","","","","","","","","","","","","7.804","playful","11.248","upset","7.834","insisting","7.502","worried","7.425","uneasy","9.653","relieved","9.467","cautious","10.825","regretful","8.899","sceptical","8.519","anticipating","12.725","accusing","7.324","sympathetic","7.787","friendly","9.493","defiant","10.98","hostile","7.975","anxious","11.146","serious","8.418","concerned","8.681","suspicious",6,7,5,1,4,1,5,2,6,"","yes",41,"Male","Heterosexual or straight","","No","",", RMTE10, RMTE14, RMTE36, RMTE20, RMTE2, RMTE7, RMTE1, RMTE33, RMTE12, RMTE4, RMTE11, RMTE16, RMTE8, RMTE23, RMTE13, RMTE24, RMTE5, RMTE26, RMTE32","FL_125","","RMTE10_males|RMTE14_males|RMTE36-males|RMTE20_males|RMTE2_males|RMTE7_males|RMTE1_males|RMTE33_males|RMTE12_males|RMTE4_males","","FL_167|FL_175|FL_163|FL_179|FL_171|FL_181|FL_159|FL_183|FL_185","vidInstructionSex|FloorSex","vidInstructionNeut|ModernFamily","|sadness_1st|sex_arousal_1st|happy_1st|bored_1st","|bored_2nd|sadness_2nd|happy_2nd|sex_arosal_2nd",12.2333333333333,0.214697124206102,NA,"Sex_clip_1st",1,1,NA,1,1,NA,1,0,NA,1,1,1,1,1,NA,0,NA,NA,NA,1,NA,NA,1,0,NA,0,NA,NA,NA,NA,NA,1,1,NA,NA,1,0.789473684210526,NA,NA,NA,NA,NA,NA,NA,NA,NA,NA,NA,NA,NA,NA,NA,NA,NA,7,5,10,17,6,13,1,11,9,15,2,12,4,14,16,18,19,8,3,"FloorSex","ModernFamily","Sex_clip_1st",7,1,5,5,1,2,4,6,6,0.574186720222489,-0.605644705859313,0.878209524355217
"5e60d4a10cad97000bb52925","males","","Neutral_clip","100",513,"Yes","20","","","","","","","","","","","","","","","","","","","","","","","","","","","","","","","","","","","5.496","bored","2.449","upset","3.739","insisting","2.035","sarcastic","6.056","dispirited","3.466","shy","2.616","bored","2.98","regretful","5.507","sceptical","1.572","anticipating","3.042","accusing","2.278","thoughtful","2.213","friendly","2.125","curious","2.124","hostile","4.167","hostile","3.689","serious","5.022","fantasizing","10.683","suspicious",6,1,9,2,1,1,1,9,9,"","yes",23,"Male","Heterosexual or straight","","No","did not enjoy study due to the extremely explicit video ",", RMTE1, RMTE24, RMTE32, RMTE14, RMTE11, RMTE20, RMTE10, RMTE26, RMTE33, RMTE5, RMTE36, RMTE23, RMTE13, RMTE16, RMTE4, RMTE2, RMTE7, RMTE8, RMTE12","FL_125","","RMTE1_males|RMTE24_males|RMTE32_males|RMTE14_males|RMTE11_males|RMTE20_males|RMTE10_males|RMTE26_males|RMTE33_males|RMTE5_males","","FL_189|FL_179|FL_171|FL_175|FL_157|FL_155|FL_161|FL_163|FL_169","vidInstructionSex|BedroomOral","vidInstructionNeut|WallE","|sex_arousal_1st|bored_1st|happy_1st|sadness_1st","|bored_2nd|happy_2nd|sadness_2nd|sex_arosal_2nd",8.55,-0.506279625129955,NA,"Neutral_clip_1st",0,1,NA,1,0,NA,0,0,NA,0,1,1,1,1,NA,1,NA,NA,NA,1,NA,NA,0,0,NA,1,NA,NA,NA,NA,NA,1,0,NA,NA,1,0.578947368421053,NA,NA,NA,NA,NA,NA,NA,NA,NA,NA,NA,NA,NA,NA,NA,NA,NA,1,16,15,10,17,18,7,5,19,13,4,14,6,12,2,8,3,9,11,"BedroomOral","WallE","Neutral_clip_1st",1,1,1,9,9,2,9,1,0,-2.11667648934089,-0.605644705859313,-1.69469532135131
"5e63cacbe43f28152567f42b","males","","Neutral_clip","100",717,"Yes","20","","","","","","","","","","","","","","","","","","","","","","","","","","","","","","","","","","","7.642","playful","11.831","upset","11.34","amused","8.496","worried","10.962","uneasy","9.882","despondent","20.646","bored","13.347","regretful","8.604","sceptical","12.088","anticipating","13.963","accusing","9.395","thoughtful","9.667","friendly","13.367","defiant","12.752","pensive","11.582","hostile","11.765","serious","11.543","concerned","8.846","suspicious",4,2,2,3,6,5,4,1,3,"","yes",45,"Male","Heterosexual or straight","","No","",", RMTE26, RMTE13, RMTE4, RMTE11, RMTE2, RMTE14, RMTE16, RMTE10, RMTE12, RMTE32, RMTE7, RMTE1, RMTE36, RMTE20, RMTE33, RMTE23, RMTE8, RMTE5, RMTE24","FL_125","","RMTE26_males|RMTE13_males|RMTE4_males|RMTE11_males|RMTE2_males|RMTE14_males|RMTE16_males|RMTE10_males|RMTE12_males|RMTE32_males","","FL_161|FL_153|FL_189|FL_177|FL_187|FL_179|FL_163|FL_159|FL_181","vidInstructionSex|FloorSex","vidInstructionNeut|MadMen","|bored_1st|sex_arousal_1st|sadness_1st|happy_1st","|sex_arosal_2nd|sadness_2nd|happy_2nd|bored_2nd",11.95,0.159237374257175,NA,"Neutral_clip_1st",1,1,NA,0,1,NA,1,1,NA,0,1,1,1,1,NA,1,NA,NA,NA,1,NA,NA,1,1,NA,1,NA,NA,NA,NA,NA,1,1,NA,NA,1,0.894736842105263,NA,NA,NA,NA,NA,NA,NA,NA,NA,NA,NA,NA,NA,NA,NA,NA,NA,12,5,3,18,11,17,8,4,9,2,6,7,14,16,19,1,10,15,13,"FloorSex","MadMen","Neutral_clip_1st",5,2,4,2,1,3,3,6,3,-0.322767682965304,0.183287213615318,-0.408242898498048
"5e6a6d1f833f2d021f683ea7","males","","Sex_clip","100",594,"Yes","20","","","","","","","","","","","","","","","","","","","","","","","","","","","","","","","","","","","4.581","playful","2.97","terrified","6.979","insisting","3.062","worried","3.269","uneasy","5.255","despondent","3.494","cautious","4.791","regretful","3.064","sceptical","5.269","anticipating","4.418","accusing","3.301","thoughtful","4.004","friendly","3.167","curious","4.817","pensive","3.485","hostile","3.645","serious","3.393","concerned","2.923","suspicious",7,2,3,4,4,1,9,5,1,"","Yes",39,"Male","Heterosexual or straight","","No","",", RMTE11, RMTE5, RMTE1, RMTE14, RMTE13, RMTE12, RMTE7, RMTE32, RMTE24, RMTE36, RMTE23, RMTE16, RMTE10, RMTE4, RMTE26, RMTE2, RMTE8, RMTE20, RMTE33","FL_125","","RMTE11_males|RMTE5_males|RMTE1_males|RMTE14_males|RMTE13_males|RMTE12_males|RMTE7_males|RMTE32_males|RMTE24_males|RMTE36-males","","FL_179|FL_175|FL_165|FL_157|FL_183|FL_155|FL_163|FL_177|FL_187","vidInstructionSex|FloorSex","vidInstructionNeut|WallE","|happy_1st|sadness_1st|bored_1st|sex_arousal_1st","|sex_arosal_2nd|bored_2nd|sadness_2nd|happy_2nd",9.9,-0.242030228314477,NA,"Sex_clip_1st",1,0,NA,1,1,NA,1,1,NA,1,1,1,1,1,NA,1,NA,NA,NA,1,NA,NA,0,1,NA,1,NA,NA,NA,NA,NA,1,1,NA,NA,1,0.894736842105263,NA,NA,NA,NA,NA,NA,NA,NA,NA,NA,NA,NA,NA,NA,NA,NA,NA,3,16,14,2,7,17,13,1,6,5,4,12,18,11,9,15,8,19,10,"FloorSex","WallE","Sex_clip_1st",2,1,3,9,4,5,4,1,1,-1.66819928774699,-0.605644705859313,-1.26587784706689
"5e78c0a426450503858d82c9","males","","Neutral_clip","100",508,"Yes","20","","","","","","","","","","","","","","","","","","","","","","","","","","","","","","","","","","","4.091","playful","6.022","upset","5.654","amused","7.866","irritated","5.767","uneasy","5.259","excited","5.916","insisting","8.014","regretful","2.916","embarrassed","6.759","threatening","7.409","accusing","2.263","thoughtful","4.656","friendly","7.906","defiant","7.285","pensive","5.821","hostile","5.975","serious","4.495","concerned","4.426","suspicious",2,1,7,1,3,2,1,2,9,"","yes",35,"Male","Heterosexual or straight","","No","",", RMTE23, RMTE2, RMTE10, RMTE20, RMTE8, RMTE32, RMTE4, RMTE14, RMTE7, RMTE16, RMTE26, RMTE24, RMTE13, RMTE36, RMTE12, RMTE5, RMTE1, RMTE33, RMTE11","FL_125","","RMTE23_males|RMTE2_males|RMTE10_males|RMTE20_males|RMTE8_males|RMTE32_males|RMTE4_males|RMTE14_males|RMTE7_males|RMTE16_males","","FL_183|FL_181|FL_171|FL_189|FL_169|FL_159|FL_153|FL_187|FL_167","vidInstructionSex|FloorSex","vidInstructionNeut|ModernFamily","|bored_1st|sadness_1st|sex_arousal_1st|happy_1st","|bored_2nd|happy_2nd|sadness_2nd|sex_arosal_2nd",8.46666666666667,-0.522591316291404,NA,"Neutral_clip_1st",1,1,NA,0,0,NA,1,0,NA,0,1,0,0,1,NA,1,NA,NA,NA,1,NA,NA,1,1,NA,1,NA,NA,NA,NA,NA,1,1,NA,NA,1,0.684210526315789,NA,NA,NA,NA,NA,NA,NA,NA,NA,NA,NA,NA,NA,NA,NA,NA,NA,17,2,7,16,9,5,3,19,15,13,8,10,4,1,12,11,6,18,14,"FloorSex","ModernFamily","Neutral_clip_1st",2,1,1,7,2,1,9,3,1,-1.66819928774699,-0.605644705859313,-1.26587784706689
"5e7b3f252bbf0812dccd5502","males","","Sex_clip","100",1062,"Yes","20","","","","","","","","","","","","","","","","","","","","","","","","","","","","","","","","","","","7.019","playful","6.373","terrified","7.421","joking","5.094","worried","12.926","friendly","4.438","despondent","4.977","insisting","8.004","regretful","7.127","sceptical","4.716","decisive","8.631","disappointed","7.824","thoughtful","6.751","friendly","42.814","curious","6.067","pensive","3.337","hostile","3.616","serious","6.91","fantasizing","7.065","ashamed",8,3,6,3,8,1,9,1,1,"","yes",29,"Male","Heterosexual or straight","","No","",", RMTE1, RMTE11, RMTE5, RMTE16, RMTE7, RMTE36, RMTE12, RMTE23, RMTE26, RMTE32, RMTE20, RMTE14, RMTE8, RMTE10, RMTE4, RMTE24, RMTE33, RMTE2, RMTE13","FL_125","","RMTE1_males|RMTE11_males|RMTE5_males|RMTE16_males|RMTE7_males|RMTE36-males|RMTE12_males|RMTE23_males|RMTE26_males|RMTE32_males","","FL_177|FL_173|FL_163|FL_165|FL_157|FL_181|FL_187|FL_155|FL_171","vidInstructionSex|FloorSex","vidInstructionNeut|WallE","|sex_arousal_1st|sadness_1st|happy_1st|bored_1st","|sex_arosal_2nd|happy_2nd|bored_2nd|sadness_2nd",17.7,1.28474406439717,NA,"Sex_clip_1st",1,0,NA,0,1,NA,0,1,NA,0,1,1,0,0,NA,1,NA,NA,NA,1,NA,NA,0,1,NA,1,NA,NA,NA,NA,NA,1,0,NA,NA,0,0.526315789473684,NA,NA,NA,NA,NA,NA,NA,NA,NA,NA,NA,NA,NA,NA,NA,NA,NA,1,18,15,3,5,13,14,2,7,19,12,4,11,8,16,9,10,17,6,"FloorSex","WallE","Sex_clip_1st",3,1,6,9,3,1,8,1,2,-1.2197220861531,-0.605644705859313,-0.83706037278247
"5e7b779563c6dc05953e3669","males","","Neutral_clip","100",1079,"Yes","20","","","","","","","","","","","","","","","","","","","","","","","","","","","","","","","","","","","3.721","playful","5.078","upset","8.4","insisting","3.148","worried","7.676","uneasy","6.618","despondent","6.483","insisting","8.192","flirtatious","4.588","sceptical","5.11","anticipating","21.669","accusing","3.079","thoughtful","2.639","friendly","6.343","defiant","26.661","pensive","4.017","hostile","7.744","serious","6.065","fantasizing","4.33","suspicious",6,3,5,1,1,7,4,3,1,"","yes",37,"Male","Heterosexual or straight","","No","",", RMTE14, RMTE2, RMTE5, RMTE26, RMTE23, RMTE20, RMTE16, RMTE32, RMTE8, RMTE10, RMTE24, RMTE11, RMTE33, RMTE13, RMTE36, RMTE4, RMTE1, RMTE7, RMTE12","FL_125","","RMTE14_males|RMTE2_males|RMTE5_males|RMTE26_males|RMTE23_males|RMTE20_males|RMTE16_males|RMTE32_males|RMTE8_males|RMTE10_males","","FL_181|FL_167|FL_187|FL_171|FL_189|FL_157|FL_153|FL_161|FL_169","vidInstructionSex|SamTaylor","vidInstructionNeut|ModernFamily","|happy_1st|sadness_1st|bored_1st|sex_arousal_1st","|sex_arosal_2nd|sadness_2nd|bored_2nd|happy_2nd",17.9833333333333,1.3402038143461,NA,"Neutral_clip_1st",1,1,NA,1,1,NA,1,1,NA,0,0,1,1,1,NA,1,NA,NA,NA,1,NA,NA,1,1,NA,1,NA,NA,NA,NA,NA,1,0,NA,NA,1,0.842105263157895,NA,NA,NA,NA,NA,NA,NA,NA,NA,NA,NA,NA,NA,NA,NA,NA,NA,17,2,16,3,18,9,10,12,19,14,1,7,6,5,11,4,8,13,15,"SamTaylor","ModernFamily","Neutral_clip_1st",7,3,4,5,3,1,1,1,4,0.574186720222489,0.97221913308995,0.0205745757863738
"5e7c7bf3ca18002bd9cf6eca","males","","Neutral_clip","100",553,"Yes","20","","","","","","","","","","","","","","","","","","","","","","","","","","","","","","","","","","","4.344","playful","3.453","annoyed","1.675","relaxed","5.306","worried","1.911","dispirited","5.465","shy","2.05","insisting","1.58","regretful","2.341","dispirited","2.694","decisive","3.546","disappointed","42.509","thoughtful","2.11","dominant","6.1","defiant","2.41","pensive","5.814","hostile","3.658","serious","5.112","concerned","5.501","suspicious",3,3,3,5,4,3,4,6,5,"","Yes",42,"Male","Heterosexual or straight","","No","",", RMTE36, RMTE33, RMTE26, RMTE5, RMTE8, RMTE23, RMTE14, RMTE12, RMTE13, RMTE16, RMTE32, RMTE10, RMTE1, RMTE7, RMTE11, RMTE24, RMTE4, RMTE20, RMTE2","FL_125","","RMTE36-males|RMTE33_males|RMTE26_males|RMTE5_males|RMTE8_males|RMTE23_males|RMTE14_males|RMTE12_males|RMTE13_males|RMTE16_males","","FL_185|FL_165|FL_153|FL_161|FL_167|FL_181|FL_157|FL_177|FL_155","vidInstructionSex|SamTaylor","vidInstructionNeut|ModernFamily","|sadness_1st|happy_1st|sex_arousal_1st|bored_1st","|sadness_2nd|sex_arosal_2nd|happy_2nd|bored_2nd",9.21666666666667,-0.375786095838361,NA,"Neutral_clip_1st",1,0,NA,0,1,NA,0,0,NA,0,1,0,0,0,NA,1,NA,NA,NA,0,NA,NA,1,1,NA,1,NA,NA,NA,NA,NA,1,1,NA,NA,1,0.526315789473684,NA,NA,NA,NA,NA,NA,NA,NA,NA,NA,NA,NA,NA,NA,NA,NA,NA,13,19,17,4,14,5,12,15,8,9,7,10,18,6,16,3,11,2,1,"SamTaylor","ModernFamily","Neutral_clip_1st",3,3,4,3,6,5,5,4,0,-1.2197220861531,0.97221913308995,-1.69469532135131
"5e81ad7cb706bb88bc5c2fc8","males","","Neutral_clip","100",489,"Yes","20","","","","","","","","","","","","","","","","","","","","","","","","","","","","","","","","","","","7.298","playful","7.918","terrified","4.679","insisting","4.356","worried","5.665","uneasy","4.045","shy","5.133","insisting","3.832","regretful","5.9","sceptical","9.2","anticipating","3.991","accusing","2.694","thoughtful","3.409","friendly","3.725","curious","5.178","pensive","3.869","hostile","4.644","serious","2.919","concerned","3.122","suspicious",8,1,7,3,3,8,8,1,1,"","yes",34,"Male","Heterosexual or straight","","No","",", RMTE13, RMTE1, RMTE24, RMTE32, RMTE10, RMTE33, RMTE11, RMTE20, RMTE7, RMTE5, RMTE2, RMTE14, RMTE23, RMTE4, RMTE16, RMTE36, RMTE12, RMTE26, RMTE8","FL_125","","RMTE13_males|RMTE1_males|RMTE24_males|RMTE32_males|RMTE10_males|RMTE33_males|RMTE11_males|RMTE20_males|RMTE7_males|RMTE5_males","","FL_155|FL_173|FL_179|FL_157|FL_175|FL_189|FL_169|FL_183|FL_163","vidInstructionSex|BedroomOral","vidInstructionNeut|WallE","|sadness_1st|sex_arousal_1st|bored_1st|happy_1st","|bored_2nd|sadness_2nd|sex_arosal_2nd|happy_2nd",8.15,-0.584575742704911,NA,"Neutral_clip_1st",1,0,NA,1,1,NA,1,0,NA,0,1,1,1,1,NA,1,NA,NA,NA,1,NA,NA,0,1,NA,1,NA,NA,NA,NA,NA,1,1,NA,NA,1,0.789473684210526,NA,NA,NA,NA,NA,NA,NA,NA,NA,NA,NA,NA,NA,NA,NA,NA,NA,2,11,14,10,9,19,5,7,17,1,12,15,8,13,3,18,4,6,16,"BedroomOral","WallE","Neutral_clip_1st",8,1,8,7,1,3,1,3,7,1.02266392181639,-0.605644705859313,1.30702699863964
"5e81f1279e9c32000b02d15e","males","","Sex_clip","100",372,"Yes","20","","","","","","","","","","","","","","","","","","","","","","","","","","","","","","","","","","","2.598","playful","5.492","terrified","7.979","insisting","5.774","sarcastic","5.927","friendly","5.028","despondent","6.332","insisting","5.929","regretful","5.582","embarrassed","3.784","anticipating","3.628","accusing","4.139","thoughtful","3.802","friendly","5.231","defiant","6.375","pensive","3.693","hostile","3.136","serious","2.513","concerned","5.422","suspicious",7,7,6,1,1,5,8,1,1,"","yes",33,"Male","Heterosexual or straight","","No","",", RMTE4, RMTE10, RMTE24, RMTE20, RMTE13, RMTE11, RMTE36, RMTE8, RMTE14, RMTE7, RMTE32, RMTE33, RMTE23, RMTE26, RMTE1, RMTE12, RMTE2, RMTE16, RMTE5","FL_125","","RMTE4_males|RMTE10_males|RMTE24_males|RMTE20_males|RMTE13_males|RMTE11_males|RMTE36-males|RMTE8_males|RMTE14_males|RMTE7_males","","FL_185|FL_187|FL_179|FL_183|FL_153|FL_169|FL_155|FL_175|FL_159","vidInstructionSex|BedroomOral","vidInstructionNeut|ModernFamily","|sex_arousal_1st|happy_1st|sadness_1st|bored_1st","|sex_arosal_2nd|happy_2nd|sadness_2nd|bored_2nd",6.2,-0.966269315882824,NA,"Sex_clip_1st",1,0,NA,1,0,NA,0,1,NA,0,1,0,1,1,NA,1,NA,NA,NA,1,NA,NA,1,1,NA,1,NA,NA,NA,NA,NA,1,1,NA,NA,1,0.736842105263158,NA,NA,NA,NA,NA,NA,NA,NA,NA,NA,NA,NA,NA,NA,NA,NA,NA,15,17,1,19,10,8,2,6,16,5,9,18,4,13,3,14,11,12,7,"BedroomOral","ModernFamily","Sex_clip_1st",7,5,6,8,1,1,1,1,2,0.574186720222489,2.55008297203921,-0.83706037278247
"5ea03ed29cb1f00672af3eda","males","","Neutral_clip","100",507,"Yes","20","","","","","","","","","","","","","","","","","","","","","","","","","","","","","","","","","","","3.681","playful","3.92","terrified","8.002","insisting","4.93","worried","5.473","dispirited","3.287","despondent","5.167","cautious","3.872","regretful","2.441","embarrassed","4.124","anticipating","8.562","irritated","3.444","thoughtful","6.008","friendly","5.996","defiant","4.419","pensive","4.551","hostile","3.206","serious","3.145","concerned","4.082","suspicious",6,2,5,1,7,7,6,1,1,"","yes",40,"Male","Heterosexual or straight","","No","",", RMTE14, RMTE23, RMTE11, RMTE36, RMTE2, RMTE10, RMTE26, RMTE13, RMTE5, RMTE20, RMTE33, RMTE24, RMTE4, RMTE7, RMTE8, RMTE12, RMTE16, RMTE32, RMTE1","FL_125","","RMTE14_males|RMTE23_males|RMTE11_males|RMTE36-males|RMTE2_males|RMTE10_males|RMTE26_males|RMTE13_males|RMTE5_males|RMTE20_males","","FL_187|FL_181|FL_157|FL_161|FL_163|FL_169|FL_175|FL_185|FL_153","vidInstructionSex|BedroomOral","vidInstructionNeut|ModernFamily","|sadness_1st|sex_arousal_1st|happy_1st|bored_1st","|bored_2nd|sex_arosal_2nd|sadness_2nd|happy_2nd",8.45,-0.525853654523694,NA,"Neutral_clip_1st",1,0,NA,1,1,NA,0,1,NA,1,1,0,1,0,NA,1,NA,NA,NA,1,NA,NA,1,1,NA,1,NA,NA,NA,NA,NA,1,1,NA,NA,1,0.789473684210526,NA,NA,NA,NA,NA,NA,NA,NA,NA,NA,NA,NA,NA,NA,NA,NA,NA,19,5,13,9,14,15,6,3,16,8,1,17,10,2,12,7,18,11,4,"BedroomOral","ModernFamily","Neutral_clip_1st",7,2,6,5,1,1,1,7,5,0.574186720222489,0.183287213615318,0.449392050070796
"5ea551c094a32d5228f95bf2","males","","Neutral_clip","100",669,"Yes","20","","","","","","","","","","","","","","","","","","","","","","","","","","","","","","","","","","","10.697","playful","10.689","upset","5.781","insisting","5.319","worried","10.961","friendly","12.895","despondent","9.273","cautious","6.37","regretful","5.026","sceptical","7.252","anticipating","11.784","irritated","7.158","thoughtful","5.865","friendly","21.177","contented","22.26","pensive","5.434","hostile","5.115","serious","10.725","concerned","9.151","suspicious",3,3,8,1,1,1,5,1,9,"","yes",39,"Male","Heterosexual or straight","","No","",", RMTE33, RMTE10, RMTE1, RMTE2, RMTE7, RMTE13, RMTE8, RMTE24, RMTE4, RMTE16, RMTE36, RMTE26, RMTE5, RMTE11, RMTE23, RMTE12, RMTE20, RMTE32, RMTE14","FL_125","","RMTE33_males|RMTE10_males|RMTE1_males|RMTE2_males|RMTE7_males|RMTE13_males|RMTE8_males|RMTE24_males|RMTE4_males|RMTE16_males","","FL_189|FL_183|FL_159|FL_167|FL_179|FL_169|FL_177|FL_185|FL_173","vidInstructionSex|FloorSex","vidInstructionNeut|MadMen","|sadness_1st|happy_1st|sex_arousal_1st|bored_1st","|sadness_2nd|bored_2nd|sex_arosal_2nd|happy_2nd",11.15,0.00264513910726212,NA,"Neutral_clip_1st",1,1,NA,1,1,NA,0,1,NA,1,1,1,1,0,NA,1,NA,NA,NA,1,NA,NA,0,1,NA,1,NA,NA,NA,NA,NA,1,1,NA,NA,1,0.842105263157895,NA,NA,NA,NA,NA,NA,NA,NA,NA,NA,NA,NA,NA,NA,NA,NA,NA,3,4,9,13,5,7,2,14,16,6,19,10,17,15,8,12,18,1,11,"FloorSex","MadMen","Neutral_clip_1st",1,3,5,8,1,1,9,1,-2,-2.11667648934089,0.97221913308995,-2.55233026992016
"5ea7e6404920c71db37018f8","males","","Sex_clip","100",890,"Yes","20","","","","","","","","","","","","","","","","","","","","","","","","","","","","","","","","","","","25.797","playful","4.259","upset","23.025","insisting","4.817","worried","17.37","uneasy","15.275","despondent","8.691","insisting","26.037","regretful","7.267","sceptical","10.179","anticipating","7.43","accusing","8.801","thoughtful","8.1","guilty","15.269","defiant","8.199","pensive","6.383","hostile","31.813","serious","6.148","guilty","5.684","suspicious",6,7,7,2,2,4,8,1,2,"","yes",43,"Male","Heterosexual or straight","","No","",", RMTE23, RMTE24, RMTE20, RMTE12, RMTE8, RMTE10, RMTE13, RMTE26, RMTE1, RMTE14, RMTE7, RMTE33, RMTE32, RMTE4, RMTE11, RMTE16, RMTE5, RMTE2, RMTE36","FL_125","","RMTE23_males|RMTE24_males|RMTE20_males|RMTE12_males|RMTE8_males|RMTE10_males|RMTE13_males|RMTE26_males|RMTE1_males|RMTE14_males","","FL_161|FL_187|FL_185|FL_157|FL_167|FL_175|FL_159|FL_155|FL_189","vidInstructionSex|BedroomOral","vidInstructionNeut|ModernFamily","|bored_1st|happy_1st|sadness_1st|sex_arousal_1st","|sadness_2nd|sex_arosal_2nd|bored_2nd|happy_2nd",14.8333333333333,0.723621888443319,NA,"Sex_clip_1st",1,1,NA,1,1,NA,1,1,NA,0,1,1,1,1,NA,1,NA,NA,NA,0,NA,NA,1,1,NA,1,NA,NA,NA,NA,NA,1,0,NA,NA,1,0.842105263157895,NA,NA,NA,NA,NA,NA,NA,NA,NA,NA,NA,NA,NA,NA,NA,NA,NA,9,18,14,17,11,5,6,15,4,7,10,16,3,1,2,8,13,12,19,"BedroomOral","ModernFamily","Sex_clip_1st",7,4,7,8,2,1,2,2,3,0.574186720222489,1.76115105256458,-0.408242898498048
"5eaafb91f049d7088e8dcab4","males","","Sex_clip","100",668,"Yes","20","","","","","","","","","","","","","","","","","","","","","","","","","","","","","","","","","","","3.556","playful","6.844","upset","6.719","insisting","5.62","worried","8.289","uneasy","5.2","despondent","9.218","cautious","9.194","regretful","7.456","sceptical","15.334","anticipating","8.765","accusing","42.983","thoughtful","9.597","guilty","5.096","defiant","9.308","pensive","11.539","hostile","6.577","serious","9.454","guilty","7.512","suspicious",7,5,5,5,5,4,5,6,5,"","yes",47,"Male","Heterosexual or straight","","No","",", RMTE33, RMTE5, RMTE13, RMTE10, RMTE12, RMTE24, RMTE32, RMTE26, RMTE20, RMTE16, RMTE36, RMTE4, RMTE2, RMTE23, RMTE11, RMTE7, RMTE8, RMTE1, RMTE14","FL_125","","RMTE33_males|RMTE5_males|RMTE13_males|RMTE10_males|RMTE12_males|RMTE24_males|RMTE32_males|RMTE26_males|RMTE20_males|RMTE16_males","","FL_189|FL_157|FL_155|FL_179|FL_167|FL_161|FL_163|FL_153|FL_173","vidInstructionSex|FloorSex","vidInstructionNeut|ModernFamily","|bored_1st|happy_1st|sex_arousal_1st|sadness_1st","|sex_arosal_2nd|happy_2nd|bored_2nd|sadness_2nd",11.1333333333333,-0.000617199125027729,NA,"Sex_clip_1st",1,1,NA,1,1,NA,1,1,NA,1,1,1,1,1,NA,1,NA,NA,NA,0,NA,NA,1,1,NA,1,NA,NA,NA,NA,NA,1,0,NA,NA,1,0.894736842105263,NA,NA,NA,NA,NA,NA,NA,NA,NA,NA,NA,NA,NA,NA,NA,NA,NA,18,13,12,2,16,17,4,15,5,3,19,10,9,14,6,8,7,1,11,"FloorSex","ModernFamily","Sex_clip_1st",5,4,5,5,5,6,5,5,1,-0.322767682965304,1.76115105256458,-1.26587784706689
"5eac3c1950fecd25d2d6d5ed","males","","Neutral_clip","100",465,"Yes","20","","","","","","","","","","","","","","","","","","","","","","","","","","","","","","","","","","","4.921","playful","3.486","upset","6.77","insisting","7.448","worried","6.061","uneasy","5.005","despondent","5.754","insisting","5.828","terrified","4.966","embarrassed","6.207","shy","5.365","accusing","9.013","sympathetic","4.62","friendly","5.448","curious","20.721","pensive","5.18","hostile","3.813","serious","4.297","concerned","4.233","indecisive",5,1,3,3,7,6,5,2,2,"","yes",43,"Male","Heterosexual or straight","","No","",", RMTE16, RMTE7, RMTE4, RMTE8, RMTE10, RMTE14, RMTE26, RMTE2, RMTE1, RMTE32, RMTE24, RMTE5, RMTE12, RMTE20, RMTE13, RMTE33, RMTE36, RMTE11, RMTE23","FL_125","","RMTE16_males|RMTE7_males|RMTE4_males|RMTE8_males|RMTE10_males|RMTE14_males|RMTE26_males|RMTE2_males|RMTE1_males|RMTE32_males","","FL_181|FL_159|FL_169|FL_177|FL_171|FL_187|FL_189|FL_167|FL_179","vidInstructionSex|BedroomOral","vidInstructionNeut|ModernFamily","|sex_arousal_1st|happy_1st|sadness_1st|bored_1st","|sex_arosal_2nd|bored_2nd|happy_2nd|sadness_2nd",7.75,-0.662871860279867,NA,"Neutral_clip_1st",1,1,NA,1,1,NA,1,1,NA,0,0,0,0,1,NA,0,NA,NA,NA,1,NA,NA,0,1,NA,1,NA,NA,NA,NA,NA,1,1,NA,NA,0,0.631578947368421,NA,NA,NA,NA,NA,NA,NA,NA,NA,NA,NA,NA,NA,NA,NA,NA,NA,9,8,3,12,2,4,5,18,13,15,6,1,14,19,11,7,10,16,17,"BedroomOral","ModernFamily","Neutral_clip_1st",6,1,5,3,2,3,2,7,5,0.125709518628592,-0.605644705859313,0.449392050070796
"5eb415e40b324a222db46f01","males","","Sex_clip","100",570,"Yes","20","","","","","","","","","","","","","","","","","","","","","","","","","","","","","","","","","","","4.8","playful","3.171","upset","7.018","insisting","4.407","worried","5.554","uneasy","10.116","relieved","5.928","cautious","5.27","regretful","6.733","sceptical","4.504","anticipating","6.083","irritated","5.877","thoughtful","4.076","friendly","4.04","curious","3.898","pensive","5.228","alarmed","7.445","serious","6.217","guilty","4.982","suspicious",6,7,6,1,2,2,3,1,7,"","yes",44,"Male","Heterosexual or straight","","No","",", RMTE7, RMTE36, RMTE14, RMTE4, RMTE5, RMTE12, RMTE1, RMTE10, RMTE8, RMTE26, RMTE16, RMTE13, RMTE11, RMTE23, RMTE24, RMTE33, RMTE20, RMTE32, RMTE2","FL_125","","RMTE7_males|RMTE36-males|RMTE14_males|RMTE4_males|RMTE5_males|RMTE12_males|RMTE1_males|RMTE10_males|RMTE8_males|RMTE26_males","","FL_175|FL_171|FL_167|FL_179|FL_181|FL_187|FL_177|FL_185|FL_155","vidInstructionSex|SamTaylor","vidInstructionNeut|MadMen","|happy_1st|bored_1st|sex_arousal_1st|sadness_1st","|sex_arosal_2nd|happy_2nd|bored_2nd|sadness_2nd",9.5,-0.320326345889433,NA,"Sex_clip_1st",1,1,NA,1,1,NA,1,0,NA,1,1,1,1,0,NA,1,NA,NA,NA,1,NA,NA,0,1,NA,0,NA,NA,NA,NA,NA,1,0,NA,NA,1,0.736842105263158,NA,NA,NA,NA,NA,NA,NA,NA,NA,NA,NA,NA,NA,NA,NA,NA,NA,7,19,4,5,1,9,8,13,6,12,3,11,17,14,15,10,18,16,2,"SamTaylor","MadMen","Sex_clip_1st",7,2,6,3,1,1,2,7,5,0.574186720222489,0.183287213615318,0.449392050070796
"5ebb26c872b18c0f47c14bb4","males","","Neutral_clip","100",457,"Yes","20","","","","","","","","","","","","","","","","","","","","","","","","","","","","","","","","","","","7.209","irritated","9.406","upset","5.671","insisting","4.476","worried","4.926","uneasy","6.795","despondent","8.45","cautious","6.457","regretful","4.145","sceptical","6.308","decisive","6.638","accusing","25.096","thoughtful","5.578","friendly","5.687","defiant","4.775","pensive","5.279","hostile","6.639","serious","6.284","concerned","3.732","suspicious",6,1,7,1,1,3,3,1,2,"","yes",45,"Male","Heterosexual or straight","","No","",", RMTE1, RMTE11, RMTE2, RMTE24, RMTE20, RMTE4, RMTE10, RMTE8, RMTE26, RMTE14, RMTE12, RMTE7, RMTE23, RMTE5, RMTE33, RMTE13, RMTE32, RMTE36, RMTE16","FL_125","","RMTE1_males|RMTE11_males|RMTE2_males|RMTE24_males|RMTE20_males|RMTE4_males|RMTE10_males|RMTE8_males|RMTE26_males|RMTE14_males","","FL_169|FL_161|FL_179|FL_159|FL_187|FL_171|FL_185|FL_189|FL_175","vidInstructionSex|BedroomOral","vidInstructionNeut|MadMen","|happy_1st|sex_arousal_1st|sadness_1st|bored_1st","|happy_2nd|sex_arosal_2nd|sadness_2nd|bored_2nd",7.61666666666667,-0.688970566138186,NA,"Neutral_clip_1st",0,1,NA,1,1,NA,1,1,NA,1,1,1,0,1,NA,1,NA,NA,NA,1,NA,NA,1,1,NA,1,NA,NA,NA,NA,NA,1,1,NA,NA,1,0.894736842105263,NA,NA,NA,NA,NA,NA,NA,NA,NA,NA,NA,NA,NA,NA,NA,NA,NA,1,3,6,14,12,8,7,2,11,16,10,19,5,13,4,9,17,15,18,"BedroomOral","MadMen","Neutral_clip_1st",3,1,3,7,1,1,2,1,2,-1.2197220861531,-0.605644705859313,-0.83706037278247
"5ebfb828e70ab725a9ba3ff4","males","","Neutral_clip","100",673,"Yes","20","","","","","","","","","","","","","","","","","","","","","","","","","","","","","","","","","","","4.382","playful","6.771","upset","6.025","insisting","5.434","sarcastic","12.751","uneasy","7.354","despondent","5.161","cautious","5.789","regretful","7.075","sceptical","7.473","anticipating","7.958","accusing","3.552","thoughtful","2.766","friendly","4.763","curious","18.255","pensive","4.147","alarmed","8.659","serious","5.949","concerned","5.161","suspicious",7,2,6,3,2,6,6,2,2,"","yes",19,"Male","Heterosexual or straight","","No","",", RMTE24, RMTE4, RMTE32, RMTE7, RMTE2, RMTE13, RMTE16, RMTE33, RMTE5, RMTE12, RMTE26, RMTE20, RMTE10, RMTE14, RMTE23, RMTE11, RMTE1, RMTE8, RMTE36","FL_125","","RMTE24_males|RMTE4_males|RMTE32_males|RMTE7_males|RMTE2_males|RMTE13_males|RMTE16_males|RMTE33_males|RMTE5_males|RMTE12_males","","FL_183|FL_177|FL_165|FL_173|FL_179|FL_167|FL_153|FL_163|FL_189","vidInstructionSex|FloorSex","vidInstructionNeut|ModernFamily","|sadness_1st|bored_1st|happy_1st|sex_arousal_1st","|happy_2nd|sadness_2nd|sex_arosal_2nd|bored_2nd",11.2166666666667,0.0156944920364215,NA,"Neutral_clip_1st",1,1,NA,1,0,NA,1,1,NA,1,1,1,1,1,NA,1,NA,NA,NA,1,NA,NA,0,1,NA,0,NA,NA,NA,NA,NA,1,1,NA,NA,1,0.842105263157895,NA,NA,NA,NA,NA,NA,NA,NA,NA,NA,NA,NA,NA,NA,NA,NA,NA,17,5,2,9,4,18,13,16,10,6,14,7,12,15,1,11,3,8,19,"FloorSex","ModernFamily","Neutral_clip_1st",6,2,6,6,2,3,2,2,4,0.125709518628592,0.183287213615318,0.0205745757863738
"5ecf54256dc5a1371a9c1e61","males","","Sex_clip","100",529,"Yes","20","","","","","","","","","","","","","","","","","","","","","","","","","","","","","","","","","","","6.444","playful","3.409","annoyed","3.656","insisting","2.396","sarcastic","4.301","uneasy","4.131","despondent","2.828","cautious","4.084","amused","3.175","sceptical","4.141","anticipating","2.845","accusing","3.051","thoughtful","2.713","friendly","4.501","defiant","2.538","pensive","3.799","hostile","3.748","serious","3.956","concerned","2.938","suspicious",7,3,7,2,1,1,9,1,1,"","yes",42,"Male","Heterosexual or straight","","No","",", RMTE7, RMTE23, RMTE11, RMTE32, RMTE13, RMTE2, RMTE5, RMTE14, RMTE26, RMTE10, RMTE16, RMTE20, RMTE8, RMTE12, RMTE24, RMTE4, RMTE1, RMTE36, RMTE33","FL_125","","RMTE7_males|RMTE23_males|RMTE11_males|RMTE32_males|RMTE13_males|RMTE2_males|RMTE5_males|RMTE14_males|RMTE26_males|RMTE10_males","","FL_175|FL_177|FL_163|FL_169|FL_181|FL_157|FL_153|FL_189|FL_187","vidInstructionSex|BedroomOral","vidInstructionNeut|WallE","|sex_arousal_1st|sadness_1st|happy_1st|bored_1st","|bored_2nd|sex_arosal_2nd|sadness_2nd|happy_2nd",8.81666666666667,-0.454082213413317,NA,"Sex_clip_1st",1,0,NA,1,0,NA,1,1,NA,1,0,1,1,1,NA,1,NA,NA,NA,1,NA,NA,1,1,NA,1,NA,NA,NA,NA,NA,1,1,NA,NA,1,0.842105263157895,NA,NA,NA,NA,NA,NA,NA,NA,NA,NA,NA,NA,NA,NA,NA,NA,NA,17,6,16,7,1,13,10,3,14,5,8,11,12,2,15,9,4,19,18,"BedroomOral","WallE","Sex_clip_1st",3,1,7,9,2,1,1,1,2,-1.2197220861531,-0.605644705859313,-0.83706037278247
"5ecff76b3acdb0095ebf080d","males","","Neutral_clip","100",452,"Yes","20","","","","","","","","","","","","","","","","","","","","","","","","","","","","","","","","","","","4.212","playful","5.875","upset","3.219","insisting","4.158","worried","4.302","uneasy","3.647","shy","2.628","insisting","7.998","regretful","3.459","indifferent","3.408","anticipating","2.471","accusing","2.748","thoughtful","2.765","friendly","3.402","defiant","7.172","hostile","4.963","hostile","3.796","serious","3.602","fantasizing","4.91","suspicious",5,1,6,3,5,6,6,3,3,"","yes",37,"Male","Heterosexual or straight","","No","",", RMTE11, RMTE33, RMTE7, RMTE1, RMTE5, RMTE2, RMTE36, RMTE8, RMTE14, RMTE4, RMTE26, RMTE13, RMTE32, RMTE16, RMTE10, RMTE23, RMTE12, RMTE20, RMTE24","FL_125","","RMTE11_males|RMTE33_males|RMTE7_males|RMTE1_males|RMTE5_males|RMTE2_males|RMTE36-males|RMTE8_males|RMTE14_males|RMTE4_males","","FL_183|FL_171|FL_185|FL_175|FL_165|FL_179|FL_169|FL_177|FL_181","vidInstructionSex|BedroomOral","vidInstructionNeut|MadMen","|happy_1st|sadness_1st|bored_1st|sex_arousal_1st","|sadness_2nd|happy_2nd|bored_2nd|sex_arosal_2nd",7.53333333333333,-0.705282257299636,NA,"Neutral_clip_1st",1,1,NA,1,1,NA,1,0,NA,0,1,0,1,1,NA,1,NA,NA,NA,1,NA,NA,1,0,NA,1,NA,NA,NA,NA,NA,1,0,NA,NA,1,0.736842105263158,NA,NA,NA,NA,NA,NA,NA,NA,NA,NA,NA,NA,NA,NA,NA,NA,NA,4,6,10,5,3,8,15,1,17,12,9,14,18,16,19,11,13,2,7,"BedroomOral","MadMen","Neutral_clip_1st",6,1,6,6,3,3,3,5,5,0.125709518628592,-0.605644705859313,0.449392050070796
"5edbd66c784b938699a587c2","males","","Sex_clip","100",1183,"Yes","20","","","","","","","","","","","","","","","","","","","","","","","","","","","","","","","","","","","8.054","playful","8.107","upset","6.836","amused","8.54","worried","8.706","friendly","6.703","despondent","8.612","insisting","27.096","regretful","13.932","sceptical","11.466","anticipating","6.099","accusing","10.651","thoughtful","12.928","dominant","8.698","defiant","7.94","pensive","8.548","hostile","10.415","bewildered","9.312","guilty","7.595","suspicious",7,1,1,1,9,1,1,1,9,"","yes",45,"Male","Heterosexual or straight","","No","I was expecting a trick question, like what colour was the wallpaper for the porn clip.",", RMTE13, RMTE11, RMTE5, RMTE36, RMTE33, RMTE24, RMTE7, RMTE16, RMTE12, RMTE1, RMTE4, RMTE23, RMTE8, RMTE2, RMTE10, RMTE32, RMTE20, RMTE14, RMTE26","FL_125","","RMTE13_males|RMTE11_males|RMTE5_males|RMTE36-males|RMTE33_males|RMTE24_males|RMTE7_males|RMTE16_males|RMTE12_males|RMTE1_males","","FL_157|FL_179|FL_163|FL_155|FL_165|FL_185|FL_177|FL_173|FL_183","vidInstructionSex|SamTaylor","vidInstructionNeut|ModernFamily","|sadness_1st|bored_1st|sex_arousal_1st|happy_1st","|bored_2nd|sex_arosal_2nd|sadness_2nd|happy_2nd",19.7166666666667,1.67948699050425,NA,"Sex_clip_1st",1,1,NA,0,1,NA,0,1,NA,0,1,1,1,1,NA,1,NA,NA,NA,0,NA,NA,1,1,NA,1,NA,NA,NA,NA,NA,0,0,NA,NA,1,0.684210526315789,NA,NA,NA,NA,NA,NA,NA,NA,NA,NA,NA,NA,NA,NA,NA,NA,NA,10,14,11,3,7,13,15,2,9,1,18,8,17,12,6,19,16,5,4,"SamTaylor","ModernFamily","Sex_clip_1st",1,1,1,1,1,1,9,9,0,-2.11667648934089,-0.605644705859313,-1.69469532135131
"5edfe8300b4b53308b653387","males","","Sex_clip","100",542,"Yes","20","","","","","","","","","","","","","","","","","","","","","","","","","","","","","","","","","","","5.044","playful","7.04","upset","9.815","insisting","9.441","worried","15.36","dispirited","5.322","despondent","5.716","insisting","4.826","regretful","6.792","sceptical","6.833","anticipating","6.291","accusing","15.237","thoughtful","4.464","friendly","6.011","curious","5.369","iIrritated","5.615","anxious","4.019","serious","11.115","guilty","7.961","suspicious",9,1,1,1,9,1,1,1,1,"","yes",27,"Male","Heterosexual or straight","","No","",", RMTE5, RMTE7, RMTE4, RMTE8, RMTE16, RMTE26, RMTE20, RMTE13, RMTE23, RMTE2, RMTE10, RMTE14, RMTE33, RMTE12, RMTE24, RMTE1, RMTE36, RMTE11, RMTE32","FL_125","","RMTE5_males|RMTE7_males|RMTE4_males|RMTE8_males|RMTE16_males|RMTE26_males|RMTE20_males|RMTE13_males|RMTE23_males|RMTE2_males","","FL_165|FL_173|FL_187|FL_169|FL_181|FL_153|FL_189|FL_167|FL_185","vidInstructionSex|FloorSex","vidInstructionNeut|MadMen","|happy_1st|sadness_1st|bored_1st|sex_arousal_1st","|happy_2nd|bored_2nd|sex_arosal_2nd|sadness_2nd",9.03333333333333,-0.411671816393549,NA,"Sex_clip_1st",1,1,NA,1,1,NA,0,1,NA,0,1,1,1,1,NA,1,NA,NA,NA,1,NA,NA,0,0,NA,0,NA,NA,NA,NA,NA,1,0,NA,NA,1,0.684210526315789,NA,NA,NA,NA,NA,NA,NA,NA,NA,NA,NA,NA,NA,NA,NA,NA,NA,16,10,3,1,2,4,11,18,14,8,12,5,7,9,15,6,19,13,17,"FloorSex","MadMen","Sex_clip_1st",1,1,1,1,1,1,9,1,0,-2.11667648934089,-0.605644705859313,-1.69469532135131
"5ee60e6af4d9c0366af53a7f","males","","Neutral_clip","100",516,"Yes","20","","","","","","","","","","","","","","","","","","","","","","","","","","","","","","","","","","","4.457","playful","6.68","annoyed","6.122","insisting","4.114","worried","8.115","uneasy","5.858","shy","4.578","aghast","5.412","regretful","6.501","sceptical","4.317","decisive","5.328","irritated","6.7","thoughtful","6.039","friendly","4.303","curious","8.092","pensive","4.491","hostile","4.241","serious","3.633","guilty","4.411","suspicious",1,1,5,1,2,4,5,1,3,"","yes",34,"Male","Heterosexual or straight","","No","",", RMTE20, RMTE36, RMTE11, RMTE12, RMTE10, RMTE26, RMTE2, RMTE4, RMTE1, RMTE5, RMTE14, RMTE24, RMTE32, RMTE23, RMTE33, RMTE16, RMTE7, RMTE8, RMTE13","FL_125","","RMTE20_males|RMTE36-males|RMTE11_males|RMTE12_males|RMTE10_males|RMTE26_males|RMTE2_males|RMTE4_males|RMTE1_males|RMTE5_males","","FL_173|FL_181|FL_185|FL_179|FL_187|FL_175|FL_161|FL_163|FL_171","vidInstructionSex|SamTaylor","vidInstructionNeut|ModernFamily","|sadness_1st|bored_1st|sex_arousal_1st|happy_1st","|bored_2nd|sadness_2nd|sex_arosal_2nd|happy_2nd",8.6,-0.496492610433085,NA,"Neutral_clip_1st",1,0,NA,1,1,NA,1,0,NA,0,1,1,0,0,NA,1,NA,NA,NA,1,NA,NA,0,1,NA,1,NA,NA,NA,NA,NA,1,0,NA,NA,1,0.631578947368421,NA,NA,NA,NA,NA,NA,NA,NA,NA,NA,NA,NA,NA,NA,NA,NA,NA,9,7,8,10,17,18,5,3,4,19,11,16,1,14,12,6,13,15,2,"SamTaylor","ModernFamily","Neutral_clip_1st",4,1,5,5,1,1,3,2,3,-0.771244884559201,-0.605644705859313,-0.408242898498048
"5ee8707482a6e41683c499fc","males","","Sex_clip","100",444,"Yes","20","","","","","","","","","","","","","","","","","","","","","","","","","","","","","","","","","","","6.255","playful","3.889","upset","5.75","insisting","3.883","worried","6.004","uneasy","3.747","despondent","6.196","cautious","5.535","regretful","5.736","sceptical","4.363","anticipating","5.19","accusing","5.055","thoughtful","3.541","friendly","5.955","defiant","3.855","pensive","6.64","hostile","6.575","serious","3.921","guilty","8.415","suspicious",6,9,9,1,3,1,6,6,9,"","yes",41,"Male","Heterosexual or straight","","No","",", RMTE11, RMTE7, RMTE32, RMTE4, RMTE1, RMTE36, RMTE26, RMTE14, RMTE12, RMTE16, RMTE5, RMTE2, RMTE10, RMTE33, RMTE13, RMTE24, RMTE20, RMTE8, RMTE23","FL_125","","RMTE11_males|RMTE7_males|RMTE32_males|RMTE4_males|RMTE1_males|RMTE36-males|RMTE26_males|RMTE14_males|RMTE12_males|RMTE16_males","","FL_159|FL_155|FL_165|FL_187|FL_171|FL_181|FL_177|FL_163|FL_179","vidInstructionSex|BedroomOral","vidInstructionNeut|WallE","|sex_arousal_1st|sadness_1st|bored_1st|happy_1st","|bored_2nd|sex_arosal_2nd|happy_2nd|sadness_2nd",7.4,-0.731380963157954,NA,"Sex_clip_1st",1,1,NA,1,1,NA,1,1,NA,1,1,1,1,1,NA,1,NA,NA,NA,1,NA,NA,1,1,NA,1,NA,NA,NA,NA,NA,1,0,NA,NA,1,0.947368421052632,NA,NA,NA,NA,NA,NA,NA,NA,NA,NA,NA,NA,NA,NA,NA,NA,NA,5,12,4,11,2,18,13,1,9,15,8,10,17,19,16,7,3,14,6,"BedroomOral","WallE","Sex_clip_1st",9,1,9,6,1,6,3,9,8,1.47114112341028,-0.605644705859313,1.73584447292406
"5ee878121c649a17373e6d31","males","","Sex_clip","100",536,"Yes","20","","","","","","","","","","","","","","","","","","","","","","","","","","","","","","","","","","","2.761","playful","5.989","upset","7.137","insisting","4.051","worried","6.221","apologetic","4.208","despondent","5.689","cautious","9.011","regretful","5.639","sceptical","4.377","anticipating","7.525","irritated","3.918","thoughtful","3.792","friendly","10.403","defiant","5.565","pensive","7.565","anxious","3.187","serious","5.584","concerned","3.194","suspicious",6,1,5,1,4,1,6,4,4,"","yes",20,"Male","Heterosexual or straight","","No","",", RMTE11, RMTE5, RMTE8, RMTE4, RMTE7, RMTE24, RMTE2, RMTE1, RMTE13, RMTE12, RMTE23, RMTE33, RMTE32, RMTE26, RMTE14, RMTE36, RMTE20, RMTE16, RMTE10","FL_125","","RMTE11_males|RMTE5_males|RMTE8_males|RMTE4_males|RMTE7_males|RMTE24_males|RMTE2_males|RMTE1_males|RMTE13_males|RMTE12_males","","FL_179|FL_187|FL_185|FL_183|FL_173|FL_189|FL_177|FL_175|FL_165","vidInstructionSex|SamTaylor","vidInstructionNeut|WallE","|bored_1st|happy_1st|sex_arousal_1st|sadness_1st","|bored_2nd|sex_arosal_2nd|sadness_2nd|happy_2nd",8.93333333333333,-0.431245845787288,NA,"Sex_clip_1st",1,1,NA,1,1,NA,0,1,NA,1,1,1,1,0,NA,1,NA,NA,NA,1,NA,NA,1,1,NA,0,NA,NA,NA,NA,NA,1,1,NA,NA,1,0.842105263157895,NA,NA,NA,NA,NA,NA,NA,NA,NA,NA,NA,NA,NA,NA,NA,NA,NA,8,7,4,2,5,3,19,1,10,9,15,18,17,11,6,14,13,12,16,"SamTaylor","WallE","Sex_clip_1st",1,1,5,6,1,4,4,4,0,-2.11667648934089,-0.605644705859313,-1.69469532135131
"5ef0a10e3867d33b6bb063bc","males","","Neutral_clip","100",574,"Yes","20","","","","","","","","","","","","","","","","","","","","","","","","","","","","","","","","","","","4.211","playful","4.638","annoyed","6.011","insisting","4.203","worried","7.58","apologetic","66.09","shy","5.314","cautious","5.267","regretful","4.722","sceptical","5.948","anticipating","9.336","irritated","4.042","thoughtful","5.863","friendly","6.502","defiant","3.766","pensive","6.44","hostile","4.267","serious","8.082","fantasizing","4.491","suspicious",3,2,3,4,6,8,7,1,1,"","Yes",50,"Male","Heterosexual or straight","","No","",", RMTE26, RMTE12, RMTE32, RMTE7, RMTE16, RMTE13, RMTE14, RMTE23, RMTE1, RMTE11, RMTE8, RMTE20, RMTE24, RMTE4, RMTE2, RMTE5, RMTE33, RMTE10, RMTE36","FL_125","","RMTE26_males|RMTE12_males|RMTE32_males|RMTE7_males|RMTE16_males|RMTE13_males|RMTE14_males|RMTE23_males|RMTE1_males|RMTE11_males","","FL_163|FL_177|FL_181|FL_157|FL_155|FL_159|FL_187|FL_165|FL_189","vidInstructionSex|FloorSex","vidInstructionNeut|MadMen","|sex_arousal_1st|sadness_1st|happy_1st|bored_1st","|bored_2nd|sex_arosal_2nd|sadness_2nd|happy_2nd",9.56666666666667,-0.307276992960274,NA,"Neutral_clip_1st",1,0,NA,1,1,NA,0,0,NA,1,1,1,1,0,NA,1,NA,NA,NA,1,NA,NA,1,1,NA,1,NA,NA,NA,NA,NA,1,0,NA,NA,1,0.736842105263158,NA,NA,NA,NA,NA,NA,NA,NA,NA,NA,NA,NA,NA,NA,NA,NA,NA,9,15,14,16,4,11,18,10,2,6,7,5,12,8,13,1,3,17,19,"FloorSex","MadMen","Neutral_clip_1st",8,2,7,3,1,4,1,6,6,1.02266392181639,0.183287213615318,0.878209524355217
"5f0ee1c5befb85011c91daf4","males","","Neutral_clip","100",614,"Yes","20","","","","","","","","","","","","","","","","","","","","","","","","","","","","","","","","","","","4.5","playful","6.901","annoyed","7.086","insisting","6.865","worried","6.228","uneasy","8.054","despondent","5.047","insisting","8.698","flirtatious","17.859","sceptical","7.857","anticipating","4.05","accusing","3.663","thoughtful","7.131","friendly","7.483","defiant","11.164","pensive","3.919","hostile","4.598","serious","7.376","fantasizing","4.328","suspicious",1,2,5,1,1,6,5,4,4,"","yes",37,"Male","Heterosexual or straight","","No","",", RMTE12, RMTE24, RMTE13, RMTE5, RMTE33, RMTE4, RMTE23, RMTE8, RMTE2, RMTE20, RMTE11, RMTE32, RMTE14, RMTE16, RMTE36, RMTE7, RMTE10, RMTE1, RMTE26","FL_125","","RMTE12_males|RMTE24_males|RMTE13_males|RMTE5_males|RMTE33_males|RMTE4_males|RMTE23_males|RMTE8_males|RMTE2_males|RMTE20_males","","FL_167|FL_185|FL_173|FL_175|FL_189|FL_161|FL_165|FL_153|FL_183","vidInstructionSex|FloorSex","vidInstructionNeut|ModernFamily","|sex_arousal_1st|happy_1st|sadness_1st|bored_1st","|happy_2nd|bored_2nd|sex_arosal_2nd|sadness_2nd",10.2333333333333,-0.17678346366868,NA,"Neutral_clip_1st",1,0,NA,1,1,NA,1,1,NA,0,0,1,1,1,NA,1,NA,NA,NA,1,NA,NA,1,1,NA,1,NA,NA,NA,NA,NA,1,0,NA,NA,1,0.789473684210526,NA,NA,NA,NA,NA,NA,NA,NA,NA,NA,NA,NA,NA,NA,NA,NA,NA,18,9,6,4,16,8,17,11,1,3,13,14,10,7,2,19,12,5,15,"FloorSex","ModernFamily","Neutral_clip_1st",6,2,5,5,4,1,4,1,4,0.125709518628592,0.183287213615318,0.0205745757863738
"5f0f64a8e59af310ac23f180","males","","Neutral_clip","100",681,"Yes","20","","","","","","","","","","","","","","","","","","","","","","","","","","","","","","","","","","","4.89","playful","7.153","upset","9.444","insisting","9.223","worried","6.334","uneasy","10.208","despondent","9.491","cautious","6.986","regretful","23.9","sceptical","9.324","anticipating","5.899","accusing","4.329","thoughtful","15.279","friendly","5.405","defiant","5.901","pensive","24.265","hostile","4.529","serious","60.455","concerned","6.147","suspicious",6,3,8,1,1,6,4,1,7,"","yes",33,"Male","Heterosexual or straight","","No","",", RMTE8, RMTE10, RMTE14, RMTE36, RMTE1, RMTE23, RMTE7, RMTE2, RMTE11, RMTE4, RMTE20, RMTE24, RMTE26, RMTE33, RMTE13, RMTE32, RMTE16, RMTE5, RMTE12","FL_125","","RMTE8_males|RMTE10_males|RMTE14_males|RMTE36-males|RMTE1_males|RMTE23_males|RMTE7_males|RMTE2_males|RMTE11_males|RMTE4_males","","FL_177|FL_181|FL_183|FL_187|FL_171|FL_185|FL_175|FL_159|FL_169","vidInstructionSex|BedroomOral","vidInstructionNeut|ModernFamily","|happy_1st|bored_1st|sex_arousal_1st|sadness_1st","|sadness_2nd|bored_2nd|sex_arosal_2nd|happy_2nd",11.35,0.0417931978947403,NA,"Neutral_clip_1st",1,1,NA,1,1,NA,1,1,NA,1,1,1,1,1,NA,1,NA,NA,NA,1,NA,NA,1,1,NA,1,NA,NA,NA,NA,NA,1,1,NA,NA,1,1,NA,NA,NA,NA,NA,NA,NA,NA,NA,NA,NA,NA,NA,NA,NA,NA,NA,5,8,10,18,7,1,2,9,19,15,3,17,11,6,12,13,16,14,4,"BedroomOral","ModernFamily","Neutral_clip_1st",6,3,4,8,1,1,7,1,3,0.125709518628592,0.97221913308995,-0.408242898498048
"5f0f6811a0ed4a11dbc57b79","males","","Neutral_clip","100",669,"Yes","20","","","","","","","","","","","","","","","","","","","","","","","","","","","","","","","","","","","3.147","playful","5.085","upset","4.568","amused","4.001","worried","3.635","friendly","4.63","despondent","6.037","aghast","2.979","flirtatious","2.314","embarrassed","7.326","anticipating","2.801","accusing","5.888","thoughtful","2.318","friendly","3.868","curious","5.435","pensive","3.169","alarmed","2.091","ashamed","6.532","embarrassed","3.349","suspicious",7,3,4,4,5,9,9,1,1,"","yes",44,"Male","Heterosexual or straight","","No","",", RMTE13, RMTE23, RMTE36, RMTE2, RMTE16, RMTE5, RMTE4, RMTE7, RMTE14, RMTE8, RMTE33, RMTE10, RMTE26, RMTE12, RMTE32, RMTE11, RMTE24, RMTE20, RMTE1","FL_125","","RMTE13_males|RMTE23_males|RMTE36-males|RMTE2_males|RMTE16_males|RMTE5_males|RMTE4_males|RMTE7_males|RMTE14_males|RMTE8_males","","FL_187|FL_165|FL_183|FL_169|FL_185|FL_167|FL_181|FL_177|FL_153","vidInstructionSex|FloorSex","vidInstructionNeut|MadMen","|happy_1st|bored_1st|sadness_1st|sex_arousal_1st","|bored_2nd|sadness_2nd|happy_2nd|sex_arosal_2nd",11.15,0.00264513910726212,NA,"Neutral_clip_1st",1,1,NA,0,1,NA,0,1,NA,0,0,0,1,1,NA,1,NA,NA,NA,1,NA,NA,0,1,NA,0,NA,NA,NA,NA,NA,0,0,NA,NA,1,0.526315789473684,NA,NA,NA,NA,NA,NA,NA,NA,NA,NA,NA,NA,NA,NA,NA,NA,NA,19,4,7,6,8,10,12,16,14,1,9,5,18,2,17,13,15,11,3,"FloorSex","MadMen","Neutral_clip_1st",9,3,9,4,1,4,1,5,6,1.47114112341028,0.97221913308995,0.878209524355217
"5f12198f25f197000c64a5b2","males","","Sex_clip","100",602,"Yes","20","","","","","","","","","","","","","","","","","","","","","","","","","","","","","","","","","","","6.167","playful","6.932","upset","5.905","insisting","8.07","worried","7.946","friendly","10.496","despondent","24.057","insisting","12.029","flirtatious","6.22","sceptical","5.397","shy","7.033","accusing","12.55","thoughtful","6.62","guilty","11.66","defiant","6.301","pensive","9.864","hostile","6.684","serious","6.392","concerned","8.425","suspicious",6,8,6,1,5,4,7,1,2,"","Yes",35,"Male","Heterosexual or straight","","No","",", RMTE16, RMTE11, RMTE23, RMTE1, RMTE32, RMTE5, RMTE8, RMTE36, RMTE7, RMTE14, RMTE26, RMTE33, RMTE24, RMTE4, RMTE12, RMTE13, RMTE2, RMTE10, RMTE20","FL_125","","RMTE16_males|RMTE11_males|RMTE23_males|RMTE1_males|RMTE32_males|RMTE5_males|RMTE8_males|RMTE36-males|RMTE7_males|RMTE14_males","","FL_183|FL_187|FL_181|FL_157|FL_169|FL_171|FL_155|FL_165|FL_177","vidInstructionSex|BedroomOral","vidInstructionNeut|ModernFamily","|bored_1st|sadness_1st|sex_arousal_1st|happy_1st","|happy_2nd|sex_arosal_2nd|bored_2nd|sadness_2nd",10.0333333333333,-0.215931522456158,NA,"Sex_clip_1st",1,1,NA,1,1,NA,0,1,NA,0,0,1,0,1,NA,1,NA,NA,NA,0,NA,NA,1,1,NA,1,NA,NA,NA,NA,NA,1,1,NA,NA,1,0.736842105263158,NA,NA,NA,NA,NA,NA,NA,NA,NA,NA,NA,NA,NA,NA,NA,NA,NA,4,17,14,6,9,7,18,2,15,16,10,1,19,3,13,11,5,12,8,"BedroomOral","ModernFamily","Sex_clip_1st",8,4,6,7,1,1,5,2,4,1.02266392181639,1.76115105256458,0.0205745757863738
"5f15e1503895c31332e24283","males","","Neutral_clip","100",561,"Yes","20","","","","","","","","","","","","","","","","","","","","","","","","","","","","","","","","","","","3.942","playful","6.905","annoyed","10.346","relaxed","4.72","worried","12.172","dispirited","11.675","despondent","9.636","cautious","16","terrified","6.824","sceptical","6.342","anticipating","6.79","irritated","3.58","thoughtful","12.827","friendly","4.491","curious","5.201","pensive","4.877","hostile","7.003","serious","9.077","fantasizing","4.77","suspicious",6,2,5,6,1,5,6,1,5,"","Yes",39,"Male","Heterosexual or straight","","No","",", RMTE33, RMTE11, RMTE14, RMTE20, RMTE8, RMTE12, RMTE4, RMTE32, RMTE1, RMTE16, RMTE7, RMTE5, RMTE36, RMTE2, RMTE23, RMTE26, RMTE10, RMTE13, RMTE24","FL_125","","RMTE33_males|RMTE11_males|RMTE14_males|RMTE20_males|RMTE8_males|RMTE12_males|RMTE4_males|RMTE32_males|RMTE1_males|RMTE16_males","","FL_161|FL_159|FL_189|FL_155|FL_179|FL_183|FL_165|FL_171|FL_181","vidInstructionSex|SamTaylor","vidInstructionNeut|MadMen","|sex_arousal_1st|happy_1st|sadness_1st|bored_1st","|bored_2nd|happy_2nd|sex_arosal_2nd|sadness_2nd",9.35,-0.349687389980042,NA,"Neutral_clip_1st",1,0,NA,0,1,NA,0,1,NA,1,0,1,1,0,NA,1,NA,NA,NA,1,NA,NA,0,1,NA,1,NA,NA,NA,NA,NA,1,0,NA,NA,1,0.631578947368421,NA,NA,NA,NA,NA,NA,NA,NA,NA,NA,NA,NA,NA,NA,NA,NA,NA,9,14,7,12,11,5,17,2,6,18,3,10,4,15,19,16,8,1,13,"SamTaylor","MadMen","Neutral_clip_1st",5,2,6,5,1,6,5,1,3,-0.322767682965304,0.183287213615318,-0.408242898498048
"5f16cdd56253a80009c48559","males","","Sex_clip","100",653,"Yes","20","","","","","","","","","","","","","","","","","","","","","","","","","","","","","","","","","","","9.967","playful","13.997","upset","22.743","insisting","7.237","worried","24.295","uneasy","6.475","despondent","23.326","cautious","16.497","amused","8.983","sceptical","7.718","anticipating","21.565","accusing","4.237","thoughtful","3.051","friendly","6.461","defiant","7.424","pensive","4.219","hostile","7.353","serious","17.024","guilty","5.171","suspicious",7,6,3,2,4,2,2,1,5,"","yes",29,"Male","Heterosexual or straight","","No","",", RMTE26, RMTE20, RMTE1, RMTE8, RMTE32, RMTE14, RMTE13, RMTE4, RMTE33, RMTE2, RMTE36, RMTE5, RMTE10, RMTE16, RMTE7, RMTE11, RMTE23, RMTE24, RMTE12","FL_125","","RMTE26_males|RMTE20_males|RMTE1_males|RMTE8_males|RMTE32_males|RMTE14_males|RMTE13_males|RMTE4_males|RMTE33_males|RMTE2_males","","FL_189|FL_159|FL_165|FL_175|FL_161|FL_167|FL_179|FL_181|FL_169","vidInstructionSex|BedroomOral","vidInstructionNeut|ModernFamily","|bored_1st|happy_1st|sex_arousal_1st|sadness_1st","|sadness_2nd|sex_arosal_2nd|bored_2nd|happy_2nd",10.8833333333333,-0.0495522726093755,NA,"Sex_clip_1st",1,1,NA,1,1,NA,1,1,NA,1,0,1,1,1,NA,1,NA,NA,NA,1,NA,NA,1,1,NA,1,NA,NA,NA,NA,NA,1,0,NA,NA,1,0.894736842105263,NA,NA,NA,NA,NA,NA,NA,NA,NA,NA,NA,NA,NA,NA,NA,NA,NA,3,10,8,12,15,4,13,16,19,7,6,14,2,17,18,1,5,9,11,"BedroomOral","ModernFamily","Sex_clip_1st",6,2,3,2,2,1,4,5,4,0.125709518628592,0.183287213615318,0.0205745757863738
"5f21fd432f24890008302531","males","","Sex_clip","100",480,"Yes","20","","","","","","","","","","","","","","","","","","","","","","","","","","","","","","","","","","","4.773","comforting","5.1","annoyed","4.687","insisting","4.184","sarcastic","3.781","uneasy","3.678","shy","3.057","cautious","3.233","regretful","5.056","sceptical","4.783","anticipating","4.713","accusing","2.41","thoughtful","3.085","friendly","4.345","defiant","3.73","pensive","3.597","hostile","3.427","serious","4.04","fantasizing","3.33","suspicious",6,1,1,9,1,1,9,1,1,"","yes",32,"Male","Heterosexual or straight","","No","",", RMTE12, RMTE4, RMTE26, RMTE33, RMTE2, RMTE14, RMTE32, RMTE24, RMTE36, RMTE5, RMTE20, RMTE16, RMTE1, RMTE7, RMTE10, RMTE13, RMTE23, RMTE8, RMTE11","FL_125","","RMTE12_males|RMTE4_males|RMTE26_males|RMTE33_males|RMTE2_males|RMTE14_males|RMTE32_males|RMTE24_males|RMTE36-males|RMTE5_males","","FL_177|FL_175|FL_153|FL_161|FL_165|FL_171|FL_179|FL_163|FL_167","vidInstructionSex|SamTaylor","vidInstructionNeut|ModernFamily","|happy_1st|sadness_1st|sex_arousal_1st|bored_1st","|happy_2nd|sex_arosal_2nd|sadness_2nd|bored_2nd",8,-0.61393678679552,NA,"Sex_clip_1st",0,0,NA,1,0,NA,1,0,NA,1,1,1,1,1,NA,1,NA,NA,NA,1,NA,NA,1,1,NA,1,NA,NA,NA,NA,NA,1,0,NA,NA,1,0.736842105263158,NA,NA,NA,NA,NA,NA,NA,NA,NA,NA,NA,NA,NA,NA,NA,NA,NA,13,5,2,10,14,18,15,19,1,16,6,12,11,17,8,3,7,4,9,"SamTaylor","ModernFamily","Sex_clip_1st",1,1,1,9,9,1,1,1,0,-2.11667648934089,-0.605644705859313,-1.69469532135131
"5f29ed73209c1b1a178602e3","males","","Neutral_clip","100",673,"Yes","20","","","","","","","","","","","","","","","","","","","","","","","","","","","","","","","","","","","8.234","comforting","7.593","terrified","7.372","insisting","6.968","worried","10.032","dispirited","7.504","despondent","6.388","cautious","8.469","regretful","8.631","sceptical","7.483","anticipating","5.958","accusing","8.312","encouraging","9.464","friendly","5.193","curious","11.232","pensive","9.236","hostile","5.163","serious","9.911","concerned","6.831","suspicious",6,3,7,2,4,7,5,2,2,"","yes",26,"Male","Heterosexual or straight","","No","goodluck",", RMTE20, RMTE36, RMTE33, RMTE4, RMTE1, RMTE26, RMTE12, RMTE5, RMTE13, RMTE14, RMTE2, RMTE16, RMTE7, RMTE23, RMTE32, RMTE8, RMTE10, RMTE11, RMTE24","FL_125","","RMTE20_males|RMTE36-males|RMTE33_males|RMTE4_males|RMTE1_males|RMTE26_males|RMTE12_males|RMTE5_males|RMTE13_males|RMTE14_males","","FL_155|FL_175|FL_161|FL_179|FL_185|FL_163|FL_165|FL_167|FL_181","vidInstructionSex|SamTaylor","vidInstructionNeut|WallE","|happy_1st|sex_arousal_1st|bored_1st|sadness_1st","|sadness_2nd|bored_2nd|sex_arosal_2nd|happy_2nd",11.2166666666667,0.0156944920364215,NA,"Neutral_clip_1st",0,0,NA,1,1,NA,0,1,NA,1,1,1,1,1,NA,0,NA,NA,NA,1,NA,NA,0,1,NA,1,NA,NA,NA,NA,NA,1,1,NA,NA,1,0.736842105263158,NA,NA,NA,NA,NA,NA,NA,NA,NA,NA,NA,NA,NA,NA,NA,NA,NA,5,11,4,8,13,16,17,18,7,9,10,12,1,14,19,6,15,3,2,"SamTaylor","WallE","Neutral_clip_1st",7,3,5,7,2,2,2,4,4,0.574186720222489,0.97221913308995,0.0205745757863738
"5f2b3d6952f67f5672d25a10","males","","Neutral_clip","100",545,"Yes","20","","","","","","","","","","","","","","","","","","","","","","","","","","","","","","","","","","","9.624","playful","3.846","upset","5.648","insisting","6.495","irritated","9.232","uneasy","6.004","despondent","7.618","insisting","14.82","regretful","7.423","sceptical","6.358","anticipating","8.777","disappointed","4.8","thoughtful","5.72","friendly","5.725","defiant","9.92","pensive","8.492","alarmed","9.096","serious","9.916","concerned","8.557","suspicious",5,1,7,2,4,4,4,1,5,"","yes",34,"Male","Heterosexual or straight","","No","",", RMTE1, RMTE20, RMTE7, RMTE32, RMTE13, RMTE16, RMTE10, RMTE14, RMTE24, RMTE12, RMTE33, RMTE5, RMTE8, RMTE26, RMTE11, RMTE2, RMTE36, RMTE4, RMTE23","FL_125","","RMTE1_males|RMTE20_males|RMTE7_males|RMTE32_males|RMTE13_males|RMTE16_males|RMTE10_males|RMTE14_males|RMTE24_males|RMTE12_males","","FL_187|FL_159|FL_163|FL_183|FL_167|FL_155|FL_189|FL_157|FL_179","vidInstructionSex|BedroomOral","vidInstructionNeut|WallE","|bored_1st|sadness_1st|sex_arousal_1st|happy_1st","|happy_2nd|sadness_2nd|sex_arosal_2nd|bored_2nd",9.08333333333333,-0.401884801696679,NA,"Neutral_clip_1st",1,1,NA,1,0,NA,1,1,NA,0,1,1,1,0,NA,1,NA,NA,NA,1,NA,NA,1,1,NA,0,NA,NA,NA,NA,NA,1,1,NA,NA,1,0.789473684210526,NA,NA,NA,NA,NA,NA,NA,NA,NA,NA,NA,NA,NA,NA,NA,NA,NA,1,16,18,12,3,13,7,15,10,5,8,6,2,19,9,14,4,11,17,"BedroomOral","WallE","Neutral_clip_1st",4,1,4,7,1,2,5,4,3,-0.771244884559201,-0.605644705859313,-0.408242898498048
"5f2c16aabf114905864692f9","males","","Sex_clip","100",457,"Yes","20","","","","","","","","","","","","","","","","","","","","","","","","","","","","","","","","","","","6.482","playful","3.319","upset","5.973","insisting","5.877","sarcastic","5.79","dispirited","4.995","despondent","4.509","bored","5.97","regretful","4.186","sceptical","3.04","anticipating","3.117","accusing","3.021","thoughtful","2.2","friendly","5.379","defiant","5.014","excited","3.634","anxious","8.401","serious","3.454","concerned","3.911","suspicious",5,7,6,2,3,3,5,1,3,"","yes",43,"Male","Heterosexual or straight","","No","",", RMTE4, RMTE1, RMTE7, RMTE23, RMTE36, RMTE11, RMTE32, RMTE5, RMTE24, RMTE8, RMTE2, RMTE13, RMTE14, RMTE33, RMTE16, RMTE12, RMTE10, RMTE26, RMTE20","FL_125","","RMTE4_males|RMTE1_males|RMTE7_males|RMTE23_males|RMTE36-males|RMTE11_males|RMTE32_males|RMTE5_males|RMTE24_males|RMTE8_males","","FL_155|FL_171|FL_173|FL_187|FL_175|FL_169|FL_165|FL_183|FL_177","vidInstructionSex|SamTaylor","vidInstructionNeut|ModernFamily","|bored_1st|sex_arousal_1st|sadness_1st|happy_1st","|bored_2nd|sex_arosal_2nd|happy_2nd|sadness_2nd",7.61666666666667,-0.688970566138186,NA,"Sex_clip_1st",1,1,NA,1,0,NA,0,1,NA,0,1,1,1,1,NA,1,NA,NA,NA,1,NA,NA,1,0,NA,0,NA,NA,NA,NA,NA,1,1,NA,NA,1,0.736842105263158,NA,NA,NA,NA,NA,NA,NA,NA,NA,NA,NA,NA,NA,NA,NA,NA,NA,2,11,1,8,3,10,17,6,16,12,13,15,19,4,9,18,7,14,5,"SamTaylor","ModernFamily","Sex_clip_1st",7,3,6,5,2,1,3,3,4,0.574186720222489,0.97221913308995,0.0205745757863738
"5f38024629c8452b7fd18648","males","","Neutral_clip","100",571,"Yes","20","","","","","","","","","","","","","","","","","","","","","","","","","","","","","","","","","","","7.97","comforting","4.888","upset","19.396","insisting","9.19","worried","9.122","dispirited","8.958","despondent","9.745","cautious","8.66","regretful","16.915","indifferent","6.901","decisive","12.243","irritated","3.265","thoughtful","11.487","friendly","9.941","defiant","16.914","pensive","19.115","alarmed","7.122","serious","9.746","concerned","3.881","suspicious",7,1,5,1,1,7,5,1,1,"","yes",18,"Male","Heterosexual or straight","","No","",", RMTE32, RMTE7, RMTE14, RMTE1, RMTE24, RMTE20, RMTE36, RMTE13, RMTE33, RMTE23, RMTE26, RMTE2, RMTE12, RMTE4, RMTE11, RMTE10, RMTE8, RMTE5, RMTE16","FL_125","","RMTE32_males|RMTE7_males|RMTE14_males|RMTE1_males|RMTE24_males|RMTE20_males|RMTE36-males|RMTE13_males|RMTE33_males|RMTE23_males","","FL_183|FL_155|FL_169|FL_157|FL_167|FL_165|FL_163|FL_159|FL_175","vidInstructionSex|BedroomOral","vidInstructionNeut|MadMen","|sadness_1st|bored_1st|happy_1st|sex_arousal_1st","|happy_2nd|bored_2nd|sadness_2nd|sex_arosal_2nd",9.51666666666667,-0.317064007657143,NA,"Neutral_clip_1st",0,1,NA,1,1,NA,0,1,NA,1,1,0,0,0,NA,1,NA,NA,NA,1,NA,NA,1,1,NA,0,NA,NA,NA,NA,NA,1,1,NA,NA,1,0.684210526315789,NA,NA,NA,NA,NA,NA,NA,NA,NA,NA,NA,NA,NA,NA,NA,NA,NA,4,12,14,18,2,17,16,15,13,8,3,19,6,10,5,11,1,9,7,"BedroomOral","MadMen","Neutral_clip_1st",7,1,5,5,1,1,1,1,6,0.574186720222489,-0.605644705859313,0.878209524355217
"5f3e6a07e06e71069f919082","males","","Sex_clip","100",538,"Yes","20","","","","","","","","","","","","","","","","","","","","","","","","","","","","","","","","","","","5.741","playful","3.207","upset","5.75","insisting","4.086","worried","6.288","uneasy","6.523","relieved","4.538","insisting","6.369","regretful","4.373","sceptical","3.234","anticipating","4.297","accusing","7.482","thoughtful","4.039","friendly","4.063","defiant","10.058","pensive","4.519","hostile","4.882","serious","3.09","concerned","24.95","suspicious",6,6,5,2,2,2,4,2,6,"","yes",31,"Male","Heterosexual or straight","","No","",", RMTE1, RMTE32, RMTE16, RMTE7, RMTE4, RMTE12, RMTE5, RMTE8, RMTE24, RMTE26, RMTE13, RMTE23, RMTE36, RMTE33, RMTE10, RMTE2, RMTE20, RMTE14, RMTE11","FL_125","","RMTE1_males|RMTE32_males|RMTE16_males|RMTE7_males|RMTE4_males|RMTE12_males|RMTE5_males|RMTE8_males|RMTE24_males|RMTE26_males","","FL_171|FL_179|FL_189|FL_187|FL_165|FL_155|FL_177|FL_173|FL_167","vidInstructionSex|FloorSex","vidInstructionNeut|ModernFamily","|happy_1st|sex_arousal_1st|sadness_1st|bored_1st","|sex_arosal_2nd|sadness_2nd|happy_2nd|bored_2nd",8.96666666666667,-0.424721169322708,NA,"Sex_clip_1st",1,1,NA,1,1,NA,1,0,NA,0,1,1,1,1,NA,1,NA,NA,NA,1,NA,NA,1,1,NA,1,NA,NA,NA,NA,NA,1,1,NA,NA,1,0.894736842105263,NA,NA,NA,NA,NA,NA,NA,NA,NA,NA,NA,NA,NA,NA,NA,NA,NA,1,16,5,7,4,8,15,19,6,11,18,3,17,12,9,10,2,14,13,"FloorSex","ModernFamily","Sex_clip_1st",6,2,5,4,2,2,2,6,4,0.125709518628592,0.183287213615318,0.0205745757863738
"5f651772bf9906084bc834b7","males","","Sex_clip","100",613,"Yes","20","","","","","","","","","","","","","","","","","","","","","","","","","","","","","","","","","","","12.557","playful","7.537","upset","4.947","insisting","4.746","worried","11.796","uneasy","11.601","despondent","7.277","cautious","7.719","regretful","4.704","sceptical","21.241","decisive","11.293","accusing","6.418","thoughtful","6.261","friendly","5.293","defiant","8.497","pensive","5.511","hostile","6.069","serious","8.901","concerned","5.503","suspicious",4,8,6,2,4,3,4,3,5,"","yes",38,"Male","Heterosexual or straight","","No","",", RMTE14, RMTE1, RMTE4, RMTE16, RMTE13, RMTE12, RMTE10, RMTE2, RMTE26, RMTE11, RMTE36, RMTE5, RMTE7, RMTE32, RMTE20, RMTE24, RMTE33, RMTE8, RMTE23","FL_125","","RMTE14_males|RMTE1_males|RMTE4_males|RMTE16_males|RMTE13_males|RMTE12_males|RMTE10_males|RMTE2_males|RMTE26_males|RMTE11_males","","FL_189|FL_159|FL_161|FL_185|FL_177|FL_181|FL_187|FL_163|FL_179","vidInstructionSex|FloorSex","vidInstructionNeut|MadMen","|happy_1st|bored_1st|sex_arousal_1st|sadness_1st","|happy_2nd|sadness_2nd|sex_arosal_2nd|bored_2nd",10.2166666666667,-0.18004580190097,NA,"Sex_clip_1st",1,1,NA,1,1,NA,1,1,NA,1,1,1,0,1,NA,1,NA,NA,NA,1,NA,NA,1,1,NA,1,NA,NA,NA,NA,NA,1,1,NA,NA,1,0.947368421052632,NA,NA,NA,NA,NA,NA,NA,NA,NA,NA,NA,NA,NA,NA,NA,NA,NA,2,8,3,12,13,18,7,10,6,5,1,4,15,19,16,9,14,17,11,"FloorSex","MadMen","Sex_clip_1st",8,3,6,4,2,3,4,5,5,1.02266392181639,0.97221913308995,0.449392050070796
"5f6f24f71b1cd746e9ded65e","males","","Sex_clip","100",620,"Yes","20","","","","","","","","","","","","","","","","","","","","","","","","","","","","","","","","","","","2.838","playful","3.561","annoyed","2.74","insisting","1.745","sarcastic","4.372","uneasy","3.323","despondent","2.51","insisting","9.276","regretful","3.236","indifferent","3.677","anticipating","7.375","irritated","4.262","thoughtful","6.269","dominant","7.445","curious","4.829","pensive","2.724","hostile","3.883","serious","7.922","concerned","1.909","ashamed",6,5,4,1,4,1,4,3,5,"","yes",25,"Male","Heterosexual or straight","","No","",", RMTE24, RMTE13, RMTE20, RMTE33, RMTE8, RMTE2, RMTE14, RMTE12, RMTE23, RMTE16, RMTE11, RMTE10, RMTE5, RMTE36, RMTE4, RMTE7, RMTE32, RMTE26, RMTE1","FL_125","","RMTE24_males|RMTE13_males|RMTE20_males|RMTE33_males|RMTE8_males|RMTE2_males|RMTE14_males|RMTE12_males|RMTE23_males|RMTE16_males","","FL_167|FL_165|FL_159|FL_189|FL_157|FL_161|FL_185|FL_183|FL_153","vidInstructionSex|SamTaylor","vidInstructionNeut|WallE","|happy_1st|sex_arousal_1st|bored_1st|sadness_1st","|sex_arosal_2nd|bored_2nd|happy_2nd|sadness_2nd",10.3333333333333,-0.157209434274941,NA,"Sex_clip_1st",1,0,NA,1,0,NA,1,1,NA,0,1,0,1,0,NA,1,NA,NA,NA,0,NA,NA,0,1,NA,1,NA,NA,NA,NA,NA,1,1,NA,NA,0,0.578947368421053,NA,NA,NA,NA,NA,NA,NA,NA,NA,NA,NA,NA,NA,NA,NA,NA,NA,19,6,15,13,16,5,12,11,8,2,7,10,3,9,1,18,17,4,14,"SamTaylor","WallE","Sex_clip_1st",5,1,4,4,1,3,4,5,4,-0.322767682965304,-0.605644705859313,0.0205745757863738
"5f6f4ae8796bee4c3f824545","males","","Neutral_clip","100",618,"Yes","20","","","","","","","","","","","","","","","","","","","","","","","","","","","","","","","","","","","3.5","playful","4.343","upset","3.284","insisting","3.046","worried","8.122","dispirited","6.338","despondent","8.646","insisting","4.714","regretful","4.494","sceptical","3.094","shy","3.251","accusing","7.562","thoughtful","3.348","friendly","5.177","curious","4.438","pensive","2.963","hostile","7.353","serious","7.215","concerned","5.808","suspicious",4,1,7,2,2,6,5,2,2,"","yes",30,"Male","Heterosexual or straight","","No","",", RMTE16, RMTE13, RMTE23, RMTE26, RMTE12, RMTE33, RMTE20, RMTE14, RMTE2, RMTE10, RMTE36, RMTE7, RMTE24, RMTE4, RMTE11, RMTE8, RMTE1, RMTE5, RMTE32","FL_125","","RMTE16_males|RMTE13_males|RMTE23_males|RMTE26_males|RMTE12_males|RMTE33_males|RMTE20_males|RMTE14_males|RMTE2_males|RMTE10_males","","FL_189|FL_161|FL_181|FL_157|FL_167|FL_163|FL_153|FL_159|FL_185","vidInstructionSex|SamTaylor","vidInstructionNeut|WallE","|sadness_1st|happy_1st|bored_1st|sex_arousal_1st","|sadness_2nd|bored_2nd|happy_2nd|sex_arosal_2nd",10.3,-0.16373411073952,NA,"Neutral_clip_1st",1,1,NA,1,1,NA,0,1,NA,0,1,1,0,1,NA,1,NA,NA,NA,1,NA,NA,0,1,NA,1,NA,NA,NA,NA,NA,1,1,NA,NA,1,0.789473684210526,NA,NA,NA,NA,NA,NA,NA,NA,NA,NA,NA,NA,NA,NA,NA,NA,NA,17,9,14,18,12,16,10,15,5,2,8,1,7,3,13,4,19,6,11,"SamTaylor","WallE","Neutral_clip_1st",6,1,5,7,2,2,2,2,5,0.125709518628592,-0.605644705859313,0.449392050070796
"5f856485bcda93000927a185","males","","Neutral_clip","100",543,"Yes","20","","","","","","","","","","","","","","","","","","","","","","","","","","","","","","","","","","","5.016","playful","5.172","arrogant","6.229","insisting","9.336","worried","7.116","uneasy","8.958","despondent","8.81","insisting","8.866","regretful","5.677","sceptical","5.677","anticipating","12.267","accusing","4.978","sympathetic","3.748","friendly","14.285","apologetic","4.319","pensive","4.667","hostile","6.082","serious","9.232","guilty","4.474","suspicious",5,2,6,4,7,6,3,1,4,"","yes",41,"Male","Heterosexual or straight","","No","",", RMTE11, RMTE32, RMTE33, RMTE12, RMTE8, RMTE13, RMTE16, RMTE26, RMTE36, RMTE24, RMTE5, RMTE1, RMTE2, RMTE10, RMTE20, RMTE4, RMTE23, RMTE7, RMTE14","FL_125","","RMTE11_males|RMTE32_males|RMTE33_males|RMTE12_males|RMTE8_males|RMTE13_males|RMTE16_males|RMTE26_males|RMTE36-males|RMTE24_males","","FL_159|FL_153|FL_155|FL_165|FL_177|FL_157|FL_179|FL_161|FL_173","vidInstructionSex|FloorSex","vidInstructionNeut|MadMen","|sex_arousal_1st|happy_1st|sadness_1st|bored_1st","|sadness_2nd|bored_2nd|sex_arosal_2nd|happy_2nd",9.05,-0.408409478161259,NA,"Neutral_clip_1st",1,0,NA,1,1,NA,1,1,NA,0,1,1,1,1,NA,0,NA,NA,NA,1,NA,NA,0,1,NA,1,NA,NA,NA,NA,NA,1,0,NA,NA,1,0.736842105263158,NA,NA,NA,NA,NA,NA,NA,NA,NA,NA,NA,NA,NA,NA,NA,NA,NA,12,13,16,11,18,5,14,1,4,6,19,7,15,17,10,8,2,3,9,"FloorSex","MadMen","Neutral_clip_1st",6,2,3,6,1,4,4,7,4,0.125709518628592,0.183287213615318,0.0205745757863738
"5f8d8af5eadf4d08f6c460f3","males","","Neutral_clip","100",1158,"Yes","20","","","","","","","","","","","","","","","","","","","","","","","","","","","","","","","","","","","5.336","comforting","4.123","upset","6.848","insisting","4.117","worried","11.446","friendly","7.932","relieved","6.621","aghast","8.714","flirtatious","4.155","sceptical","6.123","anticipating","5.864","accusing","15.246","thoughtful","3.17","friendly","9.838","defiant","103.328","pensive","11.127","alarmed","7.098","serious","12.041","fantasizing","255.974","suspicious",6,1,6,1,2,4,5,1,2,"","yes",36,"Male","Heterosexual or straight","","No","",", RMTE33, RMTE7, RMTE23, RMTE36, RMTE1, RMTE32, RMTE24, RMTE16, RMTE12, RMTE4, RMTE11, RMTE10, RMTE2, RMTE13, RMTE26, RMTE8, RMTE20, RMTE14, RMTE5","FL_125","","RMTE33_males|RMTE7_males|RMTE23_males|RMTE36-males|RMTE1_males|RMTE32_males|RMTE24_males|RMTE16_males|RMTE12_males|RMTE4_males","","FL_167|FL_165|FL_155|FL_171|FL_183|FL_163|FL_177|FL_173|FL_159","vidInstructionSex|SamTaylor","vidInstructionNeut|ModernFamily","|sadness_1st|sex_arousal_1st|bored_1st|happy_1st","|sex_arosal_2nd|bored_2nd|happy_2nd|sadness_2nd",19.3,1.597928534697,NA,"Neutral_clip_1st",0,1,NA,1,1,NA,0,0,NA,0,0,1,1,1,NA,1,NA,NA,NA,1,NA,NA,1,1,NA,0,NA,NA,NA,NA,NA,1,0,NA,NA,1,0.631578947368421,NA,NA,NA,NA,NA,NA,NA,NA,NA,NA,NA,NA,NA,NA,NA,NA,NA,5,13,10,19,2,16,12,11,9,14,18,8,17,3,7,15,6,1,4,"SamTaylor","ModernFamily","Neutral_clip_1st",4,1,5,6,1,1,2,2,3,-0.771244884559201,-0.605644705859313,-0.408242898498048
"5f96f554729eab02d6d69e63","males","","Sex_clip","100",584,"Yes","20","","","","","","","","","","","","","","","","","","","","","","","","","","","","","","","","","","","6.571","playful","4.237","upset","5.905","insisting","6.888","worried","8.353","uneasy","6.621","despondent","5.845","insisting","6.488","amused","4.695","sceptical","20.857","shy","7.598","accusing","6.039","sympathetic","5.408","friendly","5.552","defiant","6.629","pensive","6.668","hostile","5.139","serious","6.657","fantasizing","5.504","suspicious",7,6,6,1,5,1,5,1,7,"","yes",33,"Male","Heterosexual or straight","","No","",", RMTE26, RMTE5, RMTE33, RMTE14, RMTE32, RMTE2, RMTE4, RMTE11, RMTE20, RMTE13, RMTE24, RMTE36, RMTE12, RMTE10, RMTE1, RMTE16, RMTE23, RMTE8, RMTE7","FL_125","","RMTE26_males|RMTE5_males|RMTE33_males|RMTE14_males|RMTE32_males|RMTE2_males|RMTE4_males|RMTE11_males|RMTE20_males|RMTE13_males","","FL_181|FL_189|FL_169|FL_165|FL_153|FL_175|FL_179|FL_163|FL_161","vidInstructionSex|FloorSex","vidInstructionNeut|WallE","|sadness_1st|sex_arousal_1st|bored_1st|happy_1st","|sadness_2nd|sex_arosal_2nd|happy_2nd|bored_2nd",9.73333333333333,-0.274653610637375,NA,"Sex_clip_1st",1,1,NA,1,1,NA,1,1,NA,0,0,1,0,1,NA,0,NA,NA,NA,1,NA,NA,1,1,NA,1,NA,NA,NA,NA,NA,1,0,NA,NA,1,0.736842105263158,NA,NA,NA,NA,NA,NA,NA,NA,NA,NA,NA,NA,NA,NA,NA,NA,NA,15,6,7,2,19,18,14,8,13,10,4,16,9,17,11,1,5,3,12,"FloorSex","WallE","Sex_clip_1st",6,1,6,5,1,1,5,7,5,0.125709518628592,-0.605644705859313,0.449392050070796
"5fa11ab7c5a79e1a7dffe292","males","","Neutral_clip","100",748,"Yes","20","","","","","","","","","","","","","","","","","","","","","","","","","","","","","","","","","","","5.666","playful","10.686","upset","9.914","relaxed","5.957","worried","6.08","friendly","7.906","relieved","8.067","insisting","7.704","amused","8.341","sceptical","4.995","anticipating","14.301","irritated","8.24","sympathetic","6.194","friendly","5.234","defiant","5.467","pensive","5.263","anxious","13.198","serious","7.193","fantasizing","5.448","suspicious",2,1,6,1,1,4,4,1,3,"","yes",50,"Male","Heterosexual or straight","","No","",", RMTE12, RMTE8, RMTE13, RMTE7, RMTE32, RMTE20, RMTE33, RMTE36, RMTE24, RMTE26, RMTE10, RMTE5, RMTE4, RMTE23, RMTE14, RMTE2, RMTE16, RMTE11, RMTE1","FL_125","","RMTE12_males|RMTE8_males|RMTE13_males|RMTE7_males|RMTE32_males|RMTE20_males|RMTE33_males|RMTE36-males|RMTE24_males|RMTE26_males","","FL_165|FL_159|FL_157|FL_179|FL_173|FL_155|FL_175|FL_167|FL_153","vidInstructionSex|BedroomOral","vidInstructionNeut|ModernFamily","|sadness_1st|happy_1st|sex_arousal_1st|bored_1st","|bored_2nd|sadness_2nd|happy_2nd|sex_arosal_2nd",12.4666666666667,0.26036985945816,NA,"Neutral_clip_1st",1,1,NA,0,1,NA,0,0,NA,0,0,1,1,0,NA,0,NA,NA,NA,1,NA,NA,1,1,NA,0,NA,NA,NA,NA,NA,1,0,NA,NA,1,0.526315789473684,NA,NA,NA,NA,NA,NA,NA,NA,NA,NA,NA,NA,NA,NA,NA,NA,NA,19,16,13,12,4,2,11,18,1,3,15,17,6,14,9,10,5,7,8,"BedroomOral","ModernFamily","Neutral_clip_1st",4,1,4,6,1,1,3,1,3,-0.771244884559201,-0.605644705859313,-0.408242898498048
"5fa6976d5ff13f2d6a4f1a2d","males","","Neutral_clip","100",654,"Yes","20","","","","","","","","","","","","","","","","","","","","","","","","","","","","","","","","","","","7.385","playful","15.326","arrogant","9.082","joking","7.714","sarcastic","10.976","uneasy","16.793","despondent","4.99","cautious","10.096","regretful","4.327","sceptical","6.778","anticipating","14.846","irritated","4.391","thoughtful","21.06","guilty","6.675","curious","4.534","pensive","9.992","hostile","9.633","ashamed","6.289","concerned","5.128","suspicious",7,4,5,1,3,2,3,1,8,"","yes",24,"Male","Heterosexual or straight","","No","",", RMTE20, RMTE11, RMTE14, RMTE4, RMTE13, RMTE5, RMTE1, RMTE33, RMTE8, RMTE16, RMTE32, RMTE36, RMTE12, RMTE24, RMTE23, RMTE2, RMTE26, RMTE7, RMTE10","FL_125","","RMTE20_males|RMTE11_males|RMTE14_males|RMTE4_males|RMTE13_males|RMTE5_males|RMTE1_males|RMTE33_males|RMTE8_males|RMTE16_males","","FL_185|FL_189|FL_169|FL_181|FL_179|FL_155|FL_183|FL_161|FL_165","vidInstructionSex|SamTaylor","vidInstructionNeut|ModernFamily","|happy_1st|sex_arousal_1st|sadness_1st|bored_1st","|sadness_2nd|happy_2nd|sex_arosal_2nd|bored_2nd",10.9,-0.0462899343770856,NA,"Neutral_clip_1st",1,0,NA,0,0,NA,1,1,NA,1,1,1,1,0,NA,1,NA,NA,NA,0,NA,NA,0,1,NA,1,NA,NA,NA,NA,NA,0,1,NA,NA,1,0.631578947368421,NA,NA,NA,NA,NA,NA,NA,NA,NA,NA,NA,NA,NA,NA,NA,NA,NA,7,16,4,6,18,9,19,2,13,5,3,10,1,15,14,17,11,8,12,"SamTaylor","ModernFamily","Neutral_clip_1st",2,4,3,5,1,1,8,3,-2,-1.66819928774699,1.76115105256458,-2.55233026992016
"5fa8030f008edf5d07a3ab8b","males","","Neutral_clip","100",586,"Yes","20","","","","","","","","","","","","","","","","","","","","","","","","","","","","","","","","","","","9.357","irritated","6.153","upset","7.86","insisting","5.709","worried","9.378","apologetic","5.597","despondent","5.391","cautious","8.028","regretful","12.338","indifferent","6.867","anticipating","6.422","accusing","5.914","thoughtful","4.745","friendly","8.682","curious","6.208","pensive","5.92","hostile","6.95","serious","13.387","concerned","7.256","suspicious",7,1,4,2,6,8,5,1,4,"","yes",39,"Male","Heterosexual or straight","","No","",", RMTE12, RMTE11, RMTE14, RMTE5, RMTE26, RMTE32, RMTE24, RMTE13, RMTE1, RMTE16, RMTE36, RMTE7, RMTE4, RMTE8, RMTE2, RMTE23, RMTE10, RMTE33, RMTE20","FL_125","","RMTE12_males|RMTE11_males|RMTE14_males|RMTE5_males|RMTE26_males|RMTE32_males|RMTE24_males|RMTE13_males|RMTE1_males|RMTE16_males","","FL_189|FL_161|FL_157|FL_163|FL_155|FL_179|FL_165|FL_187|FL_177","vidInstructionSex|BedroomOral","vidInstructionNeut|ModernFamily","|happy_1st|bored_1st|sadness_1st|sex_arousal_1st","|bored_2nd|sex_arosal_2nd|happy_2nd|sadness_2nd",9.76666666666667,-0.268128934172795,NA,"Neutral_clip_1st",0,1,NA,1,1,NA,0,1,NA,1,1,0,1,1,NA,1,NA,NA,NA,1,NA,NA,0,1,NA,1,NA,NA,NA,NA,NA,1,1,NA,NA,1,0.789473684210526,NA,NA,NA,NA,NA,NA,NA,NA,NA,NA,NA,NA,NA,NA,NA,NA,NA,9,15,13,4,12,14,17,2,1,8,3,10,19,16,7,5,6,18,11,"BedroomOral","ModernFamily","Neutral_clip_1st",8,1,5,4,1,2,4,6,7,1.02266392181639,-0.605644705859313,1.30702699863964
"5fc2a391bd7dc21720d0160a","males","","Sex_clip","100",502,"Yes","20","","","","","","","","","","","","","","","","","","","","","","","","","","","","","","","","","","","4.212","playful","4.637","upset","4.822","insisting","3.541","sarcastic","5.825","dispirited","9.284","excited","5.778","cautious","4.088","amused","14.227","indifferent","8.137","anticipating","5.191","accusing","7.172","encouraging","5.151","friendly","3.731","defiant","6.5","hostile","4.048","hostile","6.655","serious","7.495","fantasizing","4.225","suspicious",5,6,5,1,3,1,4,1,7,"","yes",46,"Male","Heterosexual or straight","","No","",", RMTE2, RMTE36, RMTE33, RMTE10, RMTE24, RMTE23, RMTE7, RMTE26, RMTE5, RMTE32, RMTE1, RMTE16, RMTE20, RMTE13, RMTE4, RMTE14, RMTE11, RMTE8, RMTE12","FL_125","","RMTE2_males|RMTE36-males|RMTE33_males|RMTE10_males|RMTE24_males|RMTE23_males|RMTE7_males|RMTE26_males|RMTE5_males|RMTE32_males","","FL_153|FL_175|FL_177|FL_171|FL_157|FL_173|FL_167|FL_163|FL_169","vidInstructionSex|SamTaylor","vidInstructionNeut|MadMen","|sex_arousal_1st|happy_1st|bored_1st|sadness_1st","|happy_2nd|bored_2nd|sadness_2nd|sex_arosal_2nd",8.36666666666667,-0.542165345685143,NA,"Sex_clip_1st",1,1,NA,1,0,NA,0,0,NA,1,0,0,1,1,NA,0,NA,NA,NA,1,NA,NA,1,0,NA,1,NA,NA,NA,NA,NA,1,0,NA,NA,1,0.578947368421053,NA,NA,NA,NA,NA,NA,NA,NA,NA,NA,NA,NA,NA,NA,NA,NA,NA,11,1,15,9,7,18,4,17,19,14,16,12,13,6,5,8,10,3,2,"SamTaylor","MadMen","Sex_clip_1st",6,1,5,4,1,1,3,7,5,0.125709518628592,-0.605644705859313,0.449392050070796
"5fe9ccf43803bb921592f8ac","males","","Neutral_clip","100",598,"Yes","20","","","","","","","","","","","","","","","","","","","","","","","","","","","","","","","","","","","7.596","playful","6.266","upset","18.537","insisting","9.319","sarcastic","5.614","uneasy","7.222","relieved","6.564","aghast","10.209","regretful","6.755","sceptical","7.743","anticipating","6.901","accusing","8.318","thoughtful","5.101","friendly","8.614","curious","9.519","pensive","8.651","shy","6.314","alarmed","10.658","fantasizing","4.265","suspicious",4,1,7,1,2,7,7,1,2,"","yes",33,"Male","Heterosexual or straight","","No","",", RMTE5, RMTE33, RMTE20, RMTE7, RMTE1, RMTE13, RMTE23, RMTE12, RMTE11, RMTE16, RMTE24, RMTE14, RMTE10, RMTE4, RMTE32, RMTE26, RMTE2, RMTE36, RMTE8","FL_125","","RMTE5_males|RMTE33_males|RMTE20_males|RMTE7_males|RMTE1_males|RMTE13_males|RMTE23_males|RMTE12_males|RMTE11_males|RMTE16_males","","FL_181|FL_173|FL_165|FL_157|FL_185|FL_183|FL_155|FL_189|FL_163","vidInstructionSex|BedroomOral","vidInstructionNeut|WallE","|happy_1st|sex_arousal_1st|bored_1st|sadness_1st","|sadness_2nd|sex_arosal_2nd|bored_2nd|happy_2nd",9.96666666666667,-0.228980875385317,NA,"Neutral_clip_1st",1,1,NA,1,0,NA,1,0,NA,0,1,1,1,1,NA,1,NA,NA,NA,1,NA,NA,0,1,NA,0,NA,NA,NA,NA,NA,0,0,NA,NA,1,0.631578947368421,NA,NA,NA,NA,NA,NA,NA,NA,NA,NA,NA,NA,NA,NA,NA,NA,NA,5,17,14,1,4,19,13,9,8,6,12,10,3,7,11,16,15,2,18,"BedroomOral","WallE","Neutral_clip_1st",7,1,7,7,1,1,2,2,6,0.574186720222489,-0.605644705859313,0.878209524355217
"5fecdbad0b1a449e3288b07b","males","","Neutral_clip","100",509,"Yes","20","","","","","","","","","","","","","","","","","","","","","","","","","","","","","","","","","","","3.802","irritated","2.656","upset","56.506","insisting","2.466","worried","3.181","uneasy","29.409","despondent","3.354","cautious","5.21","regretful","4.442","sceptical","6.134","shy","3.589","accusing","7.936","thoughtful","2.042","friendly","3.284","defiant","4.682","pensive","6.082","hostile","3.194","alarmed","3.893","concerned","4.715","suspicious",4,1,7,3,3,6,5,1,6,"","yes",22,"Male","Heterosexual or straight","","No","",", RMTE26, RMTE12, RMTE24, RMTE1, RMTE16, RMTE20, RMTE11, RMTE33, RMTE36, RMTE13, RMTE4, RMTE2, RMTE32, RMTE7, RMTE5, RMTE14, RMTE8, RMTE23, RMTE10","FL_125","","RMTE26_males|RMTE12_males|RMTE24_males|RMTE1_males|RMTE16_males|RMTE20_males|RMTE11_males|RMTE33_males|RMTE36-males|RMTE13_males","","FL_157|FL_155|FL_185|FL_161|FL_159|FL_173|FL_163|FL_179|FL_165","vidInstructionSex|BedroomOral","vidInstructionNeut|WallE","|sex_arousal_1st|sadness_1st|bored_1st|happy_1st","|sadness_2nd|sex_arosal_2nd|bored_2nd|happy_2nd",8.48333333333333,-0.519328978059114,NA,"Neutral_clip_1st",0,1,NA,1,1,NA,1,1,NA,1,1,1,0,1,NA,1,NA,NA,NA,1,NA,NA,1,1,NA,1,NA,NA,NA,NA,NA,0,1,NA,NA,1,0.842105263157895,NA,NA,NA,NA,NA,NA,NA,NA,NA,NA,NA,NA,NA,NA,NA,NA,NA,4,12,11,15,14,17,19,7,2,10,16,5,6,18,3,1,13,8,9,"BedroomOral","WallE","Neutral_clip_1st",6,1,5,7,1,3,6,3,5,0.125709518628592,-0.605644705859313,0.449392050070796
"6006ad91a5a25c0265ec908c","males","","Sex_clip","100",495,"Yes","20","","","","","","","","","","","","","","","","","","","","","","","","","","","","","","","","","","","4.018","playful","8.553","annoyed","6.263","amused","6.896","worried","6.326","uneasy","6.43","despondent","8.96","cautious","8.826","regretful","4.709","indifferent","9.029","anticipating","4.733","depressed","3.537","thoughtful","5.012","friendly","7.765","curious","5.344","pensive","3.541","hostile","7.004","serious","7.725","guilty","5.092","suspicious",4,2,1,1,7,1,3,1,5,"","yes",41,"Male","Heterosexual or straight","","No","",", RMTE11, RMTE2, RMTE7, RMTE33, RMTE10, RMTE5, RMTE8, RMTE20, RMTE4, RMTE1, RMTE13, RMTE24, RMTE14, RMTE16, RMTE23, RMTE36, RMTE32, RMTE26, RMTE12","FL_125","","RMTE11_males|RMTE2_males|RMTE7_males|RMTE33_males|RMTE10_males|RMTE5_males|RMTE8_males|RMTE20_males|RMTE4_males|RMTE1_males","","FL_171|FL_181|FL_173|FL_175|FL_179|FL_189|FL_185|FL_183|FL_169","vidInstructionSex|SamTaylor","vidInstructionNeut|MadMen","|sex_arousal_1st|bored_1st|happy_1st|sadness_1st","|sadness_2nd|sex_arosal_2nd|bored_2nd|happy_2nd",8.25,-0.565001713311172,NA,"Sex_clip_1st",1,0,NA,0,1,NA,1,1,NA,1,1,0,1,0,NA,1,NA,NA,NA,1,NA,NA,0,1,NA,1,NA,NA,NA,NA,NA,1,0,NA,NA,1,0.684210526315789,NA,NA,NA,NA,NA,NA,NA,NA,NA,NA,NA,NA,NA,NA,NA,NA,NA,10,2,9,6,3,7,5,1,19,11,13,14,8,15,12,18,17,4,16,"SamTaylor","MadMen","Sex_clip_1st",2,1,1,3,1,1,7,5,1,-1.66819928774699,-0.605644705859313,-1.26587784706689
"600b5191a434df19524dd1a0","males","","Neutral_clip","100",1193,"Yes","20","","","","","","","","","","","","","","","","","","","","","","","","","","","","","","","","","","","7.193","playful","7.771","upset","6.605","amused","6.009","worried","10.638","friendly","6.802","despondent","11.584","insisting","4.926","regretful","9.076","indifferent","8.706","anticipating","5.936","accusing","4.635","thoughtful","3.922","friendly","7.083","defiant","4.757","pensive","8.456","hostile","7.012","serious","6.668","concerned","24.738","suspicious",7,1,8,2,3,7,4,6,3,"","yes",39,"Male","Heterosexual or straight","","No","",", RMTE26, RMTE10, RMTE7, RMTE12, RMTE1, RMTE33, RMTE13, RMTE36, RMTE32, RMTE2, RMTE4, RMTE14, RMTE11, RMTE8, RMTE23, RMTE5, RMTE20, RMTE24, RMTE16","FL_125","","RMTE26_males|RMTE10_males|RMTE7_males|RMTE12_males|RMTE1_males|RMTE33_males|RMTE13_males|RMTE36-males|RMTE32_males|RMTE2_males","","FL_157|FL_173|FL_167|FL_163|FL_179|FL_159|FL_177|FL_181|FL_175","vidInstructionSex|SamTaylor","vidInstructionNeut|WallE","|sadness_1st|happy_1st|bored_1st|sex_arousal_1st","|sadness_2nd|happy_2nd|bored_2nd|sex_arosal_2nd",19.8833333333333,1.71211037282714,NA,"Neutral_clip_1st",1,1,NA,0,1,NA,0,1,NA,0,1,0,1,1,NA,1,NA,NA,NA,1,NA,NA,1,1,NA,1,NA,NA,NA,NA,NA,1,1,NA,NA,1,0.789473684210526,NA,NA,NA,NA,NA,NA,NA,NA,NA,NA,NA,NA,NA,NA,NA,NA,NA,5,10,11,16,3,14,2,13,4,7,12,19,17,15,18,1,9,6,8,"SamTaylor","WallE","Neutral_clip_1st",7,1,4,8,6,2,3,3,6,0.574186720222489,-0.605644705859313,0.878209524355217
"600de5491d0f333e281263de","males","","Sex_clip","100",784,"Yes","20","","","","","","","","","","","","","","","","","","","","","","","","","","","","","","","","","","","6.197","playful","10.942","upset","9.444","insisting","12.689","irritated","12.071","dispirited","12.833","despondent","13.064","insisting","11.259","regretful","9.48","sceptical","19.462","anticipating","14.895","disappointed","13.952","sympathetic","8.784","friendly","8.889","curious","15.166","iIrritated","12.946","alarmed","8.605","serious","16.382","concerned","8.469","suspicious",4,6,4,1,4,3,7,1,2,"","yes",39,"Male","Heterosexual or straight","","No","",", RMTE24, RMTE20, RMTE16, RMTE26, RMTE11, RMTE14, RMTE5, RMTE32, RMTE33, RMTE13, RMTE7, RMTE2, RMTE4, RMTE12, RMTE10, RMTE8, RMTE36, RMTE1, RMTE23","FL_125","","RMTE24_males|RMTE20_males|RMTE16_males|RMTE26_males|RMTE11_males|RMTE14_males|RMTE5_males|RMTE32_males|RMTE33_males|RMTE13_males","","FL_161|FL_155|FL_157|FL_169|FL_165|FL_163|FL_189|FL_153|FL_179","vidInstructionSex|SamTaylor","vidInstructionNeut|ModernFamily","|bored_1st|happy_1st|sadness_1st|sex_arousal_1st","|sex_arosal_2nd|happy_2nd|bored_2nd|sadness_2nd",13.0666666666667,0.377814035820595,NA,"Sex_clip_1st",1,1,NA,1,0,NA,0,1,NA,0,1,1,1,0,NA,0,NA,NA,NA,1,NA,NA,0,0,NA,0,NA,NA,NA,NA,NA,1,1,NA,NA,1,0.578947368421053,NA,NA,NA,NA,NA,NA,NA,NA,NA,NA,NA,NA,NA,NA,NA,NA,NA,18,12,13,7,11,16,15,5,14,10,6,3,2,19,1,4,8,9,17,"SamTaylor","ModernFamily","Sex_clip_1st",6,3,4,7,1,1,4,2,3,0.125709518628592,0.97221913308995,-0.408242898498048
"603a97184049ae6c4a3a98c2","males","","Sex_clip","100",736,"Yes","20","","","","","","","","","","","","","","","","","","","","","","","","","","","","","","","","","","","11.666","playful","9.721","upset","16.302","insisting","10.922","worried","11.681","uneasy","19.292","despondent","13.019","insisting","12.502","regretful","17.115","indifferent","13.893","anticipating","9.197","accusing","13.433","thoughtful","7.445","friendly","15.018","contented","9.126","pensive","14.501","hostile","10.362","serious","10.565","concerned","8.976","suspicious",6,7,6,1,1,3,6,2,1,"","yes",47,"Male","Heterosexual or straight","","No","",", RMTE10, RMTE8, RMTE33, RMTE12, RMTE1, RMTE7, RMTE14, RMTE13, RMTE16, RMTE5, RMTE24, RMTE2, RMTE32, RMTE36, RMTE26, RMTE4, RMTE23, RMTE20, RMTE11","FL_125","","RMTE10_males|RMTE8_males|RMTE33_males|RMTE12_males|RMTE1_males|RMTE7_males|RMTE14_males|RMTE13_males|RMTE16_males|RMTE5_males","","FL_181|FL_155|FL_185|FL_189|FL_183|FL_157|FL_179|FL_177|FL_167","vidInstructionSex|SamTaylor","vidInstructionNeut|ModernFamily","|happy_1st|sadness_1st|sex_arousal_1st|bored_1st","|bored_2nd|happy_2nd|sex_arosal_2nd|sadness_2nd",12.2666666666667,0.221221800670682,NA,"Sex_clip_1st",1,1,NA,1,1,NA,1,1,NA,0,1,0,1,1,NA,1,NA,NA,NA,1,NA,NA,0,1,NA,1,NA,NA,NA,NA,NA,1,1,NA,NA,1,0.842105263157895,NA,NA,NA,NA,NA,NA,NA,NA,NA,NA,NA,NA,NA,NA,NA,NA,NA,5,12,16,10,6,2,1,19,4,8,7,9,18,17,11,15,13,3,14,"SamTaylor","ModernFamily","Sex_clip_1st",7,3,6,6,1,2,1,1,4,0.574186720222489,0.97221913308995,0.0205745757863738
"603b958bdb90428647ef4b42","males","","Sex_clip","100",559,"Yes","20","","","","","","","","","","","","","","","","","","","","","","","","","","","","","","","","","","","8.932","irritated","7.531","upset","5.165","insisting","10.001","irritated","3.119","uneasy","5.393","despondent","5.35","cautious","11.818","regretful","6.717","sceptical","4.849","anticipating","4.054","accusing","9.424","sympathetic","9.146","guilty","11.436","contented","10.326","iIrritated","8.28","anxious","5.871","serious","4.649","concerned","11.675","suspicious",6,3,5,5,4,1,6,4,4,"","yes",23,"Male","Heterosexual or straight","","No","",", RMTE20, RMTE2, RMTE10, RMTE33, RMTE32, RMTE16, RMTE24, RMTE12, RMTE11, RMTE14, RMTE23, RMTE1, RMTE7, RMTE4, RMTE13, RMTE26, RMTE8, RMTE5, RMTE36","FL_125","","RMTE20_males|RMTE2_males|RMTE10_males|RMTE33_males|RMTE32_males|RMTE16_males|RMTE24_males|RMTE12_males|RMTE11_males|RMTE14_males","","FL_179|FL_153|FL_161|FL_157|FL_171|FL_183|FL_163|FL_159|FL_189","vidInstructionSex|SamTaylor","vidInstructionNeut|WallE","|happy_1st|bored_1st|sex_arousal_1st|sadness_1st","|bored_2nd|happy_2nd|sadness_2nd|sex_arosal_2nd",9.31666666666667,-0.356212066444621,NA,"Sex_clip_1st",0,1,NA,1,0,NA,1,1,NA,1,1,1,1,1,NA,0,NA,NA,NA,0,NA,NA,0,0,NA,0,NA,NA,NA,NA,NA,1,1,NA,NA,1,0.631578947368421,NA,NA,NA,NA,NA,NA,NA,NA,NA,NA,NA,NA,NA,NA,NA,NA,NA,12,2,14,18,13,17,3,9,8,15,10,6,1,11,7,16,5,4,19,"SamTaylor","WallE","Sex_clip_1st",3,1,5,6,5,4,4,4,2,-1.2197220861531,-0.605644705859313,-0.83706037278247
"604604bf082da501e40808c3","males","","Neutral_clip","100",644,"Yes","20","","","","","","","","","","","","","","","","","","","","","","","","","","","","","","","","","","","6.748","playful","5.238","upset","11.192","insisting","4.875","worried","7.702","uneasy","6.381","despondent","6.451","insisting","9.184","regretful","6.146","sceptical","16.516","anticipating","5.352","accusing","7.713","sympathetic","7.337","dominant","6.18","defiant","13.51","pensive","4.893","hostile","6.569","serious","16.416","fantasizing","5.008","suspicious",4,4,5,2,4,7,7,2,2,"","yes",41,"Male","Heterosexual or straight","","No","",", RMTE33, RMTE12, RMTE8, RMTE5, RMTE32, RMTE7, RMTE10, RMTE14, RMTE16, RMTE1, RMTE11, RMTE13, RMTE36, RMTE24, RMTE2, RMTE20, RMTE4, RMTE26, RMTE23","FL_125","","RMTE33_males|RMTE12_males|RMTE8_males|RMTE5_males|RMTE32_males|RMTE7_males|RMTE10_males|RMTE14_males|RMTE16_males|RMTE1_males","","FL_167|FL_171|FL_189|FL_181|FL_155|FL_177|FL_157|FL_183|FL_179","vidInstructionSex|FloorSex","vidInstructionNeut|ModernFamily","|bored_1st|happy_1st|sex_arousal_1st|sadness_1st","|sex_arosal_2nd|happy_2nd|sadness_2nd|bored_2nd",10.7333333333333,-0.0789133166999842,NA,"Neutral_clip_1st",1,1,NA,1,1,NA,1,1,NA,0,1,1,1,1,NA,0,NA,NA,NA,0,NA,NA,1,1,NA,1,NA,NA,NA,NA,NA,1,0,NA,NA,1,0.789473684210526,NA,NA,NA,NA,NA,NA,NA,NA,NA,NA,NA,NA,NA,NA,NA,NA,NA,10,15,17,4,6,3,7,11,2,12,8,9,16,19,14,18,5,1,13,"FloorSex","ModernFamily","Neutral_clip_1st",7,4,7,5,2,2,2,4,3,0.574186720222489,1.76115105256458,-0.408242898498048
"6054986d528d69b89f04aacd","males","","Sex_clip","100",550,"Yes","20","","","","","","","","","","","","","","","","","","","","","","","","","","","","","","","","","","","8.176","playful","5.87","upset","5.281","insisting","4.239","worried","8.52","friendly","7.899","relieved","7.701","cautious","6.834","regretful","4.875","sceptical","10.103","anticipating","11.932","depressed","8.093","thoughtful","5.423","friendly","6.429","apologetic","8.197","pensive","4.136","hostile","9.913","serious","11.91","concerned","3.169","suspicious",6,7,6,3,3,1,6,3,4,"","yes",45,"Male","Heterosexual or straight","","No","",", RMTE32, RMTE12, RMTE4, RMTE26, RMTE11, RMTE10, RMTE33, RMTE14, RMTE23, RMTE1, RMTE8, RMTE24, RMTE20, RMTE2, RMTE5, RMTE16, RMTE13, RMTE7, RMTE36","FL_125","","RMTE32_males|RMTE12_males|RMTE4_males|RMTE26_males|RMTE11_males|RMTE10_males|RMTE33_males|RMTE14_males|RMTE23_males|RMTE1_males","","FL_163|FL_181|FL_177|FL_155|FL_159|FL_175|FL_171|FL_161|FL_189","vidInstructionSex|FloorSex","vidInstructionNeut|MadMen","|happy_1st|sex_arousal_1st|sadness_1st|bored_1st","|happy_2nd|sadness_2nd|bored_2nd|sex_arosal_2nd",9.16666666666667,-0.38557311053523,NA,"Sex_clip_1st",1,1,NA,1,1,NA,0,0,NA,1,1,1,1,0,NA,1,NA,NA,NA,1,NA,NA,0,1,NA,1,NA,NA,NA,NA,NA,1,1,NA,NA,1,0.789473684210526,NA,NA,NA,NA,NA,NA,NA,NA,NA,NA,NA,NA,NA,NA,NA,NA,NA,10,14,3,15,18,11,6,5,2,17,8,16,13,9,12,4,1,7,19,"FloorSex","MadMen","Sex_clip_1st",7,1,6,6,3,3,3,4,6,0.574186720222489,-0.605644705859313,0.878209524355217
"6054b31bb0b1a5d777767e47","males","","Sex_clip","100",497,"Yes","20","","","","","","","","","","","","","","","","","","","","","","","","","","","","","","","","","","","8.743","irritated","2.776","upset","4.086","insisting","4.372","worried","5.222","uneasy","12.07","despondent","4.373","cautious","8.231","regretful","7.075","sceptical","4.773","shy","6.984","accusing","5.572","thoughtful","13.378","dominant","5.228","defiant","4.254","pensive","4.208","hostile","4.211","serious","4.782","concerned","3.364","suspicious",3,5,3,3,7,1,7,2,3,"","yes",31,"Male","Heterosexual or straight","","No","",", RMTE12, RMTE33, RMTE7, RMTE5, RMTE4, RMTE13, RMTE20, RMTE36, RMTE8, RMTE32, RMTE26, RMTE16, RMTE23, RMTE2, RMTE24, RMTE10, RMTE1, RMTE11, RMTE14","FL_125","","RMTE12_males|RMTE33_males|RMTE7_males|RMTE5_males|RMTE4_males|RMTE13_males|RMTE20_males|RMTE36-males|RMTE8_males|RMTE32_males","","FL_183|FL_175|FL_179|FL_155|FL_181|FL_165|FL_153|FL_167|FL_173","vidInstructionSex|BedroomOral","vidInstructionNeut|WallE","|bored_1st|sadness_1st|happy_1st|sex_arousal_1st","|sex_arosal_2nd|happy_2nd|sadness_2nd|bored_2nd",8.28333333333333,-0.558477036846592,NA,"Sex_clip_1st",0,1,NA,1,1,NA,1,1,NA,1,1,1,0,1,NA,1,NA,NA,NA,0,NA,NA,1,1,NA,1,NA,NA,NA,NA,NA,1,1,NA,NA,1,0.842105263157895,NA,NA,NA,NA,NA,NA,NA,NA,NA,NA,NA,NA,NA,NA,NA,NA,NA,17,14,5,4,3,9,16,18,1,6,19,12,7,13,15,11,10,2,8,"BedroomOral","WallE","Sex_clip_1st",5,1,3,7,3,2,7,3,4,-0.322767682965304,-0.605644705859313,0.0205745757863738
"6054bc49a73ad1f484b6ce32","males","","Neutral_clip","100",552,"Yes","20","","","","","","","","","","","","","","","","","","","","","","","","","","","","","","","","","","","7.097","playful","9.683","upset","7.72","insisting","11.409","irritated","6.437","uneasy","6.958","relieved","7.732","insisting","5.092","regretful","4.717","sceptical","7.14","anticipating","4.93","accusing","9.012","thoughtful","5.254","friendly","6.736","defiant","6.42","pensive","3.583","hostile","7.702","serious","4.933","concerned","9.558","suspicious",6,1,7,1,1,1,3,1,7,"","Yes",49,"Male","Heterosexual or straight","","No","",", RMTE1, RMTE4, RMTE7, RMTE23, RMTE20, RMTE14, RMTE32, RMTE2, RMTE24, RMTE10, RMTE33, RMTE26, RMTE12, RMTE13, RMTE8, RMTE36, RMTE11, RMTE16, RMTE5","FL_125","","RMTE1_males|RMTE4_males|RMTE7_males|RMTE23_males|RMTE20_males|RMTE14_males|RMTE32_males|RMTE2_males|RMTE24_males|RMTE10_males","","FL_187|FL_183|FL_169|FL_171|FL_163|FL_189|FL_167|FL_175|FL_159","vidInstructionSex|BedroomOral","vidInstructionNeut|ModernFamily","|bored_1st|sadness_1st|happy_1st|sex_arousal_1st","|happy_2nd|bored_2nd|sadness_2nd|sex_arosal_2nd",9.2,-0.37904843407065,NA,"Neutral_clip_1st",1,1,NA,1,0,NA,1,0,NA,0,1,1,1,1,NA,1,NA,NA,NA,1,NA,NA,1,1,NA,1,NA,NA,NA,NA,NA,1,1,NA,NA,1,0.842105263157895,NA,NA,NA,NA,NA,NA,NA,NA,NA,NA,NA,NA,NA,NA,NA,NA,NA,1,8,2,19,3,15,10,17,13,14,6,18,5,4,9,12,7,11,16,"BedroomOral","ModernFamily","Neutral_clip_1st",1,1,3,7,1,1,7,1,0,-2.11667648934089,-0.605644705859313,-1.69469532135131
"605e9cc770aa6d1947d02bfa","males","","Neutral_clip","100",648,"Yes","20","","","","","","","","","","","","","","","","","","","","","","","","","","","","","","","","","","","7.793","comforting","7.943","upset","8.273","insisting","10.314","sarcastic","8.498","uneasy","8.448","despondent","6.454","cautious","9.677","regretful","6.877","sceptical","10.282","decisive","6.909","accusing","10.407","thoughtful","10.26","friendly","7.39","defiant","14.036","hostile","6.655","hostile","6.588","serious","9.809","concerned","5.284","suspicious",6,1,4,4,5,5,2,6,5,"","yes",30,"Male","Heterosexual or straight","","No","",", RMTE1, RMTE26, RMTE12, RMTE5, RMTE33, RMTE14, RMTE2, RMTE23, RMTE8, RMTE16, RMTE11, RMTE24, RMTE13, RMTE20, RMTE32, RMTE36, RMTE7, RMTE4, RMTE10","FL_125","","RMTE1_males|RMTE26_males|RMTE12_males|RMTE5_males|RMTE33_males|RMTE14_males|RMTE2_males|RMTE23_males|RMTE8_males|RMTE16_males","","FL_167|FL_181|FL_171|FL_177|FL_185|FL_189|FL_161|FL_157|FL_165","vidInstructionSex|SamTaylor","vidInstructionNeut|WallE","|happy_1st|sex_arousal_1st|sadness_1st|bored_1st","|bored_2nd|happy_2nd|sex_arosal_2nd|sadness_2nd",10.8,-0.0658639637708247,NA,"Neutral_clip_1st",0,1,NA,1,0,NA,1,1,NA,1,1,1,0,1,NA,1,NA,NA,NA,1,NA,NA,1,0,NA,1,NA,NA,NA,NA,NA,1,1,NA,NA,1,0.789473684210526,NA,NA,NA,NA,NA,NA,NA,NA,NA,NA,NA,NA,NA,NA,NA,NA,NA,1,7,18,4,17,9,19,11,3,13,6,10,14,8,12,2,15,5,16,"SamTaylor","WallE","Neutral_clip_1st",5,1,2,4,6,4,5,5,4,-0.322767682965304,-0.605644705859313,0.0205745757863738
"60663a9105dd44817ea56abb","males","","Sex_clip","100",481,"Yes","20","","","","","","","","","","","","","","","","","","","","","","","","","","","","","","","","","","","4.36","playful","5.988","terrified","6.426","amused","3.34","worried","3.516","uneasy","1.766","despondent","1.871","bored","4.912","regretful","4.102","indifferent","2.153","shy","1.792","disappointed","1.712","sympathetic","3.141","friendly","4.678","curious","1.824","pensive","1.994","anxious","3.254","serious","1.638","fantasizing","6.331","suspicious",7,7,8,2,3,4,6,5,5,"","yes",48,"Male","Heterosexual or straight","","No","",", RMTE36, RMTE2, RMTE4, RMTE1, RMTE32, RMTE11, RMTE7, RMTE12, RMTE5, RMTE23, RMTE20, RMTE13, RMTE26, RMTE8, RMTE33, RMTE16, RMTE14, RMTE24, RMTE10","FL_125","","RMTE36-males|RMTE2_males|RMTE4_males|RMTE1_males|RMTE32_males|RMTE11_males|RMTE7_males|RMTE12_males|RMTE5_males|RMTE23_males","","FL_177|FL_171|FL_183|FL_163|FL_187|FL_175|FL_173|FL_181|FL_165","vidInstructionSex|SamTaylor","vidInstructionNeut|ModernFamily","|bored_1st|happy_1st|sex_arousal_1st|sadness_1st","|sadness_2nd|sex_arosal_2nd|bored_2nd|happy_2nd",8.01666666666667,-0.61067444856323,NA,"Sex_clip_1st",1,0,NA,0,1,NA,1,1,NA,0,1,0,0,0,NA,0,NA,NA,NA,1,NA,NA,0,1,NA,0,NA,NA,NA,NA,NA,1,0,NA,NA,1,0.473684210526316,NA,NA,NA,NA,NA,NA,NA,NA,NA,NA,NA,NA,NA,NA,NA,NA,NA,4,2,3,9,7,14,19,6,8,12,17,16,11,10,18,13,5,15,1,"SamTaylor","ModernFamily","Sex_clip_1st",7,4,8,6,2,5,3,5,3,0.574186720222489,1.76115105256458,-0.408242898498048
"6072cc57c4e97813d3182eb7","males","","Neutral_clip","100",1084,"Yes","20","","","","","","","","","","","","","","","","","","","","","","","","","","","","","","","","","","","6.318","playful","11.245","annoyed","8.285","insisting","5.55","worried","5.899","friendly","7.091","despondent","10.703","insisting","6.586","amused","7.595","sceptical","8.931","anticipating","11.014","irritated","15.645","thoughtful","9.626","friendly","7.407","defiant","12.819","pensive","12.772","hostile","6.529","serious","13.17","concerned","6.103","suspicious",7,3,3,5,4,7,7,1,3,"","yes",37,"Male","Heterosexual or straight","","No","",", RMTE16, RMTE12, RMTE2, RMTE10, RMTE24, RMTE4, RMTE26, RMTE13, RMTE33, RMTE36, RMTE20, RMTE14, RMTE11, RMTE7, RMTE32, RMTE23, RMTE1, RMTE5, RMTE8","FL_125","","RMTE16_males|RMTE12_males|RMTE2_males|RMTE10_males|RMTE24_males|RMTE4_males|RMTE26_males|RMTE13_males|RMTE33_males|RMTE36-males","","FL_177|FL_173|FL_167|FL_161|FL_185|FL_179|FL_153|FL_159|FL_163","vidInstructionSex|FloorSex","vidInstructionNeut|MadMen","|sex_arousal_1st|bored_1st|happy_1st|sadness_1st","|sadness_2nd|happy_2nd|sex_arosal_2nd|bored_2nd",18.0666666666667,1.35651550550755,NA,"Neutral_clip_1st",1,0,NA,1,1,NA,0,1,NA,0,0,1,1,0,NA,1,NA,NA,NA,1,NA,NA,1,1,NA,1,NA,NA,NA,NA,NA,1,1,NA,NA,1,0.736842105263158,NA,NA,NA,NA,NA,NA,NA,NA,NA,NA,NA,NA,NA,NA,NA,NA,NA,17,3,6,18,14,19,4,13,2,8,12,1,11,16,5,7,15,9,10,"FloorSex","MadMen","Neutral_clip_1st",7,3,7,3,1,5,3,4,4,0.574186720222489,0.97221913308995,0.0205745757863738
"6072de5b2bfe59024374f08b","males","","Sex_clip","100",493,"Yes","20","","","","","","","","","","","","","","","","","","","","","","","","","","","","","","","","","","","3.395","playful","5.625","arrogant","4.297","joking","4.562","irritated","4.32","uneasy","6.666","despondent","3.407","aghast","12.151","regretful","3.731","embarrassed","3.025","anticipating","4.851","accusing","3.676","encouraging","4.289","friendly","5.893","defiant","5.457","pensive","4.431","alarmed","3.308","serious","5.37","fantasizing","4.296","suspicious",3,9,5,1,1,1,4,3,7,"","yes",38,"Male","Heterosexual or straight","","No","",", RMTE11, RMTE23, RMTE2, RMTE8, RMTE33, RMTE36, RMTE20, RMTE4, RMTE16, RMTE26, RMTE1, RMTE13, RMTE7, RMTE12, RMTE10, RMTE5, RMTE24, RMTE32, RMTE14","FL_125","","RMTE11_males|RMTE23_males|RMTE2_males|RMTE8_males|RMTE33_males|RMTE36-males|RMTE20_males|RMTE4_males|RMTE16_males|RMTE26_males","","FL_153|FL_171|FL_161|FL_169|FL_165|FL_159|FL_181|FL_185|FL_173","vidInstructionSex|SamTaylor","vidInstructionNeut|MadMen","|bored_1st|sadness_1st|sex_arousal_1st|happy_1st","|sex_arosal_2nd|happy_2nd|sadness_2nd|bored_2nd",8.21666666666667,-0.571526389775752,NA,"Sex_clip_1st",1,0,NA,0,0,NA,1,1,NA,0,1,0,1,1,NA,0,NA,NA,NA,1,NA,NA,1,1,NA,0,NA,NA,NA,NA,NA,1,0,NA,NA,1,0.578947368421053,NA,NA,NA,NA,NA,NA,NA,NA,NA,NA,NA,NA,NA,NA,NA,NA,NA,11,3,8,16,13,4,15,1,14,12,19,9,7,2,17,10,18,5,6,"SamTaylor","MadMen","Sex_clip_1st",9,1,5,4,1,3,1,7,8,1.47114112341028,-0.605644705859313,1.73584447292406
"60794cf6640dbc4d3662ef07","males","","Neutral_clip","100",535,"Yes","20","","","","","","","","","","","","","","","","","","","","","","","","","","","","","","","","","","","5.248","playful","3.701","terrified","5.188","insisting","4.262","worried","15.393","uneasy","9.322","despondent","15.225","cautious","5.32","regretful","4.681","sceptical","4.672","anticipating","8.72","accusing","15.638","thoughtful","23.102","guilty","4.31","defiant","4.051","pensive","3.772","hostile","4.172","serious","3.322","fantasizing","6.358","indecisive",4,2,6,2,4,7,8,3,2,"","Yes",38,"Male","Heterosexual or straight","","No","",", RMTE13, RMTE33, RMTE23, RMTE11, RMTE32, RMTE16, RMTE10, RMTE26, RMTE12, RMTE36, RMTE8, RMTE7, RMTE14, RMTE5, RMTE20, RMTE24, RMTE4, RMTE1, RMTE2","FL_125","","RMTE13_males|RMTE33_males|RMTE23_males|RMTE11_males|RMTE32_males|RMTE16_males|RMTE10_males|RMTE26_males|RMTE12_males|RMTE36-males","","FL_163|FL_161|FL_173|FL_159|FL_177|FL_181|FL_157|FL_153|FL_155","vidInstructionSex|FloorSex","vidInstructionNeut|ModernFamily","|sadness_1st|sex_arousal_1st|happy_1st|bored_1st","|sex_arosal_2nd|sadness_2nd|happy_2nd|bored_2nd",8.91666666666667,-0.434508184019578,NA,"Neutral_clip_1st",1,0,NA,1,1,NA,1,1,NA,1,1,1,1,1,NA,1,NA,NA,NA,0,NA,NA,1,1,NA,1,NA,NA,NA,NA,NA,1,0,NA,NA,0,0.789473684210526,NA,NA,NA,NA,NA,NA,NA,NA,NA,NA,NA,NA,NA,NA,NA,NA,NA,18,19,17,14,12,11,7,4,9,1,13,6,15,3,16,8,5,2,10,"FloorSex","ModernFamily","Neutral_clip_1st",7,2,8,6,3,2,2,4,5,0.574186720222489,0.183287213615318,0.449392050070796
"6082aa29c655ceb5b313bc03","males","","Sex_clip","100",568,"Yes","20","","","","","","","","","","","","","","","","","","","","","","","","","","","","","","","","","","","8.657","playful","6.484","annoyed","3.413","insisting","4.192","sarcastic","9.664","friendly","6.388","despondent","8.317","aghast","6.277","regretful","4.401","sceptical","4.55","anticipating","5.935","accusing","3.471","thoughtful","7.376","friendly","8.855","defiant","4.234","pensive","4.823","hostile","10.709","serious","5.171","fantasizing","4.945","suspicious",7,5,3,5,8,1,9,3,1,"","yes",33,"Male","Heterosexual or straight","","No","",", RMTE23, RMTE7, RMTE1, RMTE10, RMTE2, RMTE36, RMTE8, RMTE32, RMTE5, RMTE16, RMTE20, RMTE12, RMTE26, RMTE24, RMTE4, RMTE33, RMTE11, RMTE14, RMTE13","FL_125","","RMTE23_males|RMTE7_males|RMTE1_males|RMTE10_males|RMTE2_males|RMTE36-males|RMTE8_males|RMTE32_males|RMTE5_males|RMTE16_males","","FL_177|FL_169|FL_183|FL_181|FL_157|FL_187|FL_167|FL_173|FL_171","vidInstructionSex|BedroomOral","vidInstructionNeut|WallE","|sex_arousal_1st|happy_1st|sadness_1st|bored_1st","|sex_arosal_2nd|happy_2nd|bored_2nd|sadness_2nd",9.46666666666667,-0.326851022354013,NA,"Sex_clip_1st",1,0,NA,1,0,NA,0,1,NA,0,1,1,1,1,NA,1,NA,NA,NA,1,NA,NA,1,1,NA,1,NA,NA,NA,NA,NA,1,0,NA,NA,1,0.736842105263158,NA,NA,NA,NA,NA,NA,NA,NA,NA,NA,NA,NA,NA,NA,NA,NA,NA,3,5,15,9,2,7,4,17,12,19,18,10,11,1,14,13,8,16,6,"BedroomOral","WallE","Sex_clip_1st",5,1,3,9,5,3,8,1,4,-0.322767682965304,-0.605644705859313,0.0205745757863738
"60907d2c5f61cc203cab58e4","males","","Sex_clip","100",772,"Yes","20","","","","","","","","","","","","","","","","","","","","","","","","","","","","","","","","","","","3.72","playful","8.09","terrified","4.37","relaxed","7.468","sarcastic","18.413","uneasy","5.437","despondent","3.283","cautious","2.536","terrified","2.75","sceptical","4.301","shy","4.884","depressed","4.243","thoughtful","2.303","dominant","4.759","curious","29.741","excited","55.592","alarmed","2.966","serious","5.446","guilty","3.095","suspicious",7,4,3,4,7,3,6,6,7,"","yes",26,"Male","Heterosexual or straight","","No","",", RMTE2, RMTE8, RMTE10, RMTE16, RMTE26, RMTE14, RMTE33, RMTE36, RMTE4, RMTE23, RMTE5, RMTE20, RMTE7, RMTE11, RMTE13, RMTE1, RMTE24, RMTE32, RMTE12","FL_125","","RMTE2_males|RMTE8_males|RMTE10_males|RMTE16_males|RMTE26_males|RMTE14_males|RMTE33_males|RMTE36-males|RMTE4_males|RMTE23_males","","FL_159|FL_177|FL_161|FL_167|FL_171|FL_153|FL_181|FL_185|FL_169","vidInstructionSex|FloorSex","vidInstructionNeut|MadMen","|sex_arousal_1st|bored_1st|happy_1st|sadness_1st","|bored_2nd|sadness_2nd|happy_2nd|sex_arosal_2nd",12.8666666666667,0.338665977033117,NA,"Sex_clip_1st",1,0,NA,0,0,NA,1,1,NA,1,0,1,0,0,NA,1,NA,NA,NA,0,NA,NA,0,0,NA,0,NA,NA,NA,NA,NA,1,0,NA,NA,1,0.421052631578947,NA,NA,NA,NA,NA,NA,NA,NA,NA,NA,NA,NA,NA,NA,NA,NA,NA,16,1,9,11,13,2,3,14,19,15,6,4,12,10,17,5,18,7,8,"FloorSex","MadMen","Sex_clip_1st",4,3,3,6,4,6,7,7,1,-0.771244884559201,0.97221913308995,-1.26587784706689
"60912235ed49c4bb642635eb","males","","Sex_clip","100",575,"Yes","20","","","","","","","","","","","","","","","","","","","","","","","","","","","","","","","","","","","4.744","playful","5.44","upset","7.107","amused","5.363","worried","6.336","friendly","12.244","relieved","6.291","insisting","5.657","terrified","5.514","sceptical","3.755","anticipating","8.072","disappointed","4.122","thoughtful","6.061","friendly","7.851","apologetic","7.5","hostile","5.837","hostile","5.591","serious","6.14","concerned","6.442","suspicious",8,7,6,1,2,3,4,1,6,"","yes",22,"Male","Heterosexual or straight","","No","",", RMTE8, RMTE33, RMTE5, RMTE24, RMTE16, RMTE7, RMTE20, RMTE12, RMTE14, RMTE10, RMTE23, RMTE2, RMTE13, RMTE4, RMTE32, RMTE1, RMTE26, RMTE11, RMTE36","FL_125","","RMTE8_males|RMTE33_males|RMTE5_males|RMTE24_males|RMTE16_males|RMTE7_males|RMTE20_males|RMTE12_males|RMTE14_males|RMTE10_males","","FL_179|FL_155|FL_171|FL_157|FL_185|FL_153|FL_183|FL_167|FL_189","vidInstructionSex|BedroomOral","vidInstructionNeut|MadMen","|bored_1st|sadness_1st|happy_1st|sex_arousal_1st","|sex_arosal_2nd|bored_2nd|sadness_2nd|happy_2nd",9.58333333333333,-0.304014654727984,NA,"Sex_clip_1st",1,1,NA,0,1,NA,0,0,NA,0,0,1,1,0,NA,1,NA,NA,NA,1,NA,NA,0,0,NA,1,NA,NA,NA,NA,NA,1,1,NA,NA,1,0.578947368421053,NA,NA,NA,NA,NA,NA,NA,NA,NA,NA,NA,NA,NA,NA,NA,NA,NA,16,12,14,3,6,1,10,18,8,13,9,5,7,11,4,17,15,2,19,"BedroomOral","MadMen","Sex_clip_1st",7,3,6,4,1,1,2,6,4,0.574186720222489,0.97221913308995,0.0205745757863738
"609ab94f178ec843226336a7","males","","Neutral_clip","100",543,"Yes","20","","","","","","","","","","","","","","","","","","","","","","","","","","","","","","","","","","","9.88","playful","8.022","upset","9.507","insisting","9.197","worried","8.965","uneasy","9.254","despondent","8.87","insisting","6.814","regretful","4.99","sceptical","18.701","anticipating","4.835","accusing","9.247","thoughtful","10.097","friendly","8.1","defiant","6.46","pensive","6.791","hostile","8.192","ashamed","4.995","embarrassed","11.375","suspicious",6,1,6,3,4,1,1,3,1,"","yes",50,"Male","Heterosexual or straight","","No","I was quite shocked and embarrassed by the second video clip (which was pornography) and also quite annoyed but none of these options were available to scale / feedback on.",", RMTE5, RMTE13, RMTE23, RMTE2, RMTE7, RMTE1, RMTE16, RMTE10, RMTE20, RMTE24, RMTE33, RMTE4, RMTE26, RMTE32, RMTE36, RMTE8, RMTE11, RMTE12, RMTE14","FL_125","","RMTE5_males|RMTE13_males|RMTE23_males|RMTE2_males|RMTE7_males|RMTE1_males|RMTE16_males|RMTE10_males|RMTE20_males|RMTE24_males","","FL_187|FL_157|FL_183|FL_185|FL_189|FL_163|FL_167|FL_169|FL_173","vidInstructionSex|BedroomOral","vidInstructionNeut|WallE","|sex_arousal_1st|bored_1st|happy_1st|sadness_1st","|sex_arosal_2nd|bored_2nd|happy_2nd|sadness_2nd",9.05,-0.408409478161259,NA,"Neutral_clip_1st",1,1,NA,1,1,NA,1,1,NA,0,1,1,1,1,NA,1,NA,NA,NA,1,NA,NA,1,1,NA,1,NA,NA,NA,NA,NA,0,0,NA,NA,1,0.842105263157895,NA,NA,NA,NA,NA,NA,NA,NA,NA,NA,NA,NA,NA,NA,NA,NA,NA,6,4,12,1,5,16,8,17,18,2,19,7,9,3,10,13,14,11,15,"BedroomOral","WallE","Neutral_clip_1st",1,1,1,6,3,3,1,4,0,-2.11667648934089,-0.605644705859313,-1.69469532135131
"609c417cf3543ef094823a57","males","","Neutral_clip","100",569,"Yes","20","","","","","","","","","","","","","","","","","","","","","","","","","","","","","","","","","","","6.134","playful","5.782","upset","6.833","insisting","7.067","worried","6.326","uneasy","7.529","despondent","7.181","insisting","8.525","regretful","7.713","indifferent","8.213","anticipating","7.769","accusing","5.236","thoughtful","3.878","friendly","11.49","curious","12.198","pensive","7.65","shy","12.12","serious","5.443","fantasizing","9.591","suspicious",6,4,6,3,4,3,4,4,4,"","yes",31,"Male","Heterosexual or straight","","No","",", RMTE14, RMTE32, RMTE5, RMTE36, RMTE16, RMTE12, RMTE10, RMTE20, RMTE26, RMTE13, RMTE2, RMTE11, RMTE33, RMTE1, RMTE24, RMTE7, RMTE4, RMTE8, RMTE23","FL_125","","RMTE14_males|RMTE32_males|RMTE5_males|RMTE36-males|RMTE16_males|RMTE12_males|RMTE10_males|RMTE20_males|RMTE26_males|RMTE13_males","","FL_155|FL_167|FL_187|FL_153|FL_181|FL_161|FL_157|FL_163|FL_179","vidInstructionSex|FloorSex","vidInstructionNeut|MadMen","|sadness_1st|happy_1st|bored_1st|sex_arousal_1st","|sadness_2nd|bored_2nd|sex_arosal_2nd|happy_2nd",9.48333333333333,-0.323588684121723,NA,"Neutral_clip_1st",1,1,NA,1,1,NA,1,1,NA,0,1,0,1,1,NA,1,NA,NA,NA,1,NA,NA,0,1,NA,0,NA,NA,NA,NA,NA,1,0,NA,NA,1,0.736842105263158,NA,NA,NA,NA,NA,NA,NA,NA,NA,NA,NA,NA,NA,NA,NA,NA,NA,14,11,17,3,16,18,7,12,6,10,1,5,8,19,15,9,2,13,4,"FloorSex","MadMen","Neutral_clip_1st",3,4,4,6,4,3,4,4,-1,-1.2197220861531,1.76115105256458,-2.12351279563574
"60a033197af9369e76946104","males","","Sex_clip","100",599,"Yes","20","","","","","","","","","","","","","","","","","","","","","","","","","","","","","","","","","","","4.671","playful","11.543","upset","6.182","insisting","9.808","irritated","9.694","dispirited","5.936","despondent","11.612","cautious","12.736","regretful","5.64","sceptical","11.033","anticipating","8.096","accusing","7.417","thoughtful","8.849","friendly","8.114","curious","7.961","pensive","4.041","hostile","5.624","serious","7.512","concerned","4.475","suspicious",5,4,6,3,2,2,4,3,6,"","yes",25,"Male","Heterosexual or straight","","No","",", RMTE14, RMTE36, RMTE16, RMTE33, RMTE26, RMTE8, RMTE11, RMTE1, RMTE23, RMTE5, RMTE2, RMTE20, RMTE13, RMTE4, RMTE12, RMTE32, RMTE24, RMTE7, RMTE10","FL_125","","RMTE14_males|RMTE36-males|RMTE16_males|RMTE33_males|RMTE26_males|RMTE8_males|RMTE11_males|RMTE1_males|RMTE23_males|RMTE5_males","","FL_155|FL_177|FL_171|FL_157|FL_169|FL_185|FL_181|FL_161|FL_165","vidInstructionSex|BedroomOral","vidInstructionNeut|ModernFamily","|bored_1st|sex_arousal_1st|sadness_1st|happy_1st","|sadness_2nd|sex_arosal_2nd|bored_2nd|happy_2nd",9.98333333333333,-0.225718537153027,NA,"Sex_clip_1st",1,1,NA,1,0,NA,0,1,NA,1,1,1,1,1,NA,1,NA,NA,NA,1,NA,NA,0,1,NA,1,NA,NA,NA,NA,NA,1,1,NA,NA,1,0.842105263157895,NA,NA,NA,NA,NA,NA,NA,NA,NA,NA,NA,NA,NA,NA,NA,NA,NA,8,11,14,10,18,6,19,7,15,13,1,3,12,9,17,5,16,4,2,"BedroomOral","ModernFamily","Sex_clip_1st",4,2,6,4,3,3,2,6,2,-0.771244884559201,0.183287213615318,-0.83706037278247
"60aab6cd9a74e6780e5209e4","males","","Neutral_clip","100",723,"Yes","20","","","","","","","","","","","","","","","","","","","","","","","","","","","","","","","","","","","6.384","playful","5.432","annoyed","4.793","amused","7.331","friendly","7.503","uneasy","10.91","despondent","5.978","aghast","16.545","regretful","8.158","sceptical","67.308","anticipating","14.243","depressed","4.285","thoughtful","5.235","friendly","8.564","defiant","13.014","pensive","5.448","alarmed","4.756","serious","9.364","fantasizing","9.047","indecisive",3,1,2,1,8,7,7,1,4,"","yes",34,"Male","Heterosexual or straight","","No","",", RMTE14, RMTE20, RMTE8, RMTE33, RMTE1, RMTE16, RMTE12, RMTE13, RMTE4, RMTE11, RMTE26, RMTE23, RMTE24, RMTE10, RMTE5, RMTE32, RMTE7, RMTE36, RMTE2","FL_125","","RMTE14_males|RMTE20_males|RMTE8_males|RMTE33_males|RMTE1_males|RMTE16_males|RMTE12_males|RMTE13_males|RMTE4_males|RMTE11_males","","FL_183|FL_179|FL_181|FL_165|FL_159|FL_185|FL_161|FL_189|FL_155","vidInstructionSex|FloorSex","vidInstructionNeut|MadMen","|happy_1st|bored_1st|sex_arousal_1st|sadness_1st","|sadness_2nd|bored_2nd|sex_arosal_2nd|happy_2nd",12.05,0.178811403650914,NA,"Neutral_clip_1st",1,0,NA,0,0,NA,1,1,NA,0,1,1,1,0,NA,1,NA,NA,NA,1,NA,NA,1,1,NA,0,NA,NA,NA,NA,NA,1,0,NA,NA,0,0.578947368421053,NA,NA,NA,NA,NA,NA,NA,NA,NA,NA,NA,NA,NA,NA,NA,NA,NA,5,19,9,15,17,3,14,10,7,8,1,6,2,12,13,11,16,4,18,"FloorSex","MadMen","Neutral_clip_1st",7,1,7,2,1,1,4,8,6,0.574186720222489,-0.605644705859313,0.878209524355217
"60b932147633bf0dd446941e","males","","Neutral_clip","100",653,"Yes","20","","","","","","","","","","","","","","","","","","","","","","","","","","","","","","","","","","","4.791","comforting","5.293","upset","5.829","insisting","5.405","sarcastic","5.207","friendly","8.899","despondent","4.446","cautious","8.443","regretful","8.357","sceptical","5.835","shy","5.625","accusing","4.972","thoughtful","5.364","friendly","5.882","curious","6.353","iIrritated","4.6","anxious","5.911","alarmed","6.314","guilty","4.856","nervous",6,5,3,1,3,3,5,1,1,"","yes",46,"Male","Heterosexual or straight","","No","",", RMTE12, RMTE7, RMTE32, RMTE13, RMTE1, RMTE26, RMTE11, RMTE4, RMTE2, RMTE20, RMTE8, RMTE23, RMTE10, RMTE14, RMTE36, RMTE16, RMTE33, RMTE24, RMTE5","FL_125","","RMTE12_males|RMTE7_males|RMTE32_males|RMTE13_males|RMTE1_males|RMTE26_males|RMTE11_males|RMTE4_males|RMTE2_males|RMTE20_males","","FL_163|FL_179|FL_165|FL_173|FL_189|FL_175|FL_187|FL_181|FL_159","vidInstructionSex|BedroomOral","vidInstructionNeut|MadMen","|bored_1st|sadness_1st|happy_1st|sex_arousal_1st","|bored_2nd|sex_arosal_2nd|happy_2nd|sadness_2nd",10.8833333333333,-0.0495522726093755,NA,"Neutral_clip_1st",0,1,NA,1,0,NA,0,1,NA,1,1,1,0,1,NA,1,NA,NA,NA,1,NA,NA,0,0,NA,0,NA,NA,NA,NA,NA,0,0,NA,NA,0,0.473684210526316,NA,NA,NA,NA,NA,NA,NA,NA,NA,NA,NA,NA,NA,NA,NA,NA,NA,5,9,8,19,2,11,13,7,1,4,14,16,10,12,18,6,3,17,15,"BedroomOral","MadMen","Neutral_clip_1st",3,5,5,3,1,1,1,3,-2,-1.2197220861531,2.55008297203921,-2.55233026992016
"60bf29004f7cb0d9572277a7","males","","Neutral_clip","100",475,"Yes","20","","","","","","","","","","","","","","","","","","","","","","","","","","","","","","","","","","","6.171","playful","6.369","upset","3.3","insisting","5.313","worried","4.075","uneasy","9.463","despondent","5.733","bored","5.833","terrified","7.926","indifferent","7.711","anticipating","3.616","accusing","3.812","thoughtful","3.433","friendly","4.273","defiant","2.886","pensive","4.706","hostile","4.962","alarmed","6.107","guilty","3.599","suspicious",6,1,5,5,4,7,5,2,5,"","Yes",36,"Male","Heterosexual or straight","","No","",", RMTE5, RMTE36, RMTE26, RMTE8, RMTE1, RMTE12, RMTE11, RMTE7, RMTE33, RMTE23, RMTE32, RMTE14, RMTE4, RMTE24, RMTE10, RMTE16, RMTE13, RMTE2, RMTE20","FL_125","","RMTE5_males|RMTE36-males|RMTE26_males|RMTE8_males|RMTE1_males|RMTE12_males|RMTE11_males|RMTE7_males|RMTE33_males|RMTE23_males","","FL_185|FL_173|FL_157|FL_181|FL_165|FL_175|FL_171|FL_155|FL_177","vidInstructionSex|BedroomOral","vidInstructionNeut|MadMen","|sadness_1st|bored_1st|sex_arousal_1st|happy_1st","|happy_2nd|sex_arosal_2nd|sadness_2nd|bored_2nd",7.91666666666667,-0.630248477956969,NA,"Neutral_clip_1st",1,1,NA,1,1,NA,1,1,NA,0,0,0,1,1,NA,1,NA,NA,NA,1,NA,NA,1,1,NA,1,NA,NA,NA,NA,NA,0,0,NA,NA,1,0.736842105263158,NA,NA,NA,NA,NA,NA,NA,NA,NA,NA,NA,NA,NA,NA,NA,NA,NA,5,18,13,1,8,4,15,7,6,17,12,16,19,10,14,3,11,9,2,"BedroomOral","MadMen","Neutral_clip_1st",7,1,5,5,2,5,5,4,6,0.574186720222489,-0.605644705859313,0.878209524355217
"60c682d13eac136dcb62df4b","males","","Sex_clip","100",1101,"Yes","20","","","","","","","","","","","","","","","","","","","","","","","","","","","","","","","","","","","7.1","playful","5.217","upset","8.192","insisting","4.058","worried","4.943","uneasy","8.129","excited","5.934","insisting","9.223","terrified","3.672","dispirited","7.099","anticipating","5.72","accusing","4.778","thoughtful","4.127","friendly","4.709","curious","5.93","pensive","9.338","alarmed","5.223","bewildered","5.125","concerned","4.598","suspicious",5,2,1,2,8,1,6,3,5,"","yes",30,"Male","Heterosexual or straight","","No","",", RMTE8, RMTE4, RMTE23, RMTE33, RMTE10, RMTE20, RMTE16, RMTE7, RMTE24, RMTE36, RMTE13, RMTE14, RMTE26, RMTE32, RMTE5, RMTE11, RMTE1, RMTE2, RMTE12","FL_125","","RMTE8_males|RMTE4_males|RMTE23_males|RMTE33_males|RMTE10_males|RMTE20_males|RMTE16_males|RMTE7_males|RMTE24_males|RMTE36-males","","FL_171|FL_173|FL_183|FL_185|FL_159|FL_167|FL_153|FL_155|FL_169","vidInstructionSex|BedroomOral","vidInstructionNeut|ModernFamily","|bored_1st|happy_1st|sex_arousal_1st|sadness_1st","|sadness_2nd|sex_arosal_2nd|bored_2nd|happy_2nd",18.35,1.41197525545648,NA,"Sex_clip_1st",1,1,NA,1,1,NA,1,0,NA,0,0,0,1,1,NA,1,NA,NA,NA,1,NA,NA,0,1,NA,0,NA,NA,NA,NA,NA,0,1,NA,NA,1,0.631578947368421,NA,NA,NA,NA,NA,NA,NA,NA,NA,NA,NA,NA,NA,NA,NA,NA,NA,17,18,2,15,8,1,5,16,19,11,12,7,6,3,9,13,14,4,10,"BedroomOral","ModernFamily","Sex_clip_1st",2,1,1,6,2,3,8,5,1,-1.66819928774699,-0.605644705859313,-1.26587784706689
"60cd13465a9cd7ddc88093dc","males","","Neutral_clip","100",576,"Yes","20","","","","","","","","","","","","","","","","","","","","","","","","","","","","","","","","","","","2.401","comforting","7.722","upset","6.304","insisting","4.234","worried","8.008","uneasy","8.189","despondent","7.64","cautious","7.902","regretful","6.548","sceptical","7.381","anticipating","2.611","accusing","5.338","thoughtful","6.506","friendly","11.796","curious","3.061","hostile","5.225","anxious","6.314","serious","2.591","embarrassed","12.24","suspicious",8,4,7,4,7,9,5,7,5,"","yes",35,"Male","Heterosexual or straight","","No","",", RMTE7, RMTE26, RMTE11, RMTE4, RMTE20, RMTE10, RMTE16, RMTE2, RMTE23, RMTE13, RMTE8, RMTE12, RMTE36, RMTE5, RMTE32, RMTE14, RMTE33, RMTE1, RMTE24","FL_125","","RMTE7_males|RMTE26_males|RMTE11_males|RMTE4_males|RMTE20_males|RMTE10_males|RMTE16_males|RMTE2_males|RMTE23_males|RMTE13_males","","FL_163|FL_169|FL_189|FL_159|FL_185|FL_173|FL_187|FL_153|FL_181","vidInstructionSex|SamTaylor","vidInstructionNeut|WallE","|sadness_1st|happy_1st|sex_arousal_1st|bored_1st","|sex_arosal_2nd|bored_2nd|happy_2nd|sadness_2nd",9.6,-0.300752316495694,NA,"Neutral_clip_1st",0,1,NA,1,1,NA,1,1,NA,1,1,1,1,1,NA,1,NA,NA,NA,1,NA,NA,0,0,NA,0,NA,NA,NA,NA,NA,1,0,NA,NA,1,0.736842105263158,NA,NA,NA,NA,NA,NA,NA,NA,NA,NA,NA,NA,NA,NA,NA,NA,NA,18,8,4,14,1,11,6,3,12,10,16,7,5,9,19,2,15,17,13,"SamTaylor","WallE","Neutral_clip_1st",9,4,5,7,7,4,5,7,5,1.47114112341028,1.76115105256458,0.449392050070796
"60cf625abd35ba174a6a3c31","males","","Sex_clip","100",506,"Yes","20","","","","","","","","","","","","","","","","","","","","","","","","","","","","","","","","","","","5.6","playful","5.852","upset","5.187","insisting","5.326","sarcastic","6.346","uneasy","9.485","despondent","5.598","cautious","5.176","regretful","8.559","indifferent","5.275","anticipating","5.561","accusing","6.672","encouraging","4.144","friendly","22.445","contented","6.542","pensive","6.351","anxious","4.641","serious","9.73","concerned","5.352","suspicious",5,6,5,1,4,4,5,1,5,"","yes",41,"Male","Heterosexual or straight","","No","",", RMTE8, RMTE1, RMTE7, RMTE24, RMTE13, RMTE10, RMTE26, RMTE11, RMTE5, RMTE33, RMTE23, RMTE12, RMTE14, RMTE2, RMTE16, RMTE36, RMTE20, RMTE4, RMTE32","FL_125","","RMTE8_males|RMTE1_males|RMTE7_males|RMTE24_males|RMTE13_males|RMTE10_males|RMTE26_males|RMTE11_males|RMTE5_males|RMTE33_males","","FL_179|FL_169|FL_173|FL_155|FL_175|FL_189|FL_177|FL_157|FL_185","vidInstructionSex|SamTaylor","vidInstructionNeut|MadMen","|bored_1st|happy_1st|sadness_1st|sex_arousal_1st","|happy_2nd|bored_2nd|sadness_2nd|sex_arosal_2nd",8.43333333333333,-0.529115992755984,NA,"Sex_clip_1st",1,1,NA,1,0,NA,1,1,NA,1,1,0,1,1,NA,0,NA,NA,NA,1,NA,NA,0,1,NA,0,NA,NA,NA,NA,NA,1,1,NA,NA,1,0.736842105263158,NA,NA,NA,NA,NA,NA,NA,NA,NA,NA,NA,NA,NA,NA,NA,NA,NA,2,14,18,9,3,1,6,8,12,5,13,15,17,11,4,7,19,10,16,"SamTaylor","MadMen","Sex_clip_1st",6,4,5,5,1,1,4,5,2,0.125709518628592,1.76115105256458,-0.83706037278247
"60d0709ffc9b494cf65a266c","males","","Sex_clip","100",667,"Yes","20","","","","","","","","","","","","","","","","","","","","","","","","","","","","","","","","","","","7.785","playful","3.826","upset","6.5","insisting","36.921","worried","7.833","dispirited","6.878","despondent","3.93","cautious","6.749","regretful","3.334","sceptical","3.698","anticipating","4.7","accusing","28.829","sympathetic","6.571","dominant","4.795","defiant","8.968","pensive","3.183","hostile","2.824","serious","5.075","concerned","3.107","suspicious",5,5,4,1,1,5,4,1,1,"","yes",19,"Male","Heterosexual or straight","","No","",", RMTE26, RMTE20, RMTE36, RMTE10, RMTE4, RMTE2, RMTE12, RMTE7, RMTE11, RMTE23, RMTE33, RMTE14, RMTE8, RMTE1, RMTE24, RMTE16, RMTE32, RMTE5, RMTE13","FL_125","","RMTE26_males|RMTE20_males|RMTE36-males|RMTE10_males|RMTE4_males|RMTE2_males|RMTE12_males|RMTE7_males|RMTE11_males|RMTE23_males","","FL_187|FL_173|FL_163|FL_153|FL_181|FL_175|FL_185|FL_159|FL_171","vidInstructionSex|BedroomOral","vidInstructionNeut|ModernFamily","|sadness_1st|bored_1st|sex_arousal_1st|happy_1st","|sex_arosal_2nd|happy_2nd|bored_2nd|sadness_2nd",11.1166666666667,-0.00387953735731758,NA,"Sex_clip_1st",1,1,NA,1,1,NA,0,1,NA,1,1,1,1,1,NA,0,NA,NA,NA,0,NA,NA,1,1,NA,1,NA,NA,NA,NA,NA,1,1,NA,NA,1,0.842105263157895,NA,NA,NA,NA,NA,NA,NA,NA,NA,NA,NA,NA,NA,NA,NA,NA,NA,14,6,5,18,8,13,4,9,7,19,12,16,2,10,15,1,17,11,3,"BedroomOral","ModernFamily","Sex_clip_1st",5,5,4,4,1,1,1,1,0,-0.322767682965304,2.55008297203921,-1.69469532135131
"60d98308ecc4c4e732c86a71","males","","Sex_clip","100",636,"Yes","20","","","","","","","","","","","","","","","","","","","","","","","","","","","","","","","","","","","5.469","playful","7.078","upset","6.557","relaxed","5.575","worried","8.51","apologetic","10.809","despondent","7.131","cautious","10.673","terrified","8.128","sceptical","7.979","anticipating","8.806","accusing","6.156","thoughtful","6.973","friendly","21.831","contented","8.099","pensive","9.912","anxious","6.992","serious","53.838","concerned","6.364","suspicious",6,4,4,1,5,1,3,1,7,"","yes",36,"Male","Heterosexual or straight","","No","",", RMTE2, RMTE14, RMTE24, RMTE7, RMTE32, RMTE8, RMTE12, RMTE36, RMTE5, RMTE20, RMTE1, RMTE16, RMTE10, RMTE33, RMTE11, RMTE26, RMTE23, RMTE4, RMTE13","FL_125","","RMTE2_males|RMTE14_males|RMTE24_males|RMTE7_males|RMTE32_males|RMTE8_males|RMTE12_males|RMTE36-males|RMTE5_males|RMTE20_males","","FL_153|FL_175|FL_165|FL_187|FL_167|FL_183|FL_179|FL_157|FL_171","vidInstructionSex|FloorSex","vidInstructionNeut|MadMen","|bored_1st|sex_arousal_1st|sadness_1st|happy_1st","|happy_2nd|sadness_2nd|sex_arosal_2nd|bored_2nd",10.6,-0.105012022558303,NA,"Sex_clip_1st",1,1,NA,0,1,NA,0,1,NA,1,0,1,1,1,NA,1,NA,NA,NA,1,NA,NA,0,1,NA,0,NA,NA,NA,NA,NA,1,1,NA,NA,1,0.736842105263158,NA,NA,NA,NA,NA,NA,NA,NA,NA,NA,NA,NA,NA,NA,NA,NA,NA,11,1,18,9,4,6,13,15,7,19,2,12,10,17,3,16,5,14,8,"FloorSex","MadMen","Sex_clip_1st",4,1,4,3,1,1,5,7,3,-0.771244884559201,-0.605644705859313,-0.408242898498048
"60daf6f39cd1f16839a1df96","males","","Sex_clip","100",851,"Yes","20","","","","","","","","","","","","","","","","","","","","","","","","","","","","","","","","","","","11.222","playful","9.234","upset","10.458","insisting","15.277","worried","12.125","uneasy","16.141","relieved","17.384","cautious","13.996","regretful","10.673","sceptical","15.426","decisive","8.981","accusing","11.929","thoughtful","8.551","friendly","12.863","curious","9.696","pensive","37.512","hostile","8.816","serious","8.054","concerned","7.411","suspicious",4,4,3,4,4,1,3,4,5,"","yes",43,"Male","Heterosexual or straight","","No","",", RMTE8, RMTE14, RMTE4, RMTE33, RMTE7, RMTE11, RMTE24, RMTE36, RMTE1, RMTE26, RMTE23, RMTE12, RMTE32, RMTE5, RMTE16, RMTE20, RMTE2, RMTE10, RMTE13","FL_125","","RMTE8_males|RMTE14_males|RMTE4_males|RMTE33_males|RMTE7_males|RMTE11_males|RMTE24_males|RMTE36-males|RMTE1_males|RMTE26_males","","FL_179|FL_169|FL_185|FL_159|FL_175|FL_177|FL_155|FL_165|FL_171","vidInstructionSex|SamTaylor","vidInstructionNeut|ModernFamily","|bored_1st|sadness_1st|happy_1st|sex_arousal_1st","|happy_2nd|sex_arosal_2nd|sadness_2nd|bored_2nd",14.1833333333333,0.596390697384015,NA,"Sex_clip_1st",1,1,NA,1,1,NA,1,0,NA,1,1,1,0,1,NA,1,NA,NA,NA,1,NA,NA,0,1,NA,1,NA,NA,NA,NA,NA,1,1,NA,NA,1,0.842105263157895,NA,NA,NA,NA,NA,NA,NA,NA,NA,NA,NA,NA,NA,NA,NA,NA,NA,9,17,3,14,5,1,18,6,12,19,2,15,16,11,7,10,13,4,8,"SamTaylor","ModernFamily","Sex_clip_1st",4,1,3,3,4,4,4,5,3,-0.771244884559201,-0.605644705859313,-0.408242898498048
"60e0dc6be0772b7dfdad9b2c","males","","Sex_clip","100",568,"Yes","20","","","","","","","","","","","","","","","","","","","","","","","","","","","","","","","","","","","6.865","playful","7.226","upset","6.365","insisting","5.217","worried","19.584","apologetic","6.071","despondent","3.423","cautious","7.01","regretful","7.463","sceptical","7.258","threatening","5.348","accusing","5.604","irritated","7.143","friendly","8.963","curious","11.023","pensive","6.14","hostile","6.066","ashamed","5.69","guilty","6.538","suspicious",6,5,6,1,4,4,6,4,5,"","yes",26,"Male","Heterosexual or straight","","No","thanks very much for today's opportunity.",", RMTE5, RMTE26, RMTE32, RMTE36, RMTE33, RMTE7, RMTE13, RMTE11, RMTE23, RMTE24, RMTE1, RMTE20, RMTE8, RMTE12, RMTE2, RMTE4, RMTE10, RMTE14, RMTE16","FL_125","","RMTE5_males|RMTE26_males|RMTE32_males|RMTE36-males|RMTE33_males|RMTE7_males|RMTE13_males|RMTE11_males|RMTE23_males|RMTE24_males","","FL_153|FL_177|FL_163|FL_169|FL_155|FL_157|FL_165|FL_173|FL_175","vidInstructionSex|SamTaylor","vidInstructionNeut|MadMen","|sex_arousal_1st|bored_1st|happy_1st|sadness_1st","|bored_2nd|happy_2nd|sex_arosal_2nd|sadness_2nd",9.46666666666667,-0.326851022354013,NA,"Sex_clip_1st",1,1,NA,1,1,NA,0,1,NA,1,1,1,0,1,NA,0,NA,NA,NA,1,NA,NA,0,1,NA,1,NA,NA,NA,NA,NA,0,0,NA,NA,1,0.684210526315789,NA,NA,NA,NA,NA,NA,NA,NA,NA,NA,NA,NA,NA,NA,NA,NA,NA,11,15,16,1,6,13,17,8,14,7,18,19,12,9,10,2,3,5,4,"SamTaylor","MadMen","Sex_clip_1st",5,4,6,6,1,4,4,5,1,-0.322767682965304,1.76115105256458,-1.26587784706689
"60e1e7545bf8f4a615e4c00a","males","","Neutral_clip","100",671,"Yes","20","","","","","","","","","","","","","","","","","","","","","","","","","","","","","","","","","","","4.038","playful","6.398","annoyed","5.607","insisting","3.975","worried","4.604","uneasy","5.121","despondent","22.586","cautious","12.337","regretful","6.672","sceptical","6.069","decisive","8.778","irritated","6.41","thoughtful","4.322","friendly","5.271","curious","9.104","pensive","4.787","hostile","5.181","serious","3.217","concerned","5.056","suspicious",5,3,3,3,4,3,3,6,6,"","yes",47,"Male","Heterosexual or straight","","No","Would have been good to be pre-warned about the explicit sex scene",", RMTE10, RMTE4, RMTE8, RMTE36, RMTE11, RMTE5, RMTE24, RMTE2, RMTE16, RMTE32, RMTE14, RMTE12, RMTE7, RMTE23, RMTE1, RMTE33, RMTE26, RMTE13, RMTE20","FL_125","","RMTE10_males|RMTE4_males|RMTE8_males|RMTE36-males|RMTE11_males|RMTE5_males|RMTE24_males|RMTE2_males|RMTE16_males|RMTE32_males","","FL_173|FL_169|FL_161|FL_179|FL_153|FL_187|FL_183|FL_171|FL_177","vidInstructionSex|SamTaylor","vidInstructionNeut|MadMen","|sex_arousal_1st|bored_1st|sadness_1st|happy_1st","|sadness_2nd|happy_2nd|bored_2nd|sex_arosal_2nd",11.1833333333333,0.00916981557184182,NA,"Neutral_clip_1st",1,0,NA,1,1,NA,1,1,NA,1,1,1,0,0,NA,1,NA,NA,NA,1,NA,NA,0,1,NA,1,NA,NA,NA,NA,NA,1,1,NA,NA,1,0.789473684210526,NA,NA,NA,NA,NA,NA,NA,NA,NA,NA,NA,NA,NA,NA,NA,NA,NA,15,8,2,6,13,3,1,5,12,18,11,9,19,14,7,17,10,16,4,"SamTaylor","MadMen","Neutral_clip_1st",3,3,3,3,6,3,6,4,0,-1.2197220861531,0.97221913308995,-1.69469532135131
"60ee169032f6e0601e4c2f71","males","","Sex_clip","100",446,"Yes","20","","","","","","","","","","","","","","","","","","","","","","","","","","","","","","","","","","","7.118","playful","2.07","upset","5.039","amused","4.597","worried","3.217","friendly","3.888","despondent","5.047","insisting","3.509","regretful","3.913","sceptical","3.838","anticipating","13.062","disappointed","2.858","thoughtful","7.136","friendly","7.167","apologetic","4.407","pensive","7.391","shy","4.824","serious","2.99","concerned","2.372","suspicious",1,5,2,1,9,1,1,1,9,"","yes",21,"Male","Heterosexual or straight","","No","",", RMTE26, RMTE4, RMTE7, RMTE16, RMTE14, RMTE2, RMTE36, RMTE11, RMTE1, RMTE33, RMTE20, RMTE5, RMTE10, RMTE8, RMTE24, RMTE23, RMTE13, RMTE12, RMTE32","FL_125","","RMTE26_males|RMTE4_males|RMTE7_males|RMTE16_males|RMTE14_males|RMTE2_males|RMTE36-males|RMTE11_males|RMTE1_males|RMTE33_males","","FL_177|FL_159|FL_165|FL_163|FL_181|FL_179|FL_171|FL_169|FL_185","vidInstructionSex|FloorSex","vidInstructionNeut|ModernFamily","|happy_1st|bored_1st|sex_arousal_1st|sadness_1st","|sadness_2nd|sex_arosal_2nd|bored_2nd|happy_2nd",7.43333333333333,-0.724856286693375,NA,"Sex_clip_1st",1,1,NA,0,1,NA,0,1,NA,0,1,1,1,0,NA,1,NA,NA,NA,1,NA,NA,0,1,NA,0,NA,NA,NA,NA,NA,1,1,NA,NA,1,0.684210526315789,NA,NA,NA,NA,NA,NA,NA,NA,NA,NA,NA,NA,NA,NA,NA,NA,NA,9,6,2,12,3,14,13,8,18,17,5,4,11,16,15,1,19,10,7,"FloorSex","ModernFamily","Sex_clip_1st",5,1,2,1,1,1,9,9,4,-0.322767682965304,-0.605644705859313,0.0205745757863738
"60efef370d821bde9cbb0099","males","","Sex_clip","100",712,"Yes","20","","","","","","","","","","","","","","","","","","","","","","","","","","","","","","","","","","","8.322","playful","10.282","terrified","14.022","relaxed","8.472","worried","12.398","uneasy","10.001","despondent","14.95","insisting","15.59","amused","7.375","sceptical","10.855","threatening","9.765","accusing","10.694","thoughtful","10.191","dominant","10.796","defiant","17.171","hostile","6.469","hostile","10.942","serious","9.874","fantasizing","8.626","suspicious",8,1,6,1,1,1,6,1,1,"","yes",42,"Male","Heterosexual or straight","","No","",", RMTE10, RMTE4, RMTE36, RMTE5, RMTE2, RMTE33, RMTE23, RMTE12, RMTE24, RMTE16, RMTE14, RMTE13, RMTE20, RMTE8, RMTE26, RMTE1, RMTE7, RMTE11, RMTE32","FL_125","","RMTE10_males|RMTE4_males|RMTE36-males|RMTE5_males|RMTE2_males|RMTE33_males|RMTE23_males|RMTE12_males|RMTE24_males|RMTE16_males","","FL_173|FL_171|FL_177|FL_163|FL_183|FL_153|FL_161|FL_167|FL_185","vidInstructionSex|BedroomOral","vidInstructionNeut|WallE","|happy_1st|sex_arousal_1st|sadness_1st|bored_1st","|happy_2nd|sex_arosal_2nd|bored_2nd|sadness_2nd",11.8666666666667,0.142925683095726,NA,"Sex_clip_1st",1,0,NA,0,1,NA,1,1,NA,0,0,1,0,1,NA,1,NA,NA,NA,0,NA,NA,1,0,NA,1,NA,NA,NA,NA,NA,1,0,NA,NA,1,0.578947368421053,NA,NA,NA,NA,NA,NA,NA,NA,NA,NA,NA,NA,NA,NA,NA,NA,NA,16,5,2,4,17,14,1,18,8,12,11,10,13,7,9,15,19,6,3,"BedroomOral","WallE","Sex_clip_1st",1,1,6,6,1,1,1,1,0,-2.11667648934089,-0.605644705859313,-1.69469532135131
"60f49406ace69a5a673d5566","males","","Sex_clip","100",582,"Yes","20","","","","","","","","","","","","","","","","","","","","","","","","","","","","","","","","","","","6.59","playful","8.647","upset","10.377","insisting","6.627","worried","12.596","friendly","9.313","shy","7.777","insisting","8.606","regretful","8.649","indifferent","7.265","anticipating","8.333","accusing","10.456","thoughtful","8.374","dominant","6.378","defiant","8.169","hostile","7.478","shy","7.482","ashamed","4.926","fantasizing","11.355","indecisive",7,7,6,3,3,5,7,3,4,"","yes",24,"Male","Heterosexual or straight","","No","",", RMTE10, RMTE14, RMTE11, RMTE20, RMTE16, RMTE7, RMTE24, RMTE33, RMTE2, RMTE8, RMTE13, RMTE36, RMTE32, RMTE26, RMTE1, RMTE12, RMTE5, RMTE4, RMTE23","FL_125","","RMTE10_males|RMTE14_males|RMTE11_males|RMTE20_males|RMTE16_males|RMTE7_males|RMTE24_males|RMTE33_males|RMTE2_males|RMTE8_males","","FL_171|FL_189|FL_185|FL_183|FL_153|FL_169|FL_159|FL_157|FL_179","vidInstructionSex|SamTaylor","vidInstructionNeut|WallE","|sadness_1st|bored_1st|happy_1st|sex_arousal_1st","|sex_arosal_2nd|sadness_2nd|bored_2nd|happy_2nd",9.7,-0.281178287101955,NA,"Sex_clip_1st",1,1,NA,1,1,NA,0,0,NA,0,1,0,1,1,NA,1,NA,NA,NA,0,NA,NA,1,0,NA,0,NA,NA,NA,NA,NA,0,0,NA,NA,0,0.473684210526316,NA,NA,NA,NA,NA,NA,NA,NA,NA,NA,NA,NA,NA,NA,NA,NA,NA,15,9,18,17,6,10,1,3,16,11,2,5,4,19,7,14,13,8,12,"SamTaylor","WallE","Sex_clip_1st",7,5,6,7,3,3,3,4,2,0.574186720222489,2.55008297203921,-0.83706037278247
"60f83d2965034fc854763240","males","","Neutral_clip","100",515,"Yes","20","","","","","","","","","","","","","","","","","","","","","","","","","","","","","","","","","","","5.63","playful","4.115","upset","3.771","relaxed","4.172","worried","3.557","uneasy","5.701","despondent","12.441","cautious","4.85","regretful","4.829","sceptical","8.89","anticipating","6.645","irritated","4.965","thoughtful","3.922","friendly","4.95","defiant","4.332","pensive","6.169","hostile","2.632","serious","3.367","concerned","3.999","suspicious",7,1,7,1,5,2,5,1,1,"","yes",47,"Male","Heterosexual or straight","","No","",", RMTE13, RMTE33, RMTE5, RMTE20, RMTE23, RMTE36, RMTE26, RMTE10, RMTE2, RMTE14, RMTE1, RMTE7, RMTE12, RMTE16, RMTE4, RMTE11, RMTE24, RMTE8, RMTE32","FL_125","","RMTE13_males|RMTE33_males|RMTE5_males|RMTE20_males|RMTE23_males|RMTE36-males|RMTE26_males|RMTE10_males|RMTE2_males|RMTE14_males","","FL_153|FL_161|FL_169|FL_175|FL_157|FL_167|FL_181|FL_163|FL_185","vidInstructionSex|FloorSex","vidInstructionNeut|WallE","|sex_arousal_1st|happy_1st|sadness_1st|bored_1st","|sadness_2nd|bored_2nd|happy_2nd|sex_arosal_2nd",8.58333333333333,-0.499754948665375,NA,"Neutral_clip_1st",1,1,NA,0,1,NA,1,1,NA,1,1,1,1,0,NA,1,NA,NA,NA,1,NA,NA,1,1,NA,1,NA,NA,NA,NA,NA,1,1,NA,NA,1,0.894736842105263,NA,NA,NA,NA,NA,NA,NA,NA,NA,NA,NA,NA,NA,NA,NA,NA,NA,11,9,15,3,12,18,8,16,13,1,10,14,4,5,17,7,19,2,6,"FloorSex","WallE","Neutral_clip_1st",2,1,5,7,1,1,1,5,1,-1.66819928774699,-0.605644705859313,-1.26587784706689
"6103afcc83916ef8ecf8b1c8","males","","Neutral_clip","100",569,"Yes","20","","","","","","","","","","","","","","","","","","","","","","","","","","","","","","","","","","","8.131","bored","4.314","upset","7.401","insisting","4.72","worried","12.059","uneasy","11.161","despondent","5.555","insisting","4.926","regretful","4.623","sceptical","5.07","anticipating","8.793","accusing","7.664","thoughtful","3.855","guilty","6.627","defiant","7.377","pensive","5.363","anxious","3.972","alarmed","5.305","concerned","3.337","suspicious",6,2,4,6,3,7,4,3,1,"","yes",27,"Male","Heterosexual or straight","","No","",", RMTE4, RMTE11, RMTE12, RMTE1, RMTE26, RMTE16, RMTE5, RMTE23, RMTE2, RMTE13, RMTE10, RMTE36, RMTE8, RMTE14, RMTE33, RMTE7, RMTE24, RMTE20, RMTE32","FL_125","","RMTE4_males|RMTE11_males|RMTE12_males|RMTE1_males|RMTE26_males|RMTE16_males|RMTE5_males|RMTE23_males|RMTE2_males|RMTE13_males","","FL_165|FL_189|FL_163|FL_173|FL_187|FL_161|FL_181|FL_177|FL_185","vidInstructionSex|FloorSex","vidInstructionNeut|ModernFamily","|bored_1st|sex_arousal_1st|sadness_1st|happy_1st","|bored_2nd|sadness_2nd|happy_2nd|sex_arosal_2nd",9.48333333333333,-0.323588684121723,NA,"Neutral_clip_1st",0,1,NA,1,1,NA,1,1,NA,0,1,1,1,1,NA,1,NA,NA,NA,0,NA,NA,1,1,NA,0,NA,NA,NA,NA,NA,0,1,NA,NA,1,0.736842105263158,NA,NA,NA,NA,NA,NA,NA,NA,NA,NA,NA,NA,NA,NA,NA,NA,NA,4,9,1,7,16,13,11,2,3,10,14,6,18,8,17,5,19,15,12,"FloorSex","ModernFamily","Neutral_clip_1st",7,2,4,4,3,6,1,3,5,0.574186720222489,0.183287213615318,0.449392050070796
"6120e3a34f6ad742437d6c95","males","","Sex_clip","100",496,"Yes","20","","","","","","","","","","","","","","","","","","","","","","","","","","","","","","","","","","","5.443","comforting","3.248","upset","6.166","insisting","4.654","worried","3.66","uneasy","4.408","despondent","2.843","cautious","5.577","regretful","4.543","sceptical","4.423","anticipating","4.856","accusing","3.23","thoughtful","4.056","friendly","5.998","curious","4.757","pensive","3.935","hostile","5.994","serious","4.738","concerned","4.415","suspicious",4,2,3,1,6,1,6,1,2,"","yes",37,"Male","Heterosexual or straight","","No","",", RMTE1, RMTE14, RMTE13, RMTE4, RMTE24, RMTE5, RMTE32, RMTE36, RMTE11, RMTE8, RMTE12, RMTE26, RMTE7, RMTE16, RMTE10, RMTE23, RMTE20, RMTE2, RMTE33","FL_125","","RMTE1_males|RMTE14_males|RMTE13_males|RMTE4_males|RMTE24_males|RMTE5_males|RMTE32_males|RMTE36-males|RMTE11_males|RMTE8_males","","FL_169|FL_183|FL_161|FL_175|FL_165|FL_179|FL_177|FL_155|FL_187","vidInstructionSex|FloorSex","vidInstructionNeut|ModernFamily","|happy_1st|bored_1st|sadness_1st|sex_arousal_1st","|happy_2nd|sex_arosal_2nd|sadness_2nd|bored_2nd",8.26666666666667,-0.561739375078882,NA,"Sex_clip_1st",0,1,NA,1,1,NA,1,1,NA,1,1,1,1,1,NA,1,NA,NA,NA,1,NA,NA,0,1,NA,1,NA,NA,NA,NA,NA,1,1,NA,NA,1,0.894736842105263,NA,NA,NA,NA,NA,NA,NA,NA,NA,NA,NA,NA,NA,NA,NA,NA,NA,1,18,4,6,13,10,15,9,11,3,2,14,17,16,5,12,7,19,8,"FloorSex","ModernFamily","Sex_clip_1st",2,1,3,6,1,1,6,2,1,-1.66819928774699,-0.605644705859313,-1.26587784706689
"612577d6c2728428c811d3f9","males","","Neutral_clip","100",580,"Yes","20","","","","","","","","","","","","","","","","","","","","","","","","","","","","","","","","","","","6.771","playful","3.701","upset","3.126","insisting","10.981","worried","5.265","friendly","5.129","despondent","3.144","cautious","9.211","regretful","10.464","sceptical","6.409","decisive","26.675","accusing","4.182","thoughtful","3.773","friendly","4.282","curious","3.4","pensive","32.986","hostile","2.994","serious","3.742","fantasizing","2.501","suspicious",7,1,6,1,2,3,3,1,4,"","yes",22,"Male","Heterosexual or straight","","No","",", RMTE16, RMTE13, RMTE20, RMTE24, RMTE4, RMTE10, RMTE2, RMTE11, RMTE32, RMTE7, RMTE5, RMTE23, RMTE14, RMTE8, RMTE1, RMTE12, RMTE26, RMTE33, RMTE36","FL_125","","RMTE16_males|RMTE13_males|RMTE20_males|RMTE24_males|RMTE4_males|RMTE10_males|RMTE2_males|RMTE11_males|RMTE32_males|RMTE7_males","","FL_159|FL_179|FL_173|FL_163|FL_153|FL_169|FL_183|FL_187|FL_189","vidInstructionSex|SamTaylor","vidInstructionNeut|ModernFamily","|bored_1st|happy_1st|sadness_1st|sex_arousal_1st","|sadness_2nd|bored_2nd|sex_arosal_2nd|happy_2nd",9.66666666666667,-0.287702963566535,NA,"Neutral_clip_1st",1,1,NA,1,1,NA,0,1,NA,1,1,1,0,1,NA,1,NA,NA,NA,1,NA,NA,0,1,NA,1,NA,NA,NA,NA,NA,1,0,NA,NA,1,0.789473684210526,NA,NA,NA,NA,NA,NA,NA,NA,NA,NA,NA,NA,NA,NA,NA,NA,NA,15,7,5,11,10,14,6,8,16,2,13,1,3,12,4,17,9,18,19,"SamTaylor","ModernFamily","Neutral_clip_1st",3,1,3,6,1,1,4,2,2,-1.2197220861531,-0.605644705859313,-0.83706037278247
"6129250af722358dd0a6433b","males","","Neutral_clip","100",531,"Yes","20","","","","","","","","","","","","","","","","","","","","","","","","","","","","","","","","","","","5.3","playful","4.419","upset","9.21","insisting","10.18","worried","6.252","uneasy","5.875","despondent","12.463","insisting","8.069","regretful","8.595","sceptical","6.316","anticipating","10.452","accusing","5.453","thoughtful","5.844","friendly","10.917","curious","9.122","pensive","7.899","hostile","7.074","serious","5.457","fantasizing","10.718","indecisive",4,1,8,2,1,6,4,5,6,"","yes",29,"Male","Heterosexual or straight","","No","None",", RMTE12, RMTE13, RMTE5, RMTE4, RMTE36, RMTE2, RMTE33, RMTE1, RMTE16, RMTE20, RMTE14, RMTE24, RMTE26, RMTE8, RMTE32, RMTE23, RMTE11, RMTE7, RMTE10","FL_125","","RMTE12_males|RMTE13_males|RMTE5_males|RMTE4_males|RMTE36-males|RMTE2_males|RMTE33_males|RMTE1_males|RMTE16_males|RMTE20_males","","FL_173|FL_181|FL_183|FL_163|FL_185|FL_179|FL_167|FL_161|FL_165","vidInstructionSex|SamTaylor","vidInstructionNeut|WallE","|bored_1st|sadness_1st|happy_1st|sex_arousal_1st","|happy_2nd|bored_2nd|sadness_2nd|sex_arosal_2nd",8.85,-0.447557536948737,NA,"Neutral_clip_1st",1,1,NA,1,1,NA,1,1,NA,0,1,1,1,1,NA,1,NA,NA,NA,1,NA,NA,0,1,NA,1,NA,NA,NA,NA,NA,1,0,NA,NA,0,0.789473684210526,NA,NA,NA,NA,NA,NA,NA,NA,NA,NA,NA,NA,NA,NA,NA,NA,NA,8,6,4,3,18,14,19,17,1,2,11,9,10,16,12,13,15,7,5,"SamTaylor","WallE","Neutral_clip_1st",6,1,4,8,5,2,6,1,5,0.125709518628592,-0.605644705859313,0.449392050070796
"612b5a2c55286e4cf74a63ee","males","","Neutral_clip","100",680,"Yes","20","","","","","","","","","","","","","","","","","","","","","","","","","","","","","","","","","","","11.41","irritated","15.853","upset","10.307","insisting","19.114","worried","10.614","uneasy","13.939","despondent","17.139","aghast","10.088","regretful","12.628","sceptical","11.291","anticipating","10.72","accusing","12.476","thoughtful","8.614","friendly","11.133","contented","14.797","pensive","9.434","hostile","10.059","serious","10.059","concerned","10.895","suspicious",6,1,2,1,7,8,8,1,1,"","yes",47,"Male","Heterosexual or straight","","No","",", RMTE12, RMTE32, RMTE8, RMTE36, RMTE23, RMTE5, RMTE1, RMTE16, RMTE14, RMTE10, RMTE13, RMTE7, RMTE33, RMTE2, RMTE24, RMTE20, RMTE11, RMTE4, RMTE26","FL_125","","RMTE12_males|RMTE32_males|RMTE8_males|RMTE36-males|RMTE23_males|RMTE5_males|RMTE1_males|RMTE16_males|RMTE14_males|RMTE10_males","","FL_171|FL_161|FL_187|FL_155|FL_181|FL_177|FL_167|FL_157|FL_183","vidInstructionSex|SamTaylor","vidInstructionNeut|ModernFamily","|sadness_1st|sex_arousal_1st|bored_1st|happy_1st","|sadness_2nd|bored_2nd|sex_arosal_2nd|happy_2nd",11.3333333333333,0.0385308596624505,NA,"Neutral_clip_1st",0,1,NA,1,1,NA,1,1,NA,0,1,1,1,1,NA,1,NA,NA,NA,1,NA,NA,0,1,NA,1,NA,NA,NA,NA,NA,1,1,NA,NA,1,0.842105263157895,NA,NA,NA,NA,NA,NA,NA,NA,NA,NA,NA,NA,NA,NA,NA,NA,NA,7,14,18,6,12,3,10,17,1,11,9,8,16,5,15,19,2,13,4,"SamTaylor","ModernFamily","Neutral_clip_1st",8,1,8,2,1,1,1,7,7,1.02266392181639,-0.605644705859313,1.30702699863964
"6135fe6b5422515fe7d11e2f","males","","Sex_clip","100",587,"Yes","20","","","","","","","","","","","","","","","","","","","","","","","","","","","","","","","","","","","11.288","playful","14.272","annoyed","6.088","insisting","5.677","worried","13.288","friendly","7.83","despondent","6.457","cautious","4.196","regretful","4.991","sceptical","5.205","anticipating","7.545","disappointed","7.26","thoughtful","3.799","friendly","7.358","defiant","5.735","pensive","4.53","shy","6.614","serious","13.193","concerned","7.703","suspicious",2,7,4,2,1,2,4,2,1,"","yes",27,"Male","Heterosexual or straight","","No","",", RMTE8, RMTE1, RMTE2, RMTE13, RMTE4, RMTE16, RMTE11, RMTE36, RMTE24, RMTE20, RMTE32, RMTE14, RMTE7, RMTE12, RMTE23, RMTE26, RMTE10, RMTE5, RMTE33","FL_125","","RMTE8_males|RMTE1_males|RMTE2_males|RMTE13_males|RMTE4_males|RMTE16_males|RMTE11_males|RMTE36-males|RMTE24_males|RMTE20_males","","FL_185|FL_173|FL_161|FL_169|FL_179|FL_183|FL_165|FL_159|FL_187","vidInstructionSex|SamTaylor","vidInstructionNeut|MadMen","|sadness_1st|bored_1st|sex_arousal_1st|happy_1st","|happy_2nd|sadness_2nd|sex_arosal_2nd|bored_2nd",9.78333333333333,-0.264866595940506,NA,"Sex_clip_1st",1,0,NA,1,1,NA,0,1,NA,1,1,1,1,0,NA,1,NA,NA,NA,1,NA,NA,1,1,NA,0,NA,NA,NA,NA,NA,1,1,NA,NA,1,0.789473684210526,NA,NA,NA,NA,NA,NA,NA,NA,NA,NA,NA,NA,NA,NA,NA,NA,NA,2,3,5,18,13,1,17,7,14,4,12,6,10,15,9,16,11,19,8,"SamTaylor","MadMen","Sex_clip_1st",7,2,4,4,2,2,1,1,5,0.574186720222489,0.183287213615318,0.449392050070796
"613de9246f6ff042e1c24fee","males","","Sex_clip","100",736,"Yes","20","","","","","","","","","","","","","","","","","","","","","","","","","","","","","","","","","","","7.579","playful","5.445","upset","26.535","amused","5.467","worried","21.934","friendly","16.383","despondent","35.482","aghast","12.491","regretful","5.639","sceptical","9.359","anticipating","17.661","irritated","11.527","thoughtful","15.754","friendly","7.429","curious","7.655","pensive","11.598","alarmed","21.96","serious","17.886","concerned","11.356","suspicious",6,7,5,1,2,1,5,2,2,"","yes",25,"Male","Heterosexual or straight","","No","",", RMTE33, RMTE16, RMTE32, RMTE14, RMTE23, RMTE26, RMTE8, RMTE2, RMTE5, RMTE12, RMTE4, RMTE7, RMTE24, RMTE1, RMTE36, RMTE11, RMTE10, RMTE20, RMTE13","FL_125","","RMTE33_males|RMTE16_males|RMTE32_males|RMTE14_males|RMTE23_males|RMTE26_males|RMTE8_males|RMTE2_males|RMTE5_males|RMTE12_males","","FL_157|FL_161|FL_181|FL_153|FL_189|FL_167|FL_165|FL_177|FL_171","vidInstructionSex|FloorSex","vidInstructionNeut|ModernFamily","|sadness_1st|bored_1st|happy_1st|sex_arousal_1st","|happy_2nd|sex_arosal_2nd|sadness_2nd|bored_2nd",12.2666666666667,0.221221800670682,NA,"Sex_clip_1st",1,1,NA,0,1,NA,0,1,NA,0,1,1,1,0,NA,1,NA,NA,NA,1,NA,NA,0,1,NA,0,NA,NA,NA,NA,NA,1,1,NA,NA,1,0.684210526315789,NA,NA,NA,NA,NA,NA,NA,NA,NA,NA,NA,NA,NA,NA,NA,NA,NA,14,8,11,9,12,7,17,16,10,19,4,2,18,5,13,6,3,1,15,"FloorSex","ModernFamily","Sex_clip_1st",7,1,5,5,1,2,2,2,6,0.574186720222489,-0.605644705859313,0.878209524355217
"613fa3f65984b16169ccb151","males","","Sex_clip","100",508,"Yes","20","","","","","","","","","","","","","","","","","","","","","","","","","","","","","","","","","","","5.05","bored","4.636","terrified","2.64","insisting","3.096","worried","4.804","uneasy","7.996","relieved","2.833","insisting","6.516","regretful","3.168","sceptical","3.737","threatening","3.876","accusing","1.8","thoughtful","5.099","guilty","5.773","apologetic","3.748","pensive","3.313","hostile","5.399","serious","2.454","guilty","3.87","suspicious",5,6,7,3,5,1,4,6,8,"","yes",23,"Male","Heterosexual or straight","","No","",", RMTE14, RMTE24, RMTE13, RMTE11, RMTE12, RMTE33, RMTE36, RMTE5, RMTE8, RMTE10, RMTE23, RMTE4, RMTE32, RMTE16, RMTE2, RMTE26, RMTE20, RMTE7, RMTE1","FL_125","","RMTE14_males|RMTE24_males|RMTE13_males|RMTE11_males|RMTE12_males|RMTE33_males|RMTE36-males|RMTE5_males|RMTE8_males|RMTE10_males","","FL_179|FL_157|FL_185|FL_175|FL_155|FL_183|FL_177|FL_161|FL_153","vidInstructionSex|FloorSex","vidInstructionNeut|ModernFamily","|sadness_1st|happy_1st|sex_arousal_1st|bored_1st","|happy_2nd|bored_2nd|sex_arosal_2nd|sadness_2nd",8.46666666666667,-0.522591316291404,NA,"Sex_clip_1st",0,0,NA,1,1,NA,1,0,NA,0,1,1,0,1,NA,1,NA,NA,NA,0,NA,NA,0,1,NA,1,NA,NA,NA,NA,NA,1,0,NA,NA,1,0.578947368421053,NA,NA,NA,NA,NA,NA,NA,NA,NA,NA,NA,NA,NA,NA,NA,NA,NA,19,15,12,8,18,9,10,4,5,3,1,14,17,11,2,16,13,6,7,"FloorSex","ModernFamily","Sex_clip_1st",6,1,7,4,3,6,5,8,5,0.125709518628592,-0.605644705859313,0.449392050070796
"614878b75f14515b24e83a0d","males","","Neutral_clip","100",601,"Yes","20","","","","","","","","","","","","","","","","","","","","","","","","","","","","","","","","","","","7.578","playful","10.781","upset","7.237","insisting","4.934","worried","7.202","uneasy","5.96","despondent","12.009","cautious","4.961","regretful","7.129","sceptical","7.409","anticipating","5.289","accusing","4.084","thoughtful","7.046","friendly","5.443","defiant","4.888","pensive","4.797","hostile","4.843","serious","6.898","guilty","4.962","suspicious",5,1,6,4,2,7,5,1,1,"","yes",25,"Male","Heterosexual or straight","","No","",", RMTE10, RMTE5, RMTE12, RMTE1, RMTE36, RMTE33, RMTE32, RMTE24, RMTE14, RMTE8, RMTE16, RMTE2, RMTE20, RMTE26, RMTE11, RMTE7, RMTE4, RMTE13, RMTE23","FL_125","","RMTE10_males|RMTE5_males|RMTE12_males|RMTE1_males|RMTE36-males|RMTE33_males|RMTE32_males|RMTE24_males|RMTE14_males|RMTE8_males","","FL_175|FL_155|FL_177|FL_183|FL_167|FL_161|FL_157|FL_171|FL_179","vidInstructionSex|SamTaylor","vidInstructionNeut|WallE","|sadness_1st|happy_1st|sex_arousal_1st|bored_1st","|happy_2nd|sadness_2nd|sex_arosal_2nd|bored_2nd",10.0166666666667,-0.219193860688448,NA,"Neutral_clip_1st",1,1,NA,1,1,NA,1,1,NA,1,1,1,1,1,NA,1,NA,NA,NA,1,NA,NA,1,1,NA,1,NA,NA,NA,NA,NA,1,0,NA,NA,1,0.947368421052632,NA,NA,NA,NA,NA,NA,NA,NA,NA,NA,NA,NA,NA,NA,NA,NA,NA,4,12,17,2,16,10,1,15,3,18,9,11,13,19,8,14,7,6,5,"SamTaylor","WallE","Neutral_clip_1st",7,1,5,6,1,4,1,2,6,0.574186720222489,-0.605644705859313,0.878209524355217
"6154284fc5154abb9a264b0c","males","","Neutral_clip","100",926,"Yes","20","","","","","","","","","","","","","","","","","","","","","","","","","","","","","","","","","","","6.478","playful","5.735","upset","8.483","insisting","6.916","worried","11.941","uneasy","8.739","relieved","6.958","insisting","6.937","regretful","5.94","sceptical","19.824","anticipating","7.723","accusing","25.507","thoughtful","7.801","guilty","10.521","curious","8.39","pensive","10.39","shy","6.066","serious","9.685","guilty","8.466","suspicious",6,4,6,3,5,3,1,8,3,"","yes",29,"Male","Heterosexual or straight","","No","I think you should emphasize a little clearer, the sexual content in this study next time.",", RMTE36, RMTE14, RMTE10, RMTE24, RMTE20, RMTE5, RMTE7, RMTE32, RMTE23, RMTE8, RMTE26, RMTE1, RMTE16, RMTE13, RMTE33, RMTE4, RMTE11, RMTE12, RMTE2","FL_125","","RMTE36-males|RMTE14_males|RMTE10_males|RMTE24_males|RMTE20_males|RMTE5_males|RMTE7_males|RMTE32_males|RMTE23_males|RMTE8_males","","FL_183|FL_153|FL_175|FL_171|FL_187|FL_157|FL_167|FL_169|FL_155","vidInstructionSex|SamTaylor","vidInstructionNeut|ModernFamily","|sex_arousal_1st|sadness_1st|happy_1st|bored_1st","|sadness_2nd|sex_arosal_2nd|bored_2nd|happy_2nd",15.4333333333333,0.841066064805754,NA,"Neutral_clip_1st",1,1,NA,1,1,NA,1,0,NA,0,1,1,1,1,NA,1,NA,NA,NA,0,NA,NA,0,1,NA,0,NA,NA,NA,NA,NA,1,0,NA,NA,1,0.684210526315789,NA,NA,NA,NA,NA,NA,NA,NA,NA,NA,NA,NA,NA,NA,NA,NA,NA,12,19,16,6,7,10,3,17,18,14,2,13,5,9,4,11,8,15,1,"SamTaylor","ModernFamily","Neutral_clip_1st",3,4,1,6,8,3,3,5,-1,-1.2197220861531,1.76115105256458,-2.12351279563574
"61557fa1cb82e343fcfe9d77","males","","Sex_clip","100",565,"Yes","20","","","","","","","","","","","","","","","","","","","","","","","","","","","","","","","","","","","5.528","comforting","5.29","upset","7.995","joking","6.532","worried","9.919","uneasy","7.745","despondent","8.287","aghast","6.912","terrified","4.509","indifferent","9.258","anticipating","6.211","accusing","7.049","encouraging","5.262","friendly","5.927","curious","4.407","hostile","4.832","hostile","3.788","serious","10.231","concerned","5.612","suspicious",7,7,7,1,4,1,1,1,4,"","yes",28,"Male","Heterosexual or straight","","No","",", RMTE7, RMTE14, RMTE10, RMTE26, RMTE33, RMTE23, RMTE4, RMTE13, RMTE8, RMTE11, RMTE20, RMTE12, RMTE1, RMTE32, RMTE24, RMTE5, RMTE2, RMTE36, RMTE16","FL_125","","RMTE7_males|RMTE14_males|RMTE10_males|RMTE26_males|RMTE33_males|RMTE23_males|RMTE4_males|RMTE13_males|RMTE8_males|RMTE11_males","","FL_177|FL_169|FL_153|FL_185|FL_181|FL_159|FL_155|FL_189|FL_175","vidInstructionSex|FloorSex","vidInstructionNeut|MadMen","|bored_1st|sadness_1st|happy_1st|sex_arousal_1st","|bored_2nd|happy_2nd|sadness_2nd|sex_arosal_2nd",9.41666666666667,-0.336638037050882,NA,"Sex_clip_1st",0,1,NA,0,1,NA,1,1,NA,0,0,0,1,1,NA,0,NA,NA,NA,1,NA,NA,0,0,NA,1,NA,NA,NA,NA,NA,1,1,NA,NA,1,0.578947368421053,NA,NA,NA,NA,NA,NA,NA,NA,NA,NA,NA,NA,NA,NA,NA,NA,NA,13,17,7,16,1,9,3,10,12,8,2,19,11,6,15,4,14,5,18,"FloorSex","MadMen","Sex_clip_1st",7,1,7,1,1,1,4,4,6,0.574186720222489,-0.605644705859313,0.878209524355217
"615c100bc96ed7f86c2ee521","males","","Neutral_clip","100",707,"Yes","20","","","","","","","","","","","","","","","","","","","","","","","","","","","","","","","","","","","6.005","playful","7.408","upset","8.723","relaxed","10.397","worried","12.907","uneasy","9.843","relieved","8.64","cautious","11.594","regretful","8.993","sceptical","9.635","anticipating","8.189","accusing","8.714","sympathetic","6.618","friendly","6.871","curious","9.969","pensive","8.722","hostile","7.376","serious","8.612","fantasizing","12.509","suspicious",3,2,5,2,7,8,4,2,3,"","yes",40,"Male","Heterosexual or straight","","No","ummmm, i didnt expect that!",", RMTE7, RMTE32, RMTE2, RMTE33, RMTE26, RMTE14, RMTE4, RMTE11, RMTE10, RMTE8, RMTE5, RMTE36, RMTE24, RMTE20, RMTE12, RMTE13, RMTE1, RMTE23, RMTE16","FL_125","","RMTE7_males|RMTE32_males|RMTE2_males|RMTE33_males|RMTE26_males|RMTE14_males|RMTE4_males|RMTE11_males|RMTE10_males|RMTE8_males","","FL_159|FL_189|FL_181|FL_177|FL_169|FL_171|FL_153|FL_179|FL_175","vidInstructionSex|FloorSex","vidInstructionNeut|ModernFamily","|sex_arousal_1st|bored_1st|sadness_1st|happy_1st","|bored_2nd|sex_arosal_2nd|happy_2nd|sadness_2nd",11.7833333333333,0.126613991934276,NA,"Neutral_clip_1st",1,1,NA,0,1,NA,1,0,NA,1,1,1,1,1,NA,0,NA,NA,NA,1,NA,NA,0,1,NA,1,NA,NA,NA,NA,NA,1,0,NA,NA,1,0.736842105263158,NA,NA,NA,NA,NA,NA,NA,NA,NA,NA,NA,NA,NA,NA,NA,NA,NA,17,3,7,11,1,10,9,8,15,16,6,19,14,18,13,5,2,4,12,"FloorSex","ModernFamily","Neutral_clip_1st",8,2,4,5,2,2,3,7,6,1.02266392181639,0.183287213615318,0.878209524355217
"615eda024a5f84f408625b4f","males","","Sex_clip","100",661,"Yes","20","","","","","","","","","","","","","","","","","","","","","","","","","","","","","","","","","","","6.607","playful","9.059","upset","7.577","insisting","4.488","worried","15.612","uneasy","6.113","despondent","7.028","insisting","30.906","flirtatious","7.351","sceptical","8.051","anticipating","6.373","accusing","7.075","encouraging","5.781","friendly","10.029","defiant","6.227","pensive","6.665","anxious","10.027","serious","3.627","concerned","4.321","suspicious",6,1,5,1,5,2,1,1,4,"","yes",32,"Male","Heterosexual or straight","","No","",", RMTE12, RMTE32, RMTE24, RMTE20, RMTE7, RMTE2, RMTE4, RMTE13, RMTE26, RMTE11, RMTE23, RMTE33, RMTE10, RMTE16, RMTE8, RMTE14, RMTE36, RMTE1, RMTE5","FL_125","","RMTE12_males|RMTE32_males|RMTE24_males|RMTE20_males|RMTE7_males|RMTE2_males|RMTE4_males|RMTE13_males|RMTE26_males|RMTE11_males","","FL_179|FL_187|FL_165|FL_175|FL_163|FL_173|FL_189|FL_153|FL_159","vidInstructionSex|FloorSex","vidInstructionNeut|MadMen","|sadness_1st|bored_1st|happy_1st|sex_arousal_1st","|bored_2nd|sex_arosal_2nd|sadness_2nd|happy_2nd",11.0166666666667,-0.0234535667510567,NA,"Sex_clip_1st",1,1,NA,1,1,NA,1,1,NA,0,0,1,1,1,NA,0,NA,NA,NA,1,NA,NA,1,1,NA,0,NA,NA,NA,NA,NA,1,1,NA,NA,1,0.789473684210526,NA,NA,NA,NA,NA,NA,NA,NA,NA,NA,NA,NA,NA,NA,NA,NA,NA,18,6,7,19,5,15,13,10,1,8,16,14,4,11,3,9,2,12,17,"FloorSex","MadMen","Sex_clip_1st",1,2,5,1,1,1,5,4,-1,-2.11667648934089,0.183287213615318,-2.12351279563574
"6161e9289e5e2f9c0840f65f","males","","Neutral_clip","100",451,"Yes","20","","","","","","","","","","","","","","","","","","","","","","","","","","","","","","","","","","","2.806","playful","5.234","terrified","4.61","insisting","2.272","worried","3.573","friendly","4.526","despondent","6.574","cautious","3.149","regretful","5.996","indifferent","3.162","shy","2.501","accusing","4.825","thoughtful","1.866","friendly","3.368","curious","4.865","pensive","3.931","anxious","4.436","serious","5.976","guilty","2.977","suspicious",6,2,3,4,4,4,3,4,7,"","yes",28,"Male","Heterosexual or straight","","No","",", RMTE8, RMTE24, RMTE4, RMTE10, RMTE26, RMTE1, RMTE33, RMTE23, RMTE20, RMTE2, RMTE16, RMTE7, RMTE11, RMTE36, RMTE5, RMTE12, RMTE13, RMTE14, RMTE32","FL_125","","RMTE8_males|RMTE24_males|RMTE4_males|RMTE10_males|RMTE26_males|RMTE1_males|RMTE33_males|RMTE23_males|RMTE20_males|RMTE2_males","","FL_175|FL_161|FL_167|FL_189|FL_159|FL_169|FL_171|FL_173|FL_185","vidInstructionSex|FloorSex","vidInstructionNeut|MadMen","|happy_1st|sex_arousal_1st|bored_1st|sadness_1st","|sex_arosal_2nd|bored_2nd|happy_2nd|sadness_2nd",7.51666666666667,-0.708544595531925,NA,"Neutral_clip_1st",1,0,NA,1,1,NA,0,1,NA,1,1,0,0,1,NA,1,NA,NA,NA,1,NA,NA,0,1,NA,0,NA,NA,NA,NA,NA,1,0,NA,NA,1,0.631578947368421,NA,NA,NA,NA,NA,NA,NA,NA,NA,NA,NA,NA,NA,NA,NA,NA,NA,6,10,3,15,12,1,4,13,16,17,18,11,9,8,2,5,19,7,14,"FloorSex","MadMen","Neutral_clip_1st",4,2,3,3,4,4,7,4,2,-0.771244884559201,0.183287213615318,-0.83706037278247
"61698720ea3862e067c47c73","males","","Sex_clip","100",713,"Yes","20","","","","","","","","","","","","","","","","","","","","","","","","","","","","","","","","","","","4.403","playful","5.135","upset","7.62","insisting","6.046","worried","32.991","dispirited","13.594","despondent","4.701","insisting","7.713","regretful","7.295","indifferent","3.599","anticipating","9.035","accusing","5.208","thoughtful","3.074","friendly","5.431","defiant","6.369","pensive","5.38","alarmed","4.262","serious","5.772","concerned","5.695","suspicious",6,5,7,2,1,1,5,7,3,"5","What does a porn video have to do with social perception?",30,"Male","Heterosexual or straight","","No","This study was indeed interesting",", RMTE14, RMTE1, RMTE7, RMTE5, RMTE36, RMTE4, RMTE24, RMTE11, RMTE8, RMTE32, RMTE33, RMTE2, RMTE20, RMTE26, RMTE10, RMTE12, RMTE13, RMTE16, RMTE23","FL_125","","RMTE14_males|RMTE1_males|RMTE7_males|RMTE5_males|RMTE36-males|RMTE4_males|RMTE24_males|RMTE11_males|RMTE8_males|RMTE32_males","","FL_187|FL_155|FL_177|FL_183|FL_165|FL_169|FL_171|FL_175|FL_179","vidInstructionSex|FloorSex","vidInstructionNeut|MadMen","|bored_1st|sex_arousal_1st|sadness_1st|happy_1st","|sadness_2nd|bored_2nd|happy_2nd|sex_arosal_2nd",11.8833333333333,0.146188021328016,NA,"Sex_clip_1st",1,1,NA,1,1,NA,0,1,NA,0,1,0,1,1,NA,1,NA,NA,NA,1,NA,NA,1,1,NA,0,NA,NA,NA,NA,NA,1,1,NA,NA,1,0.789473684210526,NA,NA,NA,NA,NA,NA,NA,NA,NA,NA,NA,NA,NA,NA,NA,NA,NA,2,12,6,4,3,9,15,8,16,17,1,18,13,19,7,14,10,11,5,"FloorSex","MadMen","Sex_clip_1st",5,1,7,5,2,7,1,3,4,-0.322767682965304,-0.605644705859313,0.0205745757863738
"616c3827ba55785051edc9d7","males","","Sex_clip","100",582,"Yes","20","","","","","","","","","","","","","","","","","","","","","","","","","","","","","","","","","","","7.284","playful","7.581","annoyed","6.298","insisting","8.33","worried","8.874","uneasy","7.204","despondent","6.395","cautious","6.709","flirtatious","8.003","sceptical","6.859","anticipating","8.273","accusing","12.506","irritated","7.435","dominant","7.278","defiant","12.07","pensive","9.832","hostile","7.576","serious","7.716","concerned","6.612","suspicious",5,7,8,4,3,3,4,4,6,"5","yes",44,"Male","Heterosexual or straight","","No","",", RMTE13, RMTE20, RMTE8, RMTE16, RMTE26, RMTE12, RMTE24, RMTE10, RMTE14, RMTE11, RMTE2, RMTE7, RMTE5, RMTE33, RMTE1, RMTE23, RMTE4, RMTE32, RMTE36","FL_125","","RMTE13_males|RMTE20_males|RMTE8_males|RMTE16_males|RMTE26_males|RMTE12_males|RMTE24_males|RMTE10_males|RMTE14_males|RMTE11_males","","FL_155|FL_161|FL_159|FL_187|FL_153|FL_179|FL_157|FL_185|FL_189","vidInstructionSex|FloorSex","vidInstructionNeut|ModernFamily","|sex_arousal_1st|sadness_1st|bored_1st|happy_1st","|happy_2nd|bored_2nd|sadness_2nd|sex_arosal_2nd",9.7,-0.281178287101955,NA,"Sex_clip_1st",1,0,NA,1,1,NA,1,1,NA,1,0,1,1,1,NA,0,NA,NA,NA,0,NA,NA,1,1,NA,1,NA,NA,NA,NA,NA,1,1,NA,NA,1,0.789473684210526,NA,NA,NA,NA,NA,NA,NA,NA,NA,NA,NA,NA,NA,NA,NA,NA,NA,15,11,17,13,12,3,8,10,6,1,9,4,2,16,7,5,18,14,19,"FloorSex","ModernFamily","Sex_clip_1st",7,3,8,4,4,4,3,6,4,0.574186720222489,0.97221913308995,0.0205745757863738
"61719508d946490934305f3a","males","","Neutral_clip","100",1173,"Yes","20","","","","","","","","","","","","","","","","","","","","","","","","","","","","","","","","","","","19.015","bored","8.63","upset","8.413","insisting","9.41","worried","15.009","dispirited","14.38","despondent","24.761","cautious","19.481","regretful","23.966","sceptical","11.786","anticipating","7.803","accusing","8.067","thoughtful","6.918","friendly","24.134","curious","10.854","hostile","8.932","hostile","27.661","serious","18.142","concerned","18.072","nervous",6,2,6,2,3,7,5,2,4,"","yes",36,"Male","Heterosexual or straight","","No","",", RMTE1, RMTE23, RMTE10, RMTE13, RMTE7, RMTE36, RMTE11, RMTE4, RMTE20, RMTE24, RMTE16, RMTE14, RMTE5, RMTE33, RMTE8, RMTE12, RMTE2, RMTE32, RMTE26","FL_125","","RMTE1_males|RMTE23_males|RMTE10_males|RMTE13_males|RMTE7_males|RMTE36-males|RMTE11_males|RMTE4_males|RMTE20_males|RMTE24_males","","FL_175|FL_173|FL_159|FL_187|FL_163|FL_169|FL_155|FL_185|FL_183","vidInstructionSex|FloorSex","vidInstructionNeut|WallE","|sadness_1st|bored_1st|happy_1st|sex_arousal_1st","|sadness_2nd|happy_2nd|sex_arosal_2nd|bored_2nd",19.55,1.64686360818135,NA,"Neutral_clip_1st",0,1,NA,1,1,NA,0,1,NA,1,1,1,1,1,NA,1,NA,NA,NA,1,NA,NA,0,0,NA,1,NA,NA,NA,NA,NA,1,1,NA,NA,0,0.736842105263158,NA,NA,NA,NA,NA,NA,NA,NA,NA,NA,NA,NA,NA,NA,NA,NA,NA,1,17,8,13,5,15,3,7,16,4,12,11,9,2,10,19,18,14,6,"FloorSex","WallE","Neutral_clip_1st",7,2,5,6,2,2,4,3,5,0.574186720222489,0.183287213615318,0.449392050070796
"61fa95715719bc09cb8351de","males","","Sex_clip","100",568,"Yes","20","","","","","","","","","","","","","","","","","","","","","","","","","","","","","","","","","","","5.223","playful","9.242","terrified","8.5","amused","5.391","worried","5.949","friendly","7.941","relieved","8.803","cautious","7.04","amused","5.701","sceptical","6.139","anticipating","13.095","accusing","7.138","sympathetic","3.629","friendly","9.97","curious","5.468","pensive","5.331","hostile","6.062","serious","12.677","concerned","5.656","suspicious",6,6,7,1,3,1,5,1,6,"","yes",37,"Male","Heterosexual or straight","","No","",", RMTE14, RMTE33, RMTE36, RMTE4, RMTE2, RMTE11, RMTE1, RMTE23, RMTE10, RMTE12, RMTE20, RMTE24, RMTE26, RMTE8, RMTE32, RMTE16, RMTE5, RMTE13, RMTE7","FL_125","","RMTE14_males|RMTE33_males|RMTE36-males|RMTE4_males|RMTE2_males|RMTE11_males|RMTE1_males|RMTE23_males|RMTE10_males|RMTE12_males","","FL_177|FL_181|FL_183|FL_163|FL_185|FL_175|FL_159|FL_171|FL_161","vidInstructionSex|FloorSex","vidInstructionNeut|WallE","|sadness_1st|sex_arousal_1st|happy_1st|bored_1st","|sex_arosal_2nd|happy_2nd|bored_2nd|sadness_2nd",9.46666666666667,-0.326851022354013,NA,"Sex_clip_1st",1,0,NA,0,1,NA,0,0,NA,1,0,1,1,1,NA,0,NA,NA,NA,1,NA,NA,0,1,NA,1,NA,NA,NA,NA,NA,1,1,NA,NA,1,0.631578947368421,NA,NA,NA,NA,NA,NA,NA,NA,NA,NA,NA,NA,NA,NA,NA,NA,NA,7,5,4,17,19,14,9,6,10,18,1,16,11,8,12,13,15,2,3,"FloorSex","WallE","Sex_clip_1st",6,1,7,5,1,1,3,6,5,0.125709518628592,-0.605644705859313,0.449392050070796
"623478b74666adc4ae9be6ab","males","","Sex_clip","100",672,"Yes","20","","","","","","","","","","","","","","","","","","","","","","","","","","","","","","","","","","","2.689","playful","6.975","upset","2.698","insisting","4.898","sarcastic","4.085","uneasy","4.446","despondent","6.135","cautious","3.408","regretful","2.985","sceptical","4.088","anticipating","2.949","accusing","2.815","thoughtful","2.12","friendly","3.097","defiant","3.055","hostile","5.244","hostile","4.769","serious","2.677","concerned","2.467","suspicious",6,4,4,1,7,1,3,6,6,"","yes",31,"Male","Heterosexual or straight","","No","",", RMTE10, RMTE7, RMTE12, RMTE1, RMTE33, RMTE20, RMTE23, RMTE8, RMTE13, RMTE14, RMTE32, RMTE2, RMTE5, RMTE16, RMTE11, RMTE36, RMTE24, RMTE4, RMTE26","FL_125","","RMTE10_males|RMTE7_males|RMTE12_males|RMTE1_males|RMTE33_males|RMTE20_males|RMTE23_males|RMTE8_males|RMTE13_males|RMTE14_males","","FL_185|FL_155|FL_159|FL_175|FL_167|FL_189|FL_181|FL_157|FL_183","vidInstructionSex|FloorSex","vidInstructionNeut|WallE","|happy_1st|bored_1st|sadness_1st|sex_arousal_1st","|happy_2nd|sex_arosal_2nd|bored_2nd|sadness_2nd",11.2,0.0124321538041317,NA,"Sex_clip_1st",1,1,NA,1,0,NA,1,1,NA,1,1,1,1,1,NA,1,NA,NA,NA,1,NA,NA,1,0,NA,1,NA,NA,NA,NA,NA,1,1,NA,NA,1,0.894736842105263,NA,NA,NA,NA,NA,NA,NA,NA,NA,NA,NA,NA,NA,NA,NA,NA,NA,4,12,18,13,2,8,1,15,3,9,10,14,6,7,17,19,11,5,16,"FloorSex","WallE","Sex_clip_1st",4,1,4,3,1,6,7,6,3,-0.771244884559201,-0.605644705859313,-0.408242898498048
"62347ae256d456387390b362","males","","Neutral_clip","100",567,"Yes","20","","","","","","","","","","","","","","","","","","","","","","","","","","","","","","","","","","","8.63","playful","3.871","upset","3.915","insisting","3.852","worried","3.804","uneasy","9.254","despondent","6.492","cautious","5.232","regretful","4.656","sceptical","8.189","anticipating","6.056","accusing","4.834","thoughtful","4.264","friendly","3.707","curious","7.149","pensive","4.961","hostile","5.901","serious","6.914","concerned","3.214","ashamed",5,1,5,1,3,2,5,1,5,"","yes",27,"Male","Heterosexual or straight","","No","",", RMTE33, RMTE8, RMTE20, RMTE12, RMTE26, RMTE2, RMTE4, RMTE16, RMTE10, RMTE13, RMTE1, RMTE7, RMTE5, RMTE24, RMTE11, RMTE14, RMTE36, RMTE23, RMTE32","FL_125","","RMTE33_males|RMTE8_males|RMTE20_males|RMTE12_males|RMTE26_males|RMTE2_males|RMTE4_males|RMTE16_males|RMTE10_males|RMTE13_males","","FL_153|FL_161|FL_159|FL_181|FL_167|FL_173|FL_189|FL_179|FL_185","vidInstructionSex|SamTaylor","vidInstructionNeut|ModernFamily","|sadness_1st|bored_1st|happy_1st|sex_arousal_1st","|sex_arosal_2nd|bored_2nd|happy_2nd|sadness_2nd",9.45,-0.330113360586303,NA,"Neutral_clip_1st",1,1,NA,1,1,NA,1,1,NA,1,1,1,1,1,NA,1,NA,NA,NA,1,NA,NA,0,1,NA,1,NA,NA,NA,NA,NA,1,1,NA,NA,0,0.894736842105263,NA,NA,NA,NA,NA,NA,NA,NA,NA,NA,NA,NA,NA,NA,NA,NA,NA,11,6,7,13,12,2,9,15,4,10,16,8,3,18,14,5,19,1,17,"SamTaylor","ModernFamily","Neutral_clip_1st",2,1,5,5,1,1,5,3,1,-1.66819928774699,-0.605644705859313,-1.26587784706689
"623485c9b9fbf4e35884f97f","males","","Sex_clip","100",583,"Yes","20","","","","","","","","","","","","","","","","","","","","","","","","","","","","","","","","","","","8.506","playful","8.648","upset","6.279","insisting","4.767","worried","6.581","uneasy","17.778","despondent","10.143","insisting","8.589","flirtatious","4.599","sceptical","10.798","anticipating","9.228","accusing","5.845","thoughtful","4.36","friendly","6.44","defiant","8.094","hostile","6.136","hostile","6.546","serious","6.114","concerned","5.01","suspicious",9,4,6,1,7,1,8,1,1,"","Yes",26,"Male","Heterosexual or straight","","No","",", RMTE1, RMTE16, RMTE36, RMTE14, RMTE10, RMTE2, RMTE20, RMTE32, RMTE33, RMTE4, RMTE7, RMTE23, RMTE11, RMTE24, RMTE26, RMTE13, RMTE8, RMTE12, RMTE5","FL_125","","RMTE1_males|RMTE16_males|RMTE36-males|RMTE14_males|RMTE10_males|RMTE2_males|RMTE20_males|RMTE32_males|RMTE33_males|RMTE4_males","","FL_161|FL_179|FL_167|FL_181|FL_183|FL_171|FL_163|FL_169|FL_159","vidInstructionSex|BedroomOral","vidInstructionNeut|WallE","|happy_1st|bored_1st|sadness_1st|sex_arousal_1st","|sadness_2nd|sex_arosal_2nd|happy_2nd|bored_2nd",9.71666666666667,-0.277915948869665,NA,"Sex_clip_1st",1,1,NA,1,1,NA,1,1,NA,0,0,1,1,1,NA,1,NA,NA,NA,1,NA,NA,1,0,NA,1,NA,NA,NA,NA,NA,1,1,NA,NA,1,0.842105263157895,NA,NA,NA,NA,NA,NA,NA,NA,NA,NA,NA,NA,NA,NA,NA,NA,NA,1,6,10,19,11,17,5,13,18,16,4,2,7,12,14,15,8,9,3,"BedroomOral","WallE","Sex_clip_1st",4,1,6,8,1,1,7,1,3,-0.771244884559201,-0.605644705859313,-0.408242898498048
"62349b9d9d293b56a95ede2c","males","","Sex_clip","100",641,"Yes","20","","","","","","","","","","","","","","","","","","","","","","","","","","","","","","","","","","","30.358","playful","6.147","upset","4.397","insisting","3.031","worried","18.46","friendly","10.413","despondent","21.248","insisting","8.539","regretful","10.449","sceptical","5.196","anticipating","5.885","accusing","3.48","thoughtful","3.928","friendly","20.841","apologetic","41.403","pensive","12.308","anxious","6.144","serious","5.441","concerned","6.303","suspicious",6,5,4,6,4,1,6,1,4,"","yes",27,"Male","Heterosexual or straight","","No","",", RMTE26, RMTE36, RMTE1, RMTE11, RMTE2, RMTE10, RMTE12, RMTE24, RMTE32, RMTE7, RMTE8, RMTE16, RMTE13, RMTE23, RMTE20, RMTE4, RMTE33, RMTE14, RMTE5","FL_125","","RMTE26_males|RMTE36-males|RMTE1_males|RMTE11_males|RMTE2_males|RMTE10_males|RMTE12_males|RMTE24_males|RMTE32_males|RMTE7_males","","FL_163|FL_175|FL_171|FL_179|FL_177|FL_157|FL_187|FL_173|FL_159","vidInstructionSex|SamTaylor","vidInstructionNeut|WallE","|bored_1st|sex_arousal_1st|happy_1st|sadness_1st","|sex_arosal_2nd|happy_2nd|sadness_2nd|bored_2nd",10.6833333333333,-0.0887003313968537,NA,"Sex_clip_1st",1,1,NA,1,1,NA,0,1,NA,0,1,1,1,1,NA,1,NA,NA,NA,1,NA,NA,0,1,NA,0,NA,NA,NA,NA,NA,1,1,NA,NA,1,0.789473684210526,NA,NA,NA,NA,NA,NA,NA,NA,NA,NA,NA,NA,NA,NA,NA,NA,NA,3,5,16,19,10,11,6,4,7,13,18,12,15,14,8,1,9,17,2,"SamTaylor","WallE","Sex_clip_1st",5,1,4,6,6,1,4,4,4,-0.322767682965304,-0.605644705859313,0.0205745757863738
"6234b3775193f8e94ee8c626","males","","Sex_clip","100",729,"Yes","20","","","","","","","","","","","","","","","","","","","","","","","","","","","","","","","","","","","7.369","playful","12.713","upset","10.708","insisting","10.679","worried","17.371","friendly","12.339","relieved","8.296","bored","10.715","regretful","10.71","indifferent","7.528","anticipating","11.702","irritated","8.12","thoughtful","7.751","friendly","16.443","curious","7.569","pensive","11.86","hostile","10.206","serious","15.634","concerned","6.375","suspicious",6,3,6,1,3,1,2,5,7,"","yes",50,"Male","Heterosexual or straight","","No","First video was very unexpected",", RMTE33, RMTE14, RMTE11, RMTE26, RMTE4, RMTE16, RMTE23, RMTE20, RMTE7, RMTE1, RMTE32, RMTE36, RMTE10, RMTE12, RMTE8, RMTE5, RMTE2, RMTE13, RMTE24","FL_125","","RMTE33_males|RMTE14_males|RMTE11_males|RMTE26_males|RMTE4_males|RMTE16_males|RMTE23_males|RMTE20_males|RMTE7_males|RMTE1_males","","FL_185|FL_189|FL_165|FL_169|FL_163|FL_159|FL_155|FL_171|FL_181","vidInstructionSex|SamTaylor","vidInstructionNeut|ModernFamily","|bored_1st|sadness_1st|sex_arousal_1st|happy_1st","|bored_2nd|sex_arosal_2nd|sadness_2nd|happy_2nd",12.15,0.198385433044653,NA,"Sex_clip_1st",1,1,NA,1,1,NA,0,0,NA,0,1,0,1,0,NA,1,NA,NA,NA,1,NA,NA,0,1,NA,1,NA,NA,NA,NA,NA,1,1,NA,NA,1,0.684210526315789,NA,NA,NA,NA,NA,NA,NA,NA,NA,NA,NA,NA,NA,NA,NA,NA,NA,10,17,5,16,9,15,13,3,14,18,2,6,8,7,19,4,11,1,12,"SamTaylor","ModernFamily","Sex_clip_1st",3,1,6,2,1,5,3,7,2,-1.2197220861531,-0.605644705859313,-0.83706037278247
"626a4c6b8d3ce0d9edcbfeab","males","","Sex_clip","100",493,"Yes","20","","","","","","","","","","","","","","","","","","","","","","","","","","","","","","","","","","","4.202","playful","5.933","upset","4.784","insisting","4.847","worried","4.391","uneasy","5.586","despondent","6.501","bored","9.628","regretful","3.973","sceptical","7.58","anticipating","4.088","accusing","3.418","thoughtful","5.595","friendly","5.091","defiant","7.997","pensive","4.429","hostile","6.39","serious","3.865","fantasizing","5.4","suspicious",7,3,3,5,7,4,5,3,4,"","YES",29,"Male","Heterosexual or straight","","No","",", RMTE11, RMTE32, RMTE10, RMTE7, RMTE5, RMTE26, RMTE14, RMTE33, RMTE23, RMTE12, RMTE1, RMTE4, RMTE13, RMTE2, RMTE16, RMTE8, RMTE20, RMTE24, RMTE36","FL_125","","RMTE11_males|RMTE32_males|RMTE10_males|RMTE7_males|RMTE5_males|RMTE26_males|RMTE14_males|RMTE33_males|RMTE23_males|RMTE12_males","","FL_153|FL_157|FL_171|FL_155|FL_175|FL_163|FL_177|FL_181|FL_189","vidInstructionSex|FloorSex","vidInstructionNeut|ModernFamily","|sex_arousal_1st|sadness_1st|happy_1st|bored_1st","|sadness_2nd|bored_2nd|sex_arosal_2nd|happy_2nd",8.21666666666667,-0.571526389775752,NA,"Sex_clip_1st",1,1,NA,1,1,NA,1,1,NA,0,1,1,1,1,NA,1,NA,NA,NA,1,NA,NA,1,1,NA,1,NA,NA,NA,NA,NA,1,0,NA,NA,1,0.894736842105263,NA,NA,NA,NA,NA,NA,NA,NA,NA,NA,NA,NA,NA,NA,NA,NA,NA,11,14,12,5,4,16,3,1,10,13,7,15,17,9,18,6,2,8,19,"FloorSex","ModernFamily","Sex_clip_1st",3,4,3,5,5,3,7,4,-1,-1.2197220861531,1.76115105256458,-2.12351279563574
