"ProlificID","condBetween","duration.seconds","Consent","ConsentNeutral","Catch","emotions_before_sex_arousal","emotions_before_happy","emotions_before_sad","emotions_before_bored","emotions_before_tired","emotions_before_hunger","emotions_before_alert","emotions_before_angry","emotions_before_enthusiastic","emotions_before_interest","emotions_before_DO","RT_RMTE3_Page.Submit","RMTE3","RT_RMTE6_Page.Submit","RMTE6","RT_RMTE9_Page.Submit","RMTE9","RT_RMTE15_Page.Submit","RMTE15","RT_RMTE17_Page.Submit","RMTE17","RT_RMTE18_Page.Submit","RMTE18","RT_RMTE19_Page.Submit","RMTE19","RT_RMTE21_Page.Submit","RMTE21","RT_RMTE22_Page.Submit","RMTE22","RT_RMTE25_Page.Submit","RMTE25","RT_RMTE27_Page.Submit","RMTE27","RT_RMTE28_Page.Submit","RMTE28","RT_RMTE29_Page.Submit","RMTE29","RT_RMTE30_Page.Submit","RMTE30","RT_RMTE31_Page.Submit","RMTE31","RT_RMTE34_Page.Submit","RMTE34","RT_RMTE35_Page.Submit","RMTE35","emotions_after_sex_arousal","emotions_after_happy","emotions_after_sad","emotions_after_bored","emotions_after_tired","emotions_after_hunger","emotions_after_alert","emotions_after_angry","emotions_after_enthusiastic","emotions_after_interest","emotions_after_DO","attentionCheck_blank","attentionCheck_yes","Age","Gender","sexual_orientation","sexual_orientation_sad_TEXT","Comments","item_order","FL_sex_arousal21_DO","clipSex","clipNeutral","FL_alert6_DO","FL_sex_arousal15_DO","FL_happy51_DO","FL_happy95_DO","Emotions.before_DO","Emotions.after_DO","duration.minutes","duration_z","RMTE3_crct","RMTE6_crct","RMTE9_crct","RMTE15_crct","RMTE17_crct","RMTE18_crct","RMTE19_crct","RMTE21_crct","RMTE22_crct","RMTE25_crct","RMTE27_crct","RMTE28_crct","RMTE29_crct","RMTE30_crct","RMTE31_crct","RMTE34_crct","RMTE35_crct","RMET_mean_all","RMTE3_trial","RMTE6_trial","RMTE9_trial","RMTE15_trial","RMTE17_trial","RMTE18_trial","RMTE19_trial","RMTE21_trial","RMTE22_trial","RMTE25_trial","RMTE27_trial","RMTE28_trial","RMTE29_trial","RMTE30_trial","RMTE31_trial","RMTE34_trial","RMTE35_trial","clip_name","sex_arousal_diff","happy_diff","sad_diff","bored_diff","tired_diff","hunger_diff","alert_diff","angry_diff","enthusiastic_diff","interest_diff","sex_arousal_diff_Z_group","sex_arousal_diff_c"
"55bbcd94fdf99b3c998d5b57","Sexual",303,"Yes","","20",2,6,1,2,2,1,8,1,8,9,"Hungry|Sexually aroused|Tired|Alert|Bored|Sad|Interested|Enthusiastic|Angry|Happy","4.652","desire","5.268","impatient","4.326","preoccupied","3.178","contemplative","7.074","doubtful","5.205","decisive","9.083","sarcastic","5.112","fantasizing","5.44","preoccupied","6.626","interested","4.592","cautious","5.514","interested","2.343","reflective","2.754","flirtatious","4.804","confident","6.842","aghast","6.397","nervous",5,5,1,1,2,1,7,1,7,8,"Alert|Happy|Tired|Interested|Enthusiastic|Sad|Angry|Sexually aroused|Hungry|Bored","","Yes",36,"Male","Heterosexual or straight","","",", RMTE25, RMTE22, RMTE28, RMTE35, RMTE34, RMTE17, RMTE15, RMTE30, RMTE19, RMTE27, RMTE31, RMTE18, RMTE3, RMTE29, RMTE21, RMTE6, RMTE9","FL_124","SamTaylor_1st","","RMTE25-female|RMTE22-female|RMTE28-female|RMTE35-female","FL_98|FL_109|FL_110|FL_100","FL_264|FL_272|FL_280|FL_262","FL_296|FL_320|FL_310|FL_298|FL_300","emotions_inst_before|emotions_before","emotions_inst_after|emotions_after",5.05,-0.870303575991098,1,0,1,1,1,1,0,1,1,1,1,1,1,1,1,0,1,0.823529411764706,13,16,17,7,6,12,9,15,2,1,10,3,14,8,11,5,4,"SamTaylor",3,-1,0,-1,0,0,-1,0,-1,-1,0.220459674530475,0.505263157894737
"56da175a610fc0000cb65827","Sexual",559,"Yes","","20",1,6,1,3,8,7,7,4,6,7,"Sexually aroused|Sad|Bored|Interested|Hungry|Tired|Angry|Enthusiastic|Alert|Happy","75.549","desire","10.492","alarmed","24.663","hostile","4.862","contemplative","9.478","aghast","8.867","decisive","6.191","tentative","3.424","fantasizing","6.982","preoccupied","7.702","interested","5.878","cautious","8.563","contented","5.059","reflective","12.533","hostile","13.544","confident","7.009","distrustful","8.969","nervous",7,6,4,3,5,3,7,4,6,4,"Bored|Tired|Enthusiastic|Sexually aroused|Angry|Interested|Hungry|Alert|Happy|Sad","","yes",41,"Male","Heterosexual or straight","","",", RMTE31, RMTE18, RMTE17, RMTE25, RMTE3, RMTE22, RMTE34, RMTE29, RMTE30, RMTE27, RMTE9, RMTE6, RMTE15, RMTE19, RMTE21, RMTE28, RMTE35","FL_124","SamTaylor_1st","","RMTE31-female|RMTE18-female|RMTE17-female|RMTE25-female","FL_95|FL_105|FL_98|FL_101","FL_278|FL_272|FL_256|FL_254","FL_302|FL_308|FL_310|FL_318|FL_328","emotions_inst_before|emotions_before","emotions_inst_after|emotions_after",9.31666666666667,0.0295327723074389,1,0,0,1,0,1,1,1,1,1,1,0,1,0,1,1,1,0.705882352941177,5,12,11,13,3,2,14,15,6,4,10,16,8,9,1,7,17,"SamTaylor",6,0,3,0,-3,-4,0,0,0,-3,1.52943899205517,3.50526315789474
"571f8f1c936f5f0011c62cda","Sexual",432,"Yes","","20",7,2,5,5,6,8,5,6,2,4,"Sad|Bored|Sexually aroused|Happy|Enthusiastic|Angry|Alert|Tired|Interested|Hungry","4.562","desire","4.333","impatient","2.674","hostile","5.569","contemplative","2.627","playful","4.217","aghast","4.656","sarcastic","3.739","fantasizing","4.375","imploring","2.069","interested","2.955","reassuring","1.87","affectionate","2.016","impatient","2.358","flirtatious","3.417","confident","3.174","baffled","4.194","insisting",7,3,6,5,6,7,5,5,4,6,"Bored|Sexually aroused|Tired|Alert|Sad|Happy|Hungry|Interested|Enthusiastic|Angry","","yes",46,"Male","Heterosexual or straight","","",", RMTE15, RMTE35, RMTE19, RMTE21, RMTE6, RMTE9, RMTE25, RMTE22, RMTE18, RMTE3, RMTE30, RMTE17, RMTE29, RMTE31, RMTE28, RMTE27, RMTE34","FL_124","FloorSex_1st","","RMTE15-female|RMTE35-female|RMTE19-female|RMTE21-female","FL_112|FL_111|FL_104|FL_105","FL_262|FL_252|FL_278|FL_260","FL_320|FL_324|FL_318|FL_316|FL_326","emotions_inst_before|emotions_before","emotions_inst_after|emotions_after",7.2,-0.416870416106288,1,0,0,1,0,0,0,1,0,1,0,0,0,1,1,0,0,0.352941176470588,10,5,6,1,12,9,3,4,8,7,16,15,13,11,14,17,2,"FloorSex",0,1,1,0,0,-1,0,-1,2,2,-1.08851964299422,-2.49473684210526
"573a34f614f69e000d7d670f","Neutral",512,"","Yes","20",1,5,1,2,3,3,3,1,4,5,"Tired|Enthusiastic|Happy|Interested|Sexually aroused|Bored|Alert|Hungry|Angry|Sad","7.885","convinced","7.846","fantasizing","7.802","preoccupied","16.276","encouraging","6.204","doubtful","7.486","decisive","11.183","tentative","6.887","fantasizing","6.646","preoccupied","7.065","interested","4.807","cautious","13.102","interested","8.197","irritated","9.407","flirtatious","5.05","confident","15.304","baffled","6.154","nervous",2,5,2,2,2,2,8,1,4,7,"Alert|Bored|Happy|Interested|Sad|Hungry|Tired|Angry|Enthusiastic|Sexually aroused","","yes",42,"Male","Heterosexual or straight","","",", RMTE15, RMTE19, RMTE34, RMTE29, RMTE30, RMTE18, RMTE17, RMTE27, RMTE6, RMTE22, RMTE9, RMTE31, RMTE28, RMTE21, RMTE35, RMTE3, RMTE25","FL_125","","MadMen_1st","RMTE15-female|RMTE19-female|RMTE34-female|RMTE29-female","FL_100|FL_108|FL_109|FL_103","FL_254|FL_268|FL_256|FL_280","FL_318|FL_310|FL_328|FL_296|FL_314","emotions_inst_before|emotions_before","emotions_inst_after|emotions_after",8.53333333333333,-0.135671557262996,0,1,1,0,1,1,1,1,1,1,1,1,0,1,1,0,1,0.764705882352941,16,9,11,1,7,6,2,14,10,17,8,13,4,5,12,3,15,"MadMen",1,0,1,0,-1,-1,5,0,0,2,0.601587443242042,0.736842105263158
"575eac46862b0f0006cd7dee","Sexual",334,"Yes","","20",1,7,1,1,5,1,7,1,8,8,"Sexually aroused|Alert|Happy|Tired|Bored|Hungry|Enthusiastic|Sad|Interested|Angry","3.628","desire","10.149","fantasizing","3.014","preoccupied","3.825","contemplative","7.563","doubtful","6.865","amused","4.572","tentative","4.321","fantasizing","3.502","preoccupied","3.261","interested","5.996","cautious","7.252","affectionate","3.266","reflective","2.302","flirtatious","3.881","confident","6.125","baffled","6.021","nervous",1,6,1,1,7,1,7,1,8,7,"Angry|Sad|Sexually aroused|Hungry|Interested|Enthusiastic|Happy|Bored|Alert|Tired","","yes",44,"Male","Heterosexual or straight","","",", RMTE17, RMTE18, RMTE21, RMTE6, RMTE9, RMTE29, RMTE34, RMTE22, RMTE15, RMTE25, RMTE28, RMTE19, RMTE27, RMTE31, RMTE35, RMTE30, RMTE3","FL_124","FloorSex_1st","","RMTE17-female|RMTE18-female|RMTE21-female|RMTE6-female","FL_111|FL_101|FL_98|FL_105","FL_258|FL_270|FL_274|FL_264","FL_316|FL_324|FL_328|FL_322|FL_296","emotions_inst_before|emotions_before","emotions_inst_after|emotions_after",5.56666666666667,-0.761339018189322,1,1,1,1,1,0,1,1,1,1,1,0,1,1,1,0,1,0.823529411764706,17,4,5,9,1,2,12,3,8,10,13,11,6,16,14,7,15,"FloorSex",0,-1,0,0,2,0,0,0,0,-1,-1.08851964299422,-2.49473684210526
"586d6b28de1cea0001f7a125","Sexual",822,"Yes","","20",1,7,1,1,1,1,9,1,9,9,"Sexually aroused|Happy|Angry|Alert|Sad|Hungry|Enthusiastic|Interested|Bored|Tired","16.971","desire","12.403","impatient","6.164","preoccupied","6.686","contemplative","9","doubtful","5.601","decisive","13.671","tentative","8.459","fantasizing","8.991","preoccupied","20.018","incredulous","14.357","cautious","16.857","interested","4.561","reflective","8.54","flirtatious","8.324","confident","20.911","distrustful","18.571","nervous",9,8,1,1,1,1,9,1,9,9,"Angry|Happy|Alert|Enthusiastic|Hungry|Sad|Interested|Sexually aroused|Bored|Tired","","yes",44,"Male","Heterosexual or straight","","",", RMTE28, RMTE22, RMTE19, RMTE35, RMTE34, RMTE17, RMTE25, RMTE18, RMTE15, RMTE9, RMTE27, RMTE21, RMTE31, RMTE30, RMTE3, RMTE29, RMTE6","FL_124","FloorSex_1st","","RMTE28-female|RMTE22-female|RMTE19-female|RMTE35-female","FL_98|FL_109|FL_104|FL_108","FL_258|FL_256|FL_272|FL_266","FL_324|FL_322|FL_296|FL_320|FL_298","emotions_inst_before|emotions_before","emotions_inst_after|emotions_after",13.7,0.953974020754764,1,0,1,1,1,1,1,1,1,0,1,1,1,1,1,1,1,0.882352941176471,15,17,10,9,6,8,3,12,2,7,11,1,16,14,13,5,4,"FloorSex",8,1,0,0,0,0,0,0,0,0,2.40209187040497,5.50526315789474
"586fabdf2bd3c900018599a9","Neutral",622,"","Yes","20",1,5,3,5,5,2,7,1,5,7,"Interested|Sexually aroused|Tired|Sad|Angry|Hungry|Happy|Bored|Enthusiastic|Alert","8.935","convinced","24.264","impatient","7.701","preoccupied","5.056","contemplative","38.299","doubtful","17.583","decisive","8.845","tentative","61.785","embarrassed","7.419","preoccupied","12.565","panicked","8.054","reassuring","24.054","interested","9.545","reflective","6.616","flirtatious","25.79","confident","12.985","baffled","4.231","nervous",1,5,2,5,5,2,7,1,5,5,"Hungry|Tired|Sexually aroused|Enthusiastic|Happy|Angry|Interested|Sad|Alert|Bored","","yes",48,"Male","Heterosexual or straight","","",", RMTE6, RMTE19, RMTE27, RMTE9, RMTE28, RMTE21, RMTE15, RMTE30, RMTE31, RMTE25, RMTE17, RMTE3, RMTE22, RMTE34, RMTE18, RMTE29, RMTE35","FL_125","","MadMen_1st","RMTE6-female|RMTE19-female|RMTE27-female|RMTE9-female","FL_102|FL_106|FL_110|FL_100","FL_280|FL_270|FL_260|FL_252","FL_312|FL_326|FL_306|FL_320|FL_328","emotions_inst_before|emotions_before","emotions_inst_after|emotions_after",10.3666666666667,0.250976873646532,0,0,1,1,1,1,1,0,1,0,0,1,1,1,1,0,1,0.647058823529412,12,1,4,7,11,15,2,6,13,10,3,5,16,8,9,14,17,"MadMen",0,0,-1,0,0,0,0,0,0,-2,-0.339605814733411,-0.263157894736842
"58a465bc9b4be40001fdd51a","Neutral",430,"","Yes","20",2,5,5,6,8,3,3,3,4,5,"Bored|Tired|Alert|Hungry|Sad|Happy|Angry|Sexually aroused|Enthusiastic|Interested","8.704","desire","13.186","impatient","15.043","preoccupied","10.026","contemplative","3.892","doubtful","4.036","decisive","8.287","tentative","16.984","fantasizing","9.881","preoccupied","7.962","interested","5.708","cautious","7.029","interested","9.346","reflective","5.89","flirtatious","6.098","joking","8.684","distrustful","9.987","puzzled",2,3,3,3,7,3,7,1,3,5,"Tired|Enthusiastic|Interested|Happy|Sad|Hungry|Sexually aroused|Alert|Bored|Angry","","yes",42,"Male","Heterosexual or straight","","",", RMTE3, RMTE21, RMTE22, RMTE29, RMTE9, RMTE31, RMTE34, RMTE19, RMTE25, RMTE17, RMTE15, RMTE35, RMTE30, RMTE27, RMTE18, RMTE6, RMTE28","FL_125","","MadMen_1st","RMTE3-female|RMTE21-female|RMTE22-female|RMTE29-female","FL_111|FL_99|FL_98|FL_107","FL_270|FL_260|FL_258|FL_284","FL_322|FL_316|FL_306|FL_298|FL_318","emotions_inst_before|emotions_before","emotions_inst_after|emotions_after",7.16666666666667,-0.423900387577371,1,0,1,1,1,1,1,1,1,1,1,1,1,1,0,1,0,0.823529411764706,1,16,5,11,10,15,8,2,3,9,14,17,4,13,6,7,12,"MadMen",0,-2,-2,-3,-1,0,4,-2,-1,0,-0.339605814733411,-0.263157894736842
"593c525e3d26370001892b4b","Sexual",818,"Yes","","20",1,3,1,2,3,3,3,1,3,5,"Angry|Tired|Happy|Hungry|Enthusiastic|Sexually aroused|Alert|Interested|Sad|Bored","11.562","desire","22.521","fantasizing","19.456","preoccupied","14.797","contemplative","12.592","doubtful","10.659","amused","27.25","sarcastic","14.9","fantasizing","13.65","preoccupied","16.769","interested","11.284","cautious","11.778","interested","18.244","reflective","7.445","flirtatious","9.088","confident","37.006","aghast","20.786","contemplative",1,3,1,2,2,2,2,1,1,4,"Enthusiastic|Bored|Sexually aroused|Tired|Alert|Happy|Angry|Hungry|Interested|Sad","","yes",36,"Male","Heterosexual or straight","","",", RMTE9, RMTE21, RMTE30, RMTE17, RMTE6, RMTE29, RMTE19, RMTE3, RMTE27, RMTE22, RMTE18, RMTE35, RMTE15, RMTE34, RMTE25, RMTE31, RMTE28","FL_124","BedroomOral_1st","","RMTE9-female|RMTE21-female|RMTE30-female|RMTE17-female","FL_112|FL_101|FL_107|FL_95","FL_272|FL_268|FL_262|FL_284","FL_302|FL_326|FL_314|FL_324|FL_318","emotions_inst_before|emotions_before","emotions_inst_after|emotions_after",13.6333333333333,0.939914077812599,1,1,1,1,1,0,0,1,1,1,1,1,1,1,1,0,0,0.764705882352941,8,5,1,13,4,11,7,2,10,15,9,17,6,3,16,14,12,"BedroomOral",0,0,0,0,-1,-1,-1,0,-2,-1,-1.08851964299422,-2.49473684210526
"596cb7a35ad3920001cae434","Sexual",406,"Yes","","20",2,2,4,4,2,4,3,1,2,3,"Angry|Bored|Alert|Sad|Enthusiastic|Happy|Interested|Sexually aroused|Tired|Hungry","7.118","desire","6.865","impatient","6.952","preoccupied","4.365","contemplative","6.619","doubtful","6.675","decisive","6.101","tentative","5.101","fantasizing","4.962","preoccupied","5.385","interested","7.378","cautious","7.666","interested","8.901","impatient","7.224","flirtatious","5.324","confident","6.285","distrustful","5.613","nervous",6,2,3,3,2,4,2,1,2,3,"Interested|Hungry|Happy|Alert|Tired|Sad|Angry|Enthusiastic|Bored|Sexually aroused","","yes",23,"Male","Heterosexual or straight","","",", RMTE27, RMTE35, RMTE29, RMTE30, RMTE17, RMTE31, RMTE22, RMTE3, RMTE21, RMTE9, RMTE28, RMTE25, RMTE19, RMTE34, RMTE6, RMTE18, RMTE15","FL_124","BedroomOral_1st","","RMTE27-female|RMTE35-female|RMTE29-female|RMTE30-female","FL_109|FL_99|FL_105|FL_95","FL_266|FL_256|FL_274|FL_270","FL_308|FL_326|FL_298|FL_306|FL_302","emotions_inst_before|emotions_before","emotions_inst_after|emotions_after",6.76666666666667,-0.508260045230358,1,0,1,1,1,1,1,1,1,1,1,1,0,1,1,1,1,0.882352941176471,8,15,10,17,5,16,13,9,7,12,1,11,3,4,6,14,2,"BedroomOral",4,0,-1,-1,0,0,-1,0,0,0,0.656786113705373,1.50526315789474
"5980fff19bf4fe0001070984","Neutral",1174,"","Yes","20",1,1,7,5,7,2,4,5,1,2,"Interested|Sexually aroused|Happy|Alert|Hungry|Enthusiastic|Sad|Bored|Tired|Angry","10.049","flustered","6.589","fantasizing","8.987","preoccupied","5.162","amused","6.175","doubtful","9.754","aghast","8.406","tentative","7.837","fantasizing","6.288","preoccupied","4.304","panicked","9.052","cautious","12.796","interested","13.737","reflective","11.7","disappointed","13.648","ashamed","6.152","terrified","5.947","nervous",1,1,8,3,5,1,3,2,1,1,"Interested|Angry|Sexually aroused|Bored|Hungry|Happy|Enthusiastic|Tired|Alert|Sad","","yes",44,"Male","Heterosexual or straight","","",", RMTE27, RMTE30, RMTE6, RMTE21, RMTE19, RMTE31, RMTE22, RMTE35, RMTE3, RMTE18, RMTE17, RMTE15, RMTE34, RMTE9, RMTE28, RMTE25, RMTE29","FL_125","","WallE_1st","RMTE27-female|RMTE30-female|RMTE6-female|RMTE21-female","FL_107|FL_99|FL_105|FL_97","FL_252|FL_262|FL_260|FL_258","FL_326|FL_300|FL_318|FL_314|FL_320","emotions_inst_before|emotions_before","emotions_inst_after|emotions_after",19.5666666666667,2.19124899966525,0,1,1,0,1,0,1,1,1,0,1,1,1,0,0,0,1,0.588235294117647,9,3,14,12,11,10,5,4,7,16,1,15,17,2,6,13,8,"WallE",0,0,1,-2,-2,-1,-1,-3,0,-1,-0.339605814733411,-0.263157894736842
"598971de71fb500001aaa40c","Neutral",515,"","Yes","20",2,7,1,1,2,2,8,1,7,8,"Enthusiastic|Sexually aroused|Angry|Tired|Sad|Bored|Alert|Happy|Hungry|Interested","9.96","desire","5.807","fantasizing","6.102","preoccupied","9.881","contemplative","7.997","doubtful","5.392","decisive","10.577","arrogant","4.606","fantasizing","10.304","preoccupied","4.572","interested","7.238","cautious","6.107","interested","24.503","reflective","4.499","flirtatious","8.381","confident","19.705","baffled","7.349","insisting",3,8,1,1,1,2,8,1,8,8,"Bored|Sad|Interested|Alert|Enthusiastic|Hungry|Sexually aroused|Tired|Happy|Angry","","yes",31,"Male","Heterosexual or straight","","",", RMTE34, RMTE17, RMTE15, RMTE22, RMTE35, RMTE27, RMTE6, RMTE19, RMTE29, RMTE30, RMTE21, RMTE3, RMTE28, RMTE25, RMTE9, RMTE18, RMTE31","FL_125","","CocktailDate_1st","RMTE34-female|RMTE17-female|RMTE15-female|RMTE22-female","FL_97|FL_103|FL_112|FL_107","FL_276|FL_278|FL_266|FL_252","FL_318|FL_314|FL_300|FL_306|FL_324","emotions_inst_before|emotions_before","emotions_inst_after|emotions_after",8.58333333333333,-0.125126600056372,1,1,1,1,1,1,0,1,1,1,1,1,1,1,1,0,0,0.823529411764706,12,7,15,3,2,16,8,11,4,14,6,13,9,10,17,1,5,"CocktailDate",1,1,0,0,-1,0,0,0,1,0,0.601587443242042,0.736842105263158
"59b69d4fb269ef0001801733","Sexual",570,"Yes","","20",1,2,5,3,6,5,4,1,5,7,"Enthusiastic|Angry|Tired|Sad|Alert|Interested|Happy|Sexually aroused|Bored|Hungry","3.811","desire","5.752","impatient","6.48","preoccupied","4.424","contemplative","5.485","doubtful","9.243","decisive","7.887","grateful","5.866","fantasizing","5.719","preoccupied","6.434","incredulous","6.121","cautious","6.518","interested","3.171","reflective","4.152","flirtatious","8.001","confident","6.369","distrustful","5.708","puzzled",6,4,3,1,6,7,7,1,7,8,"Bored|Alert|Interested|Sad|Angry|Hungry|Tired|Happy|Enthusiastic|Sexually aroused","","Yes",36,"Male","Heterosexual or straight","","",", RMTE30, RMTE9, RMTE18, RMTE19, RMTE17, RMTE28, RMTE34, RMTE35, RMTE15, RMTE31, RMTE22, RMTE21, RMTE27, RMTE25, RMTE29, RMTE3, RMTE6","FL_124","BedroomOral_1st","","RMTE30-female|RMTE9-female|RMTE18-female|RMTE19-female","FL_109|FL_102|FL_98|FL_97","FL_258|FL_280|FL_268|FL_266","FL_316|FL_314|FL_320|FL_296|FL_298","emotions_inst_before|emotions_before","emotions_inst_after|emotions_after",9.5,0.0681976153983916,1,0,1,1,1,1,0,1,1,0,1,1,1,1,1,1,0,0.764705882352941,16,17,2,9,5,3,4,12,11,14,13,6,15,1,10,7,8,"BedroomOral",5,2,-2,-2,0,2,3,0,2,1,1.09311255288027,2.50526315789474
"5a30078e1f4fab00014991ba","Sexual",459,"Yes","","20",1,3,3,5,1,1,7,2,2,3,"Tired|Hungry|Sexually aroused|Angry|Alert|Bored|Sad|Enthusiastic|Interested|Happy","3.552","desire","3.518","fantasizing","4.138","preoccupied","2.749","contemplative","11.253","affectionate","8.846","decisive","3.812","tentative","5.246","fantasizing","2.648","preoccupied","3.882","interested","5.084","cautious","4.801","affectionate","53.3","reflective","2.497","flirtatious","6.231","confident","6.086","distrustful","10.905","nervous",4,3,4,1,3,2,4,3,3,4,"Tired|Sad|Happy|Hungry|Angry|Enthusiastic|Alert|Bored|Sexually aroused|Interested","","yes",23,"Male","Heterosexual or straight","","",", RMTE17, RMTE25, RMTE31, RMTE21, RMTE18, RMTE29, RMTE35, RMTE30, RMTE9, RMTE6, RMTE22, RMTE27, RMTE34, RMTE28, RMTE19, RMTE15, RMTE3","FL_124","SamTaylor_1st","","RMTE17-female|RMTE25-female|RMTE31-female|RMTE21-female","FL_108|FL_101|FL_97|FL_100","FL_256|FL_254|FL_268|FL_272","FL_326|FL_318|FL_308|FL_302|FL_296","emotions_inst_before|emotions_before","emotions_inst_after|emotions_after",7.65,-0.321965801246677,1,1,1,1,0,1,1,1,1,1,1,0,1,1,1,1,1,0.882352941176471,17,10,9,16,1,5,15,4,11,2,12,14,6,8,3,13,7,"SamTaylor",3,0,1,-4,2,1,-3,1,1,1,0.220459674530475,0.505263157894737
"5a4d194c87c6f8000137d680","Sexual",437,"Yes","","20",3,7,1,5,6,5,6,1,5,6,"Angry|Sexually aroused|Hungry|Bored|Enthusiastic|Interested|Alert|Happy|Tired|Sad","6.13","desire","6.797","fantasizing","22.842","preoccupied","10.546","contemplative","7.499","affectionate","6.807","bored","13.802","grateful","4.252","fantasizing","5.553","preoccupied","5.802","interested","10.974","cautious","4.891","interested","17.731","reflective","5.054","flirtatious","4.494","confident","6.402","distrustful","13.617","insisting",7,7,1,2,3,3,7,1,5,7,"Bored|Sexually aroused|Interested|Enthusiastic|Hungry|Happy|Sad|Tired|Alert|Angry","","yes",47,"Male","Heterosexual or straight","","",", RMTE17, RMTE15, RMTE35, RMTE30, RMTE6, RMTE27, RMTE9, RMTE25, RMTE19, RMTE22, RMTE28, RMTE29, RMTE34, RMTE21, RMTE3, RMTE31, RMTE18","FL_124","SamTaylor_1st","","RMTE17-female|RMTE15-female|RMTE35-female|RMTE30-female","FL_112|FL_103|FL_111|FL_104","FL_264|FL_268|FL_274|FL_276","FL_326|FL_310|FL_296|FL_324|FL_306","emotions_inst_before|emotions_before","emotions_inst_after|emotions_after",7.28333333333333,-0.399295487428582,1,1,1,1,0,0,0,1,1,1,1,1,1,1,1,1,0,0.764705882352941,15,5,7,2,1,17,9,14,10,8,6,11,12,4,16,13,3,"SamTaylor",4,0,0,-3,-3,-2,1,0,0,1,0.656786113705373,1.50526315789474
"5a847fd2aa46dd00016ba03c","Sexual",468,"Yes","","20",1,5,2,4,2,3,7,1,6,6,"Bored|Happy|Alert|Angry|Sexually aroused|Tired|Interested|Hungry|Sad|Enthusiastic","4.021","desire","7.541","impatient","5.184","annoyed","8.478","encouraging","4.491","doubtful","8.599","decisive","3.901","tentative","6.34","fantasizing","4.053","imploring","37.644","incredulous","8.741","cautious","6.71","interested","4.364","reflective","4.654","flirtatious","7.93","confident","4.109","distrustful","3.851","contemplative",2,4,1,5,2,3,8,5,6,4,"Sad|Bored|Tired|Angry|Interested|Hungry|Happy|Enthusiastic|Alert|Sexually aroused","","yes",33,"Male","Heterosexual or straight","","",", RMTE15, RMTE9, RMTE6, RMTE35, RMTE21, RMTE30, RMTE29, RMTE28, RMTE18, RMTE31, RMTE19, RMTE3, RMTE27, RMTE17, RMTE22, RMTE34, RMTE25","FL_124","BedroomOral_1st","","RMTE15-female|RMTE9-female|RMTE6-female|RMTE35-female","FL_106|FL_100|FL_101|FL_102","FL_262|FL_280|FL_264|FL_252","FL_316|FL_304|FL_312|FL_326|FL_314","emotions_inst_before|emotions_before","emotions_inst_after|emotions_after",7.8,-0.290330929626807,1,0,0,0,1,1,1,1,0,0,1,1,1,1,1,1,0,0.647058823529412,12,3,2,1,14,9,11,5,15,17,13,8,7,6,10,16,4,"BedroomOral",1,-1,-1,1,0,0,1,4,0,-2,-0.652193203819322,-1.49473684210526
"5aeb4aff51a97200012bb5e7","Neutral",1211,"","Yes","20",1,4,1,6,5,2,5,1,3,4,"Bored|Sad|Sexually aroused|Hungry|Enthusiastic|Tired|Happy|Angry|Alert|Interested","4.217","desire","7.377","alarmed","2.598","annoyed","9.316","contemplative","5.329","doubtful","5.571","decisive","7.755","tentative","3.778","fantasizing","3.234","insisting","4.362","despondent","5.833","cautious","6.725","affectionate","5.737","irritated","6.8","flirtatious","3.496","confident","4.307","distrustful","3.783","puzzled",1,3,1,3,4,2,4,1,4,6,"Hungry|Angry|Bored|Happy|Interested|Enthusiastic|Alert|Sad|Sexually aroused|Tired","","yes",33,"Male","Heterosexual or straight","","",", RMTE15, RMTE34, RMTE3, RMTE29, RMTE19, RMTE28, RMTE31, RMTE27, RMTE35, RMTE17, RMTE21, RMTE6, RMTE9, RMTE30, RMTE22, RMTE18, RMTE25","FL_125","","CocktailDate_1st","RMTE15-female|RMTE34-female|RMTE3-female|RMTE29-female","FL_107|FL_102|FL_99|FL_103","FL_284|FL_260|FL_266|FL_254","FL_300|FL_322|FL_312|FL_306|FL_314","emotions_inst_before|emotions_before","emotions_inst_after|emotions_after",20.1833333333333,2.32130347188027,1,0,0,1,1,1,1,1,0,0,1,0,0,1,1,1,0,0.588235294117647,3,12,13,1,10,16,5,11,15,17,8,6,4,14,7,2,9,"CocktailDate",0,-1,0,-3,-1,0,-1,0,1,2,-0.339605814733411,-0.263157894736842
"5af59900892f4e000163b98a","Neutral",458,"","Yes","20",2,5,5,3,4,5,5,3,5,5,"Sad|Bored|Alert|Sexually aroused|Enthusiastic|Angry|Interested|Hungry|Happy|Tired","6.426","desire","4.258","fantasizing","4.774","preoccupied","9.142","contemplative","6.916","affectionate","11.176","decisive","4.24","tentative","5.989","fantasizing","5.527","preoccupied","5.648","interested","10.335","reassuring","6.603","interested","10.596","reflective","5.665","flirtatious","4.656","confident","10.271","distrustful","4.793","contemplative",2,4,4,3,2,4,4,2,4,4,"Tired|Hungry|Alert|Interested|Happy|Angry|Enthusiastic|Sexually aroused|Sad|Bored","","yes",50,"Male","Heterosexual or straight","","",", RMTE15, RMTE34, RMTE25, RMTE31, RMTE27, RMTE35, RMTE9, RMTE19, RMTE22, RMTE6, RMTE21, RMTE18, RMTE29, RMTE17, RMTE28, RMTE3, RMTE30","FL_125","","CocktailDate_1st","RMTE15-female|RMTE34-female|RMTE25-female|RMTE31-female","FL_103|FL_97|FL_111|FL_107","FL_268|FL_254|FL_266|FL_262","FL_320|FL_304|FL_318|FL_296|FL_322","emotions_inst_before|emotions_before","emotions_inst_after|emotions_after",7.63333333333333,-0.325480786982218,1,1,1,1,0,1,1,1,1,1,0,1,1,1,1,1,0,0.823529411764706,16,10,7,1,14,12,8,11,9,3,5,15,13,17,4,2,6,"CocktailDate",0,-1,-1,0,-2,-1,-1,-1,-1,-1,-0.339605814733411,-0.263157894736842
"5b2426bb8b566f0001ba4610","Sexual",1311,"Yes","","20",1,3,1,1,7,1,3,1,3,4,"Alert|Hungry|Bored|Sad|Sexually aroused|Angry|Interested|Tired|Happy|Enthusiastic","4.593","desire","33.838","fantasizing","2.688","preoccupied","3.778","amused","2.614","doubtful","5.184","decisive","2.733","arrogant","4.794","fantasizing","3.504","preoccupied","2.798","interested","4.741","cautious","5.141","contented","6.545","reflective","8.041","flirtatious","5.73","confident","5.565","aghast","4.022","contemplative",3,5,1,2,2,1,2,1,4,4,"Hungry|Enthusiastic|Sad|Interested|Tired|Happy|Bored|Alert|Sexually aroused|Angry","","yes",31,"Male","Heterosexual or straight","","",", RMTE28, RMTE31, RMTE21, RMTE35, RMTE6, RMTE34, RMTE19, RMTE17, RMTE30, RMTE18, RMTE3, RMTE22, RMTE27, RMTE25, RMTE29, RMTE9, RMTE15","FL_124","SamTaylor_1st","","RMTE28-female|RMTE31-female|RMTE21-female|RMTE35-female","FL_112|FL_98|FL_107|FL_109","FL_278|FL_262|FL_252|FL_268","FL_316|FL_314|FL_320|FL_300|FL_302","emotions_inst_before|emotions_before","emotions_inst_after|emotions_after",21.85,2.67280204543439,1,1,1,0,1,1,0,1,1,1,1,0,1,1,1,0,0,0.705882352941177,11,5,16,17,8,10,7,3,12,14,13,1,15,9,2,6,4,"SamTaylor",2,2,0,1,-5,0,-1,0,1,0,-0.215866764644423,-0.494736842105263
"5b24f4c734ffd00001b428ec","Neutral",428,"","Yes","20",2,7,2,2,7,2,8,1,6,7,"Sexually aroused|Interested|Alert|Angry|Enthusiastic|Sad|Bored|Happy|Hungry|Tired","12.337","desire","9.418","fantasizing","6.655","preoccupied","6.311","contemplative","5.863","doubtful","7.705","decisive","12.963","tentative","11.457","embarrassed","6.977","preoccupied","9.286","interested","4.26","cautious","6.98","contented","6.087","reflective","8.866","flirtatious","11.775","dispirited","8.031","distrustful","7.141","nervous",2,7,2,2,7,2,8,1,8,7,"Enthusiastic|Bored|Happy|Sexually aroused|Interested|Angry|Tired|Sad|Hungry|Alert","","yes",38,"Male","Heterosexual or straight","","",", RMTE31, RMTE3, RMTE30, RMTE21, RMTE35, RMTE28, RMTE15, RMTE9, RMTE34, RMTE18, RMTE19, RMTE25, RMTE22, RMTE29, RMTE17, RMTE27, RMTE6","FL_125","","WallE_1st","RMTE31-female|RMTE3-female|RMTE30-female|RMTE21-female","FL_97|FL_102|FL_110|FL_111","FL_282|FL_262|FL_264|FL_270","FL_312|FL_320|FL_304|FL_316|FL_298","emotions_inst_before|emotions_before","emotions_inst_after|emotions_after",7.13333333333333,-0.430930359048453,1,1,1,1,1,1,1,0,1,1,1,0,1,1,0,1,1,0.823529411764706,2,17,8,7,15,10,11,4,13,12,16,6,14,3,1,9,5,"WallE",0,0,0,0,0,0,0,0,2,0,-0.339605814733411,-0.263157894736842
"5b3747b0dd6af000014cd504","Sexual",479,"Yes","","20",6,7,5,4,7,6,5,2,5,8,"Enthusiastic|Angry|Hungry|Alert|Tired|Happy|Sexually aroused|Bored|Interested|Sad","5.955","desire","17.521","aghast","5.873","preoccupied","20.544","contemplative","21.202","doubtful","5.97","decisive","6.822","tentative","4.812","fantasizing","8.409","imploring","6.242","interested","5.244","cautious","7.605","interested","5.858","impatient","4.154","flirtatious","14.879","ashamed","4.102","distrustful","6.456","insisting",8,6,3,2,6,6,6,2,5,7,"Interested|Bored|Hungry|Tired|Sad|Angry|Enthusiastic|Happy|Sexually aroused|Alert","","Yes",38,"Male","Heterosexual or straight","","",", RMTE31, RMTE9, RMTE19, RMTE30, RMTE17, RMTE21, RMTE22, RMTE34, RMTE15, RMTE28, RMTE18, RMTE35, RMTE25, RMTE29, RMTE6, RMTE3, RMTE27","FL_124","BedroomOral_1st","","RMTE31-female|RMTE9-female|RMTE19-female|RMTE30-female","FL_109|FL_106|FL_105|FL_98","FL_258|FL_274|FL_262|FL_284","FL_314|FL_320|FL_298|FL_296|FL_316","emotions_inst_before|emotions_before","emotions_inst_after|emotions_after",7.98333333333333,-0.251666086535854,1,0,1,1,1,1,1,1,0,1,1,1,0,1,0,1,0,0.705882352941177,16,15,2,9,5,11,3,6,7,13,17,10,14,4,1,8,12,"BedroomOral",2,-1,-2,-2,-1,0,1,0,0,-1,-0.215866764644423,-0.494736842105263
"5b6de87e0f03cf00014330dc","Neutral",862,"","Yes","20",2,3,6,5,8,4,7,6,6,7,"Angry|Hungry|Sad|Interested|Happy|Enthusiastic|Tired|Sexually aroused|Alert|Bored","4.516","desire","5.68","fantasizing","4.314","annoyed","5.151","amused","2.656","affectionate","7.389","decisive","4.879","tentative","3.731","fantasizing","6.308","imploring","5.888","incredulous","5.855","joking","17.332","affectionate","4.449","reflective","5.995","flirtatious","4.725","joking","5.519","baffled","5.489","nervous",5,6,3,3,4,3,7,7,6,7,"Bored|Sexually aroused|Angry|Interested|Happy|Alert|Sad|Enthusiastic|Hungry|Tired","","yes",35,"Male","Heterosexual or straight","","",", RMTE22, RMTE19, RMTE6, RMTE27, RMTE9, RMTE34, RMTE29, RMTE17, RMTE18, RMTE35, RMTE15, RMTE3, RMTE31, RMTE25, RMTE30, RMTE21, RMTE28","FL_125","","CocktailDate_1st","RMTE22-female|RMTE19-female|RMTE6-female|RMTE27-female","FL_111|FL_98|FL_101|FL_109","FL_262|FL_284|FL_258|FL_252","FL_324|FL_314|FL_322|FL_310|FL_318","emotions_inst_before|emotions_before","emotions_inst_after|emotions_after",14.3666666666667,1.09457345017641,1,1,0,0,0,1,1,1,0,0,0,0,1,1,0,0,1,0.470588235294118,12,3,5,11,8,9,2,16,1,14,4,17,7,15,13,6,10,"CocktailDate",3,3,-3,-2,-4,-1,0,1,0,0,2.48397395919295,2.73684210526316
"5b7924d8338a93000154ad21","Neutral",514,"","Yes","20",1,7,1,3,2,5,8,1,8,7,"Bored|Hungry|Angry|Sad|Interested|Tired|Sexually aroused|Enthusiastic|Happy|Alert","8.208","joking","13.752","fantasizing","8.432","preoccupied","11.167","contemplative","11.046","doubtful","9.508","decisive","17.8","tentative","8.749","fantasizing","8.396","preoccupied","9.155","interested","10.804","cautious","8.344","interested","6.007","reflective","6.16","flirtatious","17.314","confident","14.38","baffled","7.985","nervous",3,7,1,1,1,2,8,1,8,8,"Sexually aroused|Interested|Sad|Angry|Alert|Tired|Enthusiastic|Bored|Happy|Hungry","","yes",34,"Male","Heterosexual or straight","","",", RMTE19, RMTE6, RMTE17, RMTE29, RMTE18, RMTE28, RMTE9, RMTE35, RMTE34, RMTE25, RMTE30, RMTE27, RMTE22, RMTE3, RMTE21, RMTE15, RMTE31","FL_125","","MadMen_1st","RMTE19-female|RMTE6-female|RMTE17-female|RMTE29-female","FL_108|FL_102|FL_111|FL_97","FL_282|FL_270|FL_278|FL_272","FL_312|FL_296|FL_310|FL_302|FL_324","emotions_inst_before|emotions_before","emotions_inst_after|emotions_after",8.56666666666667,-0.128641585791913,0,1,1,1,1,1,1,1,1,1,1,1,1,1,1,0,1,0.882352941176471,14,2,7,16,3,5,1,15,13,10,12,6,4,11,17,9,8,"MadMen",2,0,0,-2,-1,-3,0,0,0,1,1.54278070121749,1.73684210526316
"5b7ecfe47a63030001019c35","Neutral",435,"","Yes","20",2,7,1,2,2,2,7,1,7,7,"Enthusiastic|Happy|Interested|Hungry|Tired|Sexually aroused|Bored|Angry|Sad|Alert","7.483","convinced","8.802","impatient","7.648","preoccupied","6.057","contemplative","6.696","doubtful","7.702","amused","6.201","tentative","6.903","fantasizing","8.682","preoccupied","7.191","despondent","8.501","cautious","9.171","interested","4.799","reflective","8.009","grateful","8.604","confident","8.57","distrustful","6.826","nervous",1,7,1,1,3,2,7,1,6,7,"Alert|Happy|Tired|Sad|Angry|Interested|Sexually aroused|Bored|Enthusiastic|Hungry","","yes",38,"Male","Heterosexual or straight","","",", RMTE22, RMTE18, RMTE30, RMTE17, RMTE35, RMTE15, RMTE28, RMTE31, RMTE27, RMTE3, RMTE19, RMTE6, RMTE21, RMTE25, RMTE29, RMTE9, RMTE34","FL_125","","MadMen_1st","RMTE22-female|RMTE18-female|RMTE30-female|RMTE17-female","FL_97|FL_110|FL_102|FL_99","FL_272|FL_252|FL_264|FL_254","FL_310|FL_314|FL_320|FL_300|FL_326","emotions_inst_before|emotions_before","emotions_inst_after|emotions_after",7.25,-0.406325458899665,0,0,1,1,1,0,1,1,1,0,1,1,1,0,1,1,1,0.705882352941177,10,12,16,6,4,2,11,13,1,14,9,7,15,3,8,17,5,"MadMen",-1,0,0,-1,1,0,0,0,-1,0,-1.28079907270886,-1.26315789473684
"5b94d08a41cfe90001c6a249","Sexual",271,"Yes","","20",1,6,2,3,2,5,5,1,6,6,"Happy|Enthusiastic|Bored|Sexually aroused|Sad|Alert|Angry|Tired|Interested|Hungry","3.043","desire","8.788","alarmed","3.278","annoyed","3.469","flustered","3.327","doubtful","3.672","bored","4.865","tentative","3.884","fantasizing","6.156","imploring","6.175","interested","5.043","cautious","5.482","interested","6.352","impatient","15.069","disappointed","2.896","confident","6.667","baffled","6.148","puzzled",2,1,6,1,2,5,8,8,1,2,"Sexually aroused|Happy|Enthusiastic|Angry|Hungry|Sad|Alert|Tired|Bored|Interested","","yes",29,"Male","Heterosexual or straight","","",", RMTE25, RMTE19, RMTE29, RMTE22, RMTE30, RMTE9, RMTE6, RMTE27, RMTE28, RMTE21, RMTE34, RMTE35, RMTE18, RMTE15, RMTE17, RMTE31, RMTE3","FL_124","BedroomOral_1st","","RMTE25-female|RMTE19-female|RMTE29-female|RMTE22-female","FL_100|FL_111|FL_112|FL_103","FL_274|FL_266|FL_282|FL_284","FL_306|FL_302|FL_304|FL_324|FL_296","emotions_inst_before|emotions_before","emotions_inst_after|emotions_after",4.51666666666667,-0.982783119528415,1,0,0,0,1,0,1,1,0,1,1,1,0,0,1,0,0,0.470588235294118,17,7,6,14,15,13,2,10,4,1,8,9,3,5,16,11,12,"BedroomOral",1,-5,4,-2,0,0,3,7,-5,-4,-0.652193203819322,-1.49473684210526
"5b985404a15058000124e508","Sexual",403,"Yes","","20",3,5,3,4,2,4,8,2,5,6,"Angry|Hungry|Bored|Interested|Enthusiastic|Alert|Tired|Sad|Sexually aroused|Happy","5.35","desire","6.982","fantasizing","4.076","preoccupied","6.612","contemplative","7.875","doubtful","6.065","decisive","7.133","tentative","5.162","fantasizing","6.736","preoccupied","4.697","interested","7.18","cautious","5.23","interested","4.979","reflective","5.952","flirtatious","5.863","confident","9.617","distrustful","9.647","insisting",7,6,2,2,2,5,6,2,5,7,"Sexually aroused|Interested|Happy|Tired|Hungry|Angry|Sad|Bored|Enthusiastic|Alert","","yes",29,"Male","Heterosexual or straight","","",", RMTE34, RMTE17, RMTE3, RMTE22, RMTE21, RMTE30, RMTE29, RMTE31, RMTE27, RMTE28, RMTE18, RMTE6, RMTE9, RMTE15, RMTE19, RMTE35, RMTE25","FL_124","SamTaylor_1st","","RMTE34-female|RMTE17-female|RMTE3-female|RMTE22-female","FL_106|FL_100|FL_101|FL_99","FL_272|FL_274|FL_262|FL_254","FL_300|FL_302|FL_308|FL_328|FL_314","emotions_inst_before|emotions_before","emotions_inst_after|emotions_after",6.71666666666667,-0.518805002436982,1,1,1,1,1,1,1,1,1,1,1,1,1,1,1,1,0,0.941176470588235,3,12,13,14,2,11,15,5,4,17,9,10,7,6,8,1,16,"SamTaylor",4,1,-1,-2,0,1,-2,0,0,1,0.656786113705373,1.50526315789474
"5bc0c8bb1526430001e61bad","Neutral",1321,"","Yes","20",1,3,7,2,7,4,3,4,2,5,"Hungry|Sad|Tired|Happy|Enthusiastic|Interested|Bored|Angry|Alert|Sexually aroused","4.275","joking","8.289","fantasizing","12.683","preoccupied","11.256","amused","7.869","doubtful","8.139","decisive","10.435","tentative","4.789","fantasizing","9.702","preoccupied","7.272","interested","4.619","cautious","14.137","interested","8.951","reflective","7.395","flirtatious","5.649","confident","24.973","baffled","6.253","nervous",2,3,5,6,6,4,5,6,4,6,"Hungry|Enthusiastic|Sad|Alert|Bored|Tired|Happy|Angry|Sexually aroused|Interested","","yes",48,"Male","Heterosexual or straight","","",", RMTE15, RMTE28, RMTE34, RMTE6, RMTE30, RMTE31, RMTE21, RMTE17, RMTE29, RMTE19, RMTE3, RMTE35, RMTE25, RMTE18, RMTE27, RMTE22, RMTE9","FL_125","","CocktailDate_1st","RMTE15-female|RMTE28-female|RMTE34-female|RMTE6-female","FL_100|FL_99|FL_106|FL_109","FL_276|FL_264|FL_252|FL_284","FL_314|FL_306|FL_316|FL_312|FL_300","emotions_inst_before|emotions_before","emotions_inst_after|emotions_after",22.0166666666667,2.7079519027898,0,1,1,0,1,1,1,1,1,1,1,1,1,1,1,0,1,0.823529411764706,11,4,17,1,8,14,10,7,16,13,15,2,9,5,6,3,12,"CocktailDate",1,0,-2,4,-1,0,2,2,2,1,0.601587443242042,0.736842105263158
"5bead56b5324b10001c2551c","Sexual",531,"Yes","","20",1,5,2,4,7,1,3,1,2,3,"Happy|Angry|Enthusiastic|Sexually aroused|Bored|Sad|Alert|Hungry|Interested|Tired","4.806","desire","4.21","fantasizing","9.778","annoyed","4.092","contemplative","104.157","affectionate","5.877","decisive","14.777","arrogant","15.852","fantasizing","9.735","preoccupied","5.409","interested","6.803","arrogant","11.527","","8.057","irritated","3.97","flirtatious","6.707","dispirited","6.598","distrustful","9.705","insisting",4,5,1,1,2,1,2,1,5,5,"Bored|Sexually aroused|Happy|Tired|Angry|Alert|Hungry|Interested|Enthusiastic|Sad","","yes",27,"Male","Heterosexual or straight","","",", RMTE9, RMTE35, RMTE31, RMTE28, RMTE21, RMTE17, RMTE29, RMTE19, RMTE22, RMTE3, RMTE18, RMTE34, RMTE6, RMTE15, RMTE30, RMTE25, RMTE27","FL_124","SamTaylor_1st","","RMTE9-female|RMTE35-female|RMTE31-female|RMTE28-female","FL_106|FL_109|FL_101|FL_107","FL_268|FL_252|FL_262|FL_282","FL_298|FL_302|FL_322|FL_314|FL_316","emotions_inst_before|emotions_before","emotions_inst_after|emotions_after",8.85,-0.0688868282877136,1,1,0,1,0,1,0,1,1,1,0,NA,0,1,0,1,0,0.5625,10,13,1,14,6,11,8,5,9,16,17,4,7,15,3,12,2,"SamTaylor",3,0,-1,-3,-5,0,-1,0,3,2,0.220459674530475,0.505263157894737
"5bf747cbacc2260001f99884","Sexual",760,"Yes","","20",6,2,8,5,7,5,7,6,6,7,"Happy|Bored|Enthusiastic|Alert|Sad|Sexually aroused|Tired|Angry|Hungry|Interested","12.86","desire","6.01","fantasizing","5.414","preoccupied","5.854","contemplative","16.878","doubtful","12.95","decisive","24.13","arrogant","9.054","confused","13.867","preoccupied","13.843","interested","11.298","cautious","8.17","interested","15.104","impatient","4.115","flirtatious","10.055","confident","15.885","distrustful","8.416","nervous",5,4,3,6,6,3,5,2,3,5,"Tired|Hungry|Angry|Interested|Alert|Sexually aroused|Bored|Enthusiastic|Happy|Sad","","yes",41,"Male","Heterosexual or straight","","none",", RMTE27, RMTE28, RMTE9, RMTE6, RMTE19, RMTE31, RMTE18, RMTE35, RMTE25, RMTE29, RMTE17, RMTE34, RMTE22, RMTE3, RMTE30, RMTE21, RMTE15","FL_124","SamTaylor_1st","","RMTE27-female|RMTE28-female|RMTE9-female|RMTE6-female","FL_107|FL_99|FL_108|FL_97","FL_270|FL_276|FL_260|FL_282","FL_312|FL_296|FL_322|FL_310|FL_302","emotions_inst_before|emotions_before","emotions_inst_after|emotions_after",12.6666666666667,0.736044905151212,1,1,1,1,1,1,0,0,1,1,1,1,0,1,1,1,1,0.823529411764706,14,4,3,17,11,7,5,16,13,9,1,2,10,15,6,12,8,"SamTaylor",-1,2,-5,1,-1,-2,-2,-4,-3,-2,-1.52484608216912,-3.49473684210526
"5c3d0637e0ea8200014601a4","Sexual",396,"Yes","","20",3,5,1,1,2,2,5,1,1,5,"Tired|Sexually aroused|Interested|Angry|Sad|Alert|Bored|Happy|Hungry|Enthusiastic","8.568","flustered","3.81","fantasizing","4.453","preoccupied","9.24","contemplative","4.47","playful","6.424","decisive","7.675","tentative","6.807","fantasizing","6.031","preoccupied","5.221","interested","4.24","cautious","6.093","interested","6.143","reflective","8.268","hostile","5.126","confident","6.792","baffled","8.448","contemplative",9,5,1,1,1,1,9,1,7,4,"Interested|Sad|Sexually aroused|Hungry|Bored|Tired|Happy|Angry|Enthusiastic|Alert","","yes",33,"Male","Heterosexual or straight","","",", RMTE17, RMTE35, RMTE15, RMTE25, RMTE22, RMTE31, RMTE28, RMTE19, RMTE21, RMTE9, RMTE3, RMTE27, RMTE29, RMTE6, RMTE34, RMTE30, RMTE18","FL_124","BedroomOral_1st","","RMTE17-female|RMTE35-female|RMTE15-female|RMTE25-female","FL_105|FL_99|FL_102|FL_107","FL_266|FL_256|FL_252|FL_272","FL_320|FL_298|FL_326|FL_322|FL_306","emotions_inst_before|emotions_before","emotions_inst_after|emotions_after",6.6,-0.54340990258577,0,1,1,1,0,1,1,1,1,1,1,1,1,0,1,0,0,0.705882352941177,11,14,10,3,1,17,8,9,5,4,12,7,13,16,6,15,2,"BedroomOral",6,0,0,0,-1,-1,4,0,6,-1,1.52943899205517,3.50526315789474
"5c5225d8a163ac0001721f01","Sexual",503,"Yes","","20",2,5,4,7,8,6,4,2,3,5,"Sexually aroused|Happy|Alert|Hungry|Enthusiastic|Bored|Angry|Interested|Tired|Sad","6.245","desire","5.336","impatient","6.013","preoccupied","5.637","contemplative","29.776","doubtful","5.178","decisive","6.467","arrogant","5.183","fantasizing","7.498","preoccupied","4.636","interested","6.698","cautious","5.812","interested","5.65","reflective","4.557","flirtatious","5.843","confident","6.323","distrustful","6.721","nervous",5,4,3,3,8,3,7,6,4,4,"Interested|Angry|Alert|Sexually aroused|Tired|Enthusiastic|Hungry|Happy|Bored|Sad","","yes",40,"Male","Heterosexual or straight","","A bit more warning about the content of the video would have been useful!",", RMTE22, RMTE15, RMTE35, RMTE30, RMTE27, RMTE34, RMTE18, RMTE3, RMTE9, RMTE19, RMTE28, RMTE6, RMTE17, RMTE25, RMTE21, RMTE31, RMTE29","FL_124","BedroomOral_1st","","RMTE22-female|RMTE15-female|RMTE35-female|RMTE30-female","FL_103|FL_98|FL_108|FL_95","FL_256|FL_264|FL_274|FL_254","FL_304|FL_314|FL_310|FL_324|FL_320","emotions_inst_before|emotions_before","emotions_inst_after|emotions_after",8.38333333333333,-0.167306428882866,1,0,1,1,1,1,0,1,1,1,1,1,1,1,1,1,1,0.882352941176471,8,12,9,2,13,7,10,15,1,14,5,11,17,4,16,6,3,"BedroomOral",3,-1,-1,-4,0,-3,3,4,1,-1,0.220459674530475,0.505263157894737
"5c67d319dcdfb700014b065f","Neutral",534,"","Yes","20",5,6,5,6,5,4,6,4,6,6,"Sexually aroused|Tired|Hungry|Alert|Happy|Bored|Angry|Sad|Interested|Enthusiastic","11.022","convinced","9.738","fantasizing","10.459","preoccupied","10.652","contemplative","7.725","doubtful","12.519","decisive","13.797","tentative","12.185","fantasizing","11.094","preoccupied","11.61","incredulous","13.096","cautious","29.754","contented","6.42","reflective","11.201","grateful","9.637","confident","13.612","baffled","10.218","contemplative",5,6,4,5,4,4,6,4,5,6,"Sad|Happy|Tired|Angry|Alert|Enthusiastic|Bored|Sexually aroused|Hungry|Interested","","yes",45,"Male","Heterosexual or straight","","",", RMTE28, RMTE31, RMTE3, RMTE21, RMTE34, RMTE9, RMTE35, RMTE27, RMTE17, RMTE19, RMTE29, RMTE18, RMTE30, RMTE15, RMTE22, RMTE6, RMTE25","FL_125","","MadMen_1st","RMTE28-female|RMTE31-female|RMTE3-female|RMTE21-female","FL_98|FL_111|FL_97|FL_103","FL_260|FL_264|FL_276|FL_262","FL_322|FL_302|FL_312|FL_298|FL_314","emotions_inst_before|emotions_before","emotions_inst_after|emotions_after",8.9,-0.0583418710810901,0,1,1,1,1,1,1,1,1,0,1,0,1,0,1,0,0,0.647058823529412,3,16,6,14,9,12,10,4,15,17,8,1,11,13,2,5,7,"MadMen",0,0,-1,-1,-1,0,0,0,-1,0,-0.339605814733411,-0.263157894736842
"5c7d15e96b5631001745907a","Sexual",586,"Yes","","20",1,5,2,5,6,1,6,1,3,5,"Bored|Tired|Interested|Hungry|Sad|Happy|Angry|Alert|Sexually aroused|Enthusiastic","12.515","joking","15.234","impatient","9.493","annoyed","8.073","contemplative","8.416","doubtful","11.779","decisive","28.416","sarcastic","12.405","fantasizing","13.093","imploring","9.114","incredulous","9.143","joking","8.479","interested","7.327","reflective","8.16","flirtatious","10.202","confident","12.732","baffled","10.267","contemplative",8,4,1,1,4,1,6,1,5,6,"Interested|Enthusiastic|Hungry|Bored|Happy|Sad|Tired|Alert|Sexually aroused|Angry","","yes",44,"Male","Heterosexual or straight","","I'm pretty open minded myself but I'm not sure how some people would feel about being shown pornography without some kind of warning.",", RMTE6, RMTE19, RMTE31, RMTE3, RMTE18, RMTE9, RMTE25, RMTE30, RMTE29, RMTE35, RMTE27, RMTE22, RMTE15, RMTE21, RMTE17, RMTE28, RMTE34","FL_124","SamTaylor_1st","","RMTE6-female|RMTE19-female|RMTE31-female|RMTE3-female","FL_108|FL_111|FL_104|FL_100","FL_276|FL_284|FL_272|FL_268","FL_302|FL_310|FL_304|FL_318|FL_326","emotions_inst_before|emotions_before","emotions_inst_after|emotions_after",9.76666666666667,0.12443738716705,0,0,0,1,1,1,0,1,0,0,0,1,1,1,1,0,0,0.470588235294118,4,1,6,13,15,5,2,14,12,7,11,16,9,8,3,17,10,"SamTaylor",7,-1,-1,-4,-2,0,0,0,2,1,1.96576543123007,4.50526315789474
"5c7fe02f3eaee4001614f81a","Sexual",782,"Yes","","20",1,5,1,1,3,4,7,1,5,9,"Tired|Sexually aroused|Angry|Enthusiastic|Hungry|Bored|Alert|Sad|Interested|Happy","7.209","desire","21.79","impatient","25.452","preoccupied","4.251","amused","7.333","doubtful","4.317","bored","18.501","sarcastic","13.601","fantasizing","6.905","preoccupied","7.131","interested","3.985","joking","15.309","interested","7.067","irritated","5.403","flirtatious","5.286","joking","8.062","distrustful","3.876","nervous",2,5,1,2,2,6,8,1,4,6,"Enthusiastic|Bored|Interested|Sad|Sexually aroused|Alert|Hungry|Tired|Happy|Angry","","yes",44,"Male","Heterosexual or straight","","Lol",", RMTE9, RMTE28, RMTE31, RMTE21, RMTE17, RMTE35, RMTE34, RMTE25, RMTE19, RMTE29, RMTE27, RMTE18, RMTE6, RMTE22, RMTE3, RMTE30, RMTE15","FL_124","SamTaylor_1st","","RMTE9-female|RMTE28-female|RMTE31-female|RMTE21-female","FL_109|FL_97|FL_98|FL_104","FL_264|FL_276|FL_272|FL_262","FL_298|FL_312|FL_296|FL_322|FL_302","emotions_inst_before|emotions_before","emotions_inst_after|emotions_after",13.0333333333333,0.813374591333117,1,0,1,0,1,0,0,1,1,1,0,1,0,1,0,1,1,0.588235294117647,15,13,1,17,5,12,9,4,14,8,11,2,10,16,3,7,6,"SamTaylor",1,0,0,1,-1,2,1,0,-1,-3,-0.652193203819322,-1.49473684210526
"5ca612a8d24640001432512c","Sexual",427,"Yes","","20",1,7,2,1,1,2,7,1,7,7,"Enthusiastic|Hungry|Alert|Sad|Sexually aroused|Interested|Tired|Bored|Angry|Happy","7.888","desire","7.105","impatient","6.561","annoyed","6.695","contemplative","7.106","aghast","8.713","decisive","5.964","sarcastic","5.094","fantasizing","6.506","preoccupied","6.627","interested","8.387","cautious","3.696","interested","5.87","impatient","10.04","flirtatious","5.444","confident","11.035","baffled","8.225","insisting",7,7,1,1,1,2,7,2,7,7,"Enthusiastic|Hungry|Tired|Happy|Interested|Angry|Sexually aroused|Alert|Bored|Sad","","yes",50,"Male","Heterosexual or straight","","",", RMTE3, RMTE6, RMTE22, RMTE15, RMTE9, RMTE18, RMTE30, RMTE34, RMTE29, RMTE19, RMTE25, RMTE21, RMTE27, RMTE28, RMTE31, RMTE35, RMTE17","FL_124","FloorSex_1st","","RMTE3-female|RMTE6-female|RMTE22-female|RMTE15-female","FL_111|FL_108|FL_100|FL_98","FL_276|FL_264|FL_270|FL_266","FL_316|FL_318|FL_324|FL_328|FL_304","emotions_inst_before|emotions_before","emotions_inst_after|emotions_after",7.11666666666667,-0.434445344783994,1,0,0,1,0,1,0,1,1,1,1,1,0,1,1,0,0,0.588235294117647,1,2,5,4,17,6,10,12,3,11,13,14,9,7,15,8,16,"FloorSex",6,0,-1,0,0,0,0,1,0,0,1.52943899205517,3.50526315789474
"5cd4210f2652df0015a3c969","Neutral",423,"","Yes","20",1,5,2,3,4,5,8,1,6,7,"Bored|Angry|Enthusiastic|Alert|Happy|Tired|Sexually aroused|Interested|Hungry|Sad","5.557","desire","5.435","fantasizing","5.242","preoccupied","5.829","contemplative","4.221","doubtful","44.759","decisive","9.264","grateful","3.544","fantasizing","4.587","preoccupied","9.417","interested","5.82","cautious","8.873","contented","5.146","impatient","5.134","flirtatious","4.369","confident","8.611","distrustful","6.796","contemplative",1,6,2,2,4,5,8,1,7,6,"Sad|Bored|Hungry|Tired|Happy|Interested|Angry|Alert|Enthusiastic|Sexually aroused","","yes",41,"Male","Heterosexual or straight","","",", RMTE25, RMTE15, RMTE31, RMTE6, RMTE18, RMTE9, RMTE34, RMTE3, RMTE29, RMTE27, RMTE28, RMTE17, RMTE19, RMTE30, RMTE21, RMTE22, RMTE35","FL_125","","WallE_1st","RMTE25-female|RMTE15-female|RMTE31-female|RMTE6-female","FL_108|FL_111|FL_98|FL_95","FL_276|FL_272|FL_274|FL_260","FL_308|FL_322|FL_310|FL_312|FL_328","emotions_inst_before|emotions_before","emotions_inst_after|emotions_after",7.05,-0.448505287726159,1,1,1,1,1,1,0,1,1,1,1,0,0,1,1,1,0,0.764705882352941,8,4,6,2,12,5,13,15,16,1,10,11,9,14,3,7,17,"WallE",0,1,0,-1,0,0,0,0,1,-1,-0.339605814733411,-0.263157894736842
"5cf913aa6873890001b97ee1","Sexual",558,"Yes","","20",1,5,1,4,3,3,7,1,5,5,"Sad|Angry|Interested|Happy|Alert|Hungry|Sexually aroused|Tired|Enthusiastic|Bored","7.474","convinced","4.879","fantasizing","3.704","preoccupied","7.579","contemplative","6.908","doubtful","5.587","decisive","5.498","sarcastic","4.273","fantasizing","8.025","preoccupied","10.92","interested","14.389","cautious","6.99","interested","8.723","impatient","6.662","flirtatious","2.996","confident","7.25","distrustful","6.496","contemplative",3,5,1,3,3,3,7,1,5,5,"Happy|Enthusiastic|Bored|Alert|Sad|Angry|Interested|Hungry|Tired|Sexually aroused","","yes",43,"Male","Heterosexual or straight","","There was absolutely no warning around pornographic video content and as someone who carries out surveys occasionally on a work computer, this could have serious repercussions for me. I have no issue with that kind of content, however it shouldn't be displayed without warning.",", RMTE18, RMTE21, RMTE30, RMTE29, RMTE28, RMTE31, RMTE25, RMTE6, RMTE9, RMTE15, RMTE22, RMTE35, RMTE34, RMTE3, RMTE17, RMTE27, RMTE19","FL_124","BedroomOral_1st","","RMTE18-female|RMTE21-female|RMTE30-female|RMTE29-female","FL_102|FL_99|FL_104|FL_112","FL_256|FL_258|FL_268|FL_284","FL_326|FL_296|FL_304|FL_316|FL_308","emotions_inst_before|emotions_before","emotions_inst_after|emotions_after",9.3,0.0260177865718977,0,1,1,1,1,1,0,1,1,1,1,1,0,1,1,1,0,0.764705882352941,14,8,9,10,15,1,17,2,11,7,16,5,4,3,6,13,12,"BedroomOral",2,0,0,-1,0,0,0,0,0,0,-0.215866764644423,-0.494736842105263
"5d00054ca601a600170e2c9f","Neutral",358,"","Yes","20",1,6,2,3,3,5,7,2,6,6,"Interested|Alert|Bored|Happy|Sexually aroused|Angry|Tired|Hungry|Enthusiastic|Sad","3.202","desire","6.244","fantasizing","3.311","hostile","3.535","contemplative","3.985","affectionate","3.946","decisive","4.902","tentative","3.003","fantasizing","6.878","imploring","2.578","interested","4.65","arrogant","3.262","affectionate","4.399","irritated","2.765","flirtatious","3.495","confident","4.389","distrustful","4.315","insisting",4,6,2,3,3,5,6,2,6,7,"Angry|Sexually aroused|Bored|Alert|Hungry|Interested|Tired|Enthusiastic|Sad|Happy","","yes",33,"Male","Heterosexual or straight","","",", RMTE22, RMTE31, RMTE25, RMTE35, RMTE9, RMTE29, RMTE30, RMTE28, RMTE6, RMTE27, RMTE3, RMTE34, RMTE19, RMTE21, RMTE18, RMTE15, RMTE17","FL_125","","CocktailDate_1st","RMTE22-female|RMTE31-female|RMTE25-female|RMTE35-female","FL_111|FL_101|FL_100|FL_102","FL_254|FL_272|FL_252|FL_282","FL_308|FL_310|FL_306|FL_302|FL_304","emotions_inst_before|emotions_before","emotions_inst_after|emotions_after",5.96666666666667,-0.676979360536334,1,1,0,1,0,1,1,1,0,1,0,0,0,1,1,1,0,0.588235294117647,11,9,5,16,17,15,13,14,1,3,10,8,6,7,2,12,4,"CocktailDate",3,0,0,0,0,0,-1,0,0,1,2.48397395919295,2.73684210526316
"5d0a55583fe972001ad92dfd","Neutral",527,"","Yes","20",1,3,2,2,4,1,4,3,2,7,"Bored|Sexually aroused|Interested|Happy|Angry|Sad|Enthusiastic|Hungry|Tired|Alert","11.202","convinced","8.244","fantasizing","4.805","preoccupied","5.872","contemplative","7.792","doubtful","7.227","decisive","10.159","tentative","7.91","fantasizing","5.523","preoccupied","9.452","interested","9.195","cautious","5.699","interested","7.108","reflective","4.359","flirtatious","10.918","confident","7.004","distrustful","10.74","nervous",1,4,1,1,2,1,6,1,4,6,"Sad|Tired|Interested|Enthusiastic|Bored|Hungry|Alert|Angry|Sexually aroused|Happy","","yes",42,"Male","Heterosexual or straight","","",", RMTE34, RMTE19, RMTE30, RMTE22, RMTE35, RMTE21, RMTE9, RMTE15, RMTE25, RMTE18, RMTE17, RMTE29, RMTE31, RMTE28, RMTE27, RMTE3, RMTE6","FL_125","","WallE_1st","RMTE34-female|RMTE19-female|RMTE30-female|RMTE22-female","FL_97|FL_106|FL_111|FL_110","FL_270|FL_262|FL_260|FL_276","FL_324|FL_318|FL_316|FL_296|FL_298","emotions_inst_before|emotions_before","emotions_inst_after|emotions_after",8.78333333333333,-0.0829467712298782,0,1,1,1,1,1,1,1,1,1,1,1,1,1,1,1,1,0.941176470588235,16,17,7,8,11,10,2,6,4,9,15,14,12,3,13,1,5,"WallE",0,1,-1,-1,-2,0,2,-2,2,-1,-0.339605814733411,-0.263157894736842
"5d35966479b62a0016c73416","Neutral",357,"","Yes","20",1,5,3,2,3,6,8,1,9,9,"Alert|Interested|Enthusiastic|Hungry|Sad|Happy|Tired|Sexually aroused|Angry|Bored","6.385","convinced","4.679","fantasizing","4.346","hostile","4.166","contemplative","5.384","doubtful","4.129","bored","5.427","sarcastic","6.701","fantasizing","3.398","preoccupied","6.201","interested","4.982","arrogant","6.156","affectionate","6.168","irritated","3.342","flirtatious","4.886","confident","6.928","distrustful","5.439","nervous",1,7,1,1,1,7,9,1,7,9,"Sexually aroused|Bored|Alert|Hungry|Happy|Tired|Sad|Enthusiastic|Interested|Angry","","YES",33,"Male","Heterosexual or straight","","",", RMTE28, RMTE17, RMTE29, RMTE27, RMTE35, RMTE9, RMTE6, RMTE34, RMTE30, RMTE3, RMTE31, RMTE25, RMTE21, RMTE18, RMTE19, RMTE22, RMTE15","FL_125","","CocktailDate_1st","RMTE28-female|RMTE17-female|RMTE29-female|RMTE27-female","FL_97|FL_111|FL_112|FL_98","FL_278|FL_252|FL_280|FL_270","FL_310|FL_306|FL_308|FL_312|FL_302","emotions_inst_before|emotions_before","emotions_inst_after|emotions_after",5.95,-0.680494346271875,0,1,0,1,1,0,0,1,1,1,0,0,0,1,1,1,1,0.588235294117647,10,7,6,17,2,14,15,13,16,12,4,1,3,9,11,8,5,"CocktailDate",0,2,-2,-1,-2,1,1,0,-2,0,-0.339605814733411,-0.263157894736842
"5d49d17b3dad1f0001e2aba1","Neutral",405,"","Yes","20",1,3,2,3,2,2,7,2,5,7,"Angry|Enthusiastic|Happy|Sad|Alert|Hungry|Tired|Bored|Sexually aroused|Interested","5.021","desire","5.307","fantasizing","4.279","preoccupied","8.189","contemplative","6.013","doubtful","6.614","decisive","4.557","tentative","3.734","fantasizing","7.731","imploring","8.339","interested","13.665","cautious","5.599","interested","6.434","irritated","3.531","flirtatious","3.666","confident","15.096","aghast","6.373","contemplative",1,3,2,2,2,2,7,2,4,6,"Alert|Tired|Interested|Enthusiastic|Sad|Happy|Sexually aroused|Bored|Hungry|Angry","","yes",35,"Male","Heterosexual or straight","","",", RMTE27, RMTE6, RMTE25, RMTE9, RMTE28, RMTE22, RMTE21, RMTE15, RMTE3, RMTE34, RMTE29, RMTE30, RMTE35, RMTE19, RMTE18, RMTE17, RMTE31","FL_125","","CocktailDate_1st","RMTE27-female|RMTE6-female|RMTE25-female|RMTE9-female","FL_102|FL_105|FL_106|FL_110","FL_252|FL_282|FL_276|FL_278","FL_328|FL_308|FL_306|FL_304|FL_324","emotions_inst_before|emotions_before","emotions_inst_after|emotions_after",6.75,-0.511775030965899,1,1,1,1,1,1,1,1,0,1,1,1,0,1,1,0,0,0.764705882352941,9,2,4,8,16,15,14,7,6,3,1,5,11,12,17,10,13,"CocktailDate",0,0,0,-1,0,0,0,0,-1,-1,-0.339605814733411,-0.263157894736842
"5d4abf9804d33d001da69374","Neutral",574,"","Yes","20",4,4,5,6,3,6,8,3,7,8,"Happy|Hungry|Bored|Sexually aroused|Sad|Alert|Enthusiastic|Angry|Tired|Interested","20.101","desire","14.474","fantasizing","8.274","preoccupied","9.606","contemplative","10.884","doubtful","8.979","decisive","10.364","tentative","10.425","fantasizing","11.936","preoccupied","17.924","interested","17.902","arrogant","12.891","interested","10.371","impatient","10.196","flirtatious","10.396","confident","11.263","baffled","16.963","insisting",5,7,2,2,3,6,7,2,7,7,"Angry|Bored|Hungry|Interested|Enthusiastic|Sexually aroused|Sad|Alert|Tired|Happy","","yes",41,"Male","Heterosexual or straight","","",", RMTE3, RMTE27, RMTE30, RMTE25, RMTE22, RMTE29, RMTE17, RMTE35, RMTE6, RMTE18, RMTE15, RMTE21, RMTE28, RMTE31, RMTE19, RMTE34, RMTE9","FL_125","","WallE_1st","RMTE3-female|RMTE27-female|RMTE30-female|RMTE25-female","FL_105|FL_101|FL_109|FL_97","FL_254|FL_262|FL_258|FL_266","FL_318|FL_324|FL_308|FL_326|FL_300","emotions_inst_before|emotions_before","emotions_inst_after|emotions_after",9.56666666666667,0.0822575583405562,1,1,1,1,1,1,1,1,1,1,0,1,0,1,1,0,0,0.764705882352941,1,9,17,11,7,10,15,12,5,4,2,13,6,3,14,16,8,"WallE",1,3,-3,-4,0,0,-1,-1,0,-1,0.601587443242042,0.736842105263158
"5d514a73f20feb00160b5e0e","Sexual",428,"Yes","","20",1,6,2,6,5,4,7,4,4,7,"Angry|Tired|Sexually aroused|Enthusiastic|Bored|Happy|Hungry|Alert|Interested|Sad","7.382","convinced","5.936","fantasizing","3.371","preoccupied","4.901","contemplative","8.135","aghast","10.773","decisive","10.901","tentative","10.368","fantasizing","26.692","preoccupied","3.655","despondent","4.895","cautious","27.551","affectionate","3.081","reflective","4.084","flirtatious","7.295","ashamed","32.301","distrustful","2.66","nervous",4,6,2,4,3,3,6,3,5,5,"Bored|Hungry|Sexually aroused|Interested|Tired|Sad|Enthusiastic|Happy|Angry|Alert","","yes",33,"Male","Heterosexual or straight","","",", RMTE15, RMTE3, RMTE30, RMTE31, RMTE17, RMTE18, RMTE35, RMTE27, RMTE19, RMTE22, RMTE34, RMTE28, RMTE21, RMTE25, RMTE29, RMTE9, RMTE6","FL_124","SamTaylor_1st","","RMTE15-female|RMTE3-female|RMTE30-female|RMTE31-female","FL_109|FL_108|FL_97|FL_103","FL_264|FL_268|FL_282|FL_274","FL_310|FL_314|FL_320|FL_300|FL_298","emotions_inst_before|emotions_before","emotions_inst_after|emotions_after",7.13333333333333,-0.430930359048453,0,1,1,1,0,1,1,1,1,0,1,0,1,1,0,1,1,0.705882352941177,2,17,16,1,5,6,9,13,10,14,8,12,15,3,4,11,7,"SamTaylor",3,0,0,-2,-2,-1,-1,-1,1,-2,0.220459674530475,0.505263157894737
"5d5bbd713348d20019c7e832","Neutral",517,"","Yes","20",1,6,3,4,7,2,5,1,5,7,"Happy|Sad|Sexually aroused|Bored|Tired|Alert|Angry|Hungry|Enthusiastic|Interested","5.89","desire","4.652","fantasizing","4.923","preoccupied","6.473","contemplative","5.281","doubtful","4.255","decisive","5.21","tentative","4.167","fantasizing","6.26","imploring","6.273","interested","8.098","cautious","8.187","contented","6.254","impatient","4.263","flirtatious","7.673","confident","10.201","distrustful","6.019","contemplative",1,5,2,2,6,2,5,1,5,6,"Alert|Sexually aroused|Tired|Bored|Happy|Angry|Enthusiastic|Interested|Sad|Hungry","","yes",33,"Male","Heterosexual or straight","","",", RMTE34, RMTE31, RMTE25, RMTE28, RMTE27, RMTE6, RMTE18, RMTE9, RMTE35, RMTE19, RMTE22, RMTE30, RMTE17, RMTE21, RMTE3, RMTE29, RMTE15","FL_125","","CocktailDate_1st","RMTE34-female|RMTE31-female|RMTE25-female|RMTE28-female","FL_103|FL_112|FL_108|FL_111","FL_284|FL_264|FL_268|FL_278","FL_304|FL_310|FL_296|FL_320|FL_302","emotions_inst_before|emotions_before","emotions_inst_after|emotions_after",8.61666666666667,-0.11809662858529,1,1,1,1,1,1,1,1,0,1,1,0,0,1,1,1,0,0.764705882352941,15,6,8,17,13,7,10,14,11,3,5,4,16,12,2,1,9,"CocktailDate",0,-1,-1,-2,-1,0,0,0,0,-1,-0.339605814733411,-0.263157894736842
"5d822f75d09b690017857bd4","Neutral",349,"","Yes","20",1,6,1,5,7,2,7,2,3,8,"Hungry|Enthusiastic|Sexually aroused|Sad|Alert|Interested|Angry|Bored|Happy|Tired","5.521","desire","4.013","fantasizing","5.529","preoccupied","3.782","contemplative","6.501","doubtful","5.339","decisive","12.103","tentative","9.125","fantasizing","4.586","preoccupied","5.682","interested","4.416","cautious","5.403","interested","3.973","impatient","3.361","flirtatious","3.556","confident","11.229","baffled","4.626","nervous",1,6,2,6,6,2,6,3,7,7,"Sexually aroused|Sad|Angry|Interested|Happy|Alert|Tired|Hungry|Bored|Enthusiastic","","yes",36,"Male","Heterosexual or straight","","",", RMTE21, RMTE17, RMTE22, RMTE28, RMTE3, RMTE35, RMTE27, RMTE34, RMTE19, RMTE29, RMTE30, RMTE25, RMTE18, RMTE9, RMTE6, RMTE31, RMTE15","FL_125","","CocktailDate_1st","RMTE21-female|RMTE17-female|RMTE22-female|RMTE28-female","FL_95|FL_97|FL_103|FL_98","FL_264|FL_276|FL_278|FL_270","FL_306|FL_300|FL_298|FL_324|FL_302","emotions_inst_before|emotions_before","emotions_inst_after|emotions_after",5.81666666666667,-0.708614232156204,1,1,1,1,1,1,1,1,1,1,1,1,0,1,1,0,1,0.882352941176471,5,15,14,17,2,13,9,1,3,12,7,4,10,11,16,8,6,"CocktailDate",0,0,1,1,-1,0,-1,1,4,-1,-0.339605814733411,-0.263157894736842
"5da767d89d0c290014c9851a","Sexual",357,"Yes","","20",3,5,5,9,7,2,9,6,6,8,"Happy|Sexually aroused|Enthusiastic|Interested|Angry|Sad|Bored|Alert|Hungry|Tired","4.39","desire","3.265","impatient","4.516","preoccupied","2.704","contemplative","6.004","doubtful","13.39","decisive","4.412","tentative","4.063","fantasizing","2.4","preoccupied","3.517","interested","3.881","cautious","19.262","interested","4.359","impatient","3.356","flirtatious","19.26","confident","4.125","distrustful","4.417","insisting",7,5,3,2,8,1,9,2,7,9,"Alert|Sexually aroused|Hungry|Bored|Angry|Enthusiastic|Tired|Sad|Happy|Interested","","yes ",20,"Male","Heterosexual or straight","","",", RMTE18, RMTE35, RMTE29, RMTE21, RMTE27, RMTE34, RMTE25, RMTE30, RMTE15, RMTE6, RMTE3, RMTE9, RMTE19, RMTE22, RMTE17, RMTE28, RMTE31","FL_124","BedroomOral_1st","","RMTE18-female|RMTE35-female|RMTE29-female|RMTE21-female","FL_103|FL_98|FL_104|FL_100","FL_258|FL_254|FL_252|FL_256","FL_308|FL_312|FL_304|FL_318|FL_324","emotions_inst_before|emotions_before","emotions_inst_after|emotions_after",5.95,-0.680494346271875,1,0,1,1,1,1,1,1,1,1,1,1,0,1,1,1,0,0.823529411764706,11,10,12,9,15,1,13,4,14,7,5,16,3,8,17,6,2,"BedroomOral",4,0,-2,-7,1,-1,0,-4,1,1,0.656786113705373,1.50526315789474
"5db17781a669260011ca8e3d","Sexual",380,"Yes","","20",1,5,2,4,4,3,5,1,5,7,"Alert|Sad|Angry|Tired|Enthusiastic|Hungry|Interested|Bored|Happy|Sexually aroused","6.825","joking","3.848","impatient","5.958","annoyed","3.798","contemplative","7.11","doubtful","9.126","decisive","7.851","tentative","4.72","fantasizing","3.698","preoccupied","3.39","interested","4.089","cautious","6.897","interested","4.392","irritated","3.137","flirtatious","6.2","joking","7.146","distrustful","4.138","nervous",3,5,1,3,3,3,6,1,6,5,"Bored|Enthusiastic|Hungry|Angry|Happy|Tired|Alert|Sad|Sexually aroused|Interested","","yes",28,"Male","Heterosexual or straight","","",", RMTE19, RMTE34, RMTE30, RMTE17, RMTE18, RMTE31, RMTE27, RMTE3, RMTE15, RMTE22, RMTE9, RMTE28, RMTE29, RMTE21, RMTE35, RMTE25, RMTE6","FL_124","FloorSex_1st","","RMTE19-female|RMTE34-female|RMTE30-female|RMTE17-female","FL_108|FL_99|FL_103|FL_95","FL_258|FL_268|FL_256|FL_274","FL_320|FL_310|FL_328|FL_314|FL_298","emotions_inst_before|emotions_before","emotions_inst_after|emotions_after",6.33333333333333,-0.599649674354429,0,0,0,1,1,1,1,1,1,1,1,1,0,1,0,1,1,0.705882352941177,8,17,11,9,4,5,1,14,10,16,7,12,13,3,6,2,15,"FloorSex",2,0,-1,-1,-1,0,1,0,1,-2,-0.215866764644423,-0.494736842105263
"5de25e3fce20cd28846a7d5b","Neutral",404,"","Yes","20",1,6,1,2,4,4,6,1,5,7,"Happy|Alert|Hungry|Bored|Angry|Enthusiastic|Sad|Sexually aroused|Tired|Interested","12.677","convinced","6.462","fantasizing","5.186","preoccupied","7.332","contemplative","5.532","doubtful","4.484","decisive","4.02","tentative","6.674","fantasizing","7.94","preoccupied","7.347","interested","5.599","cautious","5.724","interested","6.297","impatient","5.544","flirtatious","7.358","joking","5.397","distrustful","12.438","contemplative",1,5,1,1,4,4,7,1,6,6,"Enthusiastic|Happy|Angry|Interested|Sexually aroused|Hungry|Sad|Bored|Tired|Alert","","yes",50,"Male","Heterosexual or straight","","",", RMTE35, RMTE25, RMTE22, RMTE31, RMTE30, RMTE27, RMTE17, RMTE15, RMTE6, RMTE18, RMTE9, RMTE28, RMTE3, RMTE34, RMTE21, RMTE19, RMTE29","FL_125","","WallE_1st","RMTE35-female|RMTE25-female|RMTE22-female|RMTE31-female","FL_100|FL_103|FL_109|FL_110","FL_254|FL_262|FL_256|FL_274","FL_296|FL_326|FL_310|FL_308|FL_320","emotions_inst_before|emotions_before","emotions_inst_after|emotions_after",6.73333333333333,-0.515290016701441,0,1,1,1,1,1,1,1,1,1,1,1,0,1,0,1,0,0.764705882352941,13,9,11,8,7,10,16,15,3,2,6,12,17,5,4,14,1,"WallE",0,-1,0,-1,0,0,1,0,1,-1,-0.339605814733411,-0.263157894736842
"5de4eec72cf204481c6e5c1e","Sexual",495,"Yes","","20",1,1,5,3,6,1,2,3,1,2,"Hungry|Angry|Enthusiastic|Sad|Happy|Alert|Interested|Sexually aroused|Bored|Tired","12.984","desire","4.532","fantasizing","4.004","preoccupied","5.002","contemplative","7.843","doubtful","18.426","decisive","10.717","tentative","4","fantasizing","3.823","preoccupied","8.545","interested","5.799","cautious","14.601","contented","5.449","impatient","5.387","flirtatious","5.146","confident","4.657","baffled","5.5","nervous",1,1,4,3,7,1,6,3,1,1,"Happy|Enthusiastic|Sad|Interested|Angry|Alert|Tired|Hungry|Bored|Sexually aroused","","yes",36,"Male","Heterosexual or straight","","Interesting study, should warn people about the content, but I feel that is the point of study to see the affect it has on people.",", RMTE18, RMTE25, RMTE28, RMTE30, RMTE15, RMTE3, RMTE27, RMTE35, RMTE19, RMTE31, RMTE21, RMTE17, RMTE9, RMTE29, RMTE34, RMTE6, RMTE22","FL_124","SamTaylor_1st","","RMTE18-female|RMTE25-female|RMTE28-female|RMTE30-female","FL_110|FL_95|FL_103|FL_97","FL_264|FL_280|FL_266|FL_260","FL_300|FL_320|FL_326|FL_298|FL_312","emotions_inst_before|emotions_before","emotions_inst_after|emotions_after",8.25,-0.195426314767195,1,1,1,1,1,1,1,1,1,1,1,0,0,1,1,0,1,0.823529411764706,6,16,13,5,12,1,9,11,17,2,7,3,14,4,10,15,8,"SamTaylor",0,0,-1,0,1,0,4,0,0,-1,-1.08851964299422,-2.49473684210526
"5e4fa4b13d4cc03f29ef9c0c","Sexual",635,"Yes","","20",2,7,2,2,2,2,8,2,7,8,"Enthusiastic|Alert|Interested|Bored|Sexually aroused|Angry|Hungry|Tired|Happy|Sad","4.691","flustered","12.361","fantasizing","12.48","preoccupied","9.373","contemplative","5.228","doubtful","5.488","amused","20.829","sarcastic","6.055","fantasizing","12.085","preoccupied","6.446","interested","3.5","cautious","6.9","interested","12.297","impatient","6.167","flirtatious","8.277","confident","9.683","baffled","13.999","insisting",4,8,1,1,1,6,7,1,9,7,"Tired|Angry|Happy|Enthusiastic|Bored|Hungry|Interested|Sad|Alert|Sexually aroused","","yes",24,"Male","Heterosexual or straight","","",", RMTE35, RMTE28, RMTE25, RMTE3, RMTE18, RMTE9, RMTE15, RMTE6, RMTE27, RMTE17, RMTE30, RMTE31, RMTE29, RMTE21, RMTE34, RMTE22, RMTE19","FL_124","SamTaylor_1st","","RMTE35-female|RMTE28-female|RMTE25-female|RMTE3-female","FL_108|FL_111|FL_110|FL_112","FL_272|FL_260|FL_278|FL_280","FL_320|FL_310|FL_326|FL_312|FL_308","emotions_inst_before|emotions_before","emotions_inst_after|emotions_after",10.5833333333333,0.296671688208567,0,1,1,1,1,0,0,1,1,1,1,1,0,1,1,0,0,0.647058823529412,4,8,6,7,10,5,17,14,16,3,9,2,13,11,12,15,1,"SamTaylor",2,1,-1,-1,-1,4,-1,-1,2,-1,-0.215866764644423,-0.494736842105263
"5ea9a1afbb89690d039f6b5c","Neutral",553,"","Yes","20",1,5,1,3,3,1,4,1,5,6,"Sad|Enthusiastic|Hungry|Alert|Happy|Tired|Angry|Sexually aroused|Bored|Interested","6.642","desire","7.261","impatient","4.119","annoyed","4.917","amused","8.592","aghast","6.334","amused","9.279","sarcastic","4.9","fantasizing","12.384","preoccupied","5.233","interested","5.977","reassuring","6.347","interested","5.937","impatient","4.503","flirtatious","3.96","confident","6.573","distrustful","5.495","nervous",2,4,3,2,1,1,4,2,3,3,"Bored|Happy|Angry|Alert|Sad|Sexually aroused|Tired|Enthusiastic|Interested|Hungry","","yes",38,"Male","Heterosexual or straight","","",", RMTE22, RMTE19, RMTE28, RMTE21, RMTE6, RMTE27, RMTE29, RMTE18, RMTE15, RMTE9, RMTE30, RMTE31, RMTE34, RMTE3, RMTE25, RMTE35, RMTE17","FL_125","","WallE_1st","RMTE22-female|RMTE19-female|RMTE28-female|RMTE21-female","FL_112|FL_103|FL_101|FL_108","FL_258|FL_256|FL_278|FL_280","FL_326|FL_296|FL_314|FL_328|FL_304","emotions_inst_before|emotions_before","emotions_inst_after|emotions_after",9.21666666666667,0.00844285789419191,1,0,0,0,0,0,0,1,1,1,0,1,0,1,1,1,1,0.529411764705882,14,5,10,9,17,8,2,4,1,15,6,3,7,11,12,13,16,"WallE",1,-1,2,-1,-2,0,0,1,-2,-3,0.601587443242042,0.736842105263158
"5eafc96bdc71ec000b7f1d2a","Neutral",1008,"","Yes","20",3,7,4,6,6,3,6,2,4,4,"Tired|Sad|Bored|Sexually aroused|Interested|Hungry|Enthusiastic|Happy|Alert|Angry","8.619","desire","7.536","impatient","4.671","preoccupied","38.603","flustered","16.211","doubtful","227.777","decisive","5.439","tentative","6.326","fantasizing","89.481","preoccupied","6.237","interested","8.015","cautious","24.949","interested","11.807","reflective","8.345","flirtatious","6.906","confident","70.918","baffled","6.903","nervous",2,6,4,7,5,2,4,2,2,2,"Enthusiastic|Angry|Bored|Sad|Interested|Sexually aroused|Hungry|Alert|Happy|Tired","","yes",31,"Male","Heterosexual or straight","","",", RMTE29, RMTE3, RMTE34, RMTE19, RMTE31, RMTE35, RMTE18, RMTE21, RMTE17, RMTE30, RMTE9, RMTE15, RMTE22, RMTE27, RMTE6, RMTE25, RMTE28","FL_125","","WallE_1st","RMTE29-female|RMTE3-female|RMTE34-female|RMTE19-female","FL_99|FL_97|FL_108|FL_106","FL_260|FL_278|FL_256|FL_258","FL_312|FL_316|FL_298|FL_314|FL_318","emotions_inst_before|emotions_before","emotions_inst_after|emotions_after",16.8,1.60776136756542,1,0,1,0,1,1,1,1,1,1,1,1,1,1,1,0,1,0.823529411764706,2,15,11,12,9,7,4,8,13,16,14,17,1,10,5,3,6,"WallE",-1,-1,0,1,-1,-1,-2,0,-2,-2,-1.28079907270886,-1.26315789473684
"5eb29fdddac67500082c1089","Sexual",705,"Yes","","20",1,6,1,1,2,3,8,1,9,9,"Happy|Sexually aroused|Bored|Tired|Hungry|Enthusiastic|Alert|Sad|Angry|Interested","16.225","desire","20.284","fantasizing","10.762","preoccupied","7.985","contemplative","17.4","doubtful","18.84","decisive","12.46","tentative","16.916","fantasizing","13.295","preoccupied","11","interested","15.691","cautious","17.971","interested","16.744","reflective","9.489","flirtatious","23.232","dispirited","20.1","distrustful","21.697","contemplative",8,6,1,1,2,4,9,1,7,9,"Enthusiastic|Tired|Happy|Sad|Alert|Sexually aroused|Hungry|Interested|Angry|Bored","","yes",47,"Male","Heterosexual or straight","","",", RMTE29, RMTE17, RMTE22, RMTE34, RMTE9, RMTE35, RMTE31, RMTE27, RMTE3, RMTE19, RMTE30, RMTE18, RMTE25, RMTE6, RMTE28, RMTE15, RMTE21","FL_124","FloorSex_1st","","RMTE29-female|RMTE17-female|RMTE22-female|RMTE34-female","FL_111|FL_97|FL_99|FL_103","FL_252|FL_264|FL_278|FL_262","FL_314|FL_298|FL_318|FL_302|FL_310","emotions_inst_before|emotions_before","emotions_inst_after|emotions_after",11.75,0.542720689696448,1,1,1,1,1,1,1,1,1,1,1,1,1,1,0,1,0,0.882352941176471,9,14,5,16,2,12,10,17,3,13,8,15,1,11,7,4,6,"FloorSex",7,0,0,0,0,1,1,0,-2,0,1.96576543123007,4.50526315789474
"5eb589cb083a7343abd1c286","Sexual",585,"Yes","","20",1,5,2,7,7,2,6,1,4,4,"Sexually aroused|Interested|Bored|Enthusiastic|Angry|Happy|Alert|Sad|Hungry|Tired","4.948","desire","4.17","fantasizing","7.101","preoccupied","8.091","contemplative","39.182","playful","16.861","amused","4.1","grateful","4.481","embarrassed","8.2","insisting","5.971","interested","3.4","cautious","8.497","interested","4.201","reflective","133.101","flirtatious","30.49","confident","3.469","baffled","15.987","puzzled",1,6,2,7,2,2,6,1,3,4,"Interested|Alert|Hungry|Enthusiastic|Angry|Sad|Happy|Bored|Sexually aroused|Tired","","yes",28,"Male","Heterosexual or straight","","",", RMTE35, RMTE15, RMTE6, RMTE22, RMTE18, RMTE27, RMTE3, RMTE29, RMTE25, RMTE28, RMTE19, RMTE9, RMTE30, RMTE31, RMTE17, RMTE21, RMTE34","FL_124","SamTaylor_1st","","RMTE35-female|RMTE15-female|RMTE6-female|RMTE22-female","FL_108|FL_103|FL_95|FL_101","FL_270|FL_274|FL_264|FL_256","FL_322|FL_324|FL_304|FL_310|FL_326","emotions_inst_before|emotions_before","emotions_inst_after|emotions_after",9.75,0.120922401431509,1,1,1,1,0,0,0,0,0,1,1,1,1,1,1,0,0,0.588235294117647,7,3,12,2,15,5,11,16,4,9,6,10,8,13,14,17,1,"SamTaylor",0,1,0,0,-5,0,0,0,-1,0,-1.08851964299422,-2.49473684210526
"5ec2565602a64c0122492a03","Neutral",572,"","Yes","20",2,7,1,2,3,6,7,1,6,8,"Alert|Happy|Interested|Sexually aroused|Tired|Hungry|Angry|Enthusiastic|Bored|Sad","4.674","convinced","9.237","alarmed","4.175","preoccupied","6.798","contemplative","8.834","doubtful","5.613","decisive","8.936","tentative","5.775","confused","7.286","preoccupied","28.316","interested","4.428","cautious","7.391","interested","7.002","reflective","3.692","flirtatious","7.748","confident","13.983","distrustful","5.801","nervous",1,7,1,1,4,7,6,1,6,6,"Angry|Interested|Happy|Sad|Tired|Sexually aroused|Hungry|Alert|Enthusiastic|Bored","","yes",32,"Male","Heterosexual or straight","","",", RMTE25, RMTE35, RMTE34, RMTE31, RMTE17, RMTE30, RMTE21, RMTE9, RMTE15, RMTE6, RMTE28, RMTE27, RMTE22, RMTE29, RMTE19, RMTE3, RMTE18","FL_125","","CocktailDate_1st","RMTE25-female|RMTE35-female|RMTE34-female|RMTE31-female","FL_109|FL_100|FL_106|FL_111","FL_258|FL_254|FL_274|FL_272","FL_312|FL_320|FL_308|FL_296|FL_306","emotions_inst_before|emotions_before","emotions_inst_after|emotions_after",9.53333333333333,0.0752275868694739,0,0,1,1,1,1,1,0,1,1,1,1,1,1,1,1,1,0.823529411764706,16,10,8,9,5,17,15,7,13,1,12,11,14,6,4,3,2,"CocktailDate",-1,0,0,-1,1,1,-1,0,0,-2,-1.28079907270886,-1.26315789473684
"5ec2c25677e7ea0c69b51567","Sexual",409,"Yes","","20",1,4,1,1,1,3,6,1,4,4,"Sad|Happy|Sexually aroused|Tired|Alert|Bored|Angry|Interested|Enthusiastic|Hungry","9.245","desire","6.44","fantasizing","4.522","preoccupied","6.042","amused","6.469","aghast","4.143","decisive","5.518","tentative","8.13","fantasizing","3.754","preoccupied","3.95","interested","11.002","arrogant","6.688","interested","19.055","reflective","5.327","flirtatious","4.434","confident","5.645","baffled","3.701","puzzled",3,5,1,1,1,1,9,1,5,9,"Angry|Tired|Sexually aroused|Hungry|Interested|Enthusiastic|Bored|Alert|Happy|Sad","","yes",34,"Male","Heterosexual or straight","","",", RMTE27, RMTE3, RMTE34, RMTE29, RMTE30, RMTE22, RMTE15, RMTE18, RMTE17, RMTE28, RMTE19, RMTE31, RMTE6, RMTE21, RMTE35, RMTE25, RMTE9","FL_124","SamTaylor_1st","","RMTE27-female|RMTE3-female|RMTE34-female|RMTE29-female","FL_100|FL_105|FL_110|FL_108","FL_260|FL_274|FL_264|FL_280","FL_298|FL_310|FL_328|FL_314|FL_300","emotions_inst_before|emotions_before","emotions_inst_after|emotions_after",6.81666666666667,-0.497715088023735,1,1,1,0,0,1,1,1,1,1,0,1,1,1,1,0,0,0.705882352941177,2,13,17,7,9,8,11,14,6,16,1,10,4,5,12,3,15,"SamTaylor",2,1,0,0,0,-2,3,0,1,5,-0.215866764644423,-0.494736842105263
"5ec300b3f3df631383fb27e0","Neutral",339,"","Yes","20",3,8,1,2,1,7,6,1,8,8,"Sad|Sexually aroused|Alert|Happy|Interested|Bored|Tired|Enthusiastic|Angry|Hungry","2.466","convinced","2.55","fantasizing","2.934","preoccupied","19.728","contemplative","6.715","aghast","2.158","decisive","2.578","tentative","6.526","fantasizing","4.098","insisting","3.369","interested","2.925","cautious","4.786","interested","2.811","reflective","2.834","flirtatious","2.005","confident","4.138","distrustful","3.815","contemplative",3,8,2,1,3,6,8,1,8,8,"Happy|Hungry|Sad|Alert|Bored|Tired|Angry|Interested|Sexually aroused|Enthusiastic","","yes",22,"Male","Heterosexual or straight","","",", RMTE15, RMTE21, RMTE34, RMTE35, RMTE28, RMTE6, RMTE18, RMTE3, RMTE29, RMTE31, RMTE9, RMTE22, RMTE27, RMTE19, RMTE17, RMTE30, RMTE25","FL_125","","MadMen_1st","RMTE15-female|RMTE21-female|RMTE34-female|RMTE35-female","FL_102|FL_112|FL_108|FL_95","FL_276|FL_280|FL_256|FL_268","FL_316|FL_308|FL_304|FL_322|FL_314","emotions_inst_before|emotions_before","emotions_inst_after|emotions_after",5.65,-0.743764089511616,0,1,1,1,0,1,1,1,0,1,1,1,1,1,1,1,0,0.764705882352941,8,6,11,1,15,7,14,2,12,17,13,5,9,16,10,3,4,"MadMen",0,0,1,-1,2,-1,2,0,0,0,-0.339605814733411,-0.263157894736842
"5f2de4218462fd12f8aee07e","Neutral",438,"","Yes","20",4,9,2,3,7,3,6,1,4,7,"Enthusiastic|Sad|Tired|Alert|Hungry|Sexually aroused|Happy|Bored|Interested|Angry","2.687","desire","3.191","fantasizing","4.495","preoccupied","4.218","amused","4.348","playful","5.306","amused","15.877","grateful","3.477","fantasizing","42.524","preoccupied","6.088","interested","5.092","cautious","7.832","interested","4.291","reflective","2.078","flirtatious","18.124","confident","8.116","baffled","13.35","contemplative",4,9,1,3,4,3,8,1,6,7,"Sad|Hungry|Interested|Bored|Happy|Sexually aroused|Enthusiastic|Alert|Tired|Angry","","yes",25,"Male","Heterosexual or straight","","",", RMTE19, RMTE35, RMTE6, RMTE21, RMTE28, RMTE25, RMTE18, RMTE27, RMTE9, RMTE30, RMTE15, RMTE17, RMTE22, RMTE3, RMTE31, RMTE34, RMTE29","FL_125","","WallE_1st","RMTE19-female|RMTE35-female|RMTE6-female|RMTE21-female","FL_102|FL_104|FL_108|FL_103","FL_256|FL_278|FL_258|FL_260","FL_312|FL_296|FL_324|FL_326|FL_320","emotions_inst_before|emotions_before","emotions_inst_after|emotions_after",7.3,-0.395780501693041,1,1,1,0,0,0,0,1,1,1,1,1,1,1,1,0,0,0.647058823529412,14,3,9,11,12,7,1,4,13,6,8,5,17,10,15,16,2,"WallE",0,0,-1,0,-3,0,2,0,2,0,-0.339605814733411,-0.263157894736842
"5f3c29b01c4817a51a7d9d3c","Neutral",539,"","Yes","20",1,5,1,2,3,6,6,1,4,5,"Hungry|Alert|Happy|Sad|Bored|Enthusiastic|Tired|Sexually aroused|Interested|Angry","13.313","desire","11.729","impatient","10.572","preoccupied","14.239","contemplative","11.18","doubtful","8.191","decisive","10.696","tentative","12.516","fantasizing","12.732","preoccupied","18.045","interested","12.588","arrogant","10.507","interested","16.439","impatient","9.531","flirtatious","12.955","confident","16.809","distrustful","9.058","nervous",1,4,1,1,2,5,7,1,3,7,"Enthusiastic|Alert|Hungry|Angry|Tired|Bored|Happy|Sad|Sexually aroused|Interested","","yes",45,"Male","Heterosexual or straight","","",", RMTE31, RMTE15, RMTE25, RMTE6, RMTE17, RMTE18, RMTE34, RMTE3, RMTE30, RMTE9, RMTE19, RMTE27, RMTE21, RMTE35, RMTE22, RMTE29, RMTE28","FL_125","","MadMen_1st","RMTE31-female|RMTE15-female|RMTE25-female|RMTE6-female","FL_109|FL_108|FL_98|FL_95","FL_278|FL_256|FL_264|FL_272","FL_310|FL_328|FL_312|FL_320|FL_318","emotions_inst_before|emotions_before","emotions_inst_after|emotions_after",8.98333333333333,-0.0407669424033843,1,0,1,1,1,1,1,1,1,1,0,1,0,1,1,1,1,0.823529411764706,8,4,10,2,5,6,11,13,15,3,12,17,16,9,1,7,14,"MadMen",0,-1,0,-1,-1,-1,1,0,-1,2,-0.339605814733411,-0.263157894736842
"5f40205989c7a912f71e7ee9","Sexual",337,"Yes","","20",4,5,6,5,6,6,6,5,4,6,"Angry|Sad|Tired|Sexually aroused|Hungry|Happy|Bored|Enthusiastic|Alert|Interested","1.036","flustered","3.937","fantasizing","2.71","preoccupied","1.975","flustered","2.477","doubtful","2.937","decisive","7.381","tentative","2.971","fantasizing","2.886","preoccupied","1.227","despondent","2.914","reassuring","1.392","contented","4.458","irritated","134.292","flirtatious","1.962","confident","3.964","aghast","6.89","nervous",5,5,5,5,5,5,5,5,5,5,"Hungry|Interested|Happy|Sad|Enthusiastic|Sexually aroused|Angry|Tired|Bored|Alert","","yes",37,"Male","Heterosexual or straight","","",", RMTE19, RMTE34, RMTE17, RMTE6, RMTE18, RMTE29, RMTE15, RMTE31, RMTE35, RMTE3, RMTE28, RMTE25, RMTE27, RMTE30, RMTE21, RMTE22, RMTE9","FL_124","BedroomOral_1st","","RMTE19-female|RMTE34-female|RMTE17-female|RMTE6-female","FL_108|FL_101|FL_110|FL_99","FL_284|FL_252|FL_274|FL_270","FL_316|FL_322|FL_310|FL_312|FL_300","emotions_inst_before|emotions_before","emotions_inst_after|emotions_after",5.61666666666667,-0.750794060982698,0,1,1,0,1,1,1,1,1,0,0,0,0,1,1,0,1,0.588235294117647,10,4,17,7,3,5,1,15,16,12,13,11,6,14,8,2,9,"BedroomOral",1,0,-1,0,-1,-1,-1,0,1,-1,-0.652193203819322,-1.49473684210526
"5f454fc543b5c9111aaedb33","Sexual",370,"Yes","","20",1,4,1,2,4,4,5,1,5,5,"Bored|Tired|Angry|Hungry|Alert|Sexually aroused|Interested|Enthusiastic|Sad|Happy","4.703","desire","6.269","impatient","5.843","preoccupied","3.18","contemplative","6.605","doubtful","5.917","decisive","6.228","tentative","8.297","fantasizing","7.118","imploring","5.242","interested","3.721","cautious","7.14","interested","8.145","reflective","7.536","hostile","7.251","confident","4.56","distrustful","3.709","nervous",1,4,1,1,4,5,5,1,1,5,"Hungry|Alert|Happy|Interested|Bored|Angry|Sad|Tired|Enthusiastic|Sexually aroused","","yes",39,"Male","Heterosexual or straight","","",", RMTE29, RMTE30, RMTE28, RMTE34, RMTE19, RMTE31, RMTE6, RMTE9, RMTE18, RMTE3, RMTE35, RMTE25, RMTE21, RMTE17, RMTE27, RMTE22, RMTE15","FL_124","BedroomOral_1st","","RMTE29-female|RMTE30-female|RMTE28-female|RMTE34-female","FL_107|FL_99|FL_112|FL_111","FL_262|FL_252|FL_284|FL_270","FL_310|FL_304|FL_316|FL_312|FL_302","emotions_inst_before|emotions_before","emotions_inst_after|emotions_after",6.16666666666667,-0.63479953170984,1,0,1,1,1,1,1,1,0,1,1,1,1,0,1,1,1,0.823529411764706,10,7,8,17,14,9,5,13,16,12,15,3,1,2,6,4,11,"BedroomOral",0,0,0,-1,0,1,0,0,-4,0,-1.08851964299422,-2.49473684210526
"5f480e3d7dfbf1293fbf1012","Sexual",498,"Yes","","20",3,6,1,1,1,2,8,1,7,8,"Happy|Interested|Tired|Angry|Alert|Sexually aroused|Hungry|Enthusiastic|Sad|Bored","8.237","desire","19.735","fantasizing","25.867","preoccupied","7.499","contemplative","9.002","aghast","12.901","decisive","7.297","tentative","4.702","fantasizing","7.789","preoccupied","6.201","despondent","7.334","cautious","11.026","contented","6.801","reflective","7.101","flirtatious","19.222","dispirited","11.616","distrustful","6.731","nervous",4,7,1,1,1,1,8,2,8,8,"Interested|Alert|Bored|Enthusiastic|Hungry|Tired|Sexually aroused|Sad|Happy|Angry","","yes",27,"Male","Heterosexual or straight","","",", RMTE3, RMTE30, RMTE6, RMTE35, RMTE17, RMTE25, RMTE19, RMTE22, RMTE31, RMTE34, RMTE18, RMTE29, RMTE27, RMTE28, RMTE15, RMTE9, RMTE21","FL_124","FloorSex_1st","","RMTE3-female|RMTE30-female|RMTE6-female|RMTE35-female","FL_109|FL_104|FL_107|FL_105","FL_280|FL_282|FL_262|FL_276","FL_316|FL_318|FL_302|FL_300|FL_310","emotions_inst_before|emotions_before","emotions_inst_after|emotions_after",8.3,-0.184881357560572,1,1,1,1,0,1,1,1,1,0,1,0,1,1,0,1,1,0.764705882352941,1,3,16,15,5,11,7,17,8,6,13,14,12,2,9,10,4,"FloorSex",1,1,0,0,0,-1,0,1,1,0,-0.652193203819322,-1.49473684210526
"5f4cc54c57230502cd1ec6a5","Neutral",452,"","Yes","20",1,6,1,1,1,1,8,1,8,8,"Interested|Alert|Hungry|Sexually aroused|Bored|Sad|Happy|Angry|Tired|Enthusiastic","7.251","desire","6.435","fantasizing","4.536","preoccupied","5.298","contemplative","10.415","doubtful","24.265","decisive","10.593","grateful","7.595","fantasizing","5.891","preoccupied","7.094","interested","12.017","cautious","12.401","interested","8.274","reflective","4.256","flirtatious","7.201","confident","8.22","distrustful","5.596","nervous",3,6,1,1,1,1,8,1,8,8,"Enthusiastic|Bored|Happy|Tired|Alert|Angry|Sad|Sexually aroused|Hungry|Interested","","yes",50,"Male","Heterosexual or straight","","",", RMTE25, RMTE31, RMTE9, RMTE3, RMTE15, RMTE29, RMTE35, RMTE22, RMTE34, RMTE27, RMTE21, RMTE18, RMTE28, RMTE6, RMTE17, RMTE19, RMTE30","FL_125","","MadMen_1st","RMTE25-female|RMTE31-female|RMTE9-female|RMTE3-female","FL_110|FL_101|FL_97|FL_105","FL_282|FL_272|FL_266|FL_262","FL_318|FL_298|FL_304|FL_308|FL_322","emotions_inst_before|emotions_before","emotions_inst_after|emotions_after",7.53333333333333,-0.346570701395465,1,1,1,1,1,1,0,1,1,1,1,1,1,1,1,1,1,0.941176470588235,4,14,3,5,15,12,16,11,8,1,10,13,6,17,2,9,7,"MadMen",2,0,0,0,0,0,0,0,0,0,1.54278070121749,1.73684210526316
"5f50df740cd9d52780816cca","Neutral",441,"","Yes","20",1,5,3,2,3,3,7,1,5,5,"Sexually aroused|Angry|Alert|Happy|Hungry|Tired|Sad|Interested|Enthusiastic|Bored","9.66","desire","11.008","impatient","7.298","preoccupied","6.669","encouraging","9.23","doubtful","6.151","decisive","5.853","tentative","6.279","fantasizing","5.914","preoccupied","7.494","interested","14.891","cautious","11.412","interested","10.658","reflective","5.172","flirtatious","6.141","confident","14.038","distrustful","10.335","nervous",2,5,2,1,2,1,7,1,6,6,"Hungry|Sexually aroused|Interested|Sad|Alert|Happy|Tired|Bored|Angry|Enthusiastic","","yes",46,"Male","Heterosexual or straight","","",", RMTE3, RMTE29, RMTE17, RMTE35, RMTE27, RMTE6, RMTE22, RMTE19, RMTE25, RMTE9, RMTE15, RMTE21, RMTE34, RMTE30, RMTE18, RMTE31, RMTE28","FL_125","","MadMen_1st","RMTE3-female|RMTE29-female|RMTE17-female|RMTE35-female","FL_103|FL_112|FL_105|FL_107","FL_270|FL_256|FL_258|FL_266","FL_326|FL_322|FL_306|FL_324|FL_318","emotions_inst_before|emotions_before","emotions_inst_after|emotions_after",7.35,-0.385235544486418,1,0,1,0,1,1,1,1,1,1,1,1,1,1,1,1,1,0.882352941176471,1,6,10,11,3,15,8,12,7,9,5,17,2,14,16,13,4,"MadMen",1,0,-1,-1,-1,-2,0,0,1,1,0.601587443242042,0.736842105263158
"5f59c4de09a8be00087bb9d0","Neutral",473,"","Yes","20",2,4,6,6,8,1,4,3,2,2,"Hungry|Sad|Interested|Alert|Angry|Happy|Tired|Sexually aroused|Enthusiastic|Bored","7.726","desire","7.504","impatient","6.301","preoccupied","13.341","contemplative","7.827","doubtful","10.136","decisive","11.401","tentative","5.419","fantasizing","5.532","preoccupied","13.031","incredulous","7.365","arrogant","11.944","joking","9.039","reflective","4.326","flirtatious","6.427","confident","11.463","distrustful","15.489","nervous",2,3,4,6,8,1,3,1,2,3,"Happy|Sexually aroused|Enthusiastic|Sad|Interested|Bored|Hungry|Angry|Tired|Alert","","yes",42,"Male","Heterosexual or straight","","No thank you",", RMTE19, RMTE27, RMTE30, RMTE3, RMTE18, RMTE6, RMTE15, RMTE25, RMTE17, RMTE34, RMTE29, RMTE28, RMTE22, RMTE35, RMTE9, RMTE21, RMTE31","FL_125","","WallE_1st","RMTE19-female|RMTE27-female|RMTE30-female|RMTE3-female","FL_108|FL_112|FL_110|FL_104","FL_260|FL_282|FL_276|FL_274","FL_312|FL_328|FL_300|FL_310|FL_324","emotions_inst_before|emotions_before","emotions_inst_after|emotions_after",7.88333333333333,-0.272756000949101,1,0,1,1,1,1,1,1,1,0,0,0,1,1,1,1,1,0.764705882352941,4,6,15,7,9,5,1,16,13,8,2,12,11,3,17,10,14,"WallE",0,-1,-2,0,0,0,-1,-2,0,1,-0.339605814733411,-0.263157894736842
"5f883e9080d4db2a8b9a77b5","Neutral",584,"","Yes","20",3,6,3,3,6,7,7,2,5,7,"Tired|Bored|Enthusiastic|Sad|Happy|Hungry|Sexually aroused|Alert|Interested|Angry","10.461","desire","14.205","fantasizing","12.693","preoccupied","10.758","contemplative","12.13","doubtful","19.953","bored","26.961","tentative","10.75","fantasizing","10.518","preoccupied","30.918","interested","8.711","cautious","10.779","interested","22.179","impatient","10.162","flirtatious","9.999","confident","13.464","baffled","10.019","nervous",4,6,2,3,5,6,7,1,5,7,"Hungry|Happy|Sexually aroused|Sad|Alert|Tired|Bored|Interested|Angry|Enthusiastic","","yes",30,"Male","Heterosexual or straight","","",", RMTE30, RMTE29, RMTE17, RMTE27, RMTE19, RMTE21, RMTE34, RMTE15, RMTE18, RMTE3, RMTE31, RMTE22, RMTE6, RMTE35, RMTE9, RMTE28, RMTE25","FL_125","","WallE_1st","RMTE30-female|RMTE29-female|RMTE17-female|RMTE27-female","FL_107|FL_106|FL_98|FL_110","FL_262|FL_252|FL_280|FL_268","FL_298|FL_328|FL_300|FL_318|FL_314","emotions_inst_before|emotions_before","emotions_inst_after|emotions_after",9.73333333333333,0.117407415695968,1,1,1,1,1,0,1,1,1,1,1,1,0,1,1,0,1,0.823529411764706,10,13,15,8,3,9,5,6,12,17,4,16,2,1,11,7,14,"WallE",1,0,-1,0,-1,-1,0,-1,0,0,0.601587443242042,0.736842105263158
"5fc67e7a8afba32fc5da37b6","Neutral",454,"","Yes","20",1,7,1,2,5,6,7,1,7,7,"Sad|Happy|Hungry|Bored|Sexually aroused|Alert|Enthusiastic|Tired|Angry|Interested","4.964","desire","5.209","fantasizing","2.809","preoccupied","6.404","contemplative","2.505","doubtful","5.308","decisive","9.54","tentative","3.503","fantasizing","4.058","preoccupied","4.955","interested","4.546","cautious","8.361","interested","10.663","reflective","9.649","flirtatious","2.495","confident","13.218","distrustful","5.129","nervous",2,7,1,1,4,3,7,1,7,7,"Sexually aroused|Angry|Alert|Interested|Tired|Hungry|Enthusiastic|Happy|Bored|Sad","","Yes",41,"Male","Heterosexual or straight","","",", RMTE34, RMTE18, RMTE22, RMTE27, RMTE6, RMTE29, RMTE15, RMTE25, RMTE19, RMTE35, RMTE17, RMTE21, RMTE30, RMTE3, RMTE9, RMTE28, RMTE31","FL_125","","CocktailDate_1st","RMTE34-female|RMTE18-female|RMTE22-female|RMTE27-female","FL_112|FL_101|FL_110|FL_104","FL_264|FL_284|FL_260|FL_266","FL_322|FL_296|FL_300|FL_318|FL_324","emotions_inst_before|emotions_before","emotions_inst_after|emotions_after",7.56666666666667,-0.339540729924383,1,1,1,1,1,1,1,1,1,1,1,1,1,1,1,1,1,1,14,5,15,7,11,2,9,12,3,8,4,16,6,13,17,1,10,"CocktailDate",1,0,0,-1,-1,-3,0,0,0,0,0.601587443242042,0.736842105263158
"5fd6086aaf53b048bab167f1","Neutral",412,"","Yes","20",1,5,1,1,1,1,4,1,4,4,"Sexually aroused|Tired|Happy|Angry|Alert|Bored|Sad|Interested|Enthusiastic|Hungry","19.287","joking","7.085","aghast","7.836","hostile","6.74","contemplative","7.002","doubtful","7.854","amused","13.447","tentative","11.374","fantasizing","7.483","preoccupied","8.438","incredulous","7.063","cautious","6.383","contented","5.796","irritated","7.167","flirtatious","7.4","dispirited","5.645","baffled","5.528","contemplative",1,2,1,1,1,1,4,1,2,4,"Enthusiastic|Happy|Tired|Hungry|Angry|Bored|Sad|Alert|Sexually aroused|Interested","","yes",32,"Male","Heterosexual or straight","","",", RMTE18, RMTE27, RMTE9, RMTE6, RMTE21, RMTE28, RMTE17, RMTE34, RMTE25, RMTE29, RMTE15, RMTE35, RMTE30, RMTE22, RMTE31, RMTE3, RMTE19","FL_125","","CocktailDate_1st","RMTE18-female|RMTE27-female|RMTE9-female|RMTE6-female","FL_106|FL_102|FL_109|FL_98","FL_270|FL_276|FL_258|FL_284","FL_322|FL_312|FL_324|FL_296|FL_308","emotions_inst_before|emotions_before","emotions_inst_after|emotions_after",6.86666666666667,-0.487170130817111,0,0,0,1,1,0,1,1,1,0,1,0,0,1,0,0,0,0.411764705882353,16,4,3,11,7,1,17,5,14,9,2,6,10,13,15,8,12,"CocktailDate",0,-3,0,0,0,0,0,0,-2,0,-0.339605814733411,-0.263157894736842
"5fdf36fca4feb073b76da5e9","Sexual",717,"Yes","","20",1,6,1,2,3,4,5,1,5,7,"Sexually aroused|Enthusiastic|Bored|Tired|Interested|Happy|Angry|Alert|Hungry|Sad","13.121","convinced","13.252","alarmed","6.26","preoccupied","11.664","contemplative","6.072","doubtful","11.729","decisive","6.523","tentative","6.647","fantasizing","4.13","preoccupied","8.151","interested","4.001","cautious","14.191","interested","4.5","reflective","9.995","hostile","11.897","confident","7.183","baffled","6.832","nervous",4,5,1,1,5,4,7,1,5,6,"Enthusiastic|Sad|Happy|Tired|Interested|Angry|Alert|Hungry|Bored|Sexually aroused","","yes",41,"Male","Heterosexual or straight","","No comments. Thanks.",", RMTE15, RMTE3, RMTE17, RMTE9, RMTE25, RMTE31, RMTE29, RMTE18, RMTE30, RMTE21, RMTE27, RMTE34, RMTE35, RMTE19, RMTE28, RMTE22, RMTE6","FL_124","FloorSex_1st","","RMTE15-female|RMTE3-female|RMTE17-female|RMTE9-female","FL_104|FL_99|FL_101|FL_108","FL_278|FL_266|FL_272|FL_282","FL_328|FL_308|FL_318|FL_312|FL_298","emotions_inst_before|emotions_before","emotions_inst_after|emotions_after",11.95,0.584900518522942,0,0,1,1,1,1,1,1,1,1,1,1,1,0,1,0,1,0.764705882352941,2,17,4,1,3,8,14,10,16,5,11,15,7,9,6,12,13,"FloorSex",3,-1,0,-1,2,0,2,0,0,-1,0.220459674530475,0.505263157894737
"5fe7286bc92b3656632ac24d","Neutral",481,"","Yes","20",1,6,1,2,3,4,8,1,5,6,"Enthusiastic|Alert|Interested|Sad|Sexually aroused|Bored|Tired|Happy|Hungry|Angry","5.077","desire","2.754","fantasizing","4.274","preoccupied","44.344","contemplative","4.512","doubtful","3.982","decisive","4.745","tentative","3.677","fantasizing","3.744","preoccupied","4.569","interested","3.41","cautious","8.394","interested","63.224","irritated","4.636","flirtatious","5.612","confident","4.805","distrustful","2.936","nervous",1,6,1,1,2,4,8,1,6,6,"Alert|Enthusiastic|Tired|Bored|Sexually aroused|Sad|Interested|Angry|Happy|Hungry","","Yes",24,"Male","Heterosexual or straight","","",", RMTE30, RMTE28, RMTE21, RMTE9, RMTE19, RMTE3, RMTE27, RMTE25, RMTE18, RMTE22, RMTE15, RMTE29, RMTE34, RMTE31, RMTE6, RMTE17, RMTE35","FL_125","","WallE_1st","RMTE30-female|RMTE28-female|RMTE21-female|RMTE9-female","FL_107|FL_95|FL_103|FL_104","FL_262|FL_268|FL_258|FL_276","FL_326|FL_324|FL_298|FL_304|FL_328","emotions_inst_before|emotions_before","emotions_inst_after|emotions_after",8.01666666666667,-0.244636115064771,1,1,1,1,1,1,1,1,1,1,1,1,0,1,1,1,1,0.941176470588235,6,15,4,11,16,9,5,3,10,8,7,2,12,1,14,13,17,"WallE",0,0,0,-1,-1,0,0,0,1,0,-0.339605814733411,-0.263157894736842
"6005f8260fead291c70fc06e","Sexual",340,"Yes","","20",1,4,2,8,6,3,3,2,4,4,"Sad|Interested|Enthusiastic|Sexually aroused|Happy|Bored|Alert|Angry|Tired|Hungry","3.397","desire","3.202","fantasizing","6.1","hostile","5.476","contemplative","5.301","playful","5.297","decisive","4.537","arrogant","2.953","fantasizing","4.843","imploring","3.774","interested","2.593","cautious","7.902","interested","5.477","reflective","3.054","flirtatious","3.929","confident","8.593","aghast","2.708","puzzled",7,4,3,4,3,4,6,2,3,6,"Tired|Hungry|Sexually aroused|Interested|Angry|Bored|Sad|Alert|Enthusiastic|Happy","","yes",47,"Male","Heterosexual or straight","","",", RMTE34, RMTE28, RMTE15, RMTE9, RMTE18, RMTE3, RMTE19, RMTE17, RMTE22, RMTE25, RMTE29, RMTE31, RMTE35, RMTE30, RMTE21, RMTE6, RMTE27","FL_124","FloorSex_1st","","RMTE34-female|RMTE28-female|RMTE15-female|RMTE9-female","FL_108|FL_95|FL_107|FL_109","FL_268|FL_270|FL_276|FL_280","FL_328|FL_322|FL_310|FL_298|FL_316","emotions_inst_before|emotions_before","emotions_inst_after|emotions_after",5.66666666666667,-0.740249103776075,1,1,0,1,0,1,0,1,0,1,1,1,1,1,1,0,0,0.647058823529412,6,16,4,3,8,5,7,15,9,10,17,2,11,14,12,1,13,"FloorSex",6,0,1,-4,-3,1,3,0,-1,2,1.52943899205517,3.50526315789474
"60070a96a79c2513d8f96b50","Sexual",517,"Yes","","20",2,6,2,3,4,2,7,1,6,7,"Bored|Happy|Sexually aroused|Tired|Enthusiastic|Alert|Hungry|Sad|Angry|Interested","4.899","desire","4.201","fantasizing","4.526","preoccupied","4.309","contemplative","8.377","doubtful","10.709","decisive","6.744","tentative","8.563","fantasizing","6.995","imploring","10.986","despondent","7.002","cautious","32.967","interested","7.298","reflective","6.412","flirtatious","6.746","confident","17.715","baffled","12.444","insisting",8,8,1,1,1,1,8,1,8,8,"Sexually aroused|Alert|Angry|Tired|Sad|Bored|Happy|Hungry|Enthusiastic|Interested","","yes",49,"Male","Heterosexual or straight","","",", RMTE18, RMTE34, RMTE30, RMTE35, RMTE28, RMTE21, RMTE31, RMTE25, RMTE27, RMTE19, RMTE6, RMTE17, RMTE29, RMTE9, RMTE15, RMTE3, RMTE22","FL_124","FloorSex_1st","","RMTE18-female|RMTE34-female|RMTE30-female|RMTE35-female","FL_102|FL_106|FL_99|FL_104","FL_272|FL_264|FL_254|FL_260","FL_320|FL_300|FL_302|FL_296|FL_312","emotions_inst_before|emotions_before","emotions_inst_after|emotions_after",8.61666666666667,-0.11809662858529,1,1,1,1,1,1,1,1,0,0,1,1,1,1,1,0,0,0.764705882352941,16,11,14,15,12,1,10,6,17,8,9,5,13,3,7,2,4,"FloorSex",6,2,-1,-2,-3,-1,1,0,2,1,1.52943899205517,3.50526315789474
"600f46f6c513db11698a960d","Sexual",431,"Yes","","20",2,3,5,3,8,2,1,1,1,2,"Alert|Enthusiastic|Hungry|Interested|Angry|Tired|Bored|Happy|Sad|Sexually aroused","4.792","desire","8.236","fantasizing","4.965","preoccupied","8.053","contemplative","8.174","affectionate","6.438","decisive","3.825","tentative","5.307","fantasizing","26.331","preoccupied","7.416","interested","7.113","cautious","3.943","interested","5.92","aghast","7.102","flirtatious","4.999","confident","10.735","baffled","4.739","nervous",8,6,1,1,1,2,2,1,5,5,"Interested|Enthusiastic|Angry|Sad|Hungry|Bored|Alert|Happy|Tired|Sexually aroused","","yes",43,"Male","Heterosexual or straight","","",", RMTE6, RMTE9, RMTE25, RMTE27, RMTE17, RMTE35, RMTE3, RMTE15, RMTE22, RMTE34, RMTE18, RMTE21, RMTE29, RMTE31, RMTE19, RMTE30, RMTE28","FL_124","SamTaylor_1st","","RMTE6-female|RMTE9-female|RMTE25-female|RMTE27-female","FL_109|FL_97|FL_95|FL_110","FL_268|FL_282|FL_262|FL_266","FL_320|FL_324|FL_308|FL_322|FL_318","emotions_inst_before|emotions_before","emotions_inst_after|emotions_after",7.18333333333333,-0.420385401841829,1,1,1,1,0,1,1,1,1,1,1,1,0,1,1,0,1,0.823529411764706,7,1,2,8,5,11,15,12,9,3,4,17,13,16,14,10,6,"SamTaylor",6,3,-4,-2,-7,0,1,0,4,3,1.52943899205517,3.50526315789474
"604a4755d62e5590404b5426","Sexual",575,"Yes","","20",1,7,1,2,4,2,7,1,8,7,"Interested|Alert|Enthusiastic|Angry|Sexually aroused|Happy|Sad|Tired|Hungry|Bored","4.555","desire","4.54","fantasizing","16.962","hostile","2.793","contemplative","16.493","doubtful","72.027","decisive","7.3","tentative","11.816","fantasizing","26.576","preoccupied","9.219","interested","9.234","cautious","3.956","interested","8.443","reflective","5.79","flirtatious","65.822","confident","7.067","distrustful","3.75","nervous",4,8,2,2,2,2,8,1,7,8,"Bored|Sad|Enthusiastic|Tired|Alert|Hungry|Angry|Sexually aroused|Happy|Interested","","Yes",40,"Male","Heterosexual or straight","","",", RMTE27, RMTE19, RMTE35, RMTE29, RMTE34, RMTE3, RMTE6, RMTE28, RMTE22, RMTE21, RMTE30, RMTE25, RMTE18, RMTE9, RMTE17, RMTE31, RMTE15","FL_124","BedroomOral_1st","","RMTE27-female|RMTE19-female|RMTE35-female|RMTE29-female","FL_98|FL_95|FL_112|FL_102","FL_268|FL_266|FL_278|FL_270","FL_306|FL_300|FL_304|FL_324|FL_302","emotions_inst_before|emotions_before","emotions_inst_after|emotions_after",9.58333333333333,0.0857725440760974,1,1,0,1,1,1,1,1,1,1,1,1,1,1,1,1,1,0.941176470588235,6,7,14,17,15,13,2,10,9,12,1,8,4,11,16,5,3,"BedroomOral",3,1,1,0,-2,0,1,0,-1,1,0.220459674530475,0.505263157894737
"605c8fc7ade50f818d2ce53f","Neutral",414,"","Yes","20",2,1,7,1,6,5,5,8,6,7,"Happy|Hungry|Interested|Bored|Sad|Angry|Tired|Alert|Sexually aroused|Enthusiastic","6.345","desire","2.793","fantasizing","3.354","preoccupied","5.008","contemplative","4.977","doubtful","2.309","decisive","5.27","tentative","4.677","fantasizing","3.791","preoccupied","2.371","incredulous","3.15","cautious","5.302","interested","8.918","reflective","3.246","flirtatious","8.944","confident","8.082","distrustful","5.168","nervous",2,1,8,6,7,3,4,8,3,4,"Alert|Enthusiastic|Tired|Sad|Interested|Bored|Sexually aroused|Happy|Angry|Hungry","","yes",31,"Male","Heterosexual or straight","","",", RMTE31, RMTE3, RMTE27, RMTE9, RMTE35, RMTE17, RMTE28, RMTE30, RMTE15, RMTE19, RMTE18, RMTE6, RMTE29, RMTE25, RMTE34, RMTE21, RMTE22","FL_125","","CocktailDate_1st","RMTE31-female|RMTE3-female|RMTE27-female|RMTE9-female","FL_97|FL_109|FL_102|FL_100","FL_258|FL_264|FL_262|FL_254","FL_320|FL_314|FL_326|FL_310|FL_312","emotions_inst_before|emotions_before","emotions_inst_after|emotions_after",6.9,-0.480140159346029,1,1,1,1,1,1,1,1,1,0,1,1,1,1,1,1,1,0.941176470588235,2,12,4,9,6,11,10,16,17,14,3,7,13,8,1,15,5,"CocktailDate",0,0,1,5,1,-2,-1,0,-3,-3,-0.339605814733411,-0.263157894736842
"60a3304ffb8cf482f8d11b6f","Sexual",434,"Yes","","20",1,7,6,1,8,1,6,1,4,7,"Sad|Angry|Alert|Tired|Bored|Enthusiastic|Sexually aroused|Hungry|Interested|Happy","6.487","desire","7.216","fantasizing","5.464","preoccupied","12.586","amused","4.428","doubtful","5.842","decisive","6.713","tentative","5.03","fantasizing","6.078","preoccupied","13.132","interested","9.372","cautious","11.786","affectionate","5.201","reflective","5.153","flirtatious","11.977","confident","21.232","distrustful","6.117","contemplative",2,5,5,4,7,1,6,1,6,5,"Interested|Happy|Angry|Tired|Hungry|Sad|Sexually aroused|Bored|Alert|Enthusiastic","","yes",25,"Male","Heterosexual or straight","","",", RMTE34, RMTE6, RMTE19, RMTE9, RMTE29, RMTE3, RMTE30, RMTE22, RMTE35, RMTE25, RMTE21, RMTE31, RMTE28, RMTE17, RMTE15, RMTE27, RMTE18","FL_124","FloorSex_1st","","RMTE34-female|RMTE6-female|RMTE19-female|RMTE9-female","FL_101|FL_95|FL_100|FL_105","FL_284|FL_270|FL_266|FL_280","FL_318|FL_304|FL_302|FL_316|FL_306","emotions_inst_before|emotions_before","emotions_inst_after|emotions_after",7.23333333333333,-0.409840444635206,1,1,1,0,1,1,1,1,1,1,1,0,1,1,1,1,0,0.823529411764706,6,2,4,15,14,17,3,11,8,10,16,13,5,7,12,1,9,"FloorSex",1,-2,-1,3,-1,0,0,0,2,-2,-0.652193203819322,-1.49473684210526
"60b1073cfd6d4ef92a3fed74","Neutral",572,"","Yes","20",1,4,2,1,1,4,5,1,4,4,"Angry|Happy|Interested|Enthusiastic|Bored|Sad|Hungry|Alert|Tired|Sexually aroused","6.08","desire","9.649","fantasizing","8.134","preoccupied","11.521","amused","7.704","affectionate","8.992","decisive","9.161","tentative","6.907","fantasizing","12.658","preoccupied","7.804","interested","7.237","reassuring","10.793","affectionate","7.834","reflective","5.884","flirtatious","9.898","confident","10.408","baffled","9.033","insisting",1,3,2,1,1,4,4,1,4,4,"Enthusiastic|Hungry|Sexually aroused|Happy|Interested|Alert|Bored|Sad|Angry|Tired","","yes",49,"Male","Heterosexual or straight","","",", RMTE6, RMTE22, RMTE21, RMTE35, RMTE9, RMTE31, RMTE30, RMTE28, RMTE34, RMTE27, RMTE15, RMTE25, RMTE29, RMTE3, RMTE18, RMTE19, RMTE17","FL_125","","MadMen_1st","RMTE6-female|RMTE22-female|RMTE21-female|RMTE35-female","FL_111|FL_99|FL_100|FL_102","FL_282|FL_272|FL_258|FL_270","FL_320|FL_296|FL_306|FL_308|FL_304","emotions_inst_before|emotions_before","emotions_inst_after|emotions_after",9.53333333333333,0.0752275868694739,1,1,1,0,0,1,1,1,1,1,0,0,1,1,1,0,0,0.647058823529412,14,1,5,11,17,15,16,3,2,12,10,8,13,7,6,9,4,"MadMen",0,-1,0,0,0,0,-1,0,0,0,-0.339605814733411,-0.263157894736842
"60bceb1dcefc0afe67041489","Neutral",522,"","Yes","20",2,4,5,4,7,6,2,1,5,4,"Tired|Sad|Happy|Hungry|Enthusiastic|Angry|Interested|Bored|Sexually aroused|Alert","4.288","desire","10.554","fantasizing","3.72","preoccupied","5.58","contemplative","6.934","doubtful","6.077","decisive","6.416","tentative","47.09","fantasizing","4.134","preoccupied","6.295","interested","5.769","cautious","12.942","affectionate","40.409","reflective","5.03","flirtatious","6.574","dispirited","8.885","baffled","8.418","contemplative",1,3,2,3,7,7,3,1,2,5,"Alert|Happy|Hungry|Angry|Tired|Bored|Sad|Enthusiastic|Sexually aroused|Interested","","Yes - accidentally clicked above",48,"Male","Heterosexual or straight","","",", RMTE25, RMTE34, RMTE27, RMTE17, RMTE19, RMTE18, RMTE30, RMTE22, RMTE35, RMTE6, RMTE28, RMTE21, RMTE29, RMTE31, RMTE15, RMTE9, RMTE3","FL_125","","CocktailDate_1st","RMTE25-female|RMTE34-female|RMTE27-female|RMTE17-female","FL_107|FL_108|FL_100|FL_105","FL_284|FL_254|FL_274|FL_266","FL_320|FL_324|FL_302|FL_300|FL_296","emotions_inst_before|emotions_before","emotions_inst_after|emotions_after",8.7,-0.100521699907584,1,1,1,1,1,1,1,1,1,1,1,0,1,1,0,0,0,0.764705882352941,17,10,16,15,4,6,5,12,8,1,3,11,13,7,14,2,9,"CocktailDate",-1,-1,-3,-1,0,1,1,0,-3,1,-1.28079907270886,-1.26315789473684
"60c8eb96a3f6b07df96d2d6e","Sexual",583,"Yes","","20",2,4,6,6,6,2,6,2,6,6,"Interested|Tired|Sad|Alert|Bored|Sexually aroused|Enthusiastic|Angry|Hungry|Happy","65.049","convinced","20.997","fantasizing","4.171","preoccupied","3.696","amused","2.699","aghast","2.782","amused","3.095","arrogant","3.246","fantasizing","3.282","insisting","5.504","incredulous","22.978","cautious","6.15","interested","2.624","impatient","10.033","flirtatious","4.645","confident","2.623","distrustful","20.017","nervous",4,5,2,4,7,7,7,5,4,5,"Alert|Hungry|Angry|Interested|Enthusiastic|Tired|Sexually aroused|Happy|Sad|Bored","","yes",33,"Male","Heterosexual or straight","","",", RMTE30, RMTE31, RMTE9, RMTE25, RMTE35, RMTE18, RMTE3, RMTE28, RMTE27, RMTE15, RMTE19, RMTE22, RMTE6, RMTE29, RMTE34, RMTE17, RMTE21","FL_124","FloorSex_1st","","RMTE30-female|RMTE31-female|RMTE9-female|RMTE25-female","FL_97|FL_108|FL_95|FL_102","FL_272|FL_258|FL_264|FL_268","FL_298|FL_320|FL_326|FL_304|FL_310","emotions_inst_before|emotions_before","emotions_inst_after|emotions_after",9.71666666666667,0.113892429960427,0,1,1,0,0,0,0,1,0,0,1,1,0,1,1,1,1,0.529411764705882,7,13,3,10,16,6,11,17,12,4,9,8,14,1,2,15,5,"FloorSex",2,1,-4,-2,1,5,1,3,-2,-1,-0.215866764644423,-0.494736842105263
"610af9d4230837a52f2d5284","Sexual",394,"Yes","","20",6,5,5,5,6,3,4,5,5,5,"Sad|Enthusiastic|Bored|Alert|Interested|Tired|Sexually aroused|Angry|Happy|Hungry","7.183","desire","11.423","fantasizing","3.002","preoccupied","4.554","contemplative","9.755","playful","9.101","decisive","8.356","tentative","6.328","fantasizing","3.865","preoccupied","5.5","interested","9.102","cautious","3.758","interested","8.801","reflective","4.054","flirtatious","7.202","joking","5.39","distrustful","5.626","nervous",7,5,5,6,5,3,4,5,5,5,"Hungry|Tired|Enthusiastic|Interested|Happy|Angry|Alert|Sexually aroused|Bored|Sad","","yes",35,"Male","Heterosexual or straight","","",", RMTE6, RMTE15, RMTE27, RMTE17, RMTE31, RMTE29, RMTE30, RMTE25, RMTE19, RMTE35, RMTE22, RMTE34, RMTE18, RMTE21, RMTE28, RMTE9, RMTE3","FL_124","BedroomOral_1st","","RMTE6-female|RMTE15-female|RMTE27-female|RMTE17-female","FL_99|FL_101|FL_100|FL_104","FL_264|FL_284|FL_268|FL_282","FL_306|FL_310|FL_318|FL_300|FL_296","emotions_inst_before|emotions_before","emotions_inst_after|emotions_after",6.56666666666667,-0.550439874056852,1,1,1,1,0,1,1,1,1,1,1,1,1,1,0,1,1,0.882352941176471,17,1,16,2,4,13,9,14,11,8,3,15,6,7,5,12,10,"BedroomOral",1,0,0,1,-1,0,0,0,0,0,-0.652193203819322,-1.49473684210526
"611152987d872a13bd7b7cac","Neutral",416,"","Yes","20",1,5,1,1,4,4,7,1,5,6,"Alert|Enthusiastic|Interested|Hungry|Angry|Bored|Sad|Happy|Tired|Sexually aroused","8.892","convinced","10.696","fantasizing","5.37","annoyed","5.511","contemplative","8.983","doubtful","6.021","decisive","9.093","grateful","8.38","embarrassed","6.015","preoccupied","7.006","interested","10.037","cautious","11.247","interested","7.181","irritated","4.782","flirtatious","6.409","confident","8.124","distrustful","4.502","nervous",1,5,1,2,4,1,7,1,4,5,"Angry|Happy|Sexually aroused|Sad|Interested|Alert|Bored|Hungry|Enthusiastic|Tired","","yes",33,"Male","Heterosexual or straight","","",", RMTE27, RMTE29, RMTE3, RMTE31, RMTE17, RMTE22, RMTE30, RMTE15, RMTE35, RMTE28, RMTE21, RMTE19, RMTE34, RMTE6, RMTE9, RMTE25, RMTE18","FL_125","","MadMen_1st","RMTE27-female|RMTE29-female|RMTE3-female|RMTE31-female","FL_109|FL_105|FL_100|FL_110","FL_284|FL_274|FL_266|FL_264","FL_326|FL_298|FL_300|FL_314|FL_306","emotions_inst_before|emotions_before","emotions_inst_after|emotions_after",6.93333333333333,-0.473110187874947,0,1,0,1,1,1,0,0,1,1,1,1,0,1,1,1,1,0.705882352941177,3,14,15,8,5,17,12,11,6,16,1,10,2,7,4,13,9,"MadMen",0,0,0,1,0,-3,0,0,-1,-1,-0.339605814733411,-0.263157894736842
"6126b41565b2600c71bb995c","Neutral",456,"","Yes","20",1,5,4,3,3,4,6,4,6,7,"Tired|Bored|Interested|Enthusiastic|Angry|Alert|Sexually aroused|Happy|Hungry|Sad","8.513","joking","7.2","fantasizing","10.158","annoyed","9.649","contemplative","6.953","doubtful","12.527","decisive","10.525","tentative","10.41","fantasizing","7.684","preoccupied","8.23","interested","7.764","cautious","10.23","interested","8.202","irritated","8.439","flirtatious","10.458","confident","14.348","distrustful","7.153","nervous",1,4,4,3,4,3,6,4,6,6,"Happy|Bored|Sexually aroused|Sad|Interested|Enthusiastic|Angry|Hungry|Alert|Tired","","yes",32,"Male","Heterosexual or straight","","",", RMTE31, RMTE35, RMTE18, RMTE27, RMTE25, RMTE29, RMTE3, RMTE34, RMTE21, RMTE30, RMTE15, RMTE17, RMTE6, RMTE22, RMTE19, RMTE28, RMTE9","FL_125","","WallE_1st","RMTE31-female|RMTE35-female|RMTE18-female|RMTE27-female","FL_104|FL_101|FL_95|FL_98","FL_266|FL_278|FL_258|FL_260","FL_298|FL_312|FL_308|FL_318|FL_300","emotions_inst_before|emotions_before","emotions_inst_after|emotions_after",7.6,-0.3325107584533,0,1,0,1,1,1,1,1,1,1,1,1,0,1,1,1,1,0.823529411764706,7,13,17,11,12,3,15,9,14,5,4,16,6,10,1,8,2,"WallE",0,-1,0,0,1,-1,0,0,0,-1,-0.339605814733411,-0.263157894736842
"612d1782db5b273e408689b9","Sexual",401,"Yes","","20",1,4,2,3,7,3,5,3,4,6,"Interested|Bored|Enthusiastic|Happy|Hungry|Tired|Angry|Alert|Sexually aroused|Sad","5.455","desire","5.922","fantasizing","5.741","preoccupied","7.359","contemplative","5.138","doubtful","3.59","decisive","7.404","arrogant","5.37","fantasizing","4.994","imploring","3.591","interested","3.558","cautious","5.376","interested","3.922","reflective","4.137","flirtatious","6.149","confident","8.465","aghast","4.305","contemplative",4,4,2,5,7,3,6,3,5,5,"Bored|Tired|Sexually aroused|Happy|Alert|Interested|Sad|Enthusiastic|Hungry|Angry","","yes",22,"Male","Heterosexual or straight","","",", RMTE19, RMTE31, RMTE27, RMTE25, RMTE34, RMTE35, RMTE18, RMTE29, RMTE15, RMTE22, RMTE3, RMTE17, RMTE6, RMTE28, RMTE30, RMTE9, RMTE21","FL_124","BedroomOral_1st","","RMTE19-female|RMTE31-female|RMTE27-female|RMTE25-female","FL_98|FL_97|FL_108|FL_101","FL_258|FL_268|FL_252|FL_260","FL_298|FL_318|FL_322|FL_300|FL_310","emotions_inst_before|emotions_before","emotions_inst_after|emotions_after",6.68333333333333,-0.525834973908064,1,1,1,1,1,1,0,1,0,1,1,1,1,1,1,0,0,0.764705882352941,11,13,16,9,12,7,1,17,10,4,3,14,8,15,2,5,6,"BedroomOral",3,0,0,2,0,0,1,0,1,-1,0.220459674530475,0.505263157894737
"612d18baf58abea6585a18e7","Sexual",372,"Yes","","20",1,6,1,2,4,3,8,2,6,7,"Hungry|Sad|Tired|Happy|Alert|Sexually aroused|Enthusiastic|Angry|Interested|Bored","8.122","desire","6.071","impatient","3.63","preoccupied","5.296","contemplative","5.048","doubtful","6.018","bored","7.83","tentative","5.775","fantasizing","5.841","preoccupied","6.064","interested","5.665","cautious","6.375","joking","8.187","irritated","5.712","flirtatious","6.768","confident","5.77","distrustful","6.475","puzzled",1,3,7,5,5,1,8,7,5,5,"Bored|Angry|Hungry|Tired|Alert|Sexually aroused|Enthusiastic|Happy|Sad|Interested","","yes",43,"Male","Heterosexual or straight","","",", RMTE30, RMTE9, RMTE3, RMTE22, RMTE19, RMTE29, RMTE21, RMTE34, RMTE35, RMTE31, RMTE25, RMTE28, RMTE15, RMTE6, RMTE18, RMTE17, RMTE27","FL_124","SamTaylor_1st","","RMTE30-female|RMTE9-female|RMTE3-female|RMTE22-female","FL_107|FL_101|FL_106|FL_98","FL_284|FL_280|FL_270|FL_274","FL_302|FL_298|FL_306|FL_304|FL_316","emotions_inst_before|emotions_before","emotions_inst_after|emotions_after",6.2,-0.627769560238758,1,0,1,1,1,0,1,1,1,1,1,0,0,1,1,1,0,0.705882352941177,3,14,2,13,16,15,5,7,4,11,17,12,6,1,10,8,9,"SamTaylor",0,-3,6,3,1,-2,0,5,-1,-2,-1.08851964299422,-2.49473684210526
"6140bf6523a8f20a2ea1e417","Neutral",572,"","Yes","20",1,6,1,1,8,1,7,1,6,8,"Sad|Happy|Enthusiastic|Alert|Interested|Hungry|Sexually aroused|Tired|Angry|Bored","13.76","desire","14.474","impatient","17.572","annoyed","10.801","contemplative","8.104","doubtful","19.004","bored","11.815","tentative","9.905","fantasizing","15.092","preoccupied","8.495","interested","19.882","cautious","14.291","interested","9.874","irritated","15.955","flirtatious","16.1","dispirited","11.15","distrustful","9.308","nervous",2,6,1,1,6,1,9,1,6,8,"Alert|Sad|Tired|Bored|Sexually aroused|Enthusiastic|Hungry|Happy|Angry|Interested","","yes",50,"Male","Heterosexual or straight","","",", RMTE9, RMTE29, RMTE34, RMTE22, RMTE30, RMTE25, RMTE17, RMTE31, RMTE27, RMTE28, RMTE19, RMTE6, RMTE3, RMTE15, RMTE35, RMTE18, RMTE21","FL_125","","CocktailDate_1st","RMTE9-female|RMTE29-female|RMTE34-female|RMTE22-female","FL_100|FL_104|FL_109|FL_99","FL_272|FL_274|FL_264|FL_254","FL_296|FL_302|FL_328|FL_306|FL_310","emotions_inst_before|emotions_before","emotions_inst_after|emotions_after",9.53333333333333,0.0752275868694739,1,0,0,1,1,0,1,1,1,1,1,1,0,1,0,1,1,0.705882352941177,13,12,1,14,7,16,11,17,4,6,9,10,2,5,8,3,15,"CocktailDate",1,0,0,0,-2,0,2,0,0,0,0.601587443242042,0.736842105263158
"61486a63a6c30947de6e7c59","Neutral",427,"","Yes","20",1,6,1,2,2,6,7,1,9,7,"Alert|Enthusiastic|Sad|Happy|Angry|Sexually aroused|Tired|Interested|Hungry|Bored","12.645","desire","5.175","fantasizing","5.246","preoccupied","10.52","contemplative","5.437","doubtful","6.534","decisive","9.971","arrogant","7.126","fantasizing","4.728","preoccupied","5.007","interested","6.754","cautious","4.97","affectionate","4.734","reflective","5.425","flirtatious","9.199","confident","7.662","distrustful","7.434","nervous",1,8,1,2,2,2,5,1,7,7,"Angry|Interested|Sad|Tired|Sexually aroused|Bored|Alert|Hungry|Enthusiastic|Happy","","yes",27,"Male","Heterosexual or straight","","",", RMTE19, RMTE18, RMTE28, RMTE35, RMTE3, RMTE6, RMTE9, RMTE27, RMTE21, RMTE34, RMTE17, RMTE29, RMTE25, RMTE30, RMTE22, RMTE15, RMTE31","FL_125","","WallE_1st","RMTE19-female|RMTE18-female|RMTE28-female|RMTE35-female","FL_95|FL_112|FL_111|FL_103","FL_266|FL_282|FL_260|FL_276","FL_314|FL_322|FL_312|FL_302|FL_324","emotions_inst_before|emotions_before","emotions_inst_after|emotions_after",7.11666666666667,-0.434445344783994,1,1,1,1,1,1,0,1,1,1,1,0,1,1,1,1,1,0.882352941176471,5,6,7,16,11,2,1,9,15,13,8,3,12,14,17,10,4,"WallE",0,2,0,0,0,-4,-2,0,-2,0,-0.339605814733411,-0.263157894736842
"6151f20d06757e43aa1f54f9","Sexual",435,"Yes","","20",1,5,1,2,4,2,6,1,4,4,"Bored|Happy|Tired|Enthusiastic|Sad|Angry|Sexually aroused|Interested|Alert|Hungry","29.673","desire","5.544","fantasizing","6.784","preoccupied","4.847","contemplative","4.734","doubtful","4.806","decisive","3.709","tentative","4.848","fantasizing","5.336","preoccupied","4.983","interested","16.711","cautious","7.958","interested","5.758","reflective","3.512","flirtatious","7.346","confident","42.735","distrustful","14.589","contemplative",1,4,1,2,4,2,4,1,3,4,"Enthusiastic|Sad|Happy|Bored|Hungry|Alert|Sexually aroused|Tired|Interested|Angry","","yes",38,"Male","Heterosexual or straight","","A warning that I was going to see porn would have been good as I am at work.",", RMTE3, RMTE21, RMTE27, RMTE18, RMTE35, RMTE29, RMTE9, RMTE19, RMTE25, RMTE30, RMTE6, RMTE22, RMTE15, RMTE34, RMTE17, RMTE31, RMTE28","FL_124","BedroomOral_1st","","RMTE3-female|RMTE21-female|RMTE27-female|RMTE18-female","FL_97|FL_101|FL_111|FL_107","FL_270|FL_278|FL_254|FL_268","FL_302|FL_326|FL_304|FL_324|FL_318","emotions_inst_before|emotions_before","emotions_inst_after|emotions_after",7.25,-0.406325458899665,1,1,1,1,1,1,1,1,1,1,1,1,1,1,1,1,0,0.941176470588235,1,11,7,13,15,4,8,2,12,9,3,17,6,10,16,14,5,"BedroomOral",0,-1,0,0,0,0,-2,0,-1,0,-1.08851964299422,-2.49473684210526
"61644fe8ba697988f2136db9","Sexual",444,"Yes","","20",1,5,2,4,1,1,8,1,3,4,"Bored|Interested|Enthusiastic|Angry|Tired|Sexually aroused|Sad|Happy|Alert|Hungry","4.089","convinced","6.813","impatient","15.525","preoccupied","4.242","contemplative","7.97","playful","7.83","decisive","4.235","tentative","8.92","fantasizing","2.959","preoccupied","5.165","interested","5.276","cautious","3.9","interested","6.612","reflective","6.536","flirtatious","6.484","confident","8.716","distrustful","5.152","puzzled",2,2,2,3,1,1,5,3,3,5,"Hungry|Alert|Interested|Sexually aroused|Enthusiastic|Angry|Tired|Sad|Bored|Happy","","yes",49,"Male","Heterosexual or straight","","In most cases none of the four words described the eyes, which was irritating and reductive. I really disliked this whole exercise. ",", RMTE21, RMTE17, RMTE30, RMTE18, RMTE9, RMTE34, RMTE19, RMTE28, RMTE29, RMTE27, RMTE6, RMTE15, RMTE35, RMTE25, RMTE22, RMTE3, RMTE31","FL_124","SamTaylor_1st","","RMTE21-female|RMTE17-female|RMTE30-female|RMTE18-female","FL_111|FL_98|FL_107|FL_102","FL_276|FL_272|FL_254|FL_258","FL_328|FL_314|FL_312|FL_296|FL_324","emotions_inst_before|emotions_before","emotions_inst_after|emotions_after",7.4,-0.374690587279794,0,0,1,1,0,1,1,1,1,1,1,1,1,1,1,1,0,0.764705882352941,16,11,5,12,2,4,7,1,15,14,10,8,9,3,17,6,13,"SamTaylor",1,-3,0,-1,0,0,-3,2,0,1,-0.652193203819322,-1.49473684210526
"6272f5f3d37c1c9e88c115a2","Neutral",1013,"","Yes","20",1,8,1,1,2,1,7,1,7,8,"Enthusiastic|Alert|Tired|Angry|Sad|Happy|Hungry|Sexually aroused|Bored|Interested","6.584","desire","14.652","impatient","7.357","annoyed","10.862","encouraging","8.205","doubtful","11.754","decisive","6.823","tentative","20.914","fantasizing","6.466","preoccupied","4.726","interested","6.069","cautious","14.927","interested","9.973","reflective","8.175","flirtatious","8.591","confident","16.332","distrustful","13.999","nervous",1,8,1,1,1,1,8,1,8,8,"Sexually aroused|Happy|Hungry|Angry|Alert|Interested|Tired|Bored|Enthusiastic|Sad","","yes",44,"Male","Heterosexual or straight","","Thank you. I hope the data is useful",", RMTE35, RMTE28, RMTE21, RMTE15, RMTE29, RMTE3, RMTE6, RMTE19, RMTE31, RMTE18, RMTE17, RMTE9, RMTE27, RMTE25, RMTE30, RMTE34, RMTE22","FL_125","","CocktailDate_1st","RMTE35-female|RMTE28-female|RMTE21-female|RMTE15-female","FL_101|FL_95|FL_112|FL_107","FL_280|FL_262|FL_260|FL_256","FL_316|FL_314|FL_322|FL_326|FL_312","emotions_inst_before|emotions_before","emotions_inst_after|emotions_after",16.8833333333333,1.62533629624312,1,0,0,0,1,1,1,1,1,1,1,1,1,1,1,1,1,0.823529411764706,6,7,12,4,11,10,8,3,17,14,13,2,5,15,9,16,1,"CocktailDate",0,0,0,0,-1,0,1,0,1,0,-0.339605814733411,-0.263157894736842
"62791ff343fc8744f55246f2","Sexual",497,"Yes","","20",2,6,2,3,1,7,6,1,4,3,"Happy|Hungry|Enthusiastic|Angry|Bored|Interested|Tired|Sexually aroused|Alert|Sad","8.49","desire","9.873","fantasizing","4.939","preoccupied","6.725","contemplative","7.86","doubtful","5.899","decisive","9.915","tentative","8.606","fantasizing","10.661","preoccupied","15.228","interested","7.431","cautious","6.316","interested","8.408","irritated","6.523","flirtatious","4.033","confident","8.359","distrustful","4.826","nervous",6,7,1,1,2,4,7,1,4,4,"Tired|Interested|Alert|Happy|Angry|Sad|Sexually aroused|Enthusiastic|Hungry|Bored","","yes",27,"Male","Heterosexual or straight","","",", RMTE22, RMTE29, RMTE19, RMTE27, RMTE6, RMTE34, RMTE28, RMTE31, RMTE25, RMTE3, RMTE18, RMTE30, RMTE21, RMTE35, RMTE17, RMTE9, RMTE15","FL_124","FloorSex_1st","","RMTE22-female|RMTE29-female|RMTE19-female|RMTE27-female","FL_112|FL_98|FL_102|FL_99","FL_270|FL_252|FL_262|FL_278","FL_310|FL_328|FL_304|FL_300|FL_302","emotions_inst_before|emotions_before","emotions_inst_after|emotions_after",8.28333333333333,-0.188396343296113,1,1,1,1,1,1,1,1,1,1,1,1,0,1,1,1,1,0.941176470588235,10,5,16,17,15,11,3,13,1,9,4,7,2,12,8,6,14,"FloorSex",4,1,-1,-2,1,-3,1,0,0,1,0.656786113705373,1.50526315789474
"62850a124de32f71f54a8aec","Neutral",461,"","Yes","20",1,4,5,3,4,2,6,2,4,7,"Sexually aroused|Tired|Alert|Happy|Hungry|Angry|Interested|Bored|Sad|Enthusiastic","7.527","flustered","63.371","fantasizing","5.666","preoccupied","7.265","contemplative","4.856","playful","6.568","aghast","4.958","grateful","6.071","fantasizing","5.684","preoccupied","4.644","interested","7.516","cautious","3.152","affectionate","6.845","impatient","22.162","flirtatious","4.123","confident","5.831","baffled","10.491","nervous",1,4,3,3,3,3,5,2,4,6,"Interested|Sad|Hungry|Tired|Enthusiastic|Happy|Angry|Alert|Bored|Sexually aroused","","yes",36,"Male","Heterosexual or straight","","",", RMTE9, RMTE27, RMTE17, RMTE19, RMTE3, RMTE21, RMTE35, RMTE30, RMTE22, RMTE29, RMTE34, RMTE6, RMTE31, RMTE25, RMTE28, RMTE15, RMTE18","FL_125","","MadMen_1st","RMTE9-female|RMTE27-female|RMTE17-female|RMTE19-female","FL_95|FL_106|FL_97|FL_100","FL_268|FL_276|FL_282|FL_254","FL_324|FL_314|FL_318|FL_302|FL_306","emotions_inst_before|emotions_before","emotions_inst_after|emotions_after",7.68333333333333,-0.314935829775595,0,1,1,1,0,0,0,1,1,1,1,0,0,1,1,0,1,0.588235294117647,5,12,1,16,3,17,4,6,9,14,2,15,10,8,13,11,7,"MadMen",0,0,-2,0,-1,1,-1,0,0,-1,-0.339605814733411,-0.263157894736842
"628f6c5cf15ad5a40c122128","Sexual",547,"Yes","","20",1,6,1,3,3,2,7,2,5,5,"Tired|Enthusiastic|Angry|Alert|Sad|Happy|Interested|Bored|Sexually aroused|Hungry","2.715","convinced","33.453","fantasizing","4.681","horrified","5.282","encouraging","4.008","playful","52.568","decisive","37.249","tentative","6.192","fantasizing","15.439","preoccupied","14.132","interested","5.351","cautious","12.438","interested","8.707","irritated","5.59","flirtatious","2.664","confident","34.383","distrustful","4.06","contemplative",3,6,2,2,1,5,4,2,7,6,"Bored|Sad|Interested|Sexually aroused|Alert|Happy|Enthusiastic|Angry|Tired|Hungry","","yes",31,"Male","Heterosexual or straight","","",", RMTE29, RMTE19, RMTE22, RMTE34, RMTE25, RMTE18, RMTE9, RMTE15, RMTE6, RMTE28, RMTE35, RMTE3, RMTE27, RMTE17, RMTE31, RMTE30, RMTE21","FL_124","BedroomOral_1st","","RMTE29-female|RMTE19-female|RMTE22-female|RMTE34-female","FL_104|FL_108|FL_111|FL_110","FL_254|FL_274|FL_284|FL_252","FL_316|FL_304|FL_324|FL_322|FL_310","emotions_inst_before|emotions_before","emotions_inst_after|emotions_after",9.11666666666667,-0.012647056519055,0,1,0,0,0,1,1,1,1,1,1,1,0,1,1,1,0,0.647058823529412,12,9,7,8,14,6,2,17,3,5,13,10,1,16,15,4,11,"BedroomOral",2,0,1,-1,-2,3,-3,0,2,1,-0.215866764644423,-0.494736842105263
"6290d31f19515090b1e92b5e","Neutral",475,"","Yes","20",3,4,1,2,6,4,6,1,6,7,"Sexually aroused|Angry|Happy|Alert|Enthusiastic|Interested|Hungry|Sad|Tired|Bored","6.932","desire","3.968","fantasizing","3.339","preoccupied","3.507","contemplative","6.944","doubtful","6.842","decisive","6.345","tentative","4.855","fantasizing","4.064","preoccupied","4.686","interested","3.811","cautious","4.659","interested","4.737","reflective","2.778","flirtatious","10.126","joking","5.078","distrustful","6.142","nervous",3,6,1,2,2,4,6,1,2,7,"Tired|Sad|Happy|Alert|Bored|Angry|Sexually aroused|Hungry|Enthusiastic|Interested","","yes",26,"Male","Heterosexual or straight","","",", RMTE25, RMTE35, RMTE9, RMTE15, RMTE34, RMTE30, RMTE31, RMTE17, RMTE18, RMTE19, RMTE6, RMTE27, RMTE28, RMTE21, RMTE3, RMTE29, RMTE22","FL_125","","WallE_1st","RMTE25-female|RMTE35-female|RMTE9-female|RMTE15-female","FL_98|FL_100|FL_99|FL_109","FL_262|FL_264|FL_254|FL_272","FL_318|FL_310|FL_296|FL_320|FL_312","emotions_inst_before|emotions_before","emotions_inst_after|emotions_after",7.91666666666667,-0.265726029478018,1,1,1,1,1,1,1,1,1,1,1,1,1,1,0,1,1,0.941176470588235,15,11,3,4,8,9,10,14,17,1,12,13,16,6,7,5,2,"WallE",0,2,0,0,-4,0,0,0,-4,0,-0.339605814733411,-0.263157894736842
"629b3553f9621f7c65de7f5a","Sexual",546,"Yes","","20",1,7,2,1,5,6,8,1,7,8,"Sad|Enthusiastic|Angry|Hungry|Tired|Interested|Bored|Happy|Sexually aroused|Alert","3.734","desire","8.359","fantasizing","4.587","preoccupied","28.282","contemplative","2.86","doubtful","10.799","bored","3.245","tentative","4.682","fantasizing","5.496","preoccupied","5.126","interested","7.577","cautious","8.961","contented","23.188","irritated","4.876","flirtatious","6.152","dispirited","4.653","baffled","20.001","nervous",7,8,1,2,5,4,8,1,8,7,"Bored|Alert|Interested|Tired|Happy|Sexually aroused|Angry|Hungry|Enthusiastic|Sad","","yes",40,"Male","Heterosexual or straight","","",", RMTE15, RMTE22, RMTE27, RMTE17, RMTE29, RMTE25, RMTE19, RMTE30, RMTE28, RMTE9, RMTE3, RMTE34, RMTE18, RMTE21, RMTE31, RMTE6, RMTE35","FL_124","BedroomOral_1st","","RMTE15-female|RMTE22-female|RMTE27-female|RMTE17-female","FL_101|FL_104|FL_107|FL_100","FL_274|FL_256|FL_252|FL_282","FL_306|FL_310|FL_324|FL_298|FL_328","emotions_inst_before|emotions_before","emotions_inst_after|emotions_after",9.1,-0.0161620422545962,1,1,1,1,1,0,1,1,1,1,1,0,0,1,0,0,1,0.705882352941177,11,16,10,1,4,13,7,14,2,6,3,9,5,8,15,12,17,"BedroomOral",6,1,-1,1,0,-2,0,0,1,-1,1.52943899205517,3.50526315789474
"629e10d748005830b9eee9a0","Sexual",1391,"Yes","","20",2,6,1,1,2,7,9,1,5,6,"Enthusiastic|Interested|Happy|Tired|Sexually aroused|Hungry|Sad|Alert|Bored|Angry","4.165","desire","4.524","fantasizing","9.343","annoyed","5.596","flustered","4.351","doubtful","6.057","decisive","14.202","tentative","7.103","fantasizing","7.377","preoccupied","11.101","interested","14.175","cautious","5.5","contented","4.01","reflective","9.478","flirtatious","4.361","confident","12.338","distrustful","19.814","contemplative",5,5,1,1,1,7,7,1,7,6,"Bored|Sexually aroused|Happy|Angry|Tired|Interested|Alert|Sad|Hungry|Enthusiastic","","yes",27,"Male","Heterosexual or straight","","",", RMTE21, RMTE9, RMTE28, RMTE6, RMTE22, RMTE3, RMTE34, RMTE17, RMTE19, RMTE27, RMTE25, RMTE30, RMTE18, RMTE31, RMTE35, RMTE29, RMTE15","FL_124","FloorSex_1st","","RMTE21-female|RMTE9-female|RMTE28-female|RMTE6-female","FL_105|FL_95|FL_98|FL_109","FL_264|FL_272|FL_270|FL_278","FL_306|FL_324|FL_328|FL_320|FL_302","emotions_inst_before|emotions_before","emotions_inst_after|emotions_after",23.1833333333333,2.95400090427768,1,1,0,0,1,1,1,1,1,1,1,0,1,1,1,1,0,0.764705882352941,6,4,2,17,8,13,9,1,5,11,10,3,16,12,14,7,15,"FloorSex",3,-1,0,0,-1,0,-2,0,2,0,0.220459674530475,0.505263157894737
"62a0b27b0b945373e13019eb","Sexual",463,"Yes","","20",7,6,5,3,5,2,7,3,5,6,"Sexually aroused|Sad|Alert|Angry|Tired|Happy|Bored|Hungry|Enthusiastic|Interested","6.093","desire","13.691","fantasizing","5.986","preoccupied","8.266","encouraging","6.857","playful","9.706","decisive","8.616","grateful","5.526","fantasizing","9.824","imploring","7.245","interested","11.126","cautious","8.036","interested","6.876","reflective","27.713","flirtatious","10.977","confident","6.905","baffled","6.439","contemplative",7,7,3,4,2,3,7,4,7,5,"Happy|Alert|Sad|Hungry|Tired|Interested|Sexually aroused|Bored|Angry|Enthusiastic","","yes",42,"Male","Heterosexual or straight","","",", RMTE18, RMTE31, RMTE25, RMTE35, RMTE30, RMTE27, RMTE22, RMTE6, RMTE15, RMTE21, RMTE3, RMTE17, RMTE19, RMTE29, RMTE9, RMTE34, RMTE28","FL_124","FloorSex_1st","","RMTE18-female|RMTE31-female|RMTE25-female|RMTE35-female","FL_100|FL_103|FL_105|FL_112","FL_258|FL_266|FL_252|FL_260","FL_308|FL_320|FL_300|FL_326|FL_318","emotions_inst_before|emotions_before","emotions_inst_after|emotions_after",7.71666666666667,-0.307905858304512,1,1,1,0,0,1,0,1,0,1,1,1,1,1,1,0,0,0.647058823529412,11,8,15,9,12,1,13,10,7,3,6,17,14,5,2,16,4,"FloorSex",0,1,-2,1,-3,1,0,1,2,-1,-1.08851964299422,-2.49473684210526
"62a0c9fa6e2704943e292fa7","Sexual",586,"Yes","","20",1,5,1,1,2,4,6,1,7,7,"Interested|Happy|Sad|Sexually aroused|Alert|Angry|Enthusiastic|Hungry|Tired|Bored","5.205","desire","8.073","fantasizing","6.933","preoccupied","7.463","contemplative","12.964","doubtful","11.701","amused","6.657","tentative","6.921","fantasizing","10.726","preoccupied","19.861","interested","10.59","cautious","8.363","interested","31.275","irritated","4.951","flirtatious","5.184","confident","24.815","baffled","8.647","nervous",4,6,1,1,1,4,8,1,8,8,"Sad|Sexually aroused|Alert|Enthusiastic|Interested|Happy|Angry|Bored|Tired|Hungry","","yes",46,"Male","Heterosexual or straight","","",", RMTE29, RMTE18, RMTE31, RMTE27, RMTE28, RMTE9, RMTE6, RMTE19, RMTE22, RMTE3, RMTE15, RMTE17, RMTE35, RMTE30, RMTE34, RMTE21, RMTE25","FL_124","FloorSex_1st","","RMTE29-female|RMTE18-female|RMTE31-female|RMTE27-female","FL_102|FL_111|FL_112|FL_107","FL_268|FL_252|FL_258|FL_260","FL_328|FL_322|FL_326|FL_310|FL_314","emotions_inst_before|emotions_before","emotions_inst_after|emotions_after",9.76666666666667,0.12443738716705,1,1,1,1,1,0,1,1,1,1,1,1,0,1,1,0,1,0.823529411764706,10,7,6,11,12,2,8,16,9,17,4,5,1,14,3,15,13,"FloorSex",3,1,0,0,-1,0,2,0,1,1,0.220459674530475,0.505263157894737
"62a1d848cc2237ff6738870f","Neutral",475,"","Yes","20",1,6,1,3,5,3,6,1,5,5,"Happy|Bored|Angry|Enthusiastic|Alert|Hungry|Sad|Interested|Sexually aroused|Tired","10.956","desire","30.797","fantasizing","6.627","preoccupied","42.325","amused","22.227","doubtful","7.428","aghast","5.707","grateful","4.999","fantasizing","4.403","preoccupied","5.891","despondent","4.53","cautious","4.724","affectionate","6.368","reflective","4.118","flirtatious","3.502","confident","5.634","distrustful","3.333","nervous",1,7,1,2,3,3,7,1,5,6,"Bored|Angry|Enthusiastic|Happy|Alert|Tired|Interested|Sad|Sexually aroused|Hungry","","Yes",41,"Male","Heterosexual or straight","","",", RMTE9, RMTE21, RMTE18, RMTE25, RMTE3, RMTE17, RMTE27, RMTE35, RMTE15, RMTE34, RMTE29, RMTE19, RMTE6, RMTE28, RMTE30, RMTE31, RMTE22","FL_125","","WallE_1st","RMTE9-female|RMTE21-female|RMTE18-female|RMTE25-female","FL_95|FL_109|FL_103|FL_97","FL_258|FL_282|FL_276|FL_264","FL_298|FL_318|FL_322|FL_324|FL_312","emotions_inst_before|emotions_before","emotions_inst_after|emotions_after",7.91666666666667,-0.265726029478018,1,1,1,0,1,0,0,1,1,0,1,0,1,1,1,1,1,0.705882352941177,5,13,1,9,6,3,12,2,17,4,7,14,11,15,16,10,8,"WallE",0,1,0,-1,-2,0,1,0,0,1,-0.339605814733411,-0.263157894736842
"62a1e021702679d27813a3e2","Sexual",482,"Yes","","20",3,6,3,4,5,6,6,2,5,7,"Hungry|Interested|Sad|Tired|Alert|Bored|Angry|Happy|Sexually aroused|Enthusiastic","10.903","flustered","8.326","aghast","3.787","preoccupied","4.825","contemplative","6.196","doubtful","5.876","amused","10.108","tentative","3.065","fantasizing","8.059","preoccupied","4.847","interested","6.597","arrogant","6.677","interested","14.989","irritated","40.829","flirtatious","37.369","confident","5.298","terrified","6.125","nervous",7,7,2,7,3,4,6,2,6,6,"Bored|Tired|Interested|Sexually aroused|Hungry|Alert|Enthusiastic|Sad|Happy|Angry","","yes",44,"Male","Heterosexual or straight","","",", RMTE29, RMTE18, RMTE6, RMTE27, RMTE31, RMTE22, RMTE34, RMTE28, RMTE3, RMTE25, RMTE9, RMTE21, RMTE30, RMTE35, RMTE15, RMTE17, RMTE19","FL_124","BedroomOral_1st","","RMTE29-female|RMTE18-female|RMTE6-female|RMTE27-female","FL_99|FL_105|FL_98|FL_102","FL_252|FL_270|FL_256|FL_266","FL_322|FL_328|FL_302|FL_304|FL_308","emotions_inst_before|emotions_before","emotions_inst_after|emotions_after",8.03333333333333,-0.24112112932923,0,0,1,1,1,0,1,1,1,1,0,1,0,1,1,0,1,0.647058823529412,9,3,11,15,16,2,17,12,6,10,4,8,1,13,5,7,14,"BedroomOral",4,1,-1,3,-2,-2,0,0,1,-1,0.656786113705373,1.50526315789474
"62a2548381f399e5f4f52746","Sexual",1041,"Yes","","20",1,4,6,3,1,4,6,6,5,7,"Interested|Sad|Alert|Happy|Hungry|Angry|Sexually aroused|Tired|Enthusiastic|Bored","17.063","desire","24.172","fantasizing","17.185","preoccupied","7.476","contemplative","25.764","affectionate","13.049","decisive","17.967","tentative","20.767","fantasizing","16.189","preoccupied","16.575","interested","12.201","cautious","5.374","affectionate","5.553","reflective","13.385","flirtatious","27.933","dispirited","12.344","distrustful","23.118","contemplative",7,4,6,3,1,4,6,4,5,7,"Enthusiastic|Bored|Tired|Sad|Angry|Happy|Sexually aroused|Alert|Interested|Hungry","","yes",49,"Male","Heterosexual or straight","","Many of the words did not reflect how I interpreted the eyes.  in some cases none of the words came close to my interpretation.  It may have been useful to have an additional box to write what I felt appropriate.  Very interesting study, after I got over the shock (I did not see shock in any of the eyes)",", RMTE17, RMTE18, RMTE15, RMTE6, RMTE30, RMTE35, RMTE19, RMTE3, RMTE28, RMTE29, RMTE9, RMTE25, RMTE31, RMTE22, RMTE27, RMTE21, RMTE34","FL_124","SamTaylor_1st","","RMTE17-female|RMTE18-female|RMTE15-female|RMTE6-female","FL_100|FL_97|FL_107|FL_95","FL_274|FL_276|FL_256|FL_270","FL_324|FL_312|FL_316|FL_310|FL_326","emotions_inst_before|emotions_before","emotions_inst_after|emotions_after",17.35,1.72375589683828,1,1,1,1,0,1,1,1,1,1,1,0,1,1,0,1,0,0.764705882352941,8,4,11,3,1,2,7,16,14,12,15,9,10,5,13,17,6,"SamTaylor",6,0,0,0,0,0,0,-2,0,0,1.52943899205517,3.50526315789474
"62a4c0b7a811ed5b57009081","Neutral",526,"","Yes","20",1,4,1,2,3,4,4,1,3,3,"Bored|Angry|Interested|Enthusiastic|Sexually aroused|Sad|Tired|Hungry|Happy|Alert","9.118","desire","9.86","impatient","6.562","preoccupied","8.348","contemplative","8.515","doubtful","6.939","amused","11.042","arrogant","10.502","fantasizing","10.419","preoccupied","6.417","interested","6.994","arrogant","9.332","interested","16.631","impatient","4.84","flirtatious","6.693","confident","9.716","distrustful","14.374","nervous",1,4,1,2,2,4,4,1,4,5,"Angry|Tired|Interested|Bored|Sad|Enthusiastic|Happy|Alert|Sexually aroused|Hungry","","yes",38,"Male","Heterosexual or straight","","",", RMTE21, RMTE29, RMTE27, RMTE30, RMTE34, RMTE28, RMTE17, RMTE25, RMTE15, RMTE35, RMTE3, RMTE6, RMTE22, RMTE31, RMTE19, RMTE9, RMTE18","FL_125","","CocktailDate_1st","RMTE21-female|RMTE29-female|RMTE27-female|RMTE30-female","FL_98|FL_102|FL_109|FL_104","FL_258|FL_284|FL_252|FL_254","FL_312|FL_324|FL_308|FL_300|FL_306","emotions_inst_before|emotions_before","emotions_inst_after|emotions_after",8.76666666666667,-0.0864617569654194,1,0,1,1,1,0,0,1,1,1,0,1,0,1,1,1,1,0.705882352941177,11,12,16,9,7,17,15,1,13,8,3,6,2,4,14,5,10,"CocktailDate",0,0,0,0,-1,0,0,0,1,2,-0.339605814733411,-0.263157894736842
"62aa3e6e16b472f57ac743a9","Neutral",414,"","Yes","20",1,5,1,2,3,2,7,1,4,4,"Tired|Happy|Enthusiastic|Hungry|Sexually aroused|Sad|Alert|Bored|Interested|Angry","8.393","desire","6.09","fantasizing","7.187","annoyed","4","contemplative","7.646","aghast","5.595","decisive","9.718","grateful","9.924","embarrassed","5.033","preoccupied","8.309","incredulous","7.483","arrogant","6.323","interested","5.957","irritated","4.349","flirtatious","26.622","confident","10.622","baffled","10.334","nervous",1,5,1,2,3,2,6,1,4,7,"Interested|Sexually aroused|Alert|Sad|Hungry|Angry|Tired|Enthusiastic|Happy|Bored","","yes",43,"Male","Heterosexual or straight","","",", RMTE19, RMTE35, RMTE25, RMTE3, RMTE31, RMTE6, RMTE21, RMTE17, RMTE34, RMTE22, RMTE9, RMTE29, RMTE15, RMTE18, RMTE27, RMTE30, RMTE28","FL_125","","WallE_1st","RMTE19-female|RMTE35-female|RMTE25-female|RMTE3-female","FL_99|FL_112|FL_106|FL_109","FL_282|FL_268|FL_256|FL_276","FL_302|FL_306|FL_316|FL_322|FL_318","emotions_inst_before|emotions_before","emotions_inst_after|emotions_after",6.9,-0.480140159346029,1,1,0,1,0,1,0,0,1,0,0,1,0,1,1,0,1,0.529411764705882,4,6,11,13,8,14,1,7,10,3,15,17,12,16,5,9,2,"WallE",0,0,0,0,0,0,-1,0,0,3,-0.339605814733411,-0.263157894736842
"62aa3f6be69568c00d1caf30","Neutral",516,"","Yes","20",1,7,2,2,5,3,7,2,5,7,"Alert|Happy|Angry|Enthusiastic|Tired|Sad|Sexually aroused|Interested|Bored|Hungry","13.775","desire","12.636","alarmed","7.23","preoccupied","10.657","contemplative","7.752","doubtful","12.1","bored","8.855","tentative","7.522","fantasizing","7.101","preoccupied","7.702","interested","6.5","cautious","8.089","affectionate","7.189","reflective","8.524","flirtatious","12.043","confident","12.293","terrified","11.343","nervous",1,7,1,2,4,3,6,2,7,8,"Hungry|Angry|Sexually aroused|Alert|Sad|Tired|Interested|Happy|Enthusiastic|Bored","","yes",49,"Male","Heterosexual or straight","","",", RMTE15, RMTE30, RMTE31, RMTE35, RMTE28, RMTE21, RMTE29, RMTE25, RMTE9, RMTE19, RMTE27, RMTE18, RMTE3, RMTE22, RMTE17, RMTE6, RMTE34","FL_125","","WallE_1st","RMTE15-female|RMTE30-female|RMTE31-female|RMTE35-female","FL_102|FL_106|FL_101|FL_104","FL_256|FL_264|FL_272|FL_262","FL_296|FL_312|FL_304|FL_298|FL_326","emotions_inst_before|emotions_before","emotions_inst_after|emotions_after",8.6,-0.121611614320831,1,0,1,1,1,0,1,1,1,1,1,0,1,1,1,0,1,0.764705882352941,13,16,9,1,15,12,10,6,14,8,11,5,7,2,3,17,4,"WallE",0,0,-1,0,-1,0,-1,0,2,1,-0.339605814733411,-0.263157894736842
"62ac71cec3309a48781684eb","Sexual",468,"Yes","","20",1,5,1,1,1,1,9,1,3,6,"Angry|Interested|Tired|Bored|Sexually aroused|Hungry|Happy|Enthusiastic|Sad|Alert","15.391","desire","6.878","fantasizing","10.743","preoccupied","11.987","contemplative","6.462","doubtful","9.632","decisive","12.148","tentative","4.501","fantasizing","5.701","preoccupied","11.806","incredulous","6.997","cautious","7","interested","7.262","reflective","9.663","flirtatious","10.706","confident","9.419","distrustful","10.686","puzzled",1,6,1,1,1,1,9,1,4,5,"Sad|Enthusiastic|Bored|Alert|Happy|Angry|Hungry|Interested|Sexually aroused|Tired","","yes",31,"Male","Heterosexual or straight","","",", RMTE3, RMTE27, RMTE30, RMTE35, RMTE22, RMTE34, RMTE21, RMTE31, RMTE18, RMTE6, RMTE15, RMTE28, RMTE25, RMTE17, RMTE19, RMTE29, RMTE9","FL_124","FloorSex_1st","","RMTE3-female|RMTE27-female|RMTE30-female|RMTE35-female","FL_105|FL_98|FL_106|FL_99","FL_262|FL_254|FL_258|FL_274","FL_314|FL_304|FL_308|FL_320|FL_300","emotions_inst_before|emotions_before","emotions_inst_after|emotions_after",7.8,-0.290330929626807,1,1,1,1,1,1,1,1,1,0,1,1,1,1,1,1,0,0.882352941176471,1,10,17,11,14,9,15,7,5,13,2,12,16,3,8,6,4,"FloorSex",0,1,0,0,0,0,0,0,1,-1,-1.08851964299422,-2.49473684210526
"62addc1ae412d049d585a13f","Sexual",365,"Yes","","20",1,7,2,5,3,2,7,1,8,7,"Sexually aroused|Hungry|Happy|Bored|Tired|Angry|Sad|Interested|Enthusiastic|Alert","5.162","desire","4.83","impatient","4.347","preoccupied","4.749","contemplative","8.699","affectionate","5.03","decisive","8.86","tentative","10.363","fantasizing","10.49","preoccupied","4.287","interested","2.767","cautious","8.054","interested","7.561","impatient","2.757","flirtatious","5.501","dispirited","5.466","distrustful","5.274","nervous",6,7,1,1,3,2,8,1,7,8,"Interested|Happy|Sad|Bored|Hungry|Angry|Tired|Alert|Sexually aroused|Enthusiastic","","yes",32,"Male","Heterosexual or straight","","",", RMTE3, RMTE34, RMTE28, RMTE30, RMTE6, RMTE15, RMTE31, RMTE27, RMTE35, RMTE22, RMTE29, RMTE17, RMTE25, RMTE9, RMTE18, RMTE19, RMTE21","FL_124","BedroomOral_1st","","RMTE3-female|RMTE34-female|RMTE28-female|RMTE30-female","FL_112|FL_110|FL_99|FL_103","FL_284|FL_268|FL_276|FL_260","FL_314|FL_300|FL_306|FL_308|FL_310","emotions_inst_before|emotions_before","emotions_inst_after|emotions_after",6.08333333333333,-0.652374460387546,1,0,1,1,0,1,1,1,1,1,1,1,0,1,0,1,1,0.764705882352941,1,5,14,6,12,15,16,17,10,13,8,3,11,4,7,2,9,"BedroomOral",5,0,-1,-4,0,0,1,0,-1,1,1.09311255288027,2.50526315789474
"62b436fe7291ea8368734d52","Sexual",509,"Yes","","20",3,4,4,7,8,1,2,2,3,3,"Happy|Enthusiastic|Angry|Tired|Hungry|Bored|Sad|Sexually aroused|Interested|Alert","15.036","flustered","9.194","fantasizing","10.499","horrified","5.688","flustered","3.571","doubtful","6.426","decisive","8.002","grateful","4.239","fantasizing","12.396","imploring","18.066","panicked","4.233","cautious","10.975","interested","27.818","reflective","2.988","flirtatious","18.637","confident","5.885","distrustful","3.433","nervous",4,3,2,4,7,2,4,3,5,5,"Enthusiastic|Hungry|Interested|Angry|Sexually aroused|Sad|Bored|Happy|Alert|Tired","","yes",32,"Male","Heterosexual or straight","","I think there should have been some warning that there would be explicit images shown as I do sometimes do these surveys while working and that could have caused serious problems for me as I had no idea I was about to be shown pornography.",", RMTE29, RMTE28, RMTE31, RMTE15, RMTE25, RMTE6, RMTE3, RMTE18, RMTE22, RMTE27, RMTE30, RMTE35, RMTE9, RMTE21, RMTE34, RMTE19, RMTE17","FL_124","BedroomOral_1st","","RMTE29-female|RMTE28-female|RMTE31-female|RMTE15-female","FL_104|FL_112|FL_95|FL_108","FL_268|FL_272|FL_278|FL_284","FL_300|FL_310|FL_326|FL_308|FL_304","emotions_inst_before|emotions_before","emotions_inst_after|emotions_after",8.48333333333333,-0.146216514469619,0,1,0,0,1,1,0,1,0,0,1,1,1,1,1,1,1,0.647058823529412,7,6,13,4,17,8,16,14,9,5,10,2,1,11,3,15,12,"BedroomOral",1,-1,-2,-3,-1,1,2,1,2,2,-0.652193203819322,-1.49473684210526
"62b43755f6be0c82be3cb760","Sexual",485,"Yes","","20",5,6,2,2,3,1,7,1,6,7,"Bored|Tired|Hungry|Angry|Happy|Enthusiastic|Sexually aroused|Interested|Alert|Sad","4.042","desire","3.754","fantasizing","5.436","preoccupied","3.924","contemplative","2.964","affectionate","8.677","decisive","5.366","tentative","2.611","fantasizing","3.493","preoccupied","4.613","interested","3.14","cautious","2.686","affectionate","3.041","reflective","4.962","grateful","4.794","confident","69.979","distrustful","3.573","nervous",6,6,2,1,2,1,6,1,6,6,"Interested|Angry|Bored|Hungry|Sad|Alert|Happy|Enthusiastic|Tired|Sexually aroused","","yes",32,"Male","Heterosexual or straight","","",", RMTE31, RMTE18, RMTE22, RMTE6, RMTE34, RMTE15, RMTE28, RMTE19, RMTE17, RMTE25, RMTE30, RMTE29, RMTE21, RMTE27, RMTE9, RMTE3, RMTE35","FL_124","BedroomOral_1st","","RMTE31-female|RMTE18-female|RMTE22-female|RMTE6-female","FL_98|FL_110|FL_102|FL_107","FL_260|FL_270|FL_278|FL_276","FL_310|FL_316|FL_300|FL_296|FL_328","emotions_inst_before|emotions_before","emotions_inst_after|emotions_after",8.08333333333333,-0.230576172122607,1,1,1,1,0,1,1,1,1,1,1,0,1,0,1,1,1,0.823529411764706,16,4,15,6,9,2,8,13,3,10,14,7,12,11,1,5,17,"BedroomOral",1,0,0,-1,-1,0,-1,0,0,-1,-0.652193203819322,-1.49473684210526
"62b4388226967b3994d79da1","Sexual",361,"Yes","","20",1,5,5,7,6,6,5,3,5,5,"Hungry|Happy|Bored|Enthusiastic|Angry|Tired|Sexually aroused|Sad|Interested|Alert","3.374","joking","3.833","fantasizing","8.047","preoccupied","3.754","amused","5.622","playful","3.557","amused","5.171","sarcastic","6.903","fantasizing","3.903","imploring","4.861","interested","8.156","joking","2.831","contented","5.615","impatient","3.72","flirtatious","4.078","joking","6.79","aghast","5.485","insisting",3,4,4,7,6,6,4,1,5,4,"Tired|Sad|Alert|Hungry|Angry|Sexually aroused|Happy|Bored|Enthusiastic|Interested","","yes",43,"Male","Heterosexual or straight","","",", RMTE9, RMTE25, RMTE27, RMTE6, RMTE35, RMTE19, RMTE29, RMTE30, RMTE31, RMTE22, RMTE15, RMTE34, RMTE21, RMTE18, RMTE28, RMTE3, RMTE17","FL_124","FloorSex_1st","","RMTE9-female|RMTE25-female|RMTE27-female|RMTE6-female","FL_97|FL_107|FL_101|FL_100","FL_280|FL_268|FL_258|FL_282","FL_310|FL_306|FL_318|FL_296|FL_304","emotions_inst_before|emotions_before","emotions_inst_after|emotions_after",6.01666666666667,-0.66643440332971,0,1,1,0,0,0,0,1,0,1,0,0,0,1,0,0,0,0.294117647058824,16,4,1,11,17,14,6,13,10,2,3,15,7,8,9,12,5,"FloorSex",2,-1,-1,0,0,0,-1,-2,0,-1,-0.215866764644423,-0.494736842105263
"62b4907b74e0d9625721daf7","Sexual",620,"Yes","","20",1,3,1,6,6,6,3,1,2,2,"Tired|Hungry|Sexually aroused|Alert|Enthusiastic|Sad|Angry|Happy|Bored|Interested","8.912","desire","6.904","fantasizing","5.249","preoccupied","8.54","contemplative","6.584","aghast","4.214","decisive","8.034","arrogant","5.484","fantasizing","4.161","insisting","6.416","interested","17.383","cautious","5.113","interested","5.282","irritated","5.02","flirtatious","5.353","dispirited","11.417","distrustful","4.381","contemplative",1,1,1,3,4,5,6,5,1,2,"Happy|Angry|Tired|Sad|Sexually aroused|Enthusiastic|Alert|Hungry|Bored|Interested","","yes",27,"Male","Heterosexual or straight","","I think more of a warning should have been given about the explicit footage displayed ",", RMTE19, RMTE9, RMTE21, RMTE30, RMTE3, RMTE15, RMTE28, RMTE18, RMTE25, RMTE29, RMTE22, RMTE35, RMTE6, RMTE27, RMTE34, RMTE17, RMTE31","FL_124","SamTaylor_1st","","RMTE19-female|RMTE9-female|RMTE21-female|RMTE30-female","FL_95|FL_110|FL_102|FL_108","FL_270|FL_276|FL_268|FL_284","FL_298|FL_316|FL_326|FL_304|FL_324","emotions_inst_before|emotions_before","emotions_inst_after|emotions_after",10.3333333333333,0.24394690217545,1,1,1,1,0,1,0,1,0,1,1,1,0,1,0,1,0,0.647058823529412,5,13,2,6,16,8,1,3,11,9,14,7,10,4,17,15,12,"SamTaylor",0,-2,0,-3,-2,-1,3,4,-1,0,-1.08851964299422,-2.49473684210526
"62b5efa2f57f0a9c91516acc","Neutral",990,"","Yes","20",1,2,7,2,7,2,6,2,3,3,"Hungry|Sad|Alert|Angry|Interested|Happy|Bored|Tired|Sexually aroused|Enthusiastic","6.652","flustered","27.787","impatient","6.721","preoccupied","3.234","contemplative","4.725","doubtful","4.314","bored","4.952","sarcastic","4.419","embarrassed","3.764","preoccupied","5.164","panicked","100.943","cautious","532.625","interested","8.501","reflective","3.533","hostile","5.102","dispirited","3.525","distrustful","4.589","nervous",1,3,7,2,6,2,3,2,3,4,"Sexually aroused|Happy|Angry|Interested|Enthusiastic|Sad|Hungry|Tired|Alert|Bored","","yes",41,"Male","Heterosexual or straight","","",", RMTE9, RMTE28, RMTE18, RMTE6, RMTE3, RMTE19, RMTE21, RMTE29, RMTE30, RMTE31, RMTE25, RMTE34, RMTE15, RMTE35, RMTE27, RMTE17, RMTE22","FL_125","","MadMen_1st","RMTE9-female|RMTE28-female|RMTE18-female|RMTE6-female","FL_95|FL_107|FL_106|FL_101","FL_278|FL_280|FL_270|FL_282","FL_302|FL_328|FL_316|FL_304|FL_312","emotions_inst_before|emotions_before","emotions_inst_after|emotions_after",16.5,1.54449162432568,0,0,1,1,1,0,0,0,1,0,1,1,1,0,0,1,1,0.529411764705882,5,4,1,13,16,3,6,7,17,11,15,2,8,9,10,12,14,"MadMen",0,1,0,0,-1,0,-3,0,0,1,-0.339605814733411,-0.263157894736842
"62b5fea64b239d91783414ff","Sexual",679,"Yes","","20",2,6,1,2,1,5,7,1,7,6,"Alert|Angry|Hungry|Interested|Happy|Tired|Enthusiastic|Sexually aroused|Sad|Bored","8.41","desire","14.337","fantasizing","6.692","preoccupied","10.859","contemplative","10.997","doubtful","25.75","amused","23.566","tentative","12.502","fantasizing","31.289","preoccupied","9.203","interested","11.196","cautious","9.337","interested","23.649","irritated","10.435","flirtatious","7.854","confident","14.61","aghast","48.382","insisting",6,5,1,1,1,3,7,1,5,7,"Sad|Bored|Sexually aroused|Happy|Alert|Interested|Angry|Hungry|Enthusiastic|Tired","","yes",27,"Male","Heterosexual or straight","","",", RMTE22, RMTE29, RMTE18, RMTE3, RMTE30, RMTE19, RMTE9, RMTE35, RMTE6, RMTE31, RMTE25, RMTE21, RMTE17, RMTE15, RMTE34, RMTE28, RMTE27","FL_124","SamTaylor_1st","","RMTE22-female|RMTE29-female|RMTE18-female|RMTE3-female","FL_100|FL_107|FL_111|FL_97","FL_254|FL_280|FL_270|FL_266","FL_304|FL_302|FL_326|FL_318|FL_316","emotions_inst_before|emotions_before","emotions_inst_after|emotions_after",11.3166666666667,0.451331060572378,1,1,1,1,1,0,1,1,1,1,1,1,0,1,1,0,0,0.764705882352941,4,9,7,14,13,3,6,12,1,11,17,16,2,5,10,15,8,"SamTaylor",4,-1,0,-1,0,-2,0,0,-2,1,0.656786113705373,1.50526315789474
"62c4b186f8abe215ddedd1f8","Sexual",461,"Yes","","20",1,5,2,3,6,8,6,2,4,6,"Happy|Interested|Angry|Bored|Alert|Hungry|Tired|Sad|Sexually aroused|Enthusiastic","6.766","joking","5.253","fantasizing","10.615","preoccupied","7.828","amused","8.434","doubtful","6.848","amused","7.092","tentative","9.93","fantasizing","5.842","preoccupied","22.717","interested","4.871","cautious","13.038","interested","4.271","reflective","7.807","flirtatious","5.934","confident","6.53","distrustful","6.191","nervous",8,8,1,1,1,7,7,2,6,6,"Tired|Interested|Sexually aroused|Hungry|Sad|Bored|Angry|Enthusiastic|Alert|Happy","","yes",50,"Male","Heterosexual or straight","","",", RMTE25, RMTE30, RMTE9, RMTE21, RMTE17, RMTE18, RMTE19, RMTE34, RMTE15, RMTE35, RMTE6, RMTE31, RMTE28, RMTE29, RMTE22, RMTE27, RMTE3","FL_124","FloorSex_1st","","RMTE25-female|RMTE30-female|RMTE9-female|RMTE21-female","FL_109|FL_108|FL_107|FL_98","FL_258|FL_284|FL_254|FL_280","FL_318|FL_320|FL_312|FL_316|FL_296","emotions_inst_before|emotions_before","emotions_inst_after|emotions_after",7.68333333333333,-0.314935829775595,0,1,1,0,1,0,1,1,1,1,1,1,1,1,1,1,1,0.823529411764706,17,11,3,9,5,6,7,4,15,1,16,13,14,2,12,8,10,"FloorSex",7,3,-1,-2,-5,-1,1,0,2,0,1.96576543123007,4.50526315789474
"62c97799bd8ab72a531abde0","Neutral",389,"","Yes","20",2,1,1,1,3,4,5,1,2,6,"Enthusiastic|Interested|Happy|Alert|Sexually aroused|Sad|Angry|Tired|Bored|Hungry","8.131","desire","3.514","fantasizing","3.082","preoccupied","2.908","contemplative","5.378","doubtful","12.994","decisive","5.834","sarcastic","3.848","fantasizing","4.176","preoccupied","14.235","despondent","8.192","cautious","13.004","interested","7.818","reflective","4.474","flirtatious","5.493","confident","5.664","distrustful","3.143","nervous",3,2,1,1,3,4,7,1,4,7,"Enthusiastic|Happy|Interested|Sexually aroused|Alert|Bored|Tired|Hungry|Sad|Angry","","yes",40,"Male","Heterosexual or straight","","",", RMTE18, RMTE17, RMTE31, RMTE25, RMTE28, RMTE34, RMTE21, RMTE9, RMTE30, RMTE15, RMTE29, RMTE22, RMTE3, RMTE6, RMTE35, RMTE19, RMTE27","FL_125","","MadMen_1st","RMTE18-female|RMTE17-female|RMTE31-female|RMTE25-female","FL_102|FL_98|FL_106|FL_111","FL_278|FL_258|FL_276|FL_268","FL_296|FL_298|FL_328|FL_308|FL_316","emotions_inst_before|emotions_before","emotions_inst_after|emotions_after",6.48333333333333,-0.568014802734558,1,1,1,1,1,1,0,1,1,0,1,1,1,1,1,1,1,0.882352941176471,13,14,8,10,2,1,16,7,12,4,17,5,11,9,3,6,15,"MadMen",1,1,0,0,0,0,2,0,2,1,0.601587443242042,0.736842105263158
"62cbebd0b3641f4745d7c863","Neutral",418,"","Yes","20",2,7,1,7,2,4,7,1,5,4,"Bored|Hungry|Tired|Enthusiastic|Sexually aroused|Sad|Angry|Interested|Happy|Alert","6.141","desire","10.62","fantasizing","8.758","preoccupied","5.474","contemplative","6.247","doubtful","8.134","decisive","6.373","tentative","18.025","fantasizing","5.894","preoccupied","16.71","interested","4.655","cautious","7.723","interested","5.484","reflective","10.093","flirtatious","8.071","confident","5.6","distrustful","5.089","nervous",2,8,1,5,2,3,7,1,7,6,"Bored|Happy|Enthusiastic|Tired|Interested|Alert|Angry|Hungry|Sad|Sexually aroused","","yes",40,"Male","Heterosexual or straight","","",", RMTE30, RMTE6, RMTE25, RMTE18, RMTE19, RMTE31, RMTE17, RMTE21, RMTE9, RMTE34, RMTE22, RMTE29, RMTE15, RMTE35, RMTE28, RMTE27, RMTE3","FL_125","","WallE_1st","RMTE30-female|RMTE6-female|RMTE25-female|RMTE18-female","FL_107|FL_99|FL_109|FL_106","FL_256|FL_282|FL_268|FL_276","FL_302|FL_328|FL_318|FL_316|FL_296","emotions_inst_before|emotions_before","emotions_inst_after|emotions_after",6.96666666666667,-0.466080216403864,1,1,1,1,1,1,1,1,1,1,1,1,1,1,1,1,1,1,17,2,9,13,7,4,5,8,11,3,16,15,12,1,6,10,14,"WallE",0,1,0,-2,0,-1,0,0,2,2,-0.339605814733411,-0.263157894736842
"62d159b0e1b591ec1e8e27c8","Neutral",439,"","Yes","20",1,6,6,7,8,7,3,2,4,3,"Bored|Enthusiastic|Tired|Angry|Sad|Interested|Alert|Hungry|Sexually aroused|Happy","4.628","desire","5.868","fantasizing","7.047","preoccupied","16.066","contemplative","6.021","doubtful","10.55","decisive","9.719","tentative","7.257","fantasizing","7.938","preoccupied","5.223","interested","11.911","cautious","8.811","interested","9.106","impatient","3.232","flirtatious","4.442","confident","5.75","distrustful","3.861","nervous",1,6,2,4,4,8,5,1,5,6,"Tired|Interested|Sad|Sexually aroused|Alert|Hungry|Angry|Enthusiastic|Bored|Happy","","yes",33,"Male","Heterosexual or straight","","",", RMTE15, RMTE27, RMTE34, RMTE22, RMTE21, RMTE25, RMTE6, RMTE18, RMTE3, RMTE31, RMTE17, RMTE30, RMTE9, RMTE35, RMTE19, RMTE28, RMTE29","FL_125","","CocktailDate_1st","RMTE15-female|RMTE27-female|RMTE34-female|RMTE22-female","FL_106|FL_104|FL_112|FL_108","FL_252|FL_280|FL_260|FL_278","FL_300|FL_328|FL_308|FL_318|FL_320","emotions_inst_before|emotions_before","emotions_inst_after|emotions_after",7.31666666666667,-0.3922655159575,1,1,1,1,1,1,1,1,1,1,1,1,0,1,1,1,1,0.941176470588235,9,7,13,1,11,8,15,5,4,6,2,16,17,12,10,3,14,"CocktailDate",0,0,-4,-3,-4,1,2,-1,1,3,-0.339605814733411,-0.263157894736842
"62d1b97f44bebbf51d3a48c3","Sexual",372,"Yes","","20",2,7,1,2,2,4,7,1,5,7,"Alert|Hungry|Sexually aroused|Sad|Angry|Enthusiastic|Tired|Interested|Bored|Happy","2.987","convinced","4.641","alarmed","2.748","annoyed","3.759","contemplative","2.52","affectionate","4.833","decisive","3.336","grateful","4.895","fantasizing","5.501","imploring","4.397","interested","2.788","cautious","2.653","interested","5.461","irritated","3.467","grateful","3.722","confident","6.304","distrustful","3.603","contemplative",6,6,2,1,1,2,7,1,6,6,"Enthusiastic|Happy|Bored|Sexually aroused|Tired|Interested|Angry|Hungry|Sad|Alert","","yes",41,"Male","Heterosexual or straight","","",", RMTE34, RMTE29, RMTE31, RMTE22, RMTE15, RMTE3, RMTE27, RMTE21, RMTE9, RMTE35, RMTE25, RMTE18, RMTE6, RMTE28, RMTE30, RMTE19, RMTE17","FL_124","FloorSex_1st","","RMTE34-female|RMTE29-female|RMTE31-female|RMTE22-female","FL_110|FL_95|FL_103|FL_106","FL_256|FL_284|FL_270|FL_262","FL_298|FL_318|FL_322|FL_308|FL_304","emotions_inst_before|emotions_before","emotions_inst_after|emotions_after",6.2,-0.627769560238758,0,0,0,1,0,1,0,1,0,1,1,1,0,0,1,1,0,0.470588235294118,6,13,9,5,17,12,16,8,4,11,7,14,2,15,3,1,10,"FloorSex",4,-1,1,-1,-1,-2,0,0,1,-1,0.656786113705373,1.50526315789474
"62da562ad9942a440f6986c9","Neutral",498,"","Yes","20",1,4,4,6,6,5,3,2,4,3,"Bored|Sad|Hungry|Sexually aroused|Angry|Interested|Alert|Happy|Tired|Enthusiastic","8.647","joking","8.998","fantasizing","8.402","annoyed","16.089","flustered","7.033","playful","10.069","decisive","10.826","sarcastic","7.681","fantasizing","12.507","imploring","7.419","incredulous","10.855","cautious","7.392","affectionate","8.397","irritated","6.3","flirtatious","7.112","confident","10.146","distrustful","9.275","insisting",2,5,3,4,5,5,4,2,5,5,"Tired|Bored|Hungry|Alert|Sexually aroused|Sad|Enthusiastic|Happy|Angry|Interested","","yes",40,"Male","Heterosexual or straight","","",", RMTE22, RMTE15, RMTE28, RMTE9, RMTE34, RMTE6, RMTE30, RMTE18, RMTE31, RMTE27, RMTE17, RMTE35, RMTE19, RMTE29, RMTE3, RMTE25, RMTE21","FL_125","","CocktailDate_1st","RMTE22-female|RMTE15-female|RMTE28-female|RMTE9-female","FL_98|FL_112|FL_100|FL_108","FL_280|FL_272|FL_260|FL_284","FL_308|FL_320|FL_296|FL_314|FL_310","emotions_inst_before|emotions_before","emotions_inst_after|emotions_after",8.3,-0.184881357560572,0,1,0,0,0,1,0,1,0,0,1,0,0,1,1,1,0,0.411764705882353,15,6,4,2,11,8,13,17,1,16,10,3,14,7,9,5,12,"CocktailDate",1,1,-1,-2,-1,0,1,0,1,2,0.601587443242042,0.736842105263158
"62dad07dd3407114428e9074","Neutral",412,"","Yes","20",2,2,6,4,6,2,2,1,2,4,"Happy|Sad|Alert|Tired|Sexually aroused|Bored|Angry|Hungry|Interested|Enthusiastic","5.536","desire","4.455","fantasizing","5.279","preoccupied","5.503","contemplative","4.363","doubtful","5.124","bored","6.546","tentative","6.998","fantasizing","5.785","preoccupied","6.447","despondent","6.019","cautious","5.06","contented","8.985","impatient","6.875","flirtatious","5.736","dispirited","5.151","distrustful","10.243","contemplative",2,2,5,2,5,2,3,2,2,5,"Bored|Happy|Interested|Alert|Sad|Hungry|Tired|Sexually aroused|Enthusiastic|Angry","","yes",20,"Male","Heterosexual or straight","","",", RMTE27, RMTE15, RMTE29, RMTE22, RMTE30, RMTE35, RMTE34, RMTE9, RMTE31, RMTE28, RMTE21, RMTE3, RMTE18, RMTE6, RMTE19, RMTE17, RMTE25","FL_125","","CocktailDate_1st","RMTE27-female|RMTE15-female|RMTE29-female|RMTE22-female","FL_100|FL_97|FL_98|FL_111","FL_280|FL_274|FL_266|FL_252","FL_306|FL_298|FL_308|FL_304|FL_314","emotions_inst_before|emotions_before","emotions_inst_after|emotions_after",6.86666666666667,-0.487170130817111,1,1,1,1,1,0,1,1,1,0,1,0,0,1,0,1,0,0.647058823529412,12,14,8,2,16,13,15,11,4,17,1,10,3,5,9,7,6,"CocktailDate",0,0,-1,-2,-1,0,1,1,0,1,-0.339605814733411,-0.263157894736842
"62dae78d1b3a661e64d8844b","Sexual",375,"Yes","","20",1,1,5,2,2,3,1,1,2,3,"Hungry|Sexually aroused|Interested|Tired|Angry|Happy|Bored|Alert|Sad|Enthusiastic","2.977","convinced","3.7","fantasizing","6.289","preoccupied","5.329","contemplative","6.606","doubtful","2.925","decisive","2.979","tentative","6.713","fantasizing","16.252","preoccupied","4.831","incredulous","6.46","arrogant","4.9","interested","2.789","reflective","3.567","flirtatious","6.34","confident","5.564","distrustful","8.333","nervous",1,2,3,2,2,3,2,1,2,2,"Interested|Tired|Hungry|Enthusiastic|Alert|Bored|Sexually aroused|Happy|Sad|Angry","","yes",34,"Male","Heterosexual or straight","","",", RMTE17, RMTE9, RMTE6, RMTE30, RMTE22, RMTE27, RMTE18, RMTE29, RMTE31, RMTE34, RMTE19, RMTE28, RMTE35, RMTE25, RMTE21, RMTE3, RMTE15","FL_124","FloorSex_1st","","RMTE17-female|RMTE9-female|RMTE6-female|RMTE30-female","FL_105|FL_103|FL_108|FL_101","FL_280|FL_282|FL_264|FL_274","FL_328|FL_314|FL_310|FL_296|FL_302","emotions_inst_before|emotions_before","emotions_inst_after|emotions_after",6.25,-0.617224603032134,0,1,1,1,1,1,1,1,1,0,0,1,1,1,1,1,1,0.823529411764706,16,3,2,17,1,7,11,15,5,14,6,12,8,4,9,10,13,"FloorSex",0,1,-2,0,0,0,1,0,0,-1,-1.08851964299422,-2.49473684210526
"62e023ae6d022e4d7bfc5db1","Neutral",424,"","Yes","20",3,5,3,6,9,9,2,6,1,6,"Sad|Enthusiastic|Alert|Tired|Happy|Bored|Sexually aroused|Interested|Angry|Hungry","3.797","desire","3.664","impatient","3.886","hostile","7.966","flustered","9.101","aghast","4.774","bored","3.175","tentative","5.141","fantasizing","4.015","imploring","3.06","interested","17.901","cautious","2.267","interested","2.891","impatient","4.219","grateful","12.918","confident","8.502","distrustful","17.679","contemplative",1,3,3,3,3,9,7,2,8,8,"Tired|Interested|Enthusiastic|Bored|Hungry|Happy|Sad|Sexually aroused|Angry|Alert","","yes",30,"Male","Heterosexual or straight","","",", RMTE34, RMTE25, RMTE31, RMTE3, RMTE18, RMTE29, RMTE9, RMTE22, RMTE21, RMTE15, RMTE27, RMTE30, RMTE35, RMTE17, RMTE19, RMTE28, RMTE6","FL_125","","CocktailDate_1st","RMTE34-female|RMTE25-female|RMTE31-female|RMTE3-female","FL_108|FL_101|FL_111|FL_105","FL_266|FL_258|FL_272|FL_278","FL_328|FL_304|FL_308|FL_318|FL_298","emotions_inst_before|emotions_before","emotions_inst_after|emotions_after",7.06666666666667,-0.444990301990618,1,0,0,0,0,0,1,1,0,1,1,1,0,0,1,1,0,0.470588235294118,4,17,7,10,14,5,15,9,8,2,11,16,6,12,3,1,13,"CocktailDate",-2,-2,0,-3,-6,0,5,-4,7,2,-2.22199233068432,-2.26315789473684
"62e25115fb932baf4a93173f","Neutral",409,"","Yes","20",1,6,2,2,2,5,7,1,5,6,"Happy|Hungry|Tired|Alert|Interested|Sexually aroused|Angry|Enthusiastic|Sad|Bored","5.285","desire","20.532","fantasizing","4.394","preoccupied","3.798","contemplative","5.589","doubtful","4.092","decisive","3.475","grateful","9.399","fantasizing","5.268","preoccupied","2.919","interested","3.577","cautious","4.908","interested","3.559","reflective","2.799","flirtatious","3.747","confident","6.029","baffled","3.404","insisting",1,7,1,1,2,5,6,1,6,6,"Alert|Interested|Happy|Angry|Sad|Enthusiastic|Bored|Tired|Sexually aroused|Hungry","","yes",31,"Male","Heterosexual or straight","","",", RMTE6, RMTE21, RMTE28, RMTE3, RMTE15, RMTE17, RMTE9, RMTE19, RMTE34, RMTE27, RMTE18, RMTE31, RMTE22, RMTE30, RMTE29, RMTE25, RMTE35","FL_125","","WallE_1st","RMTE6-female|RMTE21-female|RMTE28-female|RMTE3-female","FL_110|FL_109|FL_111|FL_107","FL_282|FL_272|FL_262|FL_280","FL_312|FL_322|FL_320|FL_314|FL_328","emotions_inst_before|emotions_before","emotions_inst_after|emotions_after",6.81666666666667,-0.497715088023735,1,1,1,1,1,1,0,1,1,1,1,1,1,1,1,0,0,0.823529411764706,4,1,7,5,6,11,8,2,13,16,10,3,15,14,12,9,17,"WallE",0,1,-1,-1,0,0,-1,0,1,0,-0.339605814733411,-0.263157894736842
"62e29a87b66da576f3aee0b9","Neutral",462,"","Yes","20",1,6,1,1,3,4,2,1,7,9,"Angry|Tired|Alert|Sad|Sexually aroused|Hungry|Enthusiastic|Happy|Bored|Interested","10.47","joking","11.427","fantasizing","10.082","preoccupied","5.915","contemplative","9.594","playful","12.427","decisive","10.99","grateful","5.563","fantasizing","6.101","preoccupied","4.258","interested","12.878","arrogant","12.073","interested","6.234","reflective","16.702","flirtatious","5.041","confident","11.979","baffled","17.877","insisting",1,7,1,2,3,4,8,1,6,8,"Enthusiastic|Sad|Bored|Alert|Tired|Hungry|Interested|Happy|Sexually aroused|Angry","","yes",50,"Male","Heterosexual or straight","","",", RMTE27, RMTE6, RMTE9, RMTE31, RMTE30, RMTE35, RMTE17, RMTE28, RMTE22, RMTE29, RMTE21, RMTE25, RMTE34, RMTE19, RMTE15, RMTE18, RMTE3","FL_125","","MadMen_1st","RMTE27-female|RMTE6-female|RMTE9-female|RMTE31-female","FL_100|FL_97|FL_109|FL_102","FL_268|FL_276|FL_266|FL_270","FL_326|FL_308|FL_302|FL_306|FL_296","emotions_inst_before|emotions_before","emotions_inst_after|emotions_after",7.7,-0.311420844040053,0,1,1,1,0,1,0,1,1,1,0,1,1,1,1,0,0,0.647058823529412,17,2,3,15,7,16,14,11,9,12,1,8,10,5,4,13,6,"MadMen",0,1,0,1,0,0,6,0,-1,-1,-0.339605814733411,-0.263157894736842
"62e3e0d56f00aade7fbbb1a0","Neutral",402,"","Yes","20",1,5,2,4,7,6,2,1,3,3,"Hungry|Angry|Sad|Alert|Enthusiastic|Interested|Bored|Sexually aroused|Happy|Tired","9.334","desire","6.573","aghast","15.623","hostile","11.47","contemplative","5.391","aghast","10.55","decisive","4.817","tentative","3.955","fantasizing","6.669","preoccupied","7.004","interested","8.879","reassuring","8.962","interested","3.737","reflective","3.891","flirtatious","4.857","confident","6.851","terrified","5.606","nervous",1,5,2,5,6,6,5,1,3,3,"Hungry|Alert|Sad|Interested|Bored|Angry|Sexually aroused|Enthusiastic|Tired|Happy","","yes",36,"Male","Heterosexual or straight","","",", RMTE9, RMTE27, RMTE22, RMTE17, RMTE3, RMTE19, RMTE34, RMTE6, RMTE18, RMTE31, RMTE21, RMTE35, RMTE15, RMTE30, RMTE29, RMTE28, RMTE25","FL_125","","CocktailDate_1st","RMTE9-female|RMTE27-female|RMTE22-female|RMTE17-female","FL_95|FL_107|FL_98|FL_112","FL_262|FL_280|FL_266|FL_284","FL_302|FL_322|FL_320|FL_318|FL_314","emotions_inst_before|emotions_before","emotions_inst_after|emotions_after",6.7,-0.522319988172523,1,0,0,1,0,1,1,1,1,1,0,1,1,1,1,0,1,0.705882352941177,5,8,1,13,4,9,6,11,3,17,2,16,15,14,10,7,12,"CocktailDate",0,0,0,1,-1,0,3,0,0,0,-0.339605814733411,-0.263157894736842
"62e3f7b224ec70641fd86b7b","Sexual",388,"Yes","","20",1,5,4,1,1,1,7,1,5,6,"Bored|Interested|Tired|Hungry|Happy|Sad|Sexually aroused|Angry|Enthusiastic|Alert","7.345","joking","19","alarmed","4.7","preoccupied","7.067","contemplative","5.705","doubtful","8.025","bored","8.612","tentative","2.968","fantasizing","8.542","preoccupied","4.001","interested","5.935","cautious","6.462","interested","9.404","impatient","8.112","flirtatious","11.347","ashamed","11.323","distrustful","5.952","nervous",3,6,1,1,1,1,6,1,5,6,"Interested|Bored|Alert|Enthusiastic|Tired|Sexually aroused|Happy|Sad|Hungry|Angry","","yes",35,"Male","Heterosexual or straight","","",", RMTE6, RMTE27, RMTE25, RMTE9, RMTE17, RMTE34, RMTE21, RMTE22, RMTE30, RMTE28, RMTE35, RMTE29, RMTE31, RMTE15, RMTE18, RMTE19, RMTE3","FL_124","BedroomOral_1st","","RMTE6-female|RMTE27-female|RMTE25-female|RMTE9-female","FL_109|FL_98|FL_106|FL_105","FL_278|FL_274|FL_284|FL_276","FL_324|FL_302|FL_306|FL_308|FL_296","emotions_inst_before|emotions_before","emotions_inst_after|emotions_after",6.46666666666667,-0.571529788470099,0,0,1,1,1,0,1,1,1,1,1,1,0,1,0,1,1,0.705882352941177,17,1,4,14,5,15,16,7,8,3,2,10,12,9,13,6,11,"BedroomOral",2,1,-3,0,0,0,-1,0,0,0,-0.215866764644423,-0.494736842105263
"62e9539d87c2f87eb19debe0","Neutral",717,"","Yes","20",1,7,1,2,2,2,7,1,6,8,"Alert|Interested|Tired|Sad|Enthusiastic|Bored|Sexually aroused|Hungry|Angry|Happy","9.741","desire","7.571","impatient","6.672","preoccupied","6.16","contemplative","7.127","doubtful","5.286","bored","6.617","tentative","7.926","embarrassed","5.237","preoccupied","7.491","incredulous","6.501","cautious","9.376","interested","3.747","reflective","11.429","flirtatious","6.226","confident","10.13","distrustful","5.699","nervous",1,7,1,2,2,2,8,1,7,7,"Sexually aroused|Sad|Alert|Angry|Happy|Tired|Hungry|Interested|Enthusiastic|Bored","","yes",45,"Male","Heterosexual or straight","","",", RMTE28, RMTE30, RMTE15, RMTE9, RMTE21, RMTE17, RMTE27, RMTE34, RMTE3, RMTE35, RMTE29, RMTE6, RMTE22, RMTE18, RMTE31, RMTE25, RMTE19","FL_125","","WallE_1st","RMTE28-female|RMTE30-female|RMTE15-female|RMTE9-female","FL_106|FL_109|FL_103|FL_98","FL_252|FL_284|FL_276|FL_254","FL_312|FL_306|FL_324|FL_314|FL_308","emotions_inst_before|emotions_before","emotions_inst_after|emotions_after",11.95,0.584900518522942,1,0,1,1,1,0,1,0,1,0,1,1,1,1,1,1,1,0.764705882352941,9,12,4,3,6,14,17,5,13,16,7,1,11,2,15,8,10,"WallE",0,0,0,0,0,0,1,0,1,-1,-0.339605814733411,-0.263157894736842
"62e95d802e74104b5cee0c89","Sexual",330,"Yes","","20",1,5,2,7,5,2,2,1,4,3,"Sad|Angry|Sexually aroused|Hungry|Alert|Enthusiastic|Bored|Interested|Happy|Tired","5.373","desire","6.597","fantasizing","3.168","preoccupied","3.312","contemplative","7.727","doubtful","4.335","decisive","3.369","tentative","3.405","fantasizing","6.831","preoccupied","4.925","interested","4.687","cautious","4.673","contented","2.607","impatient","3.168","flirtatious","3.335","confident","3.853","terrified","4.937","nervous",1,5,1,5,2,2,4,1,4,2,"Interested|Sexually aroused|Bored|Happy|Alert|Angry|Hungry|Tired|Sad|Enthusiastic","","Yes",28,"Male","Heterosexual or straight","","",", RMTE6, RMTE25, RMTE17, RMTE30, RMTE22, RMTE27, RMTE15, RMTE9, RMTE3, RMTE34, RMTE28, RMTE21, RMTE35, RMTE29, RMTE18, RMTE19, RMTE31","FL_124","BedroomOral_1st","","RMTE6-female|RMTE25-female|RMTE17-female|RMTE30-female","FL_105|FL_103|FL_110|FL_111","FL_252|FL_282|FL_274|FL_266","FL_328|FL_320|FL_306|FL_308|FL_324","emotions_inst_before|emotions_before","emotions_inst_after|emotions_after",5.5,-0.775398961131486,1,1,1,1,1,1,1,1,1,1,1,0,0,1,1,0,1,0.823529411764706,9,1,8,7,3,15,16,12,5,2,6,11,14,4,17,10,13,"BedroomOral",0,0,-1,-2,-3,0,2,0,0,-1,-1.08851964299422,-2.49473684210526
"62e96074d284fa3f5ae4ac5d","Neutral",316,"","Yes","20",2,5,3,4,5,6,7,3,5,6,"Hungry|Interested|Alert|Enthusiastic|Sad|Angry|Sexually aroused|Bored|Tired|Happy","4.481","desire","3.487","fantasizing","5.707","preoccupied","3.422","contemplative","3.71","doubtful","3.199","decisive","3.809","tentative","5.582","fantasizing","4.124","imploring","3.669","interested","5.536","cautious","4.209","interested","5.002","irritated","4.39","grateful","3.233","confident","3.765","baffled","2.718","nervous",2,6,2,4,4,6,6,2,5,6,"Happy|Alert|Sad|Angry|Tired|Bored|Sexually aroused|Hungry|Interested|Enthusiastic","","yes",28,"Male","Heterosexual or straight","","",", RMTE29, RMTE27, RMTE3, RMTE9, RMTE19, RMTE25, RMTE6, RMTE21, RMTE22, RMTE18, RMTE31, RMTE28, RMTE30, RMTE17, RMTE34, RMTE35, RMTE15","FL_125","","CocktailDate_1st","RMTE29-female|RMTE27-female|RMTE3-female|RMTE9-female","FL_107|FL_104|FL_112|FL_106","FL_268|FL_262|FL_280|FL_274","FL_322|FL_304|FL_326|FL_328|FL_302","emotions_inst_before|emotions_before","emotions_inst_after|emotions_after",5.26666666666667,-0.824608761429063,1,1,1,1,1,1,1,1,0,1,1,1,0,0,1,0,1,0.764705882352941,3,7,4,17,14,10,5,8,9,6,2,12,1,13,11,15,16,"CocktailDate",0,1,-1,0,-1,0,-1,-1,0,0,-0.339605814733411,-0.263157894736842
"62ea20aa13d454052ce714e1","Sexual",614,"Yes","","20",1,8,2,1,1,5,7,1,6,7,"Happy|Sexually aroused|Sad|Hungry|Tired|Angry|Alert|Enthusiastic|Bored|Interested","6.621","desire","5.539","fantasizing","4.03","preoccupied","9.918","contemplative","7.131","affectionate","5.027","decisive","3.654","tentative","5.814","fantasizing","6.43","preoccupied","7.761","interested","6.848","","6.741","affectionate","5.535","impatient","3.092","flirtatious","3.951","confident","20.096","","4.125","contemplative",4,8,2,1,1,2,6,3,5,5,"Enthusiastic|Interested|Sexually aroused|Hungry|Sad|Alert|Happy|Tired|Bored|Angry","","yes",36,"Male","Heterosexual or straight","","",", RMTE34, RMTE6, RMTE28, RMTE22, RMTE35, RMTE15, RMTE27, RMTE25, RMTE30, RMTE18, RMTE17, RMTE31, RMTE29, RMTE19, RMTE3, RMTE21, RMTE9","FL_124","SamTaylor_1st","","RMTE34-female|RMTE6-female|RMTE28-female|RMTE22-female","FL_97|FL_110|FL_103|FL_104","FL_278|FL_262|FL_260|FL_280","FL_320|FL_308|FL_296|FL_310|FL_300","emotions_inst_before|emotions_before","emotions_inst_after|emotions_after",10.2333333333333,0.222856987762203,1,1,1,1,0,1,1,1,1,1,NA,0,0,1,1,NA,0,0.733333333333333,15,2,17,6,11,10,14,16,4,8,7,3,13,9,12,1,5,"SamTaylor",3,0,0,0,0,-3,-1,2,-1,-2,0.220459674530475,0.505263157894737
"62ebcfeb8e3a52c0591fd10c","Sexual",571,"Yes","","20",1,8,1,1,1,4,5,1,6,6,"Interested|Enthusiastic|Happy|Hungry|Angry|Sad|Bored|Alert|Tired|Sexually aroused","16.629","desire","14.772","impatient","8.947","preoccupied","5.355","contemplative","57.689","doubtful","7.882","decisive","8.718","tentative","5.702","fantasizing","9.347","preoccupied","10.518","despondent","7.506","cautious","10.973","interested","8.006","reflective","15.882","flirtatious","7.076","confident","10.666","distrustful","47.027","insisting",1,4,3,5,1,4,1,1,4,3,"Bored|Angry|Alert|Enthusiastic|Sad|Happy|Interested|Tired|Hungry|Sexually aroused","","yes",31,"Male","Heterosexual or straight","","",", RMTE35, RMTE31, RMTE27, RMTE9, RMTE3, RMTE18, RMTE30, RMTE22, RMTE17, RMTE29, RMTE25, RMTE21, RMTE6, RMTE34, RMTE19, RMTE15, RMTE28","FL_124","BedroomOral_1st","","RMTE35-female|RMTE31-female|RMTE27-female|RMTE9-female","FL_95|FL_108|FL_100|FL_105","FL_260|FL_276|FL_270|FL_266","FL_298|FL_326|FL_308|FL_302|FL_318","emotions_inst_before|emotions_before","emotions_inst_after|emotions_after",9.51666666666667,0.0717126011339328,1,0,1,1,1,1,1,1,1,0,1,1,1,1,1,1,0,0.823529411764706,5,13,4,16,9,6,15,12,8,11,3,17,10,7,2,14,1,"BedroomOral",0,-4,2,4,0,0,-4,0,-2,-3,-1.08851964299422,-2.49473684210526
"62fb7b5658e8f2902c9a5f52","Neutral",372,"","Yes","20",1,8,3,3,7,2,1,1,5,1,"Hungry|Angry|Bored|Enthusiastic|Tired|Happy|Sad|Sexually aroused|Interested|Alert","3.984","desire","6.079","alarmed","5.5","preoccupied","10.716","contemplative","7.478","doubtful","5.433","decisive","6.893","grateful","28.083","fantasizing","5.269","grateful","4.626","interested","6.812","arrogant","3.995","contented","12.158","reflective","3.308","flirtatious","6.392","joking","6.467","baffled","7.341","nervous",1,7,1,1,3,4,4,1,8,1,"Sexually aroused|Interested|Tired|Hungry|Happy|Enthusiastic|Alert|Angry|Bored|Sad","","yes",26,"Male","Heterosexual or straight","","",", RMTE17, RMTE18, RMTE25, RMTE19, RMTE34, RMTE30, RMTE31, RMTE15, RMTE29, RMTE22, RMTE9, RMTE27, RMTE21, RMTE6, RMTE28, RMTE35, RMTE3","FL_125","","CocktailDate_1st","RMTE17-female|RMTE18-female|RMTE25-female|RMTE19-female","FL_98|FL_100|FL_99|FL_110","FL_276|FL_268|FL_256|FL_272","FL_310|FL_298|FL_318|FL_328|FL_296","emotions_inst_before|emotions_before","emotions_inst_after|emotions_after",6.2,-0.627769560238758,1,0,1,1,1,1,0,1,0,1,0,0,1,1,0,0,1,0.588235294117647,17,14,11,8,1,2,4,13,10,3,12,15,9,6,7,5,16,"CocktailDate",0,-1,-2,-2,-4,2,3,0,3,0,-0.339605814733411,-0.263157894736842
"62fb7bafbcee41ad4c0b075f","Sexual",509,"Yes","","20",1,2,2,3,5,2,6,4,3,6,"Alert|Interested|Angry|Hungry|Sexually aroused|Sad|Happy|Tired|Enthusiastic|Bored","10.799","flustered","10.878","fantasizing","8.561","annoyed","6.437","amused","8.851","doubtful","11.222","decisive","59.859","tentative","6.091","fantasizing","7.42","preoccupied","13.387","panicked","10.244","cautious","14.794","contented","28.885","impatient","5.939","flirtatious","9.42","dispirited","6.753","distrustful","6.104","nervous",2,3,2,2,4,2,2,2,2,4,"Bored|Sexually aroused|Enthusiastic|Hungry|Angry|Alert|Sad|Interested|Tired|Happy","","yes",30,"Male","Heterosexual or straight","","",", RMTE18, RMTE25, RMTE31, RMTE3, RMTE9, RMTE34, RMTE21, RMTE28, RMTE19, RMTE6, RMTE30, RMTE15, RMTE29, RMTE27, RMTE22, RMTE17, RMTE35","FL_124","FloorSex_1st","","RMTE18-female|RMTE25-female|RMTE31-female|RMTE3-female","FL_111|FL_98|FL_106|FL_102","FL_264|FL_254|FL_278|FL_258","FL_320|FL_316|FL_312|FL_304|FL_328","emotions_inst_before|emotions_before","emotions_inst_after|emotions_after",8.48333333333333,-0.146216514469619,0,1,0,0,1,1,1,1,1,0,1,0,0,1,0,1,1,0.588235294117647,4,10,5,12,16,1,9,7,15,2,14,8,13,11,3,6,17,"FloorSex",1,1,0,-1,-1,0,-4,-2,-1,-2,-0.652193203819322,-1.49473684210526
"62fb94266499982f353adcbd","Neutral",444,"","Yes","20",4,7,3,3,2,5,8,3,6,9,"Hungry|Interested|Happy|Sexually aroused|Enthusiastic|Bored|Sad|Angry|Tired|Alert","7.338","desire","9.875","fantasizing","5.808","preoccupied","5.826","contemplative","5.126","doubtful","5.998","decisive","7.082","tentative","8.79","fantasizing","7.9","imploring","12.726","interested","3.801","cautious","11.597","interested","7.114","irritated","4.23","flirtatious","6.096","confident","6.963","distrustful","8.056","insisting",5,6,2,2,2,4,8,2,7,9,"Bored|Happy|Interested|Angry|Tired|Enthusiastic|Alert|Sad|Hungry|Sexually aroused","","yes",23,"Male","Heterosexual or straight","","",", RMTE21, RMTE19, RMTE15, RMTE22, RMTE28, RMTE31, RMTE3, RMTE6, RMTE25, RMTE27, RMTE34, RMTE30, RMTE18, RMTE9, RMTE17, RMTE29, RMTE35","FL_125","","WallE_1st","RMTE21-female|RMTE19-female|RMTE15-female|RMTE22-female","FL_102|FL_99|FL_95|FL_112","FL_270|FL_272|FL_282|FL_278","FL_306|FL_300|FL_304|FL_320|FL_328","emotions_inst_before|emotions_before","emotions_inst_after|emotions_after",7.4,-0.374690587279794,1,1,1,1,1,1,1,1,0,1,1,1,0,1,1,1,0,0.823529411764706,7,8,14,3,15,13,2,1,4,9,10,5,16,12,6,11,17,"WallE",1,-1,-1,-1,0,-1,0,-1,1,0,0.601587443242042,0.736842105263158
"62fbe5ddb38a3cc80a556086","Neutral",397,"","Yes","20",2,5,2,3,6,3,5,2,4,5,"Tired|Happy|Enthusiastic|Angry|Hungry|Alert|Interested|Sexually aroused|Bored|Sad","8.349","desire","3.955","fantasizing","4.219","horrified","4.173","contemplative","5.033","aghast","7.393","decisive","13.152","tentative","3.937","fantasizing","4.633","preoccupied","6.875","interested","7.109","cautious","3.559","affectionate","5.895","reflective","4.289","flirtatious","3.846","confident","9.022","distrustful","4.09","contemplative",2,5,4,3,2,4,5,1,3,4,"Alert|Sad|Interested|Angry|Sexually aroused|Enthusiastic|Hungry|Tired|Bored|Happy","","yes",36,"Male","Heterosexual or straight","","",", RMTE18, RMTE19, RMTE17, RMTE35, RMTE27, RMTE22, RMTE28, RMTE3, RMTE25, RMTE9, RMTE21, RMTE29, RMTE31, RMTE15, RMTE30, RMTE6, RMTE34","FL_125","","WallE_1st","RMTE18-female|RMTE19-female|RMTE17-female|RMTE35-female","FL_103|FL_105|FL_102|FL_95","FL_270|FL_256|FL_266|FL_276","FL_324|FL_302|FL_322|FL_298|FL_326","emotions_inst_before|emotions_before","emotions_inst_after|emotions_after",6.61666666666667,-0.539894916850229,1,1,0,1,0,1,1,1,1,1,1,0,1,1,1,1,0,0.764705882352941,8,16,10,14,3,1,2,11,6,9,5,7,12,15,13,17,4,"WallE",0,0,2,0,-4,1,0,-1,-1,-1,-0.339605814733411,-0.263157894736842
"62fce9a6d7fa7bc8559d6ce1","Neutral",420,"","Yes","20",2,5,2,5,7,1,3,1,3,5,"Enthusiastic|Sexually aroused|Sad|Bored|Tired|Alert|Hungry|Interested|Happy|Angry","6.543","desire","7.348","fantasizing","4.546","preoccupied","5.42","contemplative","9.6","affectionate","7.146","decisive","5.281","tentative","8.464","fantasizing","7.326","preoccupied","6.275","despondent","9.08","cautious","9.403","interested","5.768","irritated","7.097","flirtatious","6.931","confident","10.017","distrustful","6.603","insisting",2,5,1,3,5,1,6,1,4,5,"Hungry|Angry|Sexually aroused|Tired|Alert|Enthusiastic|Happy|Interested|Bored|Sad","","yes",36,"Male","Heterosexual or straight","","",", RMTE30, RMTE34, RMTE3, RMTE17, RMTE18, RMTE28, RMTE15, RMTE25, RMTE31, RMTE19, RMTE27, RMTE29, RMTE35, RMTE9, RMTE22, RMTE21, RMTE6","FL_125","","CocktailDate_1st","RMTE30-female|RMTE34-female|RMTE3-female|RMTE17-female","FL_108|FL_102|FL_110|FL_104","FL_280|FL_264|FL_272|FL_276","FL_328|FL_300|FL_312|FL_310|FL_298","emotions_inst_before|emotions_before","emotions_inst_after|emotions_after",7,-0.459050244932782,1,1,1,1,0,1,1,1,1,0,1,1,0,1,1,1,0,0.764705882352941,3,17,14,7,4,5,10,16,15,8,11,6,12,1,9,2,13,"CocktailDate",0,0,-1,-2,-2,0,3,0,1,0,-0.339605814733411,-0.263157894736842
"62fcee59c17dc43614dcbcf6","Sexual",360,"Yes","","20",4,4,2,4,8,3,3,1,2,3,"Hungry|Sad|Bored|Alert|Angry|Enthusiastic|Happy|Tired|Interested|Sexually aroused","3.964","convinced","6.468","fantasizing","3.591","preoccupied","4.398","contemplative","33.697","doubtful","4.133","decisive","8.057","sarcastic","2.39","fantasizing","4.379","preoccupied","4.996","interested","6.191","arrogant","6.297","interested","4.252","irritated","2.791","flirtatious","2.7","confident","3.713","distrustful","7.625","puzzled",2,5,1,6,8,3,6,1,6,6,"Tired|Sad|Sexually aroused|Hungry|Interested|Alert|Enthusiastic|Bored|Angry|Happy","","yes",33,"Male","Heterosexual or straight","","",", RMTE27, RMTE21, RMTE22, RMTE17, RMTE15, RMTE25, RMTE9, RMTE29, RMTE35, RMTE31, RMTE18, RMTE30, RMTE28, RMTE34, RMTE6, RMTE3, RMTE19","FL_124","FloorSex_1st","","RMTE27-female|RMTE21-female|RMTE22-female|RMTE17-female","FL_110|FL_104|FL_111|FL_101","FL_284|FL_280|FL_262|FL_278","FL_318|FL_326|FL_298|FL_296|FL_308","emotions_inst_before|emotions_before","emotions_inst_after|emotions_after",6,-0.669949389065252,0,1,1,1,1,1,0,1,1,1,0,1,0,1,1,1,0,0.705882352941177,16,15,7,5,4,11,17,2,3,6,1,13,8,12,10,14,9,"FloorSex",-2,1,-1,2,0,0,3,0,4,3,-1.96117252134402,-4.49473684210526
"6303814dfe5bbd0b827d10b4","Sexual",423,"Yes","","20",1,6,1,1,3,3,6,1,4,6,"Angry|Happy|Tired|Sexually aroused|Interested|Sad|Bored|Enthusiastic|Alert|Hungry","7.669","desire","4.546","fantasizing","4.831","preoccupied","4.769","contemplative","10.098","doubtful","6.977","decisive","5.481","tentative","5.51","fantasizing","5.17","preoccupied","6.001","interested","4.487","cautious","7.874","interested","6.822","impatient","4.023","flirtatious","4.734","confident","5.759","baffled","7.205","nervous",2,6,1,1,2,1,8,1,5,5,"Sad|Interested|Angry|Alert|Hungry|Enthusiastic|Tired|Happy|Bored|Sexually aroused","","yes",29,"Male","Heterosexual or straight","","",", RMTE3, RMTE35, RMTE31, RMTE30, RMTE17, RMTE22, RMTE21, RMTE28, RMTE19, RMTE29, RMTE6, RMTE25, RMTE18, RMTE15, RMTE9, RMTE27, RMTE34","FL_124","FloorSex_1st","","RMTE3-female|RMTE35-female|RMTE31-female|RMTE30-female","FL_109|FL_105|FL_106|FL_102","FL_264|FL_276|FL_254|FL_270","FL_306|FL_302|FL_300|FL_316|FL_326","emotions_inst_before|emotions_before","emotions_inst_after|emotions_after",7.05,-0.448505287726159,1,1,1,1,1,1,1,1,1,1,1,1,0,1,1,0,1,0.882352941176471,1,11,15,14,5,13,9,7,6,12,16,8,10,4,3,17,2,"FloorSex",1,0,0,0,-1,-2,2,0,1,-1,-0.652193203819322,-1.49473684210526
"630382e1437566a48f78a56f","Sexual",421,"Yes","","20",3,8,1,1,4,5,9,1,8,8,"Bored|Alert|Sad|Enthusiastic|Angry|Tired|Interested|Sexually aroused|Happy|Hungry","4.2","desire","5.564","fantasizing","4.101","preoccupied","4.1","encouraging","10.801","aghast","5.379","decisive","6.476","tentative","3.755","fantasizing","3.785","grateful","5.147","incredulous","5.857","cautious","4.564","affectionate","5.197","reflective","4.4","flirtatious","4.762","confident","5.422","baffled","5.09","contemplative",8,8,1,4,4,4,9,1,7,7,"Enthusiastic|Hungry|Happy|Alert|Sad|Angry|Bored|Sexually aroused|Interested|Tired","","yes",38,"Male","Heterosexual or straight","","best study ive took part in ;-)",", RMTE17, RMTE19, RMTE18, RMTE9, RMTE27, RMTE15, RMTE21, RMTE3, RMTE25, RMTE31, RMTE6, RMTE28, RMTE30, RMTE35, RMTE34, RMTE29, RMTE22","FL_124","SamTaylor_1st","","RMTE17-female|RMTE19-female|RMTE18-female|RMTE9-female","FL_103|FL_110|FL_106|FL_95","FL_270|FL_280|FL_254|FL_274","FL_322|FL_328|FL_326|FL_320|FL_312","emotions_inst_before|emotions_before","emotions_inst_after|emotions_after",7.01666666666667,-0.455535259197241,1,1,1,0,0,1,1,1,0,0,1,0,1,1,1,0,0,0.588235294117647,8,11,4,6,1,3,2,7,17,9,5,12,16,13,10,15,14,"SamTaylor",5,0,0,3,0,-1,0,0,-1,-1,1.09311255288027,2.50526315789474
"63066b7289b8b1039718b5aa","Sexual",666,"Yes","","20",1,2,7,5,3,6,7,1,3,6,"Enthusiastic|Bored|Angry|Sexually aroused|Hungry|Interested|Tired|Happy|Sad|Alert","11.103","desire","7.505","fantasizing","9.797","horrified","6.616","contemplative","12.611","doubtful","20.16","amused","11.035","tentative","10.326","fantasizing","6.933","preoccupied","19.145","panicked","9.417","cautious","17.142","interested","7.878","reflective","21.68","hostile","4.697","confident","16.713","distrustful","7.141","nervous",3,1,8,2,2,6,8,1,4,6,"Sexually aroused|Angry|Bored|Happy|Alert|Sad|Hungry|Tired|Enthusiastic|Interested","","yes",26,"Male","Heterosexual or straight","","",", RMTE34, RMTE18, RMTE30, RMTE29, RMTE35, RMTE28, RMTE31, RMTE15, RMTE27, RMTE22, RMTE3, RMTE17, RMTE19, RMTE6, RMTE9, RMTE21, RMTE25","FL_124","FloorSex_1st","","RMTE34-female|RMTE18-female|RMTE30-female|RMTE29-female","FL_97|FL_102|FL_99|FL_110","FL_272|FL_268|FL_252|FL_260","FL_308|FL_298|FL_300|FL_310|FL_314","emotions_inst_before|emotions_before","emotions_inst_after|emotions_after",11.1,0.405636246010343,1,1,0,1,1,0,1,1,1,0,1,1,1,0,1,1,1,0.764705882352941,11,14,15,8,12,2,13,16,10,17,9,6,4,3,7,1,5,"FloorSex",2,-1,1,-3,-1,0,1,0,1,0,-0.215866764644423,-0.494736842105263
"6310abc5b4e10681057997de","Sexual",634,"Yes","","20",2,4,2,3,7,6,6,2,4,6,"Angry|Alert|Enthusiastic|Sad|Happy|Bored|Hungry|Interested|Tired|Sexually aroused","7.157","desire","9.656","fantasizing","18.753","preoccupied","7.096","contemplative","6.976","doubtful","12.762","decisive","19.123","tentative","8.255","fantasizing","19.57","preoccupied","8.052","interested","7.359","cautious","8.085","affectionate","28.709","impatient","23.165","flirtatious","13.654","confident","10.163","distrustful","21.217","insisting",3,2,2,6,4,4,7,9,5,6,"Hungry|Tired|Sexually aroused|Alert|Bored|Sad|Enthusiastic|Interested|Happy|Angry","","yes",45,"Male","Heterosexual or straight","","I think it was out of order you had hardcore pornography on with no prior warning that this material would be on display.",", RMTE35, RMTE22, RMTE25, RMTE29, RMTE30, RMTE3, RMTE19, RMTE21, RMTE9, RMTE31, RMTE18, RMTE6, RMTE34, RMTE28, RMTE17, RMTE27, RMTE15","FL_124","BedroomOral_1st","","RMTE35-female|RMTE22-female|RMTE25-female|RMTE29-female","FL_100|FL_95|FL_107|FL_106","FL_256|FL_280|FL_262|FL_254","FL_326|FL_318|FL_304|FL_316|FL_302","emotions_inst_before|emotions_before","emotions_inst_after|emotions_after",10.5666666666667,0.293156702473026,1,1,1,1,1,1,1,1,1,1,1,0,0,1,1,1,0,0.823529411764706,6,12,9,17,15,11,7,8,2,3,16,14,4,5,10,13,1,"BedroomOral",1,-2,0,3,-3,-2,1,7,1,0,-0.652193203819322,-1.49473684210526
"6310c063bd0cce86b0289d20","Neutral",400,"","Yes","20",1,6,3,2,1,4,8,1,4,7,"Sexually aroused|Sad|Enthusiastic|Alert|Tired|Interested|Angry|Bored|Happy|Hungry","3.148","desire","2.586","fantasizing","21.657","preoccupied","9.182","contemplative","3.01","doubtful","6.752","bored","4.302","tentative","1.988","fantasizing","6.198","preoccupied","5.011","panicked","9.065","cautious","8.636","interested","4.244","impatient","1.926","flirtatious","9.31","confident","3.1","distrustful","6.752","nervous",3,5,1,1,1,6,7,1,6,4,"Bored|Angry|Sexually aroused|Interested|Happy|Sad|Hungry|Enthusiastic|Tired|Alert","","yes",25,"Male","Heterosexual or straight","","",", RMTE22, RMTE29, RMTE18, RMTE17, RMTE31, RMTE25, RMTE6, RMTE3, RMTE28, RMTE19, RMTE15, RMTE34, RMTE27, RMTE30, RMTE35, RMTE21, RMTE9","FL_125","","MadMen_1st","RMTE22-female|RMTE29-female|RMTE18-female|RMTE17-female","FL_99|FL_104|FL_112|FL_95","FL_274|FL_264|FL_258|FL_282","FL_316|FL_322|FL_328|FL_310|FL_300","emotions_inst_before|emotions_before","emotions_inst_after|emotions_after",6.66666666666667,-0.529349959643605,1,1,1,1,1,0,1,1,1,0,1,1,0,1,1,1,1,0.823529411764706,8,7,17,11,4,3,10,16,1,6,13,9,2,14,5,12,15,"MadMen",2,-1,-2,-1,0,2,-1,0,2,-3,1.54278070121749,1.73684210526316
"631745ab0b088dfa25d0552e","Sexual",554,"Yes","","20",2,6,2,3,4,4,6,1,7,7,"Interested|Hungry|Sexually aroused|Bored|Happy|Angry|Enthusiastic|Tired|Alert|Sad","5.276","desire","62.395","fantasizing","2.584","preoccupied","2.832","contemplative","4.34","affectionate","4.154","amused","94.122","tentative","94.122","fantasizing","3.685","preoccupied","2.335","interested","3.175","reassuring","3.213","interested","3.549","reflective","4.754","flirtatious","3.589","confident","4.043","aghast","4.13","insisting",7,8,2,1,3,6,9,1,9,8,"Sad|Tired|Bored|Happy|Hungry|Sexually aroused|Angry|Interested|Alert|Enthusiastic","","yes",32,"Male","Heterosexual or straight","","Interesting study, thank you!",", RMTE3, RMTE35, RMTE30, RMTE31, RMTE19, RMTE9, RMTE22, RMTE29, RMTE21, RMTE18, RMTE15, RMTE17, RMTE6, RMTE27, RMTE25, RMTE28, RMTE34","FL_124","BedroomOral_1st","","RMTE3-female|RMTE35-female|RMTE30-female|RMTE31-female","FL_107|FL_111|FL_105|FL_101","FL_266|FL_262|FL_258|FL_260","FL_298|FL_316|FL_314|FL_318|FL_326","emotions_inst_before|emotions_before","emotions_inst_after|emotions_after",9.23333333333333,0.0119578436297331,1,1,1,1,0,0,1,1,1,1,0,1,1,1,1,0,0,0.705882352941177,1,13,6,11,12,10,5,9,7,15,14,16,8,3,4,17,2,"BedroomOral",5,2,0,-2,-1,2,3,0,2,1,1.09311255288027,2.50526315789474
"631843d8f3d3c88f9a4ef235","Sexual",384,"Yes","","20",1,5,2,4,3,2,6,1,5,6,"Alert|Sad|Enthusiastic|Happy|Interested|Sexually aroused|Hungry|Bored|Tired|Angry","6.417","convinced","5.281","fantasizing","4.05","preoccupied","4.37","contemplative","7.876","playful","4.961","decisive","9.825","arrogant","7.032","fantasizing","4.342","preoccupied","4.017","interested","4.361","cautious","5.902","interested","7.01","irritated","9.121","flirtatious","5.425","confident","7.376","distrustful","6.523","nervous",1,5,1,5,5,2,5,1,5,5,"Bored|Interested|Happy|Alert|Angry|Tired|Sexually aroused|Sad|Hungry|Enthusiastic","","yes",31,"Male","Heterosexual or straight","","",", RMTE19, RMTE30, RMTE31, RMTE29, RMTE21, RMTE25, RMTE28, RMTE9, RMTE6, RMTE27, RMTE3, RMTE22, RMTE17, RMTE35, RMTE34, RMTE15, RMTE18","FL_124","BedroomOral_1st","","RMTE19-female|RMTE30-female|RMTE31-female|RMTE29-female","FL_106|FL_104|FL_102|FL_111","FL_254|FL_272|FL_252|FL_268","FL_304|FL_328|FL_326|FL_302|FL_306","emotions_inst_before|emotions_before","emotions_inst_after|emotions_after",6.4,-0.585589731412264,0,1,1,1,0,1,0,1,1,1,1,1,0,1,1,1,1,0.764705882352941,11,9,8,16,13,17,1,5,12,6,10,7,4,2,3,15,14,"BedroomOral",0,0,-1,1,2,0,-1,0,0,-1,-1.08851964299422,-2.49473684210526
"6319fd9059a492b9fa6cc32c","Neutral",382,"","Yes","20",2,5,4,6,6,5,4,4,5,5,"Hungry|Tired|Angry|Sexually aroused|Bored|Interested|Enthusiastic|Happy|Sad|Alert","9.164","flustered","7.39","impatient","7.805","annoyed","8.181","contemplative","7.726","doubtful","4.915","decisive","5.784","tentative","8.562","embarrassed","7.756","preoccupied","4.401","incredulous","4.677","cautious","11.148","interested","8.384","irritated","4.35","flirtatious","7.27","joking","9.982","distrustful","5.526","nervous",1,4,3,3,6,5,5,3,5,6,"Alert|Tired|Angry|Sad|Enthusiastic|Hungry|Interested|Bored|Happy|Sexually aroused","","yes",38,"Male","Heterosexual or straight","","",", RMTE28, RMTE9, RMTE34, RMTE15, RMTE21, RMTE6, RMTE27, RMTE25, RMTE3, RMTE17, RMTE29, RMTE31, RMTE22, RMTE30, RMTE19, RMTE18, RMTE35","FL_125","","WallE_1st","RMTE28-female|RMTE9-female|RMTE34-female|RMTE15-female","FL_106|FL_112|FL_103|FL_104","FL_252|FL_260|FL_276|FL_280","FL_312|FL_322|FL_308|FL_306|FL_328","emotions_inst_before|emotions_before","emotions_inst_after|emotions_after",6.36666666666667,-0.592619702883346,0,0,0,1,1,1,1,0,1,0,1,1,0,1,0,1,1,0.588235294117647,9,6,2,4,10,16,15,5,13,8,7,1,11,14,12,3,17,"WallE",-1,-1,-1,-3,0,0,1,-1,0,1,-1.28079907270886,-1.26315789473684
"631b45872f295244edb41f3e","Sexual",413,"Yes","","20",1,7,1,4,2,7,6,1,4,6,"Alert|Happy|Interested|Sexually aroused|Enthusiastic|Bored|Sad|Tired|Hungry|Angry","4.027","desire","3.802","fantasizing","7.965","preoccupied","5.619","contemplative","8.066","doubtful","6.332","amused","6.659","tentative","3.532","fantasizing","5.909","preoccupied","25.424","interested","6.778","cautious","8.014","interested","4.358","reflective","2.595","flirtatious","4.917","confident","4.621","distrustful","8.168","contemplative",1,3,1,2,2,4,3,2,2,3,"Happy|Angry|Sexually aroused|Hungry|Bored|Sad|Interested|Enthusiastic|Tired|Alert","","yes",30,"Male","Heterosexual or straight","","",", RMTE25, RMTE17, RMTE9, RMTE15, RMTE34, RMTE21, RMTE35, RMTE31, RMTE6, RMTE27, RMTE28, RMTE19, RMTE30, RMTE22, RMTE3, RMTE18, RMTE29","FL_124","SamTaylor_1st","","RMTE25-female|RMTE17-female|RMTE9-female|RMTE15-female","FL_98|FL_106|FL_97|FL_99","FL_254|FL_272|FL_274|FL_264","FL_322|FL_312|FL_296|FL_306|FL_320","emotions_inst_before|emotions_before","emotions_inst_after|emotions_after",6.88333333333333,-0.48365514508157,1,1,1,1,1,0,1,1,1,1,1,1,1,1,1,1,0,0.882352941176471,15,9,3,4,2,16,12,6,14,1,10,11,17,13,8,5,7,"SamTaylor",0,-4,0,-2,0,-3,-3,1,-2,-3,-1.08851964299422,-2.49473684210526
"631f3b0501e9739c61c03255","Sexual",501,"Yes","","20",1,2,5,2,4,3,6,1,5,6,"Sexually aroused|Tired|Hungry|Bored|Interested|Happy|Alert|Angry|Enthusiastic|Sad","7.8","desire","9.003","fantasizing","3.611","preoccupied","11.062","contemplative","9.463","doubtful","5.831","decisive","13.068","tentative","7.131","fantasizing","9.262","preoccupied","5.587","interested","9.483","cautious","8.198","interested","7.191","reflective","4.512","flirtatious","6.101","confident","15.407","distrustful","8.545","contemplative",1,3,6,2,4,4,8,3,1,2,"Angry|Tired|Interested|Sexually aroused|Enthusiastic|Alert|Happy|Sad|Hungry|Bored","","YES",39,"Male","Heterosexual or straight","","",", RMTE6, RMTE27, RMTE3, RMTE28, RMTE34, RMTE21, RMTE35, RMTE17, RMTE19, RMTE31, RMTE25, RMTE9, RMTE15, RMTE30, RMTE22, RMTE18, RMTE29","FL_124","BedroomOral_1st","","RMTE6-female|RMTE27-female|RMTE3-female|RMTE28-female","FL_98|FL_106|FL_97|FL_109","FL_264|FL_280|FL_270|FL_256","FL_302|FL_322|FL_312|FL_306|FL_320","emotions_inst_before|emotions_before","emotions_inst_after|emotions_after",8.35,-0.174336400353948,1,1,1,1,1,1,1,1,1,1,1,1,1,1,1,1,0,0.941176470588235,3,1,12,13,8,16,9,6,15,11,2,4,17,14,10,5,7,"BedroomOral",0,1,1,0,0,1,2,2,-4,-4,-1.08851964299422,-2.49473684210526
"63207e25241a6fad058a6a2a","Neutral",581,"","Yes","20",1,5,2,2,3,2,7,1,6,6,"Alert|Angry|Enthusiastic|Hungry|Sexually aroused|Happy|Tired|Bored|Interested|Sad","18.702","desire","17.951","fantasizing","17.303","preoccupied","11.075","contemplative","8.591","affectionate","12.901","decisive","24.505","grateful","8.308","fantasizing","6.491","preoccupied","9.071","interested","14.013","cautious","13.001","interested","8.878","reflective","3.977","flirtatious","10.204","confident","18.538","distrustful","9.397","nervous",2,3,1,2,2,2,7,1,4,7,"Interested|Sexually aroused|Angry|Sad|Enthusiastic|Alert|Hungry|Bored|Happy|Tired","","yes",34,"Male","Heterosexual or straight","","",", RMTE35, RMTE31, RMTE27, RMTE25, RMTE29, RMTE6, RMTE18, RMTE28, RMTE19, RMTE22, RMTE34, RMTE17, RMTE3, RMTE15, RMTE21, RMTE9, RMTE30","FL_125","","CocktailDate_1st","RMTE35-female|RMTE31-female|RMTE27-female|RMTE25-female","FL_101|FL_112|FL_108|FL_102","FL_264|FL_268|FL_282|FL_260","FL_296|FL_302|FL_310|FL_300|FL_322","emotions_inst_before|emotions_before","emotions_inst_after|emotions_after",9.68333333333333,0.106862458489344,1,1,1,1,0,1,0,1,1,1,1,1,1,1,1,1,1,0.882352941176471,13,6,16,14,12,7,9,15,10,4,3,8,5,17,2,11,1,"CocktailDate",1,-2,-1,0,-1,0,0,0,-2,1,0.601587443242042,0.736842105263158
"6321dd8071382720694df153","Sexual",758,"Yes","","20",1,3,1,3,6,1,3,1,4,4,"Tired|Sad|Angry|Happy|Bored|Sexually aroused|Alert|Hungry|Interested|Enthusiastic","35.473","desire","22.083","fantasizing","11.094","preoccupied","3.811","contemplative","13.899","aghast","8.414","decisive","7.127","tentative","31.745","fantasizing","11.059","preoccupied","90.335","incredulous","18.019","cautious","24.862","interested","51.067","reflective","13.548","flirtatious","8.905","dispirited","22.717","distrustful","6.266","nervous",4,4,1,1,5,1,3,1,2,3,"Tired|Alert|Happy|Hungry|Sexually aroused|Interested|Bored|Sad|Enthusiastic|Angry","","yes",37,"Male","Heterosexual or straight","","Give a warning about the sexual content in case participants are in a public place",", RMTE29, RMTE34, RMTE21, RMTE3, RMTE30, RMTE35, RMTE18, RMTE31, RMTE25, RMTE28, RMTE27, RMTE19, RMTE22, RMTE9, RMTE6, RMTE17, RMTE15","FL_124","FloorSex_1st","","RMTE29-female|RMTE34-female|RMTE21-female|RMTE3-female","FL_100|FL_97|FL_108|FL_99","FL_270|FL_274|FL_272|FL_264","FL_312|FL_300|FL_298|FL_304|FL_302","emotions_inst_before|emotions_before","emotions_inst_after|emotions_after",12.6333333333333,0.729014933680129,1,1,1,1,0,1,1,1,1,0,1,1,1,1,0,1,1,0.823529411764706,4,15,14,17,16,7,12,3,13,9,11,10,1,5,8,2,6,"FloorSex",3,1,0,-2,-1,0,0,0,-2,-1,0.220459674530475,0.505263157894737
"632206f8495a2c320c567347","Sexual",593,"Yes","","20",2,6,3,3,4,5,8,2,7,6,"Angry|Sexually aroused|Interested|Enthusiastic|Hungry|Tired|Bored|Happy|Sad|Alert","9.593","flustered","4.142","fantasizing","6.542","preoccupied","3.995","contemplative","8.937","affectionate","11.804","decisive","7.639","tentative","18.768","fantasizing","3.301","preoccupied","4.658","interested","11.497","cautious","9.395","interested","5.935","reflective","4.136","flirtatious","13.39","confident","9.178","distrustful","13.099","nervous",7,8,1,1,3,6,9,1,8,8,"Angry|Bored|Sad|Sexually aroused|Hungry|Interested|Tired|Enthusiastic|Happy|Alert","","yes",49,"Male","Heterosexual or straight","","",", RMTE21, RMTE28, RMTE27, RMTE9, RMTE17, RMTE19, RMTE3, RMTE31, RMTE35, RMTE29, RMTE6, RMTE34, RMTE18, RMTE15, RMTE30, RMTE22, RMTE25","FL_124","BedroomOral_1st","","RMTE21-female|RMTE28-female|RMTE27-female|RMTE9-female","FL_109|FL_107|FL_95|FL_99","FL_284|FL_276|FL_254|FL_282","FL_306|FL_302|FL_322|FL_312|FL_314","emotions_inst_before|emotions_before","emotions_inst_after|emotions_after",9.88333333333333,0.149042287315838,0,1,1,1,0,1,1,1,1,1,1,1,1,1,1,1,1,0.882352941176471,7,11,4,14,5,13,6,1,16,17,3,2,10,15,8,12,9,"BedroomOral",5,2,-2,-2,-1,1,1,-1,1,2,1.09311255288027,2.50526315789474
"6326e63755a0f49a9c4b9063","Neutral",773,"","Yes","20",3,6,2,5,7,6,7,3,7,8,"Happy|Enthusiastic|Tired|Sexually aroused|Bored|Hungry|Alert|Sad|Angry|Interested","8.951","desire","19.24","fantasizing","60.861","preoccupied","23.916","contemplative","16.902","doubtful","12.35","amused","21.401","tentative","6.928","fantasizing","16.967","preoccupied","51.795","interested","21.884","cautious","10.587","contented","18.168","reflective","23.654","flirtatious","16.749","confident","14.889","distrustful","29.546","nervous",6,7,2,1,4,5,7,2,7,8,"Happy|Interested|Hungry|Enthusiastic|Angry|Sad|Tired|Bored|Sexually aroused|Alert","","Yes",45,"Male","Heterosexual or straight","","I found this very interesting and loved the idea of looking at eyes to assess mood.",", RMTE18, RMTE34, RMTE21, RMTE28, RMTE3, RMTE25, RMTE35, RMTE27, RMTE15, RMTE9, RMTE22, RMTE6, RMTE19, RMTE17, RMTE29, RMTE31, RMTE30","FL_125","","WallE_1st","RMTE18-female|RMTE34-female|RMTE21-female|RMTE28-female","FL_95|FL_104|FL_97|FL_103","FL_258|FL_256|FL_268|FL_254","FL_308|FL_304|FL_320|FL_324|FL_322","emotions_inst_before|emotions_before","emotions_inst_after|emotions_after",12.8833333333333,0.781739719713247,1,1,1,1,1,0,1,1,1,1,1,0,1,1,1,1,1,0.882352941176471,5,12,10,9,14,1,13,3,11,6,8,4,15,17,16,2,7,"WallE",3,1,0,-4,-3,-1,0,-1,0,0,2.48397395919295,2.73684210526316
"632aa1271f930bbc655a32d8","Sexual",505,"Yes","","20",1,7,1,3,1,3,9,1,6,9,"Hungry|Alert|Angry|Sexually aroused|Bored|Tired|Happy|Interested|Sad|Enthusiastic","5.009","flustered","4.176","fantasizing","5.548","hostile","6.352","flustered","4.299","doubtful","6.706","decisive","5.181","grateful","5.872","fantasizing","8.826","preoccupied","4.781","panicked","4.929","cautious","7.809","affectionate","6.944","aghast","4.056","flirtatious","14.828","confident","7.276","aghast","11.637","nervous",4,8,1,1,2,3,7,1,5,7,"Sad|Tired|Enthusiastic|Angry|Hungry|Sexually aroused|Bored|Alert|Interested|Happy","","yes",24,"Male","Heterosexual or straight","","No comments",", RMTE22, RMTE28, RMTE18, RMTE15, RMTE25, RMTE35, RMTE19, RMTE29, RMTE9, RMTE17, RMTE6, RMTE21, RMTE27, RMTE30, RMTE34, RMTE3, RMTE31","FL_124","FloorSex_1st","","RMTE22-female|RMTE28-female|RMTE18-female|RMTE15-female","FL_104|FL_97|FL_107|FL_101","FL_256|FL_260|FL_254|FL_266","FL_316|FL_322|FL_326|FL_296|FL_324","emotions_inst_before|emotions_before","emotions_inst_after|emotions_after",8.41666666666667,-0.160276457411784,0,1,0,0,1,1,0,1,1,0,1,0,0,1,1,0,1,0.529411764705882,16,11,9,4,10,3,7,12,1,5,13,2,8,14,17,15,6,"FloorSex",3,1,0,-2,1,0,-2,0,-1,-2,0.220459674530475,0.505263157894737
"632b19a12e685b61f1ac6508","Sexual",466,"Yes","","20",1,5,3,7,9,5,5,3,4,6,"Alert|Interested|Tired|Angry|Sad|Enthusiastic|Sexually aroused|Bored|Hungry|Happy","6.454","flustered","11.8","impatient","5.551","hostile","5.547","contemplative","3.464","doubtful","6.165","decisive","4.567","tentative","7.265","confused","4.159","preoccupied","10.678","interested","3.213","cautious","7.123","interested","3.375","impatient","3.527","flirtatious","4.556","confident","7.413","distrustful","5.534","nervous",1,5,2,2,9,6,6,3,3,3,"Sexually aroused|Alert|Tired|Bored|Enthusiastic|Happy|Angry|Interested|Sad|Hungry","","yes",34,"Male","Heterosexual or straight","","",", RMTE25, RMTE30, RMTE15, RMTE27, RMTE6, RMTE18, RMTE21, RMTE17, RMTE3, RMTE35, RMTE31, RMTE28, RMTE19, RMTE22, RMTE9, RMTE34, RMTE29","FL_124","SamTaylor_1st","","RMTE25-female|RMTE30-female|RMTE15-female|RMTE27-female","FL_112|FL_108|FL_106|FL_109","FL_252|FL_284|FL_280|FL_274","FL_308|FL_312|FL_300|FL_326|FL_320","emotions_inst_before|emotions_before","emotions_inst_after|emotions_after",7.76666666666667,-0.297360901097889,0,0,0,1,1,1,1,0,1,1,1,1,0,1,1,1,1,0.705882352941177,9,5,15,3,8,6,13,7,14,1,4,12,17,2,11,16,10,"SamTaylor",0,0,-1,-5,0,1,1,0,-1,-3,-1.08851964299422,-2.49473684210526
"632b255b47c1f21a31e31f8d","Sexual",400,"Yes","","20",8,3,9,5,9,8,2,8,1,8,"Happy|Hungry|Enthusiastic|Tired|Sexually aroused|Interested|Angry|Alert|Bored|Sad","14.397","desire","6.138","impatient","6.509","hostile","4.292","contemplative","3.456","affectionate","4.974","decisive","5.535","arrogant","10.261","fantasizing","7.817","imploring","3.944","incredulous","9.325","cautious","3.977","interested","15.235","impatient","3.913","flirtatious","3.937","confident","4.433","distrustful","11.159","insisting",9,9,9,1,5,9,9,5,9,9,"Tired|Angry|Bored|Interested|Hungry|Happy|Sad|Alert|Enthusiastic|Sexually aroused","","Yes",31,"Male","Heterosexual or straight","","I loved the video ",", RMTE35, RMTE9, RMTE3, RMTE19, RMTE29, RMTE22, RMTE18, RMTE25, RMTE27, RMTE31, RMTE17, RMTE34, RMTE21, RMTE30, RMTE6, RMTE15, RMTE28","FL_124","SamTaylor_1st","","RMTE35-female|RMTE9-female|RMTE3-female|RMTE19-female","FL_101|FL_105|FL_108|FL_104","FL_272|FL_280|FL_260|FL_282","FL_310|FL_322|FL_298|FL_302|FL_318","emotions_inst_before|emotions_before","emotions_inst_after|emotions_after",6.66666666666667,-0.529349959643605,1,0,0,1,0,1,0,1,0,0,1,1,0,1,1,1,0,0.529411764705882,3,15,2,16,11,7,4,13,6,8,9,17,5,14,10,12,1,"SamTaylor",1,6,0,-4,-4,1,7,-3,8,1,-0.652193203819322,-1.49473684210526
"632b50404cbe3e320fd7da08","Sexual",808,"Yes","","20",1,8,2,2,1,1,8,1,7,9,"Hungry|Interested|Sexually aroused|Happy|Sad|Bored|Tired|Enthusiastic|Alert|Angry","4.557","flustered","5.049","fantasizing","111.165","preoccupied","3.668","flustered","4.946","doubtful","17.402","bored","6.778","tentative","4.611","fantasizing","8.359","imploring","14.431","interested","4.113","cautious","5.123","affectionate","3.987","aghast","4.074","flirtatious","4.935","confident","5.966","baffled","3.762","puzzled",6,7,1,2,1,2,8,1,6,7,"Happy|Interested|Enthusiastic|Sad|Sexually aroused|Angry|Hungry|Alert|Tired|Bored","","yes",27,"Male","Heterosexual or straight","","None at all",", RMTE18, RMTE9, RMTE29, RMTE25, RMTE6, RMTE28, RMTE15, RMTE35, RMTE17, RMTE19, RMTE3, RMTE31, RMTE34, RMTE27, RMTE22, RMTE21, RMTE30","FL_124","FloorSex_1st","","RMTE18-female|RMTE9-female|RMTE29-female|RMTE25-female","FL_112|FL_102|FL_110|FL_97","FL_260|FL_264|FL_252|FL_280","FL_326|FL_316|FL_312|FL_310|FL_322","emotions_inst_before|emotions_before","emotions_inst_after|emotions_after",13.4666666666667,0.904764220457187,0,1,1,0,1,0,1,1,0,1,1,0,0,1,1,0,0,0.529411764705882,11,5,2,7,9,1,10,16,15,4,14,6,3,17,12,13,8,"FloorSex",5,-1,-1,0,0,1,0,0,-1,-2,1.09311255288027,2.50526315789474
"632b54f5fa1b0a56ffe31f6e","Neutral",432,"","Yes","20",1,4,2,2,5,9,5,1,3,2,"Hungry|Alert|Tired|Sad|Interested|Happy|Sexually aroused|Angry|Bored|Enthusiastic","4.436","desire","5.701","fantasizing","4.681","preoccupied","3.566","contemplative","7.935","doubtful","5.739","decisive","5.624","tentative","5.601","fantasizing","5.501","preoccupied","4.269","incredulous","4.983","cautious","5.5","interested","6.844","impatient","5.129","flirtatious","3.498","confident","6.145","distrustful","8.709","contemplative",1,3,1,3,3,9,3,1,2,2,"Hungry|Enthusiastic|Sexually aroused|Angry|Interested|Happy|Alert|Bored|Sad|Tired","","yes",27,"Male","Heterosexual or straight","","",", RMTE27, RMTE35, RMTE3, RMTE31, RMTE19, RMTE15, RMTE28, RMTE25, RMTE29, RMTE30, RMTE22, RMTE34, RMTE6, RMTE9, RMTE21, RMTE18, RMTE17","FL_125","","MadMen_1st","RMTE27-female|RMTE35-female|RMTE3-female|RMTE31-female","FL_107|FL_110|FL_102|FL_104","FL_276|FL_278|FL_268|FL_282","FL_298|FL_300|FL_310|FL_306|FL_304","emotions_inst_before|emotions_before","emotions_inst_after|emotions_after",7.2,-0.416870416106288,1,1,1,1,1,1,1,1,1,0,1,1,0,1,1,1,0,0.823529411764706,3,13,14,6,17,16,5,15,11,8,1,7,9,10,4,12,2,"MadMen",0,-1,-1,1,-2,0,-2,0,-1,0,-0.339605814733411,-0.263157894736842
"632c673f8b99c86ac2fba537","Neutral",422,"","Yes","20",2,6,3,3,4,2,6,2,6,6,"Sad|Alert|Angry|Hungry|Bored|Interested|Enthusiastic|Sexually aroused|Happy|Tired","4.264","flustered","5.108","alarmed","3.245","preoccupied","3.373","contemplative","4.597","doubtful","15.064","aghast","9.137","arrogant","6.848","fantasizing","6.25","preoccupied","13.688","panicked","9.647","cautious","8.411","affectionate","8.477","reflective","3.652","flirtatious","6.473","confident","8.767","distrustful","9.403","nervous",3,6,2,4,3,2,6,2,5,6,"Bored|Angry|Hungry|Alert|Sad|Sexually aroused|Enthusiastic|Happy|Interested|Tired","","yes",49,"Male","Heterosexual or straight","","",", RMTE29, RMTE18, RMTE35, RMTE22, RMTE34, RMTE31, RMTE9, RMTE15, RMTE28, RMTE21, RMTE27, RMTE25, RMTE17, RMTE19, RMTE3, RMTE30, RMTE6","FL_125","","WallE_1st","RMTE29-female|RMTE18-female|RMTE35-female|RMTE22-female","FL_98|FL_99|FL_111|FL_110","FL_274|FL_266|FL_272|FL_270","FL_304|FL_308|FL_296|FL_322|FL_298","emotions_inst_before|emotions_before","emotions_inst_after|emotions_after",7.03333333333333,-0.4520202734617,0,0,1,1,1,0,0,1,1,0,1,0,1,1,1,1,1,0.647058823529412,15,17,7,8,13,2,14,10,4,12,11,9,1,16,6,5,3,"WallE",1,0,-1,1,-1,0,0,0,-1,0,0.601587443242042,0.736842105263158
"634688e5fa2b2ff0a83c7a17","Sexual",515,"Yes","","20",4,5,3,4,7,6,6,1,4,6,"Enthusiastic|Interested|Sexually aroused|Sad|Bored|Angry|Hungry|Tired|Happy|Alert","6.546","desire","9.7","fantasizing","13.4","preoccupied","4.581","amused","9.72","doubtful","5.04","bored","10.695","grateful","6.022","fantasizing","9.597","preoccupied","4.718","interested","25.558","arrogant","7.733","joking","10.585","impatient","3.977","flirtatious","9.566","joking","20.5","distrustful","12.066","nervous",9,8,1,2,5,5,6,1,8,8,"Happy|Interested|Hungry|Bored|Alert|Sad|Sexually aroused|Tired|Enthusiastic|Angry","","yes",48,"Male","Heterosexual or straight","","Great study! Wish you'd put a link to the video at the end so I could continue watching.",", RMTE27, RMTE28, RMTE29, RMTE31, RMTE6, RMTE35, RMTE22, RMTE25, RMTE17, RMTE21, RMTE19, RMTE15, RMTE3, RMTE34, RMTE18, RMTE9, RMTE30","FL_124","FloorSex_1st","","RMTE27-female|RMTE28-female|RMTE29-female|RMTE31-female","FL_112|FL_97|FL_105|FL_104","FL_260|FL_266|FL_264|FL_258","FL_296|FL_326|FL_306|FL_300|FL_322","emotions_inst_before|emotions_before","emotions_inst_after|emotions_after",8.58333333333333,-0.125126600056372,1,1,1,0,1,0,0,1,1,1,0,0,0,1,0,1,1,0.588235294117647,13,5,16,12,9,15,11,10,7,8,1,2,3,17,4,14,6,"FloorSex",5,3,-2,-2,-2,-1,0,0,4,2,1.09311255288027,2.50526315789474
"634689122e997b8299adeda5","Sexual",321,"Yes","","20",1,5,1,4,6,1,4,1,4,5,"Tired|Interested|Bored|Angry|Alert|Enthusiastic|Sad|Happy|Hungry|Sexually aroused","4.183","desire","4.998","impatient","3.107","preoccupied","3.842","contemplative","6.838","playful","3.952","decisive","4.402","tentative","4.874","fantasizing","2.417","preoccupied","4.665","interested","3.497","cautious","6.5","contented","5.155","reflective","3.201","flirtatious","3.544","confident","7.646","baffled","2.653","contemplative",8,6,1,2,4,3,5,1,7,6,"Hungry|Alert|Interested|Bored|Sad|Happy|Angry|Enthusiastic|Sexually aroused|Tired","","yes",40,"Male","Heterosexual or straight","","",", RMTE34, RMTE18, RMTE17, RMTE3, RMTE25, RMTE15, RMTE27, RMTE31, RMTE30, RMTE9, RMTE6, RMTE21, RMTE22, RMTE19, RMTE29, RMTE28, RMTE35","FL_124","BedroomOral_1st","","RMTE34-female|RMTE18-female|RMTE17-female|RMTE3-female","FL_104|FL_110|FL_103|FL_99","FL_278|FL_256|FL_254|FL_266","FL_312|FL_308|FL_320|FL_318|FL_328","emotions_inst_before|emotions_before","emotions_inst_after|emotions_after",5.35,-0.807033832751357,1,0,1,1,0,1,1,1,1,1,1,0,1,1,1,0,0,0.705882352941177,4,11,10,6,3,2,14,12,13,5,7,16,15,9,8,1,17,"BedroomOral",7,1,0,-2,-2,2,1,0,3,1,1.96576543123007,4.50526315789474
"634689b708cc8c54b0ac8f9d","Neutral",347,"","Yes","20",3,6,2,4,6,3,4,1,3,5,"Happy|Bored|Tired|Sad|Alert|Interested|Angry|Hungry|Sexually aroused|Enthusiastic","5.364","desire","6.105","impatient","2.521","preoccupied","3.974","amused","5.744","doubtful","3.28","decisive","11.705","sarcastic","12.265","fantasizing","5.269","preoccupied","13.278","incredulous","6.626","cautious","8.861","contented","4.887","reflective","4.58","flirtatious","4.158","confident","6.416","distrustful","3.766","contemplative",3,6,2,4,6,4,5,1,5,5,"Alert|Enthusiastic|Sexually aroused|Interested|Happy|Tired|Hungry|Bored|Sad|Angry","","Yes",39,"Male","Heterosexual or straight","","",", RMTE21, RMTE25, RMTE30, RMTE17, RMTE22, RMTE6, RMTE28, RMTE27, RMTE3, RMTE19, RMTE15, RMTE18, RMTE34, RMTE31, RMTE9, RMTE35, RMTE29","FL_125","","MadMen_1st","RMTE21-female|RMTE25-female|RMTE30-female|RMTE17-female","FL_105|FL_112|FL_102|FL_103","FL_252|FL_264|FL_258|FL_262","FL_326|FL_324|FL_300|FL_328|FL_320","emotions_inst_before|emotions_before","emotions_inst_after|emotions_after",5.78333333333333,-0.715644203627287,1,0,1,0,1,1,0,1,1,0,1,0,1,1,1,1,0,0.647058823529412,9,6,15,11,4,12,10,1,5,2,8,7,17,3,14,13,16,"MadMen",0,0,0,0,0,1,1,0,2,0,-0.339605814733411,-0.263157894736842
"63468bca8b362157c0a33cfd","Neutral",512,"","Yes","20",1,9,1,1,1,4,9,1,9,9,"Alert|Sad|Enthusiastic|Happy|Hungry|Interested|Sexually aroused|Tired|Bored|Angry","6.615","desire","7.744","fantasizing","8.661","preoccupied","25.792","encouraging","7.385","affectionate","9.109","amused","6.075","sarcastic","5.586","fantasizing","11.367","imploring","5.289","interested","6.378","reassuring","6.764","affectionate","6.955","reflective","8.108","flirtatious","10.028","confident","14.088","aghast","9.522","insisting",1,9,1,1,1,2,9,1,9,9,"Angry|Enthusiastic|Tired|Alert|Happy|Interested|Sad|Hungry|Bored|Sexually aroused","","Yes",26,"Male","Heterosexual or straight","","",", RMTE28, RMTE34, RMTE3, RMTE30, RMTE6, RMTE19, RMTE15, RMTE25, RMTE22, RMTE9, RMTE31, RMTE18, RMTE17, RMTE21, RMTE35, RMTE29, RMTE27","FL_125","","CocktailDate_1st","RMTE28-female|RMTE34-female|RMTE3-female|RMTE30-female","FL_112|FL_107|FL_110|FL_104","FL_268|FL_256|FL_280|FL_262","FL_304|FL_310|FL_328|FL_320|FL_316","emotions_inst_before|emotions_before","emotions_inst_after|emotions_after",8.53333333333333,-0.135671557262996,1,1,1,0,0,0,0,1,0,1,0,0,1,1,1,0,0,0.470588235294118,3,5,10,7,13,12,6,14,9,8,17,1,16,4,11,2,15,"CocktailDate",0,0,0,0,0,-2,0,0,0,0,-0.339605814733411,-0.263157894736842
"63468c24fb8ba9eb242d2aca","Neutral",608,"","Yes","20",6,6,2,6,7,3,5,2,4,5,"Sexually aroused|Angry|Alert|Happy|Tired|Sad|Interested|Bored|Hungry|Enthusiastic","9.231","desire","19.846","fantasizing","4.304","preoccupied","10.773","contemplative","8.165","doubtful","5.216","decisive","13.617","tentative","7.563","fantasizing","10.176","preoccupied","6.216","interested","13.988","cautious","7.894","affectionate","14.14","aghast","6.389","flirtatious","78.485","confident","10.537","distrustful","6.101","insisting",6,7,2,4,6,1,5,1,6,6,"Enthusiastic|Alert|Sad|Angry|Hungry|Sexually aroused|Interested|Tired|Bored|Happy","","yes",40,"Male","Heterosexual or straight","","",", RMTE19, RMTE29, RMTE27, RMTE21, RMTE15, RMTE3, RMTE31, RMTE25, RMTE30, RMTE35, RMTE28, RMTE6, RMTE34, RMTE17, RMTE22, RMTE18, RMTE9","FL_125","","CocktailDate_1st","RMTE19-female|RMTE29-female|RMTE27-female|RMTE21-female","FL_110|FL_95|FL_99|FL_104","FL_278|FL_284|FL_274|FL_254","FL_326|FL_304|FL_312|FL_306|FL_300","emotions_inst_before|emotions_before","emotions_inst_after|emotions_after",10.1333333333333,0.201767073348956,1,1,1,1,1,1,1,1,1,1,1,0,0,1,1,1,0,0.823529411764706,6,12,17,5,14,16,1,4,15,8,3,11,2,9,7,13,10,"CocktailDate",0,1,0,-2,-1,-2,0,-1,2,1,-0.339605814733411,-0.263157894736842
"6346de7dc664029fe606730b","Neutral",445,"","Yes","20",4,7,2,3,5,2,6,2,6,6,"Enthusiastic|Sexually aroused|Happy|Interested|Bored|Alert|Angry|Tired|Sad|Hungry","5.396","desire","4.24","fantasizing","7.928","annoyed","15.72","contemplative","11.115","doubtful","8.079","decisive","10.584","grateful","5.14","fantasizing","5.945","insisting","4.923","interested","6.155","cautious","6.686","interested","8.086","reflective","15.935","flirtatious","5.933","confident","8.923","terrified","4.194","nervous",4,6,1,5,5,2,6,1,6,6,"Interested|Hungry|Bored|Alert|Angry|Sad|Happy|Sexually aroused|Tired|Enthusiastic","","yes",30,"Male","Heterosexual or straight","","",", RMTE15, RMTE31, RMTE18, RMTE17, RMTE9, RMTE21, RMTE28, RMTE29, RMTE22, RMTE30, RMTE34, RMTE35, RMTE19, RMTE6, RMTE25, RMTE27, RMTE3","FL_125","","MadMen_1st","RMTE15-female|RMTE31-female|RMTE18-female|RMTE17-female","FL_111|FL_106|FL_102|FL_101","FL_268|FL_278|FL_282|FL_284","FL_308|FL_298|FL_314|FL_316|FL_296","emotions_inst_before|emotions_before","emotions_inst_after|emotions_after",7.41666666666667,-0.371175601544253,1,1,0,1,1,1,0,1,0,1,1,1,1,1,1,0,1,0.764705882352941,17,14,5,1,4,3,13,6,9,15,16,7,8,10,2,11,12,"MadMen",0,-1,-1,2,0,0,0,-1,0,0,-0.339605814733411,-0.263157894736842
"6347e31ef77fad7edd2f53f1","Sexual",408,"Yes","","20",1,5,1,5,2,7,4,1,4,5,"Hungry|Interested|Sexually aroused|Enthusiastic|Sad|Tired|Happy|Bored|Alert|Angry","7.543","desire","3.686","fantasizing","3.496","annoyed","2.342","contemplative","3.374","doubtful","4.796","decisive","10.257","tentative","9.466","fantasizing","14.041","grateful","7.172","interested","5.597","arrogant","6.887","affectionate","10.053","irritated","3.945","flirtatious","3.539","confident","4.822","aghast","7.05","nervous",1,5,1,4,2,7,6,4,3,4,"Angry|Sad|Enthusiastic|Hungry|Happy|Tired|Interested|Bored|Alert|Sexually aroused","","yes",40,"Male","Heterosexual or straight","","",", RMTE29, RMTE19, RMTE21, RMTE30, RMTE3, RMTE25, RMTE22, RMTE28, RMTE6, RMTE17, RMTE31, RMTE15, RMTE34, RMTE9, RMTE35, RMTE27, RMTE18","FL_124","FloorSex_1st","","RMTE29-female|RMTE19-female|RMTE21-female|RMTE30-female","FL_95|FL_104|FL_105|FL_102","FL_254|FL_260|FL_280|FL_258","FL_326|FL_300|FL_328|FL_316|FL_306","emotions_inst_before|emotions_before","emotions_inst_after|emotions_after",6.8,-0.501230073759276,1,1,0,1,1,1,1,1,0,1,0,0,0,1,1,0,1,0.647058823529412,5,9,14,12,10,17,2,3,7,6,16,8,1,4,11,13,15,"FloorSex",0,0,0,-1,0,0,2,3,-1,-1,-1.08851964299422,-2.49473684210526
"6348341d10e40a7bbaf96ee1","Sexual",428,"Yes","","20",1,5,1,2,7,6,5,1,3,5,"Alert|Bored|Hungry|Interested|Happy|Sad|Sexually aroused|Tired|Angry|Enthusiastic","7.778","desire","6.319","fantasizing","4.824","preoccupied","13.347","contemplative","4.46","aghast","5.476","decisive","9.928","grateful","4.974","fantasizing","5.649","preoccupied","5.174","interested","4.172","reassuring","7.01","interested","11.156","irritated","3.929","flirtatious","5.308","confident","9.038","aghast","5.441","contemplative",3,5,2,2,5,6,6,1,4,3,"Sad|Happy|Angry|Alert|Bored|Hungry|Sexually aroused|Interested|Tired|Enthusiastic","","yes",37,"Male","Heterosexual or straight","","",", RMTE3, RMTE21, RMTE29, RMTE22, RMTE15, RMTE9, RMTE31, RMTE27, RMTE25, RMTE30, RMTE35, RMTE17, RMTE28, RMTE19, RMTE6, RMTE34, RMTE18","FL_124","SamTaylor_1st","","RMTE3-female|RMTE21-female|RMTE29-female|RMTE22-female","FL_110|FL_111|FL_99|FL_103","FL_270|FL_278|FL_284|FL_260","FL_318|FL_308|FL_298|FL_326|FL_306","emotions_inst_before|emotions_before","emotions_inst_after|emotions_after",7.13333333333333,-0.430930359048453,1,1,1,1,0,1,0,1,1,1,0,1,0,1,1,0,0,0.647058823529412,1,15,6,5,12,17,14,2,4,9,8,13,3,10,7,16,11,"SamTaylor",2,0,1,0,-2,0,1,0,1,-2,-0.215866764644423,-0.494736842105263
"63492e4af391f35c12314fa5","Sexual",416,"Yes","","20",6,6,1,4,7,2,8,1,7,7,"Hungry|Sad|Interested|Angry|Alert|Tired|Sexually aroused|Enthusiastic|Happy|Bored","4.41","desire","3.113","fantasizing","4.434","preoccupied","3.644","amused","8.06","playful","4.296","decisive","7.33","arrogant","4.231","fantasizing","5.734","preoccupied","7.918","despondent","4.92","cautious","5.738","interested","3.334","reflective","2.865","flirtatious","6.484","confident","9.617","distrustful","10.219","contemplative",8,6,1,1,4,2,7,1,7,7,"Sad|Bored|Alert|Enthusiastic|Happy|Hungry|Interested|Sexually aroused|Tired|Angry","","yes",26,"Male","Heterosexual or straight","","I was not expecting to see pornographic material.  Im not offended by this at all but I can see some people will be. May be worth putting a warning of adult material in the description of these surveys",", RMTE17, RMTE27, RMTE29, RMTE6, RMTE28, RMTE31, RMTE35, RMTE15, RMTE25, RMTE34, RMTE21, RMTE3, RMTE22, RMTE9, RMTE18, RMTE19, RMTE30","FL_124","BedroomOral_1st","","RMTE17-female|RMTE27-female|RMTE29-female|RMTE6-female","FL_102|FL_99|FL_97|FL_110","FL_270|FL_282|FL_266|FL_252","FL_312|FL_300|FL_306|FL_308|FL_322","emotions_inst_before|emotions_before","emotions_inst_after|emotions_after",6.93333333333333,-0.473110187874947,1,1,1,0,0,1,0,1,1,0,1,1,1,1,1,1,0,0.705882352941177,12,4,14,8,1,15,16,11,13,9,2,5,3,17,6,10,7,"BedroomOral",2,0,0,-3,-3,0,-1,0,0,0,-0.215866764644423,-0.494736842105263
"6349846837c4eb9c40269ba7","Sexual",717,"Yes","","20",1,3,6,2,3,2,5,6,4,4,"Sexually aroused|Hungry|Alert|Bored|Angry|Sad|Interested|Enthusiastic|Tired|Happy","5.822","desire","22.967","fantasizing","8.814","preoccupied","17.003","contemplative","4.639","doubtful","5.209","decisive","8.495","tentative","22.52","fantasizing","3.914","preoccupied","17.822","interested","11.839","cautious","4.468","interested","8.693","impatient","3.557","flirtatious","4.717","confident","6.479","distrustful","4.123","nervous",7,5,3,2,4,2,7,3,5,6,"Tired|Alert|Bored|Interested|Sexually aroused|Hungry|Angry|Happy|Enthusiastic|Sad","","yes",28,"Male","Heterosexual or straight","","",", RMTE30, RMTE29, RMTE9, RMTE3, RMTE34, RMTE18, RMTE22, RMTE28, RMTE6, RMTE31, RMTE17, RMTE21, RMTE15, RMTE25, RMTE27, RMTE19, RMTE35","FL_124","FloorSex_1st","","RMTE30-female|RMTE29-female|RMTE9-female|RMTE3-female","FL_98|FL_108|FL_105|FL_102","FL_254|FL_280|FL_260|FL_266","FL_302|FL_314|FL_316|FL_308|FL_328","emotions_inst_before|emotions_before","emotions_inst_after|emotions_after",11.95,0.584900518522942,1,1,1,1,1,1,1,1,1,1,1,1,0,1,1,1,1,0.941176470588235,4,9,3,13,11,6,16,12,7,14,15,8,2,1,10,5,17,"FloorSex",6,2,-3,0,1,0,2,-3,1,2,1.52943899205517,3.50526315789474
"634d7646e7818f431b130df4","Neutral",367,"","Yes","20",1,2,1,2,7,2,5,1,3,6,"Tired|Bored|Angry|Hungry|Sexually aroused|Enthusiastic|Sad|Happy|Alert|Interested","7.052","desire","4.261","fantasizing","4.104","preoccupied","4.719","contemplative","4.163","doubtful","6.566","decisive","6.601","tentative","6.645","fantasizing","5.725","preoccupied","4.799","interested","5.453","cautious","4.077","interested","7.288","irritated","3.084","flirtatious","5.165","confident","5.379","distrustful","7.839","insisting",1,3,1,1,6,3,6,1,5,7,"Interested|Tired|Sexually aroused|Alert|Sad|Bored|Happy|Hungry|Enthusiastic|Angry","","yes",34,"Male","Heterosexual or straight","","",", RMTE35, RMTE19, RMTE21, RMTE15, RMTE31, RMTE6, RMTE18, RMTE25, RMTE3, RMTE28, RMTE34, RMTE9, RMTE27, RMTE17, RMTE29, RMTE22, RMTE30","FL_125","","MadMen_1st","RMTE35-female|RMTE19-female|RMTE21-female|RMTE15-female","FL_99|FL_112|FL_108|FL_104","FL_252|FL_274|FL_282|FL_256","FL_316|FL_304|FL_320|FL_312|FL_322","emotions_inst_before|emotions_before","emotions_inst_after|emotions_after",6.11666666666667,-0.645344488916464,1,1,1,1,1,1,1,1,1,1,1,1,0,1,1,1,0,0.882352941176471,9,6,12,4,14,7,2,3,16,8,13,10,15,17,5,11,1,"MadMen",0,1,0,-1,-1,1,1,0,2,1,-0.339605814733411,-0.263157894736842
"634e9bff0e8c21e97c621cb1","Neutral",401,"","Yes","20",2,4,6,5,4,3,6,3,6,7,"Sexually aroused|Bored|Alert|Enthusiastic|Happy|Hungry|Interested|Sad|Tired|Angry","6.26","convinced","4.427","impatient","3.989","preoccupied","5.787","contemplative","13.88","doubtful","6.027","decisive","7.631","grateful","6.33","fantasizing","6.11","preoccupied","10.658","despondent","6.838","cautious","6.419","interested","10.069","reflective","6.482","flirtatious","3.666","confident","8.188","baffled","4.097","nervous",2,6,4,6,4,2,6,3,4,5,"Sad|Happy|Bored|Alert|Angry|Interested|Enthusiastic|Sexually aroused|Tired|Hungry","","yes",34,"Male","Heterosexual or straight","","",", RMTE17, RMTE29, RMTE19, RMTE30, RMTE22, RMTE18, RMTE27, RMTE3, RMTE21, RMTE15, RMTE28, RMTE34, RMTE25, RMTE35, RMTE6, RMTE31, RMTE9","FL_125","","WallE_1st","RMTE17-female|RMTE29-female|RMTE19-female|RMTE30-female","FL_105|FL_108|FL_103|FL_95","FL_266|FL_258|FL_274|FL_282","FL_314|FL_328|FL_298|FL_324|FL_300","emotions_inst_before|emotions_before","emotions_inst_after|emotions_after",6.68333333333333,-0.525834973908064,0,0,1,1,1,1,0,1,1,0,1,1,1,1,1,0,1,0.705882352941177,8,15,17,10,1,6,3,9,5,13,7,11,2,4,16,12,14,"WallE",0,2,-2,1,0,-1,0,0,-2,-2,-0.339605814733411,-0.263157894736842
"6361bfe81e0da4a406b33f1e","Neutral",452,"","Yes","20",4,6,2,4,2,7,7,2,7,6,"Bored|Tired|Enthusiastic|Hungry|Interested|Happy|Angry|Sexually aroused|Sad|Alert","7.563","desire","7.395","fantasizing","5.526","preoccupied","4.964","amused","8.782","doubtful","5.726","bored","19.849","tentative","5.84","fantasizing","6.287","preoccupied","5.273","despondent","6.116","cautious","4.987","affectionate","12.736","irritated","5.144","flirtatious","5.367","confident","19.562","distrustful","6.441","contemplative",5,7,2,5,2,7,7,2,7,5,"Tired|Bored|Interested|Sad|Alert|Hungry|Angry|Sexually aroused|Enthusiastic|Happy","","yes",30,"Male","Heterosexual or straight","","",", RMTE19, RMTE3, RMTE30, RMTE34, RMTE21, RMTE27, RMTE9, RMTE6, RMTE18, RMTE35, RMTE28, RMTE15, RMTE17, RMTE29, RMTE25, RMTE22, RMTE31","FL_125","","CocktailDate_1st","RMTE19-female|RMTE3-female|RMTE30-female|RMTE34-female","FL_106|FL_103|FL_111|FL_112","FL_262|FL_284|FL_274|FL_258","FL_304|FL_320|FL_314|FL_312|FL_324","emotions_inst_before|emotions_before","emotions_inst_after|emotions_after",7.53333333333333,-0.346570701395465,1,1,1,0,1,0,1,1,1,0,1,0,0,1,1,1,0,0.647058823529412,2,8,7,12,13,9,1,5,16,15,6,11,14,3,17,4,10,"CocktailDate",1,1,0,1,0,0,0,0,0,-1,0.601587443242042,0.736842105263158
"63653d6f84db7dba4c2c9349","Sexual",367,"Yes","","20",1,4,7,5,3,3,7,4,6,7,"Bored|Happy|Angry|Hungry|Interested|Enthusiastic|Sad|Sexually aroused|Tired|Alert","5.986","desire","5.723","fantasizing","2.764","preoccupied","2.71","contemplative","5.752","playful","6.44","decisive","3.836","tentative","8.537","fantasizing","10.863","preoccupied","6.475","interested","6.356","cautious","5.313","interested","3.878","reflective","2.922","flirtatious","5.721","dispirited","9.003","distrustful","7.137","nervous",2,4,6,5,3,2,8,3,7,6,"Tired|Enthusiastic|Angry|Interested|Bored|Hungry|Sexually aroused|Sad|Alert|Happy","","yes",39,"Male","Heterosexual or straight","","",", RMTE17, RMTE6, RMTE27, RMTE29, RMTE22, RMTE34, RMTE31, RMTE28, RMTE25, RMTE30, RMTE15, RMTE3, RMTE35, RMTE18, RMTE9, RMTE21, RMTE19","FL_124","SamTaylor_1st","","RMTE17-female|RMTE6-female|RMTE27-female|RMTE29-female","FL_105|FL_98|FL_99|FL_102","FL_270|FL_278|FL_258|FL_252","FL_328|FL_306|FL_300|FL_310|FL_308","emotions_inst_before|emotions_before","emotions_inst_after|emotions_after",6.11666666666667,-0.645344488916464,1,1,1,1,0,1,1,1,1,1,1,1,1,1,0,1,1,0.882352941176471,12,2,15,11,1,14,17,16,5,9,3,8,4,10,7,6,13,"SamTaylor",1,0,-1,0,0,-1,1,-1,1,-1,-0.652193203819322,-1.49473684210526
"63653e8bb62cf485a4716fdb","Sexual",468,"Yes","","20",1,4,3,3,2,7,7,3,2,3,"Happy|Hungry|Interested|Enthusiastic|Sexually aroused|Alert|Bored|Angry|Sad|Tired","6.28","desire","7.459","alarmed","5.502","preoccupied","6.192","contemplative","7.351","affectionate","7.322","decisive","9.781","arrogant","7.548","fantasizing","10.796","imploring","11.904","incredulous","6.76","cautious","19.694","interested","4.587","reflective","4.873","flirtatious","4.361","confident","14.479","aghast","5.246","contemplative",4,3,3,2,5,7,5,3,3,5,"Sexually aroused|Enthusiastic|Angry|Tired|Interested|Hungry|Sad|Alert|Bored|Happy","","yes",49,"Male","Heterosexual or straight","","",", RMTE22, RMTE15, RMTE17, RMTE9, RMTE30, RMTE25, RMTE21, RMTE19, RMTE28, RMTE34, RMTE18, RMTE31, RMTE35, RMTE29, RMTE6, RMTE27, RMTE3","FL_124","FloorSex_1st","","RMTE22-female|RMTE15-female|RMTE17-female|RMTE9-female","FL_100|FL_104|FL_106|FL_107","FL_274|FL_282|FL_262|FL_280","FL_328|FL_320|FL_298|FL_316|FL_296","emotions_inst_before|emotions_before","emotions_inst_after|emotions_after",7.8,-0.290330929626807,1,0,1,1,0,1,0,1,0,0,1,1,1,1,1,0,0,0.588235294117647,17,15,4,2,3,11,8,7,1,6,16,9,14,5,12,10,13,"FloorSex",3,-1,0,-1,3,0,-2,0,1,2,0.220459674530475,0.505263157894737
"63653fac496ecfe4987d9843","Sexual",451,"Yes","","20",1,5,5,5,4,4,4,1,3,6,"Interested|Sad|Happy|Angry|Enthusiastic|Sexually aroused|Bored|Hungry|Tired|Alert","4.187","convinced","10.976","fantasizing","5.488","preoccupied","8.2","contemplative","10.262","playful","4.369","amused","4.402","tentative","4.554","fantasizing","14.941","preoccupied","4.815","interested","7.029","cautious","5.889","interested","7.599","reflective","3.669","flirtatious","5.938","confident","8.238","distrustful","4.181","nervous",1,5,1,5,4,4,4,1,3,4,"Hungry|Sad|Tired|Sexually aroused|Bored|Happy|Angry|Enthusiastic|Interested|Alert","","yes",35,"Male","Heterosexual or straight","","",", RMTE6, RMTE19, RMTE31, RMTE25, RMTE34, RMTE15, RMTE22, RMTE29, RMTE17, RMTE30, RMTE35, RMTE28, RMTE3, RMTE21, RMTE27, RMTE9, RMTE18","FL_124","BedroomOral_1st","","RMTE6-female|RMTE19-female|RMTE31-female|RMTE25-female","FL_98|FL_110|FL_105|FL_101","FL_260|FL_278|FL_284|FL_274","FL_296|FL_310|FL_316|FL_300|FL_306","emotions_inst_before|emotions_before","emotions_inst_after|emotions_after",7.51666666666667,-0.350085687131006,0,1,1,1,0,0,1,1,1,1,1,1,1,1,1,1,1,0.823529411764706,13,1,16,6,9,17,2,14,7,4,15,12,8,10,3,5,11,"BedroomOral",0,0,-4,0,0,0,0,0,0,-2,-1.08851964299422,-2.49473684210526
"63654b998cd2bf219fd46be1","Neutral",393,"","Yes","20",1,9,1,1,4,1,8,1,5,6,"Sexually aroused|Interested|Angry|Alert|Sad|Tired|Enthusiastic|Bored|Happy|Hungry","5.75","desire","5.511","fantasizing","4.01","horrified","16.477","amused","4.652","playful","6.829","decisive","7.157","tentative","5.887","fantasizing","4.433","preoccupied","12.561","panicked","6.108","cautious","8.628","joking","7.605","reflective","4.886","flirtatious","10.538","dispirited","6.844","terrified","5.037","nervous",1,9,1,1,1,1,9,1,7,9,"Alert|Sexually aroused|Bored|Hungry|Sad|Happy|Angry|Interested|Tired|Enthusiastic","","yes",28,"Male","Heterosexual or straight","","",", RMTE15, RMTE30, RMTE35, RMTE25, RMTE21, RMTE22, RMTE31, RMTE28, RMTE29, RMTE34, RMTE19, RMTE9, RMTE27, RMTE18, RMTE6, RMTE17, RMTE3","FL_125","","MadMen_1st","RMTE15-female|RMTE30-female|RMTE35-female|RMTE25-female","FL_106|FL_105|FL_99|FL_102","FL_276|FL_282|FL_264|FL_256","FL_316|FL_306|FL_298|FL_304|FL_296","emotions_inst_before|emotions_before","emotions_inst_after|emotions_after",6.55,-0.553954859792393,1,1,0,0,0,1,1,1,1,0,1,0,1,1,0,0,1,0.588235294117647,17,15,12,1,16,14,11,5,6,4,13,8,9,2,7,10,3,"MadMen",0,0,0,0,-3,0,1,0,2,3,-0.339605814733411,-0.263157894736842
"63655db49a4838371d66126f","Neutral",487,"","Yes","20",1,7,1,1,2,4,8,1,4,7,"Hungry|Sexually aroused|Alert|Tired|Angry|Sad|Enthusiastic|Interested|Bored|Happy","6.816","desire","5.657","fantasizing","13.249","preoccupied","15.913","contemplative","6.954","playful","9.12","decisive","23.004","tentative","5.85","fantasizing","14.594","preoccupied","6.431","interested","10.52","cautious","10.342","interested","9.044","impatient","6.909","flirtatious","15.576","confident","8.209","distrustful","15.921","nervous",1,7,1,1,1,3,8,1,7,8,"Alert|Hungry|Sad|Interested|Happy|Tired|Angry|Sexually aroused|Bored|Enthusiastic","","yes",37,"Male","Heterosexual or straight","","Very interesting - good luck with your research",", RMTE34, RMTE19, RMTE22, RMTE18, RMTE17, RMTE30, RMTE3, RMTE35, RMTE15, RMTE29, RMTE9, RMTE27, RMTE25, RMTE28, RMTE6, RMTE21, RMTE31","FL_125","","CocktailDate_1st","RMTE34-female|RMTE19-female|RMTE22-female|RMTE18-female","FL_109|FL_100|FL_95|FL_97","FL_258|FL_276|FL_256|FL_272","FL_314|FL_318|FL_298|FL_310|FL_324","emotions_inst_before|emotions_before","emotions_inst_after|emotions_after",8.11666666666667,-0.223546200651525,1,1,1,1,0,1,1,1,1,1,1,1,0,1,1,1,1,0.882352941176471,7,15,11,9,5,4,2,16,3,13,12,14,10,6,17,1,8,"CocktailDate",0,0,0,0,-1,-1,0,0,3,1,-0.339605814733411,-0.263157894736842
"6365805113952480bdeed7b7","Neutral",429,"","Yes","20",1,8,1,1,1,1,8,1,7,7,"Sad|Angry|Interested|Tired|Bored|Enthusiastic|Hungry|Happy|Alert|Sexually aroused","6.111","convinced","7.048","fantasizing","5.996","preoccupied","9.161","contemplative","11.187","doubtful","7.605","decisive","7.996","tentative","9.8","fantasizing","15.152","preoccupied","5.799","despondent","7.236","reassuring","10.971","contented","5.298","reflective","4.758","flirtatious","10.367","confident","11.141","distrustful","5.731","nervous",1,8,1,1,1,1,8,1,8,7,"Enthusiastic|Bored|Sexually aroused|Alert|Happy|Angry|Tired|Interested|Sad|Hungry","","yes",47,"Male","Heterosexual or straight","","",", RMTE15, RMTE22, RMTE28, RMTE17, RMTE31, RMTE19, RMTE35, RMTE25, RMTE27, RMTE30, RMTE18, RMTE34, RMTE21, RMTE29, RMTE3, RMTE9, RMTE6","FL_125","","CocktailDate_1st","RMTE15-female|RMTE22-female|RMTE28-female|RMTE17-female","FL_99|FL_107|FL_97|FL_104","FL_272|FL_278|FL_262|FL_282","FL_310|FL_320|FL_296|FL_300|FL_298","emotions_inst_before|emotions_before","emotions_inst_after|emotions_after",7.15,-0.427415373312912,0,1,1,1,1,1,1,1,1,0,0,0,1,1,1,1,1,0.764705882352941,15,17,16,1,4,11,6,13,2,8,9,3,14,10,5,12,7,"CocktailDate",0,0,0,0,0,0,0,0,1,0,-0.339605814733411,-0.263157894736842
"636675b4dd6bb79382d46c2b","Neutral",386,"","Yes","20",1,5,3,1,7,1,5,1,4,5,"Happy|Sad|Sexually aroused|Enthusiastic|Tired|Alert|Angry|Hungry|Interested|Bored","3.682","desire","3.219","fantasizing","3.847","horrified","3.054","amused","3.183","doubtful","5.35","decisive","12.739","tentative","3.482","fantasizing","6.868","preoccupied","7.189","interested","2.766","cautious","19.367","interested","9.274","irritated","4.298","flirtatious","7.85","confident","4.695","distrustful","2.688","nervous",2,5,1,1,5,1,7,1,4,7,"Hungry|Enthusiastic|Angry|Interested|Happy|Alert|Tired|Sexually aroused|Sad|Bored","","yes",32,"Male","Heterosexual or straight","","",", RMTE19, RMTE22, RMTE25, RMTE29, RMTE17, RMTE6, RMTE27, RMTE3, RMTE9, RMTE34, RMTE18, RMTE21, RMTE28, RMTE35, RMTE15, RMTE31, RMTE30","FL_125","","WallE_1st","RMTE19-female|RMTE22-female|RMTE25-female|RMTE29-female","FL_109|FL_112|FL_103|FL_95","FL_256|FL_282|FL_262|FL_266","FL_318|FL_328|FL_302|FL_324|FL_322","emotions_inst_before|emotions_before","emotions_inst_after|emotions_after",6.43333333333333,-0.578559759941182,1,1,0,0,1,1,1,1,1,1,1,1,0,1,1,1,1,0.823529411764706,8,6,9,15,5,11,1,12,2,3,7,13,4,17,16,10,14,"WallE",1,0,-2,0,-2,0,2,0,0,2,0.601587443242042,0.736842105263158
"6367d5a6f05f3b489c18f926","Neutral",756,"","Yes","20",1,5,2,1,6,5,6,1,5,7,"Alert|Interested|Enthusiastic|Angry|Happy|Sexually aroused|Tired|Bored|Sad|Hungry","17.679","convinced","15.875","fantasizing","31.81","preoccupied","12.375","contemplative","11.336","doubtful","8.881","decisive","11.31","grateful","10.697","fantasizing","9.809","preoccupied","14.116","interested","13.863","cautious","56.301","contented","10.254","reflective","16.119","hostile","7.362","confident","12.942","distrustful","17.526","puzzled",1,5,2,1,6,5,6,1,5,7,"Happy|Interested|Enthusiastic|Tired|Alert|Sad|Sexually aroused|Angry|Hungry|Bored","","yes",50,"Male","Heterosexual or straight","","Thanks for the snippets of Wall-e, always fun to watch :)",", RMTE15, RMTE30, RMTE21, RMTE3, RMTE34, RMTE22, RMTE6, RMTE29, RMTE17, RMTE27, RMTE19, RMTE31, RMTE9, RMTE18, RMTE35, RMTE28, RMTE25","FL_125","","WallE_1st","RMTE15-female|RMTE30-female|RMTE21-female|RMTE3-female","FL_98|FL_105|FL_112|FL_101","FL_260|FL_272|FL_264|FL_280","FL_300|FL_306|FL_328|FL_318|FL_314","emotions_inst_before|emotions_before","emotions_inst_after|emotions_after",12.6,0.721984962209047,0,1,1,1,1,1,0,1,1,1,1,0,1,0,1,1,0,0.705882352941177,4,7,13,1,9,14,11,3,6,17,10,16,8,2,12,5,15,"WallE",0,0,0,0,0,0,0,0,0,0,-0.339605814733411,-0.263157894736842
"636965c63844a6e955b6036a","Neutral",401,"","Yes","20",1,4,6,6,7,3,6,1,5,7,"Bored|Sad|Sexually aroused|Tired|Angry|Enthusiastic|Hungry|Interested|Alert|Happy","5.472","desire","6.462","impatient","9.871","preoccupied","4.366","contemplative","4.262","aghast","10.501","bored","7.172","tentative","7.016","fantasizing","6.715","preoccupied","5.928","interested","5.099","cautious","3.761","interested","4.571","reflective","4.38","flirtatious","7.23","confident","7.042","distrustful","6.428","insisting",1,4,3,2,3,3,8,1,7,7,"Sexually aroused|Alert|Happy|Hungry|Angry|Interested|Enthusiastic|Bored|Sad|Tired","","yes",48,"Male","Heterosexual or straight","","",", RMTE31, RMTE21, RMTE15, RMTE6, RMTE19, RMTE18, RMTE3, RMTE29, RMTE30, RMTE35, RMTE28, RMTE34, RMTE9, RMTE27, RMTE22, RMTE17, RMTE25","FL_125","","MadMen_1st","RMTE31-female|RMTE21-female|RMTE15-female|RMTE6-female","FL_107|FL_108|FL_95|FL_101","FL_278|FL_284|FL_274|FL_282","FL_300|FL_316|FL_312|FL_304|FL_314","emotions_inst_before|emotions_before","emotions_inst_after|emotions_after",6.68333333333333,-0.525834973908064,1,0,1,1,0,0,1,1,1,1,1,1,1,1,1,1,0,0.764705882352941,7,4,13,3,16,6,5,2,15,17,14,11,8,9,1,12,10,"MadMen",0,0,-3,-4,-4,0,2,0,2,0,-0.339605814733411,-0.263157894736842
"636a354233b567a40c34ef2f","Neutral",761,"","Yes","20",2,8,1,1,7,6,7,1,5,7,"Sexually aroused|Hungry|Interested|Alert|Tired|Angry|Enthusiastic|Bored|Happy|Sad","24.141","flustered","23.388","aghast","9.931","preoccupied","18.963","contemplative","7.897","doubtful","25.667","aghast","38.407","tentative","17.964","fantasizing","14.451","imploring","8.176","incredulous","12.437","cautious","13.204","interested","12.493","reflective","10.07","disappointed","11.791","confident","42.546","distrustful","11.605","puzzled",1,6,1,2,4,7,5,1,5,7,"Tired|Alert|Bored|Sad|Angry|Hungry|Enthusiastic|Happy|Interested|Sexually aroused","","yes",32,"Male","Heterosexual or straight","","none",", RMTE19, RMTE6, RMTE34, RMTE3, RMTE15, RMTE35, RMTE27, RMTE22, RMTE18, RMTE17, RMTE30, RMTE28, RMTE21, RMTE29, RMTE31, RMTE9, RMTE25","FL_125","","CocktailDate_1st","RMTE19-female|RMTE6-female|RMTE34-female|RMTE3-female","FL_110|FL_97|FL_103|FL_105","FL_262|FL_260|FL_278|FL_274","FL_310|FL_320|FL_324|FL_300|FL_314","emotions_inst_before|emotions_before","emotions_inst_after|emotions_after",12.6833333333333,0.739559890886753,0,0,1,1,1,0,1,1,0,0,1,1,1,0,1,1,0,0.588235294117647,4,2,16,5,10,9,1,13,8,17,7,12,14,11,15,3,6,"CocktailDate",-1,-2,0,1,-3,1,-2,0,0,0,-1.28079907270886,-1.26315789473684
"637e1d5ac58ad3caea4f3446","Neutral",409,"","Yes","20",1,3,5,7,4,6,4,5,4,6,"Interested|Bored|Happy|Sexually aroused|Enthusiastic|Alert|Angry|Sad|Hungry|Tired","8.214","desire","5.824","fantasizing","12.049","preoccupied","5.432","contemplative","5.872","doubtful","4.68","decisive","8.204","tentative","12.472","fantasizing","9.2","preoccupied","5.884","incredulous","12.536","cautious","8.304","interested","4.964","reflective","2.992","flirtatious","5.117","joking","6.8","distrustful","5.99","nervous",1,4,3,4,5,4,6,3,2,3,"Alert|Tired|Happy|Sexually aroused|Enthusiastic|Angry|Interested|Bored|Sad|Hungry","","yes",28,"Male","Heterosexual or straight","","",", RMTE21, RMTE15, RMTE35, RMTE19, RMTE9, RMTE34, RMTE27, RMTE17, RMTE25, RMTE3, RMTE31, RMTE22, RMTE30, RMTE6, RMTE28, RMTE18, RMTE29","FL_125","","MadMen_1st","RMTE21-female|RMTE15-female|RMTE35-female|RMTE19-female","FL_111|FL_98|FL_103|FL_109","FL_270|FL_252|FL_280|FL_268","FL_322|FL_298|FL_318|FL_306|FL_320","emotions_inst_before|emotions_before","emotions_inst_after|emotions_after",6.81666666666667,-0.497715088023735,1,1,1,1,1,1,1,1,1,0,1,1,1,1,0,1,1,0.882352941176471,10,14,5,2,8,16,4,1,12,9,7,15,17,13,11,6,3,"MadMen",0,1,-2,-3,1,-2,2,-2,-2,-3,-0.339605814733411,-0.263157894736842
"637f7bac69bde0d3be625f5c","Neutral",461,"","Yes","20",2,6,1,3,8,6,4,1,5,7,"Tired|Alert|Happy|Bored|Sexually aroused|Hungry|Interested|Angry|Sad|Enthusiastic","11.819","desire","13.492","aghast","11.258","preoccupied","5","encouraging","6.3","affectionate","6.475","decisive","9.871","tentative","10.277","fantasizing","8.219","preoccupied","4.251","interested","10.642","reassuring","5.502","affectionate","12.27","aghast","8.972","flirtatious","6.02","confident","8.561","distrustful","12.653","nervous",1,5,1,4,6,7,6,1,4,5,"Enthusiastic|Hungry|Interested|Angry|Alert|Tired|Sad|Sexually aroused|Bored|Happy","","yes",32,"Male","Heterosexual or straight","","",", RMTE6, RMTE35, RMTE28, RMTE31, RMTE30, RMTE21, RMTE22, RMTE27, RMTE3, RMTE34, RMTE29, RMTE19, RMTE9, RMTE17, RMTE25, RMTE18, RMTE15","FL_125","","MadMen_1st","RMTE6-female|RMTE35-female|RMTE28-female|RMTE31-female","FL_100|FL_106|FL_105|FL_103","FL_252|FL_282|FL_276|FL_264","FL_300|FL_304|FL_314|FL_306|FL_302","emotions_inst_before|emotions_before","emotions_inst_after|emotions_after",7.68333333333333,-0.314935829775595,1,0,1,0,0,1,1,1,1,1,0,0,0,1,1,1,1,0.647058823529412,9,1,13,17,14,16,12,6,7,15,8,3,11,5,4,10,2,"MadMen",-1,-1,0,1,-2,1,2,0,-1,-2,-1.28079907270886,-1.26315789473684
"637f89ffcbf20bd680c0d79e","Neutral",612,"","Yes","20",1,7,2,2,2,5,8,1,7,6,"Sad|Interested|Angry|Tired|Bored|Happy|Sexually aroused|Hungry|Alert|Enthusiastic","9.774","desire","9.593","fantasizing","8.948","preoccupied","4.68","contemplative","6.57","doubtful","8.474","decisive","9.776","tentative","20.941","fantasizing","11.53","preoccupied","10.122","incredulous","8.815","cautious","7.737","affectionate","7.601","reflective","5.996","flirtatious","5.726","confident","7.692","distrustful","13.412","insisting",1,8,2,2,2,3,8,1,6,7,"Hungry|Interested|Sexually aroused|Sad|Enthusiastic|Bored|Happy|Angry|Alert|Tired","","yes",36,"Male","Heterosexual or straight","","",", RMTE21, RMTE28, RMTE17, RMTE18, RMTE9, RMTE35, RMTE31, RMTE6, RMTE27, RMTE29, RMTE3, RMTE22, RMTE25, RMTE19, RMTE30, RMTE15, RMTE34","FL_125","","WallE_1st","RMTE21-female|RMTE28-female|RMTE17-female|RMTE18-female","FL_111|FL_97|FL_99|FL_112","FL_272|FL_276|FL_252|FL_268","FL_314|FL_308|FL_322|FL_302|FL_326","emotions_inst_before|emotions_before","emotions_inst_after|emotions_after",10.2,0.21582701629112,1,1,1,1,1,1,1,1,1,0,1,0,1,1,1,1,0,0.823529411764706,11,8,5,16,3,4,14,1,12,13,9,2,10,15,7,17,6,"WallE",0,1,0,0,0,-2,0,0,-1,1,-0.339605814733411,-0.263157894736842
"6383533ec7f15860fc6fb144","Neutral",532,"","Yes","20",1,3,6,7,7,2,4,1,6,8,"Enthusiastic|Sad|Sexually aroused|Alert|Bored|Hungry|Interested|Tired|Angry|Happy","8.346","joking","14.528","fantasizing","10.904","hostile","5.701","contemplative","9.005","doubtful","17.2","bored","9.707","tentative","11.078","fantasizing","9.142","preoccupied","8.867","interested","11.336","cautious","10.158","interested","8.671","reflective","5.183","flirtatious","8.866","confident","12.377","baffled","12.74","nervous",1,3,8,6,8,2,4,3,3,7,"Angry|Interested|Sexually aroused|Hungry|Tired|Alert|Enthusiastic|Bored|Sad|Happy","","Yes",49,"Male","Heterosexual or straight","","",", RMTE18, RMTE6, RMTE28, RMTE21, RMTE35, RMTE29, RMTE17, RMTE3, RMTE9, RMTE27, RMTE31, RMTE15, RMTE22, RMTE25, RMTE34, RMTE19, RMTE30","FL_125","","MadMen_1st","RMTE18-female|RMTE6-female|RMTE28-female|RMTE21-female","FL_97|FL_101|FL_109|FL_95","FL_256|FL_272|FL_280|FL_258","FL_312|FL_314|FL_326|FL_308|FL_322","emotions_inst_before|emotions_before","emotions_inst_after|emotions_after",8.86666666666667,-0.0653718425521724,0,1,0,1,1,0,1,1,1,1,1,1,1,1,1,0,1,0.764705882352941,8,2,9,12,7,1,16,4,13,14,10,3,6,17,11,15,5,"MadMen",0,0,2,-1,1,0,0,2,-3,-1,-0.339605814733411,-0.263157894736842
"6384ad74e501dcdf22163239","Sexual",1186,"Yes","","20",3,4,2,5,6,1,6,2,4,6,"Bored|Tired|Sexually aroused|Sad|Angry|Enthusiastic|Alert|Hungry|Happy|Interested","5.662","desire","7.939","fantasizing","8.744","annoyed","6.321","contemplative","8.816","doubtful","4.64","decisive","5.251","tentative","3.751","fantasizing","12.505","preoccupied","6.705","interested","7.44","arrogant","11.766","interested","8.559","impatient","6.324","flirtatious","7.806","joking","6.369","baffled","5.503","nervous",3,4,2,4,5,1,5,2,5,5,"Tired|Interested|Alert|Happy|Angry|Hungry|Enthusiastic|Sad|Sexually aroused|Bored","","yes",35,"Male","Heterosexual or straight","","",", RMTE30, RMTE25, RMTE18, RMTE3, RMTE19, RMTE27, RMTE9, RMTE15, RMTE34, RMTE28, RMTE31, RMTE6, RMTE22, RMTE29, RMTE35, RMTE21, RMTE17","FL_124","SamTaylor_1st","","RMTE30-female|RMTE25-female|RMTE18-female|RMTE3-female","FL_107|FL_103|FL_111|FL_110","FL_282|FL_274|FL_280|FL_254","FL_312|FL_320|FL_328|FL_310|FL_304","emotions_inst_before|emotions_before","emotions_inst_after|emotions_after",19.7666666666667,2.23342882849175,1,1,0,1,1,1,1,1,1,1,0,1,0,1,0,0,1,0.705882352941177,4,12,7,8,17,3,5,16,13,2,6,10,14,1,11,9,15,"SamTaylor",0,0,0,-1,-1,0,-1,0,1,-1,-1.08851964299422,-2.49473684210526
"6384cf0284353d4d18464ee2","Neutral",775,"","Yes","20",1,7,2,5,3,5,6,1,6,6,"Sexually aroused|Alert|Angry|Bored|Enthusiastic|Happy|Hungry|Sad|Interested|Tired","10.43","desire","12.388","fantasizing","27.405","preoccupied","8.662","encouraging","6.591","doubtful","13.12","amused","11.436","sarcastic","8.398","fantasizing","8.085","preoccupied","7.261","interested","7.506","cautious","9.065","interested","9.389","irritated","7.677","flirtatious","45.478","confident","32.841","distrustful","9.881","nervous",1,7,2,2,4,6,7,1,8,8,"Tired|Sexually aroused|Alert|Hungry|Sad|Interested|Bored|Happy|Angry|Enthusiastic","","yes",50,"Male","Heterosexual or straight","","",", RMTE34, RMTE18, RMTE25, RMTE3, RMTE35, RMTE27, RMTE30, RMTE17, RMTE6, RMTE15, RMTE29, RMTE19, RMTE9, RMTE31, RMTE28, RMTE21, RMTE22","FL_125","","MadMen_1st","RMTE34-female|RMTE18-female|RMTE25-female|RMTE3-female","FL_97|FL_103|FL_100|FL_109","FL_254|FL_258|FL_276|FL_264","FL_300|FL_324|FL_318|FL_310|FL_312","emotions_inst_before|emotions_before","emotions_inst_after|emotions_after",12.9166666666667,0.788769691184329,1,1,1,0,1,0,0,1,1,1,1,1,0,1,1,1,1,0.764705882352941,4,9,13,10,8,2,12,16,17,3,6,15,11,7,14,1,5,"MadMen",0,0,0,-3,1,1,1,0,2,2,-0.339605814733411,-0.263157894736842
"6384cf27de6933676823a23a","Neutral",495,"","Yes","20",2,6,1,6,1,8,7,1,4,4,"Angry|Interested|Enthusiastic|Sexually aroused|Hungry|Sad|Tired|Bored|Happy|Alert","9.967","desire","5.9","fantasizing","9.083","preoccupied","21.971","contemplative","11.402","doubtful","9.901","decisive","6.615","tentative","6.287","fantasizing","6.58","preoccupied","6.143","interested","7.092","cautious","10.142","interested","6.693","impatient","3.551","flirtatious","6.622","confident","7.834","distrustful","34.336","nervous",2,6,1,2,4,6,3,1,3,2,"Alert|Angry|Enthusiastic|Sad|Bored|Sexually aroused|Hungry|Happy|Tired|Interested","","Yes",33,"Male","Heterosexual or straight","","",", RMTE18, RMTE19, RMTE31, RMTE28, RMTE22, RMTE34, RMTE29, RMTE17, RMTE35, RMTE6, RMTE15, RMTE21, RMTE9, RMTE27, RMTE30, RMTE25, RMTE3","FL_125","","MadMen_1st","RMTE18-female|RMTE19-female|RMTE31-female|RMTE28-female","FL_105|FL_98|FL_101|FL_109","FL_284|FL_254|FL_258|FL_266","FL_300|FL_316|FL_322|FL_314|FL_296","emotions_inst_before|emotions_before","emotions_inst_after|emotions_after",8.25,-0.195426314767195,1,1,1,1,1,1,1,1,1,1,1,1,0,1,1,1,1,0.941176470588235,17,10,13,11,8,1,2,12,5,16,14,4,7,15,3,6,9,"MadMen",0,0,0,-4,3,-2,-4,0,-1,-2,-0.339605814733411,-0.263157894736842
"6384fc5695a4edef691103c0","Neutral",354,"","Yes","20",1,7,2,5,6,3,4,1,6,7,"Sad|Interested|Angry|Enthusiastic|Tired|Alert|Sexually aroused|Hungry|Happy|Bored","4.14","desire","8.519","impatient","4.695","preoccupied","6.222","contemplative","6.38","doubtful","3.6","decisive","3.044","tentative","4.476","fantasizing","2.977","preoccupied","4.371","interested","5.462","cautious","7.435","interested","7.652","irritated","3.161","flirtatious","2.728","confident","7.469","distrustful","9.018","contemplative",2,7,1,3,6,3,5,1,6,7,"Hungry|Sexually aroused|Alert|Enthusiastic|Happy|Bored|Interested|Tired|Sad|Angry","","yes",38,"Male","Heterosexual or straight","","interesting study, thanks",", RMTE15, RMTE29, RMTE9, RMTE6, RMTE27, RMTE21, RMTE3, RMTE17, RMTE34, RMTE28, RMTE18, RMTE22, RMTE35, RMTE19, RMTE25, RMTE30, RMTE31","FL_125","","MadMen_1st","RMTE15-female|RMTE29-female|RMTE9-female|RMTE6-female","FL_103|FL_106|FL_95|FL_109","FL_282|FL_274|FL_262|FL_268","FL_328|FL_308|FL_314|FL_322|FL_324","emotions_inst_before|emotions_before","emotions_inst_after|emotions_after",5.9,-0.691039303478499,1,0,1,1,1,1,1,1,1,1,1,1,0,1,1,1,0,0.823529411764706,7,4,3,1,8,11,14,6,12,15,5,10,2,16,17,9,13,"MadMen",1,0,-1,-2,0,0,1,0,0,0,0.601587443242042,0.736842105263158
"6385becdc7c390517ac3f8f0","Neutral",504,"","Yes","20",1,5,1,1,4,4,5,1,4,6,"Interested|Sexually aroused|Alert|Hungry|Angry|Sad|Bored|Enthusiastic|Tired|Happy","5.559","flustered","6.933","impatient","8.064","preoccupied","4.738","contemplative","8.949","doubtful","6.919","aghast","7.586","tentative","16.223","embarrassed","3.996","preoccupied","5.673","interested","6.844","cautious","13.67","interested","12.549","reflective","13.813","disappointed","6.253","confident","7.799","distrustful","15.308","nervous",1,6,1,1,3,3,6,1,6,6,"Alert|Bored|Tired|Enthusiastic|Sad|Interested|Hungry|Happy|Sexually aroused|Angry","","yes",50,"Male","Heterosexual or straight","","",", RMTE29, RMTE31, RMTE27, RMTE15, RMTE35, RMTE22, RMTE25, RMTE28, RMTE19, RMTE9, RMTE21, RMTE3, RMTE17, RMTE18, RMTE6, RMTE30, RMTE34","FL_125","","CocktailDate_1st","RMTE29-female|RMTE31-female|RMTE27-female|RMTE15-female","FL_97|FL_105|FL_104|FL_102","FL_264|FL_256|FL_266|FL_252","FL_304|FL_306|FL_298|FL_322|FL_326","emotions_inst_before|emotions_before","emotions_inst_after|emotions_after",8.4,-0.163791443147325,0,0,1,1,1,0,1,0,1,1,1,1,1,0,1,1,1,0.705882352941177,12,15,10,4,13,14,9,11,6,7,3,8,1,16,2,17,5,"CocktailDate",0,1,0,0,-1,-1,1,0,2,0,-0.339605814733411,-0.263157894736842
"6385fd4f0e0133c619851b7e","Neutral",370,"","Yes","20",4,7,2,4,7,6,4,1,4,4,"Angry|Happy|Enthusiastic|Tired|Sexually aroused|Bored|Interested|Hungry|Alert|Sad","4.933","convinced","7.047","aghast","4.633","preoccupied","8.286","contemplative","6.595","doubtful","5.622","decisive","5.447","tentative","4.405","fantasizing","3.76","imploring","6.369","interested","2.953","cautious","6.782","interested","6.745","reflective","6.164","flirtatious","5.795","confident","4.101","baffled","5.639","puzzled",4,5,1,4,7,6,4,1,4,5,"Alert|Hungry|Angry|Bored|Sad|Happy|Enthusiastic|Tired|Sexually aroused|Interested","","Yes",23,"Male","Heterosexual or straight","","",", RMTE28, RMTE18, RMTE31, RMTE25, RMTE15, RMTE6, RMTE9, RMTE3, RMTE35, RMTE30, RMTE21, RMTE17, RMTE29, RMTE27, RMTE22, RMTE19, RMTE34","FL_125","","MadMen_1st","RMTE28-female|RMTE18-female|RMTE31-female|RMTE25-female","FL_110|FL_112|FL_111|FL_95","FL_284|FL_278|FL_266|FL_260","FL_320|FL_316|FL_312|FL_308|FL_326","emotions_inst_before|emotions_before","emotions_inst_after|emotions_after",6.16666666666667,-0.63479953170984,0,0,1,1,1,1,1,1,0,1,1,1,1,1,1,0,0,0.705882352941177,8,6,7,5,12,2,16,11,15,4,14,1,13,10,3,17,9,"MadMen",0,-2,-1,0,0,0,0,0,0,1,-0.339605814733411,-0.263157894736842
"63872875bb519c6001021ba9","Sexual",346,"Yes","","20",2,6,2,7,6,5,7,2,6,6,"Tired|Bored|Sexually aroused|Angry|Sad|Hungry|Happy|Interested|Enthusiastic|Alert","2.216","joking","4.104","fantasizing","8.224","hostile","2.125","contemplative","6.417","doubtful","5.286","decisive","2.266","grateful","4.219","panicked","1.742","grateful","2.836","despondent","4.399","arrogant","4.565","interested","1.777","reflective","1.917","flirtatious","2.3","confident","1.546","terrified","3.042","contemplative",2,6,5,6,5,5,3,9,2,4,"Alert|Sexually aroused|Enthusiastic|Sad|Angry|Interested|Bored|Hungry|Tired|Happy","","yes",36,"Male","Heterosexual or straight","","Don't show hardcore porn to people on a survey",", RMTE9, RMTE17, RMTE18, RMTE27, RMTE6, RMTE21, RMTE15, RMTE30, RMTE28, RMTE29, RMTE22, RMTE25, RMTE31, RMTE19, RMTE34, RMTE35, RMTE3","FL_124","FloorSex_1st","","RMTE9-female|RMTE17-female|RMTE18-female|RMTE27-female","FL_112|FL_106|FL_110|FL_100","FL_274|FL_276|FL_268|FL_270","FL_324|FL_308|FL_326|FL_328|FL_296","emotions_inst_before|emotions_before","emotions_inst_after|emotions_after",5.76666666666667,-0.719159189362828,0,1,0,1,1,1,0,0,0,0,0,1,1,1,1,0,0,0.470588235294118,17,5,1,7,2,3,14,6,11,12,4,9,10,8,13,15,16,"FloorSex",0,0,3,-1,-1,0,-4,7,-4,-2,-1.08851964299422,-2.49473684210526
"6398a114aa87005e3b1e2e0e","Neutral",622,"","Yes","20",1,7,2,2,2,4,6,1,7,6,"Hungry|Enthusiastic|Interested|Sexually aroused|Sad|Happy|Bored|Angry|Tired|Alert","7.808","desire","8.673","fantasizing","7.253","preoccupied","7.395","flustered","32.614","doubtful","7.185","decisive","11.535","grateful","9.638","fantasizing","10.097","preoccupied","7.738","interested","18.652","cautious","10.939","interested","10.773","reflective","11.067","hostile","7.557","confident","33.459","baffled","8.575","nervous",3,7,2,1,2,2,6,1,6,7,"Tired|Bored|Enthusiastic|Hungry|Alert|Happy|Interested|Sad|Sexually aroused|Angry","","Yes",21,"Male","Heterosexual or straight","","",", RMTE17, RMTE34, RMTE6, RMTE9, RMTE29, RMTE22, RMTE18, RMTE30, RMTE35, RMTE28, RMTE15, RMTE27, RMTE3, RMTE19, RMTE25, RMTE31, RMTE21","FL_125","","WallE_1st","RMTE17-female|RMTE34-female|RMTE6-female|RMTE9-female","FL_101|FL_105|FL_108|FL_100","FL_284|FL_274|FL_258|FL_272","FL_296|FL_308|FL_314|FL_324|FL_310","emotions_inst_before|emotions_before","emotions_inst_after|emotions_after",10.3666666666667,0.250976873646532,1,1,1,0,1,1,0,1,1,1,1,1,1,0,1,0,1,0.764705882352941,13,3,4,11,1,7,14,17,6,15,12,10,5,8,16,2,9,"WallE",2,0,0,-1,0,-2,0,0,-1,1,1.54278070121749,1.73684210526316
